leaf_id,predicted_base_x,predicted_base_y,predicted_tip_x,predicted_tip_y
VINEYARDS_freedom_chard_madera_y2019_1344,0.37589067,0.012672473,-0.91367817,-0.016533986
VINEYARDS_5C_chard_san_joaquin_y2018_4443,0.4137893,0.017358668,-1.0026003,-0.01711293
WOLFSKILL_UNKNOWN_CULTIVAR_8371,-0.029069215,0.41055742,0.011931816,-0.8952738
WOLFSKILL_Ferral_Tamara_2787,-0.013339129,-0.4366877,-0.03615164,0.9075205
WOLFSKILL_Donzelinho_De_Castelo_7868,-0.05068179,-0.30561715,0.13648315,0.7049804
WOLFSKILL_Chardonnay_Musque_8745,-0.028883573,0.34563294,0.021980664,-0.7686734
WOLFSKILL_UNKNOWN_CULTIVAR_9511,-0.038832698,-0.1842145,0.10716406,0.428079
WOLFSKILL_Takhani_pink_T.s._1820,0.14445834,0.11302832,-0.36392117,-0.24710742
WOLFSKILL_Teneron_1386,-0.0041232137,0.32969525,-0.035707105,-0.7180146
ALGERIA_Babari_163,0.015082478,-0.32232636,-0.07596738,0.6899087
WOLFSKILL_Vrathiano_7740,-0.029199,-0.41921702,0.03029872,0.90211284
VINEYARDS_freedom_chard_madera_y2019_1345,0.36722222,0.010694727,-0.8917812,-0.012041945
WOLFSKILL_Chardonnay_Musque_8744,0.044513837,-0.2710722,-0.14107384,0.580751
WOLFSKILL_Teneron_1387,-0.038787685,-0.30393896,0.09130596,0.68417734
WOLFSKILL_UNKNOWN_CULTIVAR_9510,-0.028764017,0.23480393,0.030271193,-0.54000705
WOLFSKILL_Takhani_pink_T.s._1821,0.27810577,-0.019533753,-0.6764702,0.05635455
WOLFSKILL_UNKNOWN_CULTIVAR_8370,-0.014624131,-0.33647907,0.0023203958,0.7250632
VINEYARDS_freedom_chard_merced_y2018_3018,0.34018013,0.007572528,-0.823081,-0.0034507997
WOLFSKILL_Triplett_F3-4_9299,-0.037600182,-0.33573502,0.08576641,0.7500717
VINEYARDS_freedom_cab_merced_y2019_630,0.3575529,0.008479238,-0.86399055,-0.0015555173
WOLFSKILL_Pinot_Noir_9150,-0.032705378,-0.34761405,0.06707042,0.7662558
WOLFSKILL_St._Catherine_s_East_Arbor_4167,-0.17565201,-0.16977327,0.50645477,0.5253499
WOLFSKILL_Zabalkanski_1935,-0.022700604,0.35319752,0.0021332316,-0.77328
WOLFSKILL_Ribier_2198,-0.024687167,-0.3792515,0.026283978,0.82017994
WOLFSKILL_Olivette_Blanche_1525,-0.03227724,-0.4350103,0.033266492,0.92936593
WOLFSKILL_Kokinorobola_6163,0.08535058,0.1348499,-0.22563508,-0.30303282
WOLFSKILL_Blanc_De_Crimei_779,-0.03420461,-0.4097116,0.05313585,0.8937541
WOLFSKILL_Madeleine_Sylvaner_9780,-0.028328598,-0.3777973,0.03972712,0.8223109
WOLFSKILL_Kokinorobola_6162,0.03815562,0.23398603,-0.12409908,-0.51409703
WOLFSKILL_Ribier_2199,-0.018217988,-0.4052849,-0.003977198,0.8677296
WOLFSKILL_Olivette_Blanche_1524,-0.048234332,-0.37638992,0.12156699,0.85396135
WOLFSKILL_Madeleine_Angevine_1380,-0.06422045,-0.31926578,0.17993852,0.76204824
WOLFSKILL_Blanc_De_Crimei_778,-0.016684849,-0.34983483,0.010095978,0.76375115
WOLFSKILL_Unknown_Cultivar_4856,-0.11289547,-0.11065005,0.3005588,0.29356438
WOLFSKILL_Zabalkanski_1934,-0.0039815754,0.2504898,-0.02575098,-0.56428266
WOLFSKILL_St._Catherine_s_East_Arbor_4166,-0.05430989,-0.3399871,0.15015686,0.7930687
WOLFSKILL_Olmo_035-07_3305,-0.06577303,-0.3053387,0.18445493,0.7262206
WOLFSKILL_Servant_79,-0.022023473,-0.337098,0.031000124,0.73820406
WOLFSKILL_Cirmisi_Sap_De_Sudak_788,-0.030866422,-0.35399494,0.05807691,0.7810359
WOLFSKILL_Criyicless_crujicless_4989,0.3344721,-0.004680706,-0.8059956,0.02859189
WOLFSKILL_Moscato_Di_Terracina_6684,-0.07471173,0.28238297,0.13248938,-0.65412736
WOLFSKILL_Khusaine_Red_238,0.34005836,0.012756877,-0.82372063,-0.020867866
VINEYARDS_1103P_chard_madera_y2019_297,0.37504283,0.0157055,-0.91026413,-0.024304252
WOLFSKILL_Murma_Isium_18,-0.057583325,-0.27812666,0.1552063,0.65224767
WOLFSKILL_Ree_3750,-0.030618232,-0.37720847,0.047387198,0.8220581
WOLFSKILL_Merlot_9036,-0.011449459,-0.4317209,-0.036188092,0.9057959
WOLFSKILL_Mathilde_3072,-0.03107592,0.2842955,0.031180838,-0.63850147
VINEYARDS_freedom_chard_san_joaquin_y2019_838,0.37483057,0.012503613,-0.90835506,-0.012792036
WOLFSKILL_Moscato_Di_Terracina_6685,0.29325533,0.013779286,-0.7120346,-0.027223412
WOLFSKILL_Criyicless_crujicless_4988,0.013635481,0.25452745,-0.070480414,-0.5571017
WOLFSKILL_Casculho_8841,-0.023670606,0.32098937,0.0121705625,-0.71310663
WOLFSKILL_Servant_78,0.21456705,0.059617724,-0.52563566,-0.13040881
WOLFSKILL_Cirmisi_Sap_De_Sudak_789,-0.030407958,0.3452756,0.022099169,-0.7669975
WOLFSKILL_Olmo_035-07_3304,0.33658907,-0.00037911534,-0.8145205,0.01992847
WOLFSKILL_Merlot_9037,-0.025185265,-0.41290554,0.015932834,0.88135105
WOLFSKILL_Mathilde_3073,-0.027583927,-0.42506334,0.022981526,0.90678954
WOLFSKILL_Khusaine_Red_239,-0.015671518,0.35336196,-0.013304664,-0.7703941
WOLFSKILL_Murma_Isium_19,0.0077978736,-0.29500785,-0.054049987,0.6368263
WOLFSKILL_Ree_3751,-0.02763883,-0.39904058,0.030092249,0.85799193
VINEYARDS_1103P_chard_madera_y2019_296,0.35487202,0.008393284,-0.8587303,-0.0004963167
WOLFSKILL_Thiako_7173,-0.019899927,-0.3497678,0.019539533,0.7643904
WOLFSKILL_Palomino_6858,-0.020619702,-0.37575895,0.016919391,0.80950457
WOLFSKILL_Unknown_Cultivar_7692,-0.015805747,-0.36505818,-0.0028207991,0.7829745
WOLFSKILL_Atzala_5382,0.042781144,0.197553,-0.13149852,-0.4298333
WOLFSKILL_Triplett_F3-4_9303,-0.021229811,-0.3820314,0.0108558,0.8193267
WOLFSKILL_Schiraz_7294,-0.03166967,-0.4112532,0.043259315,0.89623666
VINEYARDS_1103P_cab_merced_y2018_2356,0.33188784,0.014657069,-0.8061274,-0.02337375
WOLFSKILL_Red_Ohanez_4114,-0.023800522,-0.41232902,0.01302846,0.88332725
VINEYARDS_freedom_cab_madera_y2018_2617,0.39371815,0.015208155,-0.9545654,-0.016710024
WOLFSKILL_Malagusiah_8598,-0.029147733,-0.42492428,0.027188098,0.91320497
WOLFSKILL_Chasselas_Tompa_2751,-0.012076394,-0.3166157,0.0012383405,0.68632674
WOLFSKILL_Teroldego_7495,-0.037245885,0.3848243,0.038096197,-0.8540157
WOLFSKILL_Ferral_De_Izalva_2785,-0.077686824,-0.29078957,0.22258034,0.71337557
WOLFSKILL_Schiraz_7295,-0.021356098,-0.39092606,0.01517527,0.8461318
VINEYARDS_1103P_cab_merced_y2018_2357,0.3746616,0.014847014,-0.9084398,-0.017998878
WOLFSKILL_Palomino_6859,-0.027834825,-0.39914462,0.03163808,0.8650975
WOLFSKILL_Thiako_7172,0.21918835,-0.06642148,-0.5459486,0.1503388
WOLFSKILL_Red_Hanepoot_2196,-0.04057114,0.30618098,0.052733995,-0.69046
WOLFSKILL_Atzala_5383,-0.022860922,0.3107481,0.01126443,-0.69168913
WOLFSKILL_Triplett_F3-4_9302,-0.031906202,-0.3368286,0.06380855,0.74348485
UCDAVIS_COUNOISE_871,-0.012466363,0.34564823,-0.015156149,-0.76058644
WOLFSKILL_Malagusiah_8599,-0.0074901255,0.29593366,-0.025945622,-0.6515855
WOLFSKILL_Ferral_De_Izalva_2784,-0.03555303,-0.36738777,0.07346855,0.813937
WOLFSKILL_Teroldego_7494,-0.014558815,-0.39263725,-0.010842001,0.8432884
VINEYARDS_1103P_cab_san_joaquin_y2019_1828,0.30758676,0.005412642,-0.74476886,0.0009939447
WOLFSKILL_Red_Ohanez_4115,-0.0003220397,-0.38208538,-0.050423,0.81001323
VINEYARDS_1103P_chard_san_joaquin_y2018_3084,0.37484407,0.013788141,-0.9080565,-0.0171462
ALGERIA_Ahmeur Bou Ahmeur_30,-0.021567117,-0.44496816,-0.014757743,0.9221264
WOLFSKILL_Trollinger_5149,-0.013291889,-0.36863342,-0.008427331,0.7939143
WOLFSKILL_Gyongyrizling_9006,-0.031348042,-0.33745298,0.0631843,0.74491024
VINEYARDS_5C_cab_madera_y2018_4077,-0.02415371,0.3270083,0.008376671,-0.72467506
WOLFSKILL_Memory_Of_Queen_Elizabeth_1410,-0.018637057,-0.376593,0.004703056,0.8071606
WOLFSKILL_Muscat_Szauter_8735,-0.0051963693,-0.329131,-0.021796351,0.70860916
VINEYARDS_freedom_chard_san_joaquin_y2019_2028,0.35834178,0.012389142,-0.8701093,-0.016174737
WOLFSKILL_Skiathopoulo_7335,-0.0470052,-0.3656562,0.1143178,0.82763505
WOLFSKILL_Tscharas_89,0.0023187613,0.2984327,-0.047968067,-0.661311
WOLFSKILL_Neiretto_Verzuolo_6762,-0.04364898,-0.38685137,0.09581324,0.8667099
ALGERIA_Bouabane des Aures_179,-0.02053782,-0.36615884,0.011434028,0.7825533
ALGERIA_Ahmeur Bou Ahmeur_31,-0.025505546,-0.42379886,0.008966325,0.89167184
WOLFSKILL_Gyongyrizling_9007,-0.06319798,-0.31054777,0.17022294,0.73526824
VINEYARDS_5C_cab_madera_y2018_4076,-0.03396,0.32644638,0.030349074,-0.72756386
WOLFSKILL_Trollinger_5148,-0.059509806,-0.3582173,0.1610767,0.83477664
VINEYARDS_1103P_chard_san_joaquin_y2018_3085,0.3426846,0.009230409,-0.8280437,-0.0059242994
VINEYARDS_freedom_chard_san_joaquin_y2019_2029,0.40393847,0.015185855,-0.9788401,-0.015284445
WOLFSKILL_Neiretto_Verzuolo_6763,-0.024125036,-0.4321889,0.004666114,0.9178384
ALGERIA_Bouabane des Aures_178,-0.00062753353,-0.3620488,-0.046332613,0.76532626
WOLFSKILL_Skiathopoulo_7334,-0.01939521,-0.39618203,0.0047781523,0.85181475
WOLFSKILL_Tscharas_88,0.015123096,0.28996617,-0.07812052,-0.6336988
WOLFSKILL_Fresno_C_78-53_2X_4333,0.2808235,-0.06569508,-0.68755674,0.14839822
WOLFSKILL_Muscat_Szauter_8734,-0.036101483,-0.38887787,0.06566838,0.8553815
WOLFSKILL_Olmo_19-25_D_4094,-0.028393503,-0.4409933,0.021349745,0.9408257
WOLFSKILL_Veronese_7700,-0.02173509,-0.36948588,0.017372092,0.7948595
WOLFSKILL_Mouska_6613,-0.024692103,0.37781104,0.00759496,-0.8261019
WOLFSKILL_Chasselas_Dore_2736,-0.0006848499,0.3288873,-0.047103256,-0.71430653
VINEYARDS_1103P_chard_madera_y2019_1167,0.36457074,0.012218829,-0.88440216,-0.013027728
WOLFSKILL_Chaouch_4x_3183,-0.01258083,-0.3754068,-0.016219528,0.7998555
WOLFSKILL_Hillbilly_9127,-0.030305281,-0.42723173,0.03002395,0.91432345
WOLFSKILL_Chenin_Blanc_8092,-0.07415188,-0.27979165,0.21195588,0.68207395
WOLFSKILL_Kule_Dary_2363,0.010349368,0.3243168,-0.073503286,-0.6993903
WOLFSKILL_Xerez_7776,-0.018124297,-0.4106608,-0.0054336768,0.8774543
WOLFSKILL_Long_Emperor_1348,-0.034732178,0.38412055,0.035840437,-0.854184
WOLFSKILL_Chasselas_Tokay_2744,-0.015657034,-0.41127962,-0.012068484,0.8778325
WOLFSKILL_Ruby_Seedless_3981,-0.009059583,0.3672179,-0.03282388,-0.79616857
UCDAVIS_CILIEGIOLO_7,-0.026893534,0.3771824,0.008711932,-0.8235738
WOLFSKILL_Etraire_De_L_adhui_5762,0.18393092,-0.025749331,-0.45468947,0.057694625
WOLFSKILL_Triplett_T82-4B_9403,-0.07498298,-0.3207307,0.2117511,0.784223
WOLFSKILL_Morio_Muscat_9766,-0.028642401,-0.41312498,0.03279624,0.8936326
VINEYARDS_1103P_chard_san_joaquin_y2018_2874,0.32441902,0.010310091,-0.785497,-0.0141245015
WOLFSKILL_Askari_2669,-0.053674024,-0.34408867,0.13916758,0.7979381
WOLFSKILL_Kokour_Rot_2633,-0.0067511713,-0.3337443,-0.02281194,0.7133868
VINEYARDS_freedom_chard_merced_y2018_3377,0.37397382,0.013332084,-0.90551734,-0.0127143
VINEYARDS_1103P_chard_madera_y2019_1166,0.3918402,0.014281206,-0.9485062,-0.014123067
WOLFSKILL_Chasselas_Dore_2737,0.013502592,0.32021827,-0.079651706,-0.691932
WOLFSKILL_Kule_Dary_2362,0.0039891833,0.32940853,-0.057688788,-0.71476567
WOLFSKILL_Chenin_Blanc_8093,-0.11060121,-0.24897061,0.32616287,0.65470564
WOLFSKILL_Xerez_7777,-0.021326438,-0.4083697,0.0058743525,0.87218314
WOLFSKILL_Long_Emperor_1349,-0.017007645,-0.38007036,-0.0021275338,0.80857515
WOLFSKILL_Chasselas_Doree_Apyrene_4880,-0.038069915,-0.32297745,0.09346236,0.72251475
WOLFSKILL_Chaouch_4x_3182,0.0005530114,-0.33252865,-0.04203116,0.7098935
WOLFSKILL_Hillbilly_9126,-0.029443074,-0.384579,0.044695243,0.8379307
WOLFSKILL_Olmo_19-25_D_4095,-0.02281021,-0.4091433,0.007875716,0.87347555
WOLFSKILL_Mouska_6612,-0.07946178,-0.2949474,0.22535461,0.73215765
WOLFSKILL_Morio_Muscat_9767,-0.037075132,-0.41066146,0.06272465,0.89981043
WOLFSKILL_Triplett_T82-4B_9402,-0.022478595,-0.4308557,0.001270419,0.9140155
WOLFSKILL_Askari_2668,-0.08346633,-0.3700655,0.23705292,0.91566765
WOLFSKILL_Kokour_Rot_2632,-0.0024286686,-0.3362383,-0.03421253,0.7204919
VINEYARDS_1103P_chard_san_joaquin_y2018_2875,0.31141612,0.008137841,-0.751304,-0.003719367
WOLFSKILL_Ruby_Seedless_3980,-0.025956217,-0.3783662,0.034448385,0.8280418
WOLFSKILL_Chasselas_Tokay_2745,-0.021644775,-0.41203168,0.0066618714,0.88254124
WOLFSKILL_Etraire_De_L_adhui_5763,0.14029129,0.0882677,-0.3548026,-0.19778413
WOLFSKILL_Kovalewka_849,-0.050010893,-0.3430454,0.12302462,0.7795365
VINEYARDS_freedom_chard_merced_y2019_534,0.32887596,0.011146728,-0.796131,-0.014812361
ALGERIA_Ichmoul_249,-0.021190707,-0.39025867,0.0065748617,0.83009803
WOLFSKILL_Malaga_Rosada_1391,0.004707394,0.28991336,-0.052699022,-0.63688314
WOLFSKILL_UNKNOWN_CULTIVAR_9583,-0.008730104,0.2599511,-0.01764767,-0.58062327
WOLFSKILL_Khalili_2858,0.018754382,0.30245197,-0.08820038,-0.65645075
ALGERIA_Ichmoul_248,-0.015022312,-0.3511291,-0.0031691417,0.7466575
WOLFSKILL_Kovalewka_848,-0.035754282,-0.3939815,0.06259117,0.86462235
VINEYARDS_freedom_chard_merced_y2019_535,0.37766716,0.017923787,-0.91690904,-0.028483156
WOLFSKILL_UNKNOWN_CULTIVAR_9582,-0.019258667,-0.4162467,-0.0021815542,0.88533294
WOLFSKILL_Black_Kishmish_2683,-0.01965937,-0.40192342,0.002383696,0.85796916
WOLFSKILL_Khalili_2859,0.15484802,-0.16248448,-0.4022352,0.33938655
WOLFSKILL_Malaga_Rosada_1390,-0.03338407,0.37275115,0.034156173,-0.82820296
WOLFSKILL_Petinos_2175,0.0017850408,-0.3619849,-0.052039705,0.76609385
WOLFSKILL_Kraljevina_7913,-0.067829356,0.26710302,0.1173105,-0.61956763
WOLFSKILL_Boal_Branco_5482,-0.07411089,-0.30211094,0.21047962,0.73894584
WOLFSKILL_Terret_Schwarz_8211,-0.002522095,-0.38611305,-0.04619225,0.81976736
WOLFSKILL_L_Arvine_8896,-0.017729338,-0.38562775,-8.350052e-05,0.8245191
WOLFSKILL_Hisakasy_6044,-0.024818577,0.13160582,0.037734896,-0.31809044
WOLFSKILL_Erbalus_Caluso_5754,-0.035184897,-0.413947,0.055602975,0.901862
VINEYARDS_5C_cab_madera_y2018_4745,0.29376408,0.010222662,-0.7103089,-0.01731288
WOLFSKILL_Malvasia_Rosavenda_6353,0.12524645,-0.11039969,-0.32459337,0.2367416
VINEYARDS_freedom_chard_san_joaquin_y2019_1845,0.34790114,0.015252218,-0.84454334,-0.027533215
WOLFSKILL_Guydouria_5880,-0.07518277,0.2694948,0.13389596,-0.625
WOLFSKILL_Chaouchi_Politico_2229,0.3237608,-0.016078461,-0.7852981,0.051658127
WOLFSKILL_Mammolo_Toscano_6382,-0.021450743,-0.4028299,0.004719399,0.85804236
WOLFSKILL_Walsch_Riesling_7742,-0.015321602,-0.40516686,-0.014441971,0.8637472
WOLFSKILL_Kurtelaska_49,-0.013999333,-0.3836866,-0.012339542,0.81919014
WOLFSKILL_Verdal_2257,0.015764222,0.32736573,-0.08678671,-0.7076423
VINEYARDS_freedom_chard_san_joaquin_y2019_1844,0.3752347,0.015488226,-0.9100703,-0.02105404
WOLFSKILL_Guydouria_5881,-0.013956954,-0.30757338,0.011242447,0.6755539
WOLFSKILL_Olivette_Bauthelet_2165,0.03821172,0.2694288,-0.13015305,-0.5839089
WOLFSKILL_Erbalus_Caluso_5755,-0.018937826,-0.4063167,-0.0015766006,0.8665124
VINEYARDS_5C_cab_madera_y2018_4744,0.3591647,0.015717648,-0.8709568,-0.020321261
WOLFSKILL_Malukato_6317,-0.0052214945,-0.3469364,-0.03421396,0.7279755
VINEYARDS_5C_chard_san_joaquin_y2019_955,-0.028050516,-0.42287445,0.026683701,0.91232514
WOLFSKILL_Kraljevina_7912,0.039682254,0.18712412,-0.13307756,-0.41282162
WOLFSKILL_Boal_Branco_5483,-0.025064822,0.36265653,0.007343821,-0.7943076
WOLFSKILL_Terret_Schwarz_8210,-0.039543502,-0.34522468,0.09122808,0.7707255
VINEYARDS_1103P_chard_madera_y2018_4232,0.38245293,0.012044266,-0.9252602,-0.008354787
WOLFSKILL_Hisakasy_6045,-0.031500246,0.38241804,0.022017462,-0.84306
WOLFSKILL_Walsch_Riesling_7743,-0.2010531,-0.02475513,0.54156166,0.16574432
WOLFSKILL_Kurtelaska_48,-0.027599528,-0.41764975,0.026745534,0.9030138
WOLFSKILL_Verdal_2256,-0.034400806,0.4004855,0.02891952,-0.88299793
WOLFSKILL_Yugoslavia_2798_9117,-0.025308635,-0.3671706,0.033236995,0.79690504
WOLFSKILL_Victor_1888,-0.017090071,-0.34726351,0.009805901,0.7546789
WOLFSKILL_Shuwarti_3501,-0.011903896,-0.3672275,-0.015848195,0.7822105
WOLFSKILL_Ghula_Dari_1218,-0.039374217,0.3634674,0.04705949,-0.81300193
WOLFSKILL_Araclinos_5294,-0.052696135,0.37996513,0.0770616,-0.8561791
WOLFSKILL_Seedless_Tokay_2424,-0.035126932,-0.3994372,0.059558056,0.8756406
WOLFSKILL_Hosargoon_3905,0.24043353,0.0193825,-0.5851089,-0.040288236
WOLFSKILL_Boyalsing_II_8793,0.009855506,0.37631485,-0.08026946,-0.80682755
WOLFSKILL_Trebbiano_Bianco_8354,-0.028799865,0.33663565,0.02148216,-0.74804646
WOLFSKILL_Palomino_6811,-0.0032603461,-0.41769797,-0.058902048,0.86881566
WOLFSKILL_Seedless_Tokay_2425,-0.009338825,0.36425912,-0.02945253,-0.78939414
WOLFSKILL_Hosargoon_3904,0.112108275,-0.11059217,-0.2904098,0.2413255
WOLFSKILL_Victor_1889,-0.007893705,-0.32361543,-0.013511697,0.7032405
WOLFSKILL_Shuwarti_3500,-0.011645394,-0.32113165,9.3517825e-05,0.6976061
WOLFSKILL_Adjem_Misquet_1,-0.04269831,-0.36200657,0.102593355,0.81149495
WOLFSKILL_Ghula_Dari_1219,0.035066437,-0.28115156,-0.12060123,0.59476936
WOLFSKILL_Araclinos_5295,0.018047247,-0.34060264,-0.08845074,0.72568667
WOLFSKILL_Yugoslavia_2798_9116,0.0657409,-0.3175043,-0.20960523,0.65394044
WOLFSKILL_Uzbekistanian_Muscat_4912,-0.030437935,-0.3722031,0.051258855,0.8150642
WOLFSKILL_Palomino_6810,0.023457076,-0.33470935,-0.104591295,0.70351136
WOLFSKILL_Trebbiano_Bianco_8355,-0.029460847,-0.42496368,0.026311735,0.9078698
WOLFSKILL_Princess_4272,-0.026964892,-0.3920773,0.028795628,0.8463377
WOLFSKILL_Sylvaner_7421,0.04456755,0.23185922,-0.13784683,-0.508537
VINEYARDS_1103P_cab_merced_y2019_1616,0.36618045,0.012424432,-0.88753486,-0.016023405
WOLFSKILL_b_39-59_Mlc_3812,-0.020643506,0.32554147,0.004969878,-0.720189
WOLFSKILL_UNKNOWN_CULTIVAR_7215,-0.006826003,0.15015715,-0.008535853,-0.3481654
VINEYARDS_freedom_cab_madera_y2019_1357,0.3556178,0.008800041,-0.86228585,-0.0075300485
WOLFSKILL_Agwam_8840,0.07336407,0.05367736,-0.18820372,-0.12513295
WOLFSKILL_Bias_Kukuzeti_769,-0.05918675,-0.34603474,0.16088173,0.813208
WOLFSKILL_Cinsaut_8680,-0.057551153,-0.3532974,0.15181665,0.8205887
WOLFSKILL_Ghula_Dari_2519,-0.0125285415,-0.32649094,-0.00093029626,0.70099014
WOLFSKILL_Malbec_6302,0.28072494,-0.016997533,-0.683807,0.049892887
WOLFSKILL_Muscat_De_Pantellana_8327,-0.043744788,0.40012902,0.055147402,-0.8923292
WOLFSKILL_Churgoon_3522,-0.014619607,-0.35326114,-0.0013131816,0.75926423
VINEYARDS_1103P_cab_merced_y2019_1617,0.33730465,0.014130224,-0.8187058,-0.023779292
WOLFSKILL_Princess_4273,-0.018711574,-0.37320125,0.0066040996,0.80268955
WOLFSKILL_Sylvaner_7420,0.15800305,0.09463386,-0.39267784,-0.202319
WOLFSKILL_Argant_4993,0.28030717,-0.086145595,-0.68918914,0.18769582
WOLFSKILL_Cinsaut_8681,-0.011709922,-0.39774132,-0.024535157,0.84178555
WOLFSKILL_Malbec_6303,-0.110066645,0.23541649,0.23186123,-0.56665564
WOLFSKILL_Muscat_De_Pantellana_8326,-0.025194738,-0.4090724,0.0199415,0.8837668
VINEYARDS_freedom_cab_merced_y2018_3854,0.3807425,0.013814691,-0.92162555,-0.012494437
WOLFSKILL_b_39-59_Mlc_3813,-0.03677217,0.3770969,0.042424574,-0.8404452
VINEYARDS_freedom_cab_madera_y2019_1356,0.30811104,0.013291683,-0.74613404,-0.022121128
WOLFSKILL_Rotberger_5137,0.05711368,-0.26724958,-0.17727616,0.55900776
WOLFSKILL_Bias_Kukuzeti_768,-0.12281599,-0.19444849,0.33740175,0.51617634
WOLFSKILL_UNKNOWN_CULTIVAR_7214,-0.12356765,-0.0014631636,0.32741642,0.045070782
WOLFSKILL_Parargoon_3476,0.040235627,-0.32895768,-0.14324091,0.6924883
WOLFSKILL_Carignane_8106,-0.015132518,-0.36222357,-0.0025090557,0.7799281
WOLFSKILL_Laubscher_s_Gem_1327,0.27193683,-0.008638006,-0.6554252,0.031553008
WOLFSKILL_Sovrana_1781,-0.10984203,0.34341148,0.22440356,-0.8071513
WOLFSKILL_Tannat_7465,-0.023892697,-0.41162613,0.013747787,0.88027304
WOLFSKILL_Orange_Muscat_505,-0.025497552,-0.38565707,0.027404739,0.8348124
WOLFSKILL_Limberger_4763,-0.022030532,-0.40312028,0.012750125,0.8698605
WOLFSKILL_Zinfandel_8249,-0.032207113,0.3932097,0.02589046,-0.8665035
VINEYARDS_5C_cab_madera_y2019_1736,0.30438778,0.014962282,-0.7373112,-0.026529495
WOLFSKILL_Gewurztraminer_5945,0.002896175,-0.31998622,-0.03814425,0.6982297
VINEYARDS_freedom_chard_san_joaquin_y2018_4836,0.3544713,0.013847373,-0.8605747,-0.018053208
WOLFSKILL_Mavro_Spetzon_6441,0.079868995,-0.25911653,-0.22605893,0.5564188
WOLFSKILL_Triplett_181-7A_9384,-0.051412076,-0.3071071,0.13294762,0.70846367
ALGERIA_Ichmoul_Bacha_292,-0.028042775,-0.4066172,0.02625675,0.87094176
ALGERIA_Louali_325,-0.02129754,-0.42396274,-0.007953536,0.884386
WOLFSKILL_Burger_5551,0.12820722,-0.15592133,-0.33329704,0.3401148
WOLFSKILL_Malvasia_Rosario_6339,-0.031132974,-0.36171585,0.055680618,0.7926639
UCDAVIS_VITIS_ROMANETII_743,0.13847406,0.19186601,-0.3512898,-0.4013942
WOLFSKILL_Laubscher_s_Gem_1326,0.32744893,0.0016657785,-0.79019815,0.008988235
WOLFSKILL_Sovrana_1780,0.0049409484,0.37512708,-0.06878525,-0.8002668
WOLFSKILL_Tannat_7464,-0.029222578,-0.38899872,0.040432878,0.8478049
WOLFSKILL_Orange_Muscat_504,0.2474145,0.01005261,-0.59981465,-0.020476665
WOLFSKILL_Parargoon_3477,0.00514754,0.28808585,-0.051273614,-0.6385602
WOLFSKILL_Carignane_8107,-0.021489069,-0.34763926,0.024501054,0.75293756
ALGERIA_Louali_324,-0.031704124,-0.41238594,0.04276827,0.8888321
WOLFSKILL_Burger_5550,-0.035113953,-0.3979466,0.058533244,0.87138796
WOLFSKILL_Malvasia_Rosario_6338,-0.035161994,0.35049108,0.035566553,-0.7815804
WOLFSKILL_Mavro_Spetzon_6440,0.21785219,0.001435399,-0.53053546,0.0025687031
VINEYARDS_5C_cab_madera_y2019_1737,0.37430206,0.01425432,-0.90834206,-0.020159934
WOLFSKILL_Zinfandel_8248,0.009984921,-0.3277808,-0.06922092,0.689758
WOLFSKILL_Gewurztraminer_5944,0.036719702,0.28149328,-0.12905723,-0.60890037
WOLFSKILL_Triplett_181-7A_9385,-0.042214245,-0.40794355,0.08846602,0.90572655
WOLFSKILL_Chardonay_4625,-0.055706687,-0.3782716,0.140716,0.87120414
WOLFSKILL_Unknown_Cultivar_6321,0.17869261,0.023173094,-0.4369924,-0.0594304
WOLFSKILL_Victoria_s_Choice_1_3189,-0.01581366,-0.3763919,-0.0058535375,0.80582064
WOLFSKILL_UNKNOWN_CULTIVAR_9558,0.008694069,-0.2960378,-0.058046363,0.6282424
VINEYARDS_5C_chard_merced_y2018_5023,-0.0348359,0.40158623,0.03560096,-0.88703287
ALGERIA_Amer Bouamar_99,-0.019335635,-0.4389807,-0.023791146,0.90635014
WOLFSKILL_Chasselas_Michel_Tompa_398,0.31232485,0.0007770248,-0.75277644,0.00879642
WOLFSKILL_b_39-63_Mlc_3825,-0.026364796,-0.4355763,0.013619674,0.92784
WOLFSKILL_Olmo_j5-58_9087,0.004126728,-0.36690652,-0.058689862,0.7814164
WOLFSKILL_Terret_Bourret_7500,-0.025051236,-0.4256724,0.01496779,0.90935713
WOLFSKILL_Orange_Muskat_6785,0.013953479,-0.2233097,-0.052421443,0.48966482
WOLFSKILL_Dolcetto_5712,-0.020338126,0.36441976,-0.0038857143,-0.79486233
WOLFSKILL_Berzemina_4592,-0.08073684,-0.31377828,0.23201448,0.7788327
WOLFSKILL_Chasselas_Michel_Tompa_399,-0.028493509,-0.29708785,0.064376034,0.6552312
WOLFSKILL_b_39-63_Mlc_3824,-0.028096288,-0.4145308,0.028567722,0.89133155
WOLFSKILL_Victoria_s_Choice_1_3188,-0.025218677,-0.41261488,0.017137328,0.8851874
WOLFSKILL_Chardonay_4624,-0.099122725,-0.3310619,0.2906273,0.845413
VINEYARDS_5C_chard_merced_y2018_5022,-0.04004188,0.39235067,0.047202587,-0.8728987
WOLFSKILL_UNKNOWN_CULTIVAR_9559,0.008553729,-0.29840788,-0.053507954,0.6450759
WOLFSKILL_Oddball_9195,-0.054181248,-0.38166416,0.14550157,0.8827534
WOLFSKILL_Berzemina_4593,-0.040804937,-0.36601117,0.09021086,0.8162644
WOLFSKILL_Orange_Muskat_6784,-0.09656086,0.26000106,0.18633272,-0.60822976
WOLFSKILL_Olmo_j5-58_9086,-0.023811683,-0.34895575,0.03402157,0.76035583
WOLFSKILL_Terret_Bourret_7501,-0.088725485,0.07224481,0.20674494,-0.17238265
WOLFSKILL_Triplett_T194-1_9356,-0.042120516,-0.351498,0.095730625,0.788051
WOLFSKILL_Pinot_Noir_8125,-0.024692662,-0.41792032,0.013127791,0.89527357
WOLFSKILL_Sahibi_Sorkh_1705,-0.018247746,-0.3830361,0.002633553,0.8217156
WOLFSKILL_Cabernet_Sauvignon_5573,-0.0006512343,-0.40560347,-0.06422942,0.8402944
WOLFSKILL_Kishmishi_2876,0.029751942,-0.2289434,-0.09948087,0.49551886
WOLFSKILL_Loose_Perlette_570,-0.015944462,-0.3823278,-0.00965989,0.80439067
WOLFSKILL_Doral_8978,-0.03165006,-0.41757035,0.037202664,0.8937454
WOLFSKILL_Markandi_2144,-0.026824694,0.35782874,0.015395371,-0.78764904
WOLFSKILL_Asprocoritho_8394,-0.029834297,0.39481962,0.016819244,-0.8661865
VINEYARDS_1103P_chard_san_joaquin_y2018_4458,0.40047684,0.01566061,-0.9724893,-0.021544296
WOLFSKILL_Nebbiolo_Tronero_6733,-0.031592146,0.36627907,0.025472844,-0.810197
WOLFSKILL_5-12_2487,-0.11407997,0.023455821,0.3059699,-0.010303862
WOLFSKILL_Kashiri_3893,-0.04358262,0.32032922,0.058213465,-0.7238978
WOLFSKILL_Kishmishi_2877,-0.0311329,-0.29139084,0.072899304,0.6490376
WOLFSKILL_Fahri_2771,-0.03008115,-0.37835625,0.047658846,0.82493436
WOLFSKILL_Triplett_T194-1_9357,-0.06647211,-0.3096956,0.18359025,0.7393962
WOLFSKILL_Cabernet_Sauvignon_5572,-0.12493595,-0.1923157,0.3662117,0.52418816
WOLFSKILL_Pinot_Noir_8124,-0.025454108,-0.38806581,0.027513923,0.8425437
WOLFSKILL_Kashiri_3892,-0.029185794,-0.39210358,0.038759537,0.8487962
WOLFSKILL_Nebbiolo_Tronero_6732,-0.036092542,-0.40431383,0.06615793,0.88377315
UCDAVIS_V._GIRIDIANA_648,-0.028307512,0.3824826,0.016187755,-0.8371347
WOLFSKILL_Schwin_8825,-0.027932666,-0.40107,0.030468686,0.86514276
WOLFSKILL_Markandi_2145,-0.13340153,-0.23735897,0.38353708,0.6477103
WOLFSKILL_Asprocoritho_8395,-0.058905005,0.3293107,0.0965496,-0.7521316
WOLFSKILL_Nimrang_58_1509,-0.024516001,-0.42991322,0.006764462,0.90888786
WOLFSKILL_Bastardo_8290,0.07168544,-0.24445136,-0.20440656,0.517257
WOLFSKILL_Rosa_Minna_817,-0.028538644,0.34219325,0.019165186,-0.75653774
VINEYARDS_1103P_cab_merced_y2018_3411,0.38657486,0.01461532,-0.9379219,-0.01863718
WOLFSKILL_Agadia_889,-0.093857,-0.09691848,0.24890834,0.2517626
WOLFSKILL_White_Calabrian_716,-0.008870241,-0.22172369,0.019543199,0.49083728
WOLFSKILL_Joao_Santarem_6076,0.03660551,0.25547856,-0.12082183,-0.5609853
WOLFSKILL_Tokay_436,-0.025734738,-0.37246394,0.03521554,0.8112339
WOLFSKILL_Triplett_158-8B_9382,-0.06812734,-0.28830838,0.1962586,0.6956144
WOLFSKILL_Tinta_Francisca_7530,-0.03249506,-0.36367536,0.0575983,0.7970574
WOLFSKILL_Sylvaner_749_9462,-0.09852076,-0.052564256,0.26490545,0.15268914
WOLFSKILL_Tschilaci_1858,-0.011813232,-0.3419691,-0.006179599,0.7337153
WOLFSKILL_Agadia_888,-0.010249031,-0.37227905,-0.0200953,0.7922414
WOLFSKILL_White_Calabrian_717,-0.10607422,-0.2390513,0.31427482,0.62397546
WOLFSKILL_Tokay_437,-0.027724065,-0.3840359,0.03740854,0.8346859
VINEYARDS_1103P_cab_merced_y2018_3410,0.30657408,0.0097256005,-0.7426379,-0.012700554
WOLFSKILL_Rosa_Minna_816,-0.0229492,-0.33875188,0.033671483,0.74101436
WOLFSKILL_Nimrang_58_1508,-0.0027144048,-0.4153177,-0.060560048,0.85988885
WOLFSKILL_Bastardo_8291,0.127003,-0.09453851,-0.32628593,0.20800146
WOLFSKILL_Tschilaci_1859,-0.025843114,-0.3935941,0.026339011,0.84808856
WOLFSKILL_Tinta_Francisca_7531,-0.066417985,-0.34114522,0.18258849,0.8157064
ALGERIA_Tizi Ouinine_411,-0.030452989,-0.41853222,0.033920437,0.9016267
WOLFSKILL_Chaouch_2728,-0.032944463,0.33346385,0.030115573,-0.74412835
WOLFSKILL_Sochal_174,0.04081831,0.22561266,-0.12787294,-0.49740958
WOLFSKILL_Unkown_Cultivar_5641,-0.008604717,0.3150667,-0.021348082,-0.6953552
WOLFSKILL_Prosecco_Tondo_7109,0.04900783,-0.24751975,-0.15085644,0.5313188
WOLFSKILL_Muscat_Br39_2390,-0.013656671,-0.38307163,-0.014345415,0.8164526
WOLFSKILL_Olmo_030-53_3238,-0.016294274,-0.31200665,0.018868456,0.6810682
ALGERIA_Amer Bouamar_114,-0.019024752,-0.4423844,-0.027022967,0.91394496
WOLFSKILL_Pinot_Noir_7008,-0.036512792,-0.3998079,0.062462248,0.8776008
WOLFSKILL_Sultana_Moscata_1787,-0.024978153,-0.39288148,0.024079772,0.8496272
WOLFSKILL_Sochal_175,-0.0028643198,-0.33613473,-0.03010318,0.7232517
WOLFSKILL_Charbono_5601,0.09850412,0.14234334,-0.25855303,-0.31103754
WOLFSKILL_Prosecco_Tondo_7108,-0.022800084,-0.40702713,0.011847129,0.87597775
ALGERIA_Tizi Ouinine_410,-0.015511052,-0.3112975,0.011409542,0.6603234
WOLFSKILL_Chaouch_2729,0.26874447,-0.06135006,-0.65947914,0.13998614
ALGERIA_Amer Bouamar_115,-0.008270844,-0.39568913,-0.033880427,0.835116
WOLFSKILL_Olmo_030-53_3239,-0.045220558,-0.31020227,0.11770917,0.70439315
WOLFSKILL_Pinot_Noir_7009,-0.032725707,-0.34317994,0.068106376,0.759827
WOLFSKILL_Muscat_Br39_2391,-0.04049887,0.37653393,0.05001267,-0.842689
WOLFSKILL_Zinfandel_Heritage_Sel._11_4551,-0.019692417,-0.443139,-0.020001091,0.9200256
WOLFSKILL_Lal_2887,-0.0048593124,0.20647176,-0.024572678,-0.4693405
WOLFSKILL_Aromatico_5327,-0.02814065,-0.39302093,0.03068429,0.84021187
VINEYARDS_1103P_chard_madera_y2018_2641,0.34765595,0.0039601475,-0.8384688,0.009663347
WOLFSKILL_Terret_Noir_8036,-0.055515736,-0.31684896,0.15051726,0.7409277
VINEYARDS_1103P_chard_san_joaquin_y2019_876,0.3805594,0.015243541,-0.9240451,-0.022738669
VINEYARDS_freedom_chard_merced_y2019_91,0.3632702,0.011781115,-0.8796555,-0.013108943
WOLFSKILL_Esparte_9173,0.19950533,-0.0689123,-0.49868223,0.15049656
WOLFSKILL_UNKNOWN_CULTIVAR_9636,-0.025657766,0.35186172,0.010834733,-0.7762606
WOLFSKILL_Zinfandel_4867,-0.07681865,-0.32202226,0.22111215,0.7929904
VINEYARDS_freedom_cab_san_joaquin_y2018_3712,0.39012057,0.01427684,-0.94548976,-0.013669033
WOLFSKILL_Tinta_Muida_7556,0.040783234,0.22667421,-0.13153975,-0.49485207
WOLFSKILL_Ab_Jusht_880,0.3284817,0.009158976,-0.79766625,-0.011362474
WOLFSKILL_Yourutico_2271,-0.01235507,-0.32894084,-0.0015089419,0.7095653
WOLFSKILL_Rhazaki_Arhanon_2964,-0.040394925,-0.36997822,0.09052589,0.8259864
WOLFSKILL_White_Elbling_7753,-0.02775044,-0.40368736,0.03302308,0.87342215
WOLFSKILL_Bequignol_4957,-0.056893446,-0.3411312,0.14925219,0.7916809
WOLFSKILL_Terret_Noir_8037,-0.033418775,-0.3608784,0.0644979,0.79364634
UCDAVIS_GRENACHE_NOIR_759,-0.024808671,-0.40052524,0.021110693,0.86281276
VINEYARDS_1103P_chard_san_joaquin_y2019_877,0.39915323,0.014601868,-0.96891576,-0.01573538
WOLFSKILL_Esparte_9172,-0.052441567,0.38925478,0.080149494,-0.8777345
WOLFSKILL_UNKNOWN_CULTIVAR_9637,0.3446861,0.007557463,-0.8360667,-0.0066536106
VINEYARDS_freedom_chard_merced_y2019_90,0.35200647,0.011947028,-0.8542024,-0.014859591
WOLFSKILL_Zinfandel_Heritage_Sel._11_4550,-0.019846547,-0.4437487,-0.015551692,0.92841995
WOLFSKILL_Lal_2886,0.28350383,0.004222505,-0.68201876,0.0004544668
WOLFSKILL_Aromatico_5326,-0.009056726,-0.38169426,-0.02964401,0.80487794
VINEYARDS_1103P_chard_madera_y2018_2640,0.3415594,0.01056366,-0.8251636,-0.008725893
WOLFSKILL_Yourutico_2270,-0.029516615,0.3327983,0.023458002,-0.7400086
WOLFSKILL_White_Elbling_7752,-0.027065407,-0.30016363,0.05980815,0.6643225
WOLFSKILL_Bequignol_4956,0.0029538292,-0.3717004,-0.056511216,0.78804606
WOLFSKILL_Rhazaki_Arhanon_2965,0.31958738,-8.43741e-05,-0.77084875,0.012307938
WOLFSKILL_Zinfandel_4866,-0.040837068,-0.33375221,0.098116785,0.74919426
VINEYARDS_freedom_cab_san_joaquin_y2018_3713,0.3506038,0.014309488,-0.8510106,-0.024840992
WOLFSKILL_Ohanes_1511,-0.033355355,-0.3817144,0.05791533,0.83659434
WOLFSKILL_Ab_Jusht_881,-0.032177117,0.3939278,0.026035672,-0.8679787
WOLFSKILL_Tinta_Muida_7557,-0.081518926,-0.32167143,0.23322785,0.79590786
WOLFSKILL_Kabajink_6085,-0.037458774,0.3794027,0.038446628,-0.8445251
WOLFSKILL_White_Cabernet_8194,-0.012683782,-0.36392313,-0.009110644,0.7843225
WOLFSKILL_Karistino_6122,-0.047289245,-0.3509565,0.11561742,0.79427457
WOLFSKILL_Mausac_Blanc_6411,-0.026418865,-0.40090027,0.027574522,0.86692005
WOLFSKILL_Kabuli_3438,0.20014693,0.06632462,-0.49342534,-0.14807504
WOLFSKILL_Barbera_5391,0.25949696,-0.027861783,-0.62994003,0.07557395
WOLFSKILL_Alicante_Bouschet_4588,-0.14795607,-0.19823526,0.42814443,0.56756866
WOLFSKILL_Fresia_5860,0.3602609,0.009745676,-0.8693287,-0.0051325187
WOLFSKILL_Sovereign_Coronation_429,-0.026233621,-0.42078292,0.017369127,0.89905417
WOLFSKILL_Perle_de_Csaba_8930,-0.030747917,-0.39361954,0.04575377,0.8558679
WOLFSKILL_Karistino_6123,-0.013859217,-0.3199373,0.005366115,0.68965185
WOLFSKILL_Kabuli_3439,0.25114635,0.03065389,-0.6116692,-0.06609906
WOLFSKILL_Barbera_5390,0.0980377,-0.24583936,-0.27410448,0.5090798
WOLFSKILL_Mausac_Blanc_6410,-0.025236692,-0.35605046,0.039066195,0.78199875
WOLFSKILL_Kabajink_6084,-0.06441168,-0.37596092,0.17127886,0.88460827
WOLFSKILL_White_Cabernet_8195,-0.010775142,-0.37562156,-0.023520479,0.7960926
WOLFSKILL_Sovereign_Coronation_428,0.38469437,0.019188695,-0.9347762,-0.032979805
WOLFSKILL_Eununi_1190,-0.019718625,-0.40325826,-0.0029087104,0.8514451
WOLFSKILL_Carignane_5595,0.023333307,-0.2910877,-0.09311805,0.622749
VINEYARDS_freedom_chard_madera_y2018_4248,0.37344357,0.013376471,-0.90541524,-0.017223015
WOLFSKILL_Perle_8916,-0.02228007,-0.40642327,0.009049477,0.8705428
WOLFSKILL_Husseine_2075,0.17099272,0.12586854,-0.42915803,-0.27053532
WOLFSKILL_Grillo_8558,-0.07179159,0.19033714,0.13649201,-0.45317185
WOLFSKILL_Pardinia_1573,-0.036616273,-0.3672288,0.07929462,0.8136052
WOLFSKILL_Vertzami_7709,-0.023312066,-0.39603603,0.016780516,0.85210407
WOLFSKILL_Rotberger_5141,-0.033267602,-0.3545476,0.06488227,0.7846781
WOLFSKILL_Agwam_8837,0.021184217,-0.3253495,-0.09323051,0.6921078
WOLFSKILL_Almeria_102,-0.006213923,-0.34696034,-0.026955744,0.74114573
WOLFSKILL_Spin_Kwar_4034,-0.01878738,0.3619825,-0.0063034184,-0.79088867
WOLFSKILL_Triplett_T170-9B_9350,-0.030585691,-0.36115795,0.05583694,0.78942966
WOLFSKILL_Husseine_2074,-0.032695152,-0.37744677,0.05686465,0.829004
WOLFSKILL_Vertzami_7708,-0.020819806,-0.4143263,0.0024228934,0.88299847
WOLFSKILL_Agwam_8836,-0.018991701,0.27915633,0.006240638,-0.6292435
WOLFSKILL_Pardinia_1572,-0.04020965,-0.33654907,0.09902212,0.7569751
WOLFSKILL_Grillo_8559,0.008769394,0.28198352,-0.06498887,-0.6169148
WOLFSKILL_Carignane_5594,-0.018874254,-0.3622489,0.0075787846,0.77542377
VINEYARDS_freedom_chard_madera_y2018_4249,0.332056,0.010727081,-0.80544025,-0.016157184
WOLFSKILL_Eununi_1191,0.33612218,0.0030249916,-0.811218,0.01055016
WOLFSKILL_Perle_8917,0.18014924,-0.052482463,-0.450607,0.11756979
WOLFSKILL_Almeria_103,0.08687496,-0.13191944,-0.23163658,0.2902558
WOLFSKILL_Clevner_Mariafeld_5025,-0.0031268066,-0.35949045,-0.034964893,0.7707821
VINEYARDS_5C_chard_merced_y2019_334,0.36736205,0.015132386,-0.8922756,-0.024021115
WOLFSKILL_Spin_Kwar_4035,-0.024521988,0.32201043,0.011376647,-0.7151455
WOLFSKILL_Olho_De_Pargo_2163,-0.042632494,-0.3722206,0.09770034,0.83226013
WOLFSKILL_Rodites_2302,-0.014200822,0.3440072,-0.018103436,-0.756899
WOLFSKILL_Coristano_5659,-0.018328007,-0.38631016,-0.0011463016,0.82191104
VINEYARDS_5C_cab_madera_y2019_1741,0.3625634,0.012546103,-0.8780448,-0.010449395
WOLFSKILL_Gewurztraminer_5932,0.096572645,0.18637332,-0.26610997,-0.40251136
WOLFSKILL_Fer_Servadou_5050,-0.025355734,-0.43880218,0.007830193,0.93250394
VINEYARDS_freedom_chard_san_joaquin_y2018_4841,0.37626973,0.012751512,-0.91089785,-0.011302993
WOLFSKILL_Esperia_1168,0.37522843,0.009795204,-0.90724736,-0.0037591942
WOLFSKILL_Unknown_Cultivar_6798,0.0040387018,0.22219054,-0.040268574,-0.5007264
WOLFSKILL_Alulu_25,-0.027077004,0.3625654,0.012023015,-0.79707074
WOLFSKILL_Spin_Ugad_3552,0.33865187,0.0053593144,-0.81809986,0.0008809827
WOLFSKILL_Diamente_Nero_2319,0.026342213,0.2873906,-0.10565406,-0.62348413
WOLFSKILL_Black_Queen_720,-0.03631138,-0.35185388,0.07734814,0.7807088
WOLFSKILL_Alloued_Zeine_911,-0.07825014,-0.28183958,0.22737616,0.7011052
WOLFSKILL_Seedless_Emperor_4124,0.0037023881,-0.35611302,-0.054729052,0.7616564
VINEYARDS_freedom_chard_san_joaquin_y2018_4840,0.3117952,0.0068122223,-0.75369895,-0.0046754703
WOLFSKILL_Gewurztraminer_5933,-0.026736751,-0.3083845,0.055922315,0.6871648
WOLFSKILL_Fer_Servadou_5051,-0.030504905,-0.45045385,0.021654563,0.9517385
WOLFSKILL_Esperia_1169,-0.087033994,-0.29619455,0.24768567,0.7407754
VINEYARDS_5C_chard_san_joaquin_y2018_3315,0.38179353,0.01294807,-0.92471755,-0.013409223
WOLFSKILL_Olho_De_Pargo_2162,-0.055842817,0.3383984,0.089767,-0.77219117
ALGERIA_Louali_353,-0.017749153,-0.42388973,-0.011237552,0.89533144
WOLFSKILL_Rodites_2303,-0.027254358,0.40151823,0.008725746,-0.8788899
WOLFSKILL_Coristano_5658,-0.06620624,-0.3155991,0.18943514,0.7579967
WOLFSKILL_Alloued_Zeine_910,-0.091186896,-0.24484235,0.26715773,0.62350833
WOLFSKILL_Seedless_Emperor_4125,-0.013703876,-0.39537406,-0.01915414,0.8365199
WOLFSKILL_Black_Queen_721,-0.026103266,-0.3487731,0.04599894,0.7679055
WOLFSKILL_Alulu_24,-0.011423905,-0.39101803,-0.022824742,0.8330681
UCDAVIS_GRN_3_487,-0.046245635,0.39515844,0.05938997,-0.8827391
WOLFSKILL_Unknown_Cultivar_6799,0.20750321,-0.0120196305,-0.50265324,0.029378138
WOLFSKILL_Diamente_Nero_2318,0.034509733,0.22614576,-0.11603933,-0.4970163
WOLFSKILL_Pinot_Musque_4792,-0.037450407,0.39842796,0.03935337,-0.8829376
WOLFSKILL_Muscat_Of_Alexandria_3134,-0.04353932,0.35454857,0.05513359,-0.7962158
WOLFSKILL_Humagne_4234,-0.018348828,-0.41026098,-0.0065038297,0.87413836
WOLFSKILL_UNKNOWN_CULTIVAR_9749,-0.02694315,-0.3831643,0.03548289,0.8264351
WOLFSKILL_Pinot_Noir_6987,-0.02228545,-0.38447046,0.015927656,0.8296469
WOLFSKILL_Pinot_Musque_4793,-0.0394988,0.40957153,0.046063326,-0.9068686
WOLFSKILL_Humagne_4235,-0.1465478,-0.183606,0.41741642,0.5259435
WOLFSKILL_Muscat_Of_Alexandria_3135,0.005175558,0.30628324,-0.056842923,-0.66983426
WOLFSKILL_Kozanitis_6201,0.026660286,0.31345764,-0.10786827,-0.6778406
WOLFSKILL_Pinot_Noir_6986,-0.1195995,-0.18415253,0.35375136,0.5018848
VINEYARDS_5C_chard_merced_y2018_5055,-0.038416576,0.34719804,0.042601198,-0.77691317
WOLFSKILL_UNKNOWN_CULTIVAR_9748,-0.0044314405,-0.37952185,-0.036814835,0.8096032
WOLFSKILL_Gustolidi_5956,-0.028085593,0.39696953,0.012876658,-0.8687079
ALGERIA_Ichmoul_Bacha_277,-0.02644705,-0.379575,0.027035398,0.8123517
WOLFSKILL_Setzlinge_Dodreliabi_865,0.24989101,0.019429427,-0.60272974,-0.03703178
VINEYARDS_freedom_cab_san_joaquin_y2018_3231,0.37994385,0.014658231,-0.920889,-0.017953072
WOLFSKILL_Thompson_Seedless_1843,-0.021462698,-0.4027763,0.009376591,0.86592776
WOLFSKILL_B5_4148,-0.04231146,-0.36298478,0.09737736,0.81139964
WOLFSKILL_Dan_Ben_Chana_3576,-0.020967182,-0.36643022,0.01623288,0.7924233
WOLFSKILL_Kominato_6185,0.011352912,-0.30903,-0.067425,0.658448
WOLFSKILL_Roussette_7199,-0.045819618,-0.36683345,0.11627237,0.82718706
WOLFSKILL_Primitivo_De_Gioia_473_8777,-0.10273907,0.21411948,0.21971986,-0.51591206
WOLFSKILL_Selection_360_4056,-0.020273771,-0.3986114,0.0056992006,0.8536459
VINEYARDS_freedom_chard_merced_y2019_2074,0.34488586,0.009100851,-0.83456236,-0.005620107
WOLFSKILL_Fuji_3158,-0.06348038,-0.37842736,0.17125139,0.8868925
WOLFSKILL_Fakdi_2055,0.03855223,0.31447434,-0.13832521,-0.6775597
VINEYARDS_freedom_chard_merced_y2018_4312,0.33993673,0.0038539656,-0.8210182,0.012549076
WOLFSKILL_Roussette_7198,-0.053583343,-0.32925934,0.14282736,0.761263
WOLFSKILL_Setzlinge_Dodreliabi_864,0.26118413,-0.044219047,-0.6349095,0.10659574
ALGERIA_Ichmoul_Bacha_276,-0.02477301,-0.421404,0.007414276,0.8887671
WOLFSKILL_B5_4149,-0.035843384,-0.33394095,0.08177178,0.7424902
VINEYARDS_freedom_chard_san_joaquin_y2018_4624,0.38316074,0.014683474,-0.9302524,-0.018646035
WOLFSKILL_Thompson_Seedless_1842,-0.10546956,0.27956933,0.2133841,-0.6618607
VINEYARDS_freedom_cab_san_joaquin_y2018_3230,0.3895311,0.014803071,-0.9432105,-0.014183044
WOLFSKILL_Fakdi_2054,0.034796212,0.30690312,-0.12786905,-0.6651828
WOLFSKILL_Fuji_3159,-0.0113074845,0.3252018,-0.017359596,-0.7167421
WOLFSKILL_Selection_360_4057,-0.07382127,-0.065508574,0.20710361,0.17533354
WOLFSKILL_Alburla_8393,-0.044563714,0.14468862,0.08006493,-0.3457077
WOLFSKILL_Moscato_D_adda_351,0.011125624,-0.37413603,-0.080854565,0.78938264
WOLFSKILL_Arhaniotico_Kokino_5314,-0.008996728,-0.34988844,-0.017623,0.74988294
WOLFSKILL_Saint_Emilion_7228,0.15306501,0.020259138,-0.3742357,-0.04817157
VINEYARDS_5C_chard_san_joaquin_y2019_1447,0.37957874,0.01321768,-0.9202037,-0.014688406
WOLFSKILL_Zimsko_Belo_3692,-0.013160852,-0.35056478,-0.007075282,0.75368977
WOLFSKILL_Trincadeiro_Branco_7606,-0.11177061,-0.16701733,0.31687272,0.44227389
WOLFSKILL_Unkown_Cultivar_5362,-0.081885196,-0.30982184,0.23345506,0.7705242
WOLFSKILL_Tsoupi_8046,-0.018245757,-0.3975409,-0.0026729368,0.84690344
VINEYARDS_5C_chard_san_joaquin_y2018_2910,0.38157865,0.014385533,-0.92669797,-0.019284222
WOLFSKILL_Al_Borla_742,0.28386566,-0.001056876,-0.68412125,0.0140332
WOLFSKILL_Saint_Emilion_7229,0.21346626,0.026628725,-0.51627445,-0.056626137
WOLFSKILL_Moscato_D_adda_350,0.05240567,0.22691448,-0.16515815,-0.49037033
WOLFSKILL_Arhaniotico_Kokino_5315,-0.019465748,-0.36083582,0.013961228,0.77449965
WOLFSKILL_Alburla_8392,-0.007637822,0.307629,-0.03042967,-0.6777346
WOLFSKILL_Tsoupi_8047,-0.025856428,-0.38455433,0.030696532,0.8305497
WOLFSKILL_Unkown_Cultivar_5363,-0.042019635,-0.38483372,0.09930753,0.859128
VINEYARDS_5C_chard_san_joaquin_y2018_2911,0.3803943,0.0114888325,-0.92117786,-0.009371832
WOLFSKILL_Al_Borla_743,0.027339458,0.28797457,-0.1068609,-0.6240935
WOLFSKILL_UNKNOWN_CULTIVAR_2563,-0.068418875,-0.30328405,0.19374822,0.7325629
WOLFSKILL_Trincadeiro_Branco_7607,-0.15961428,-0.19902182,0.46762133,0.5839838
WOLFSKILL_Persian_R27_4111,-0.06980201,-0.30845517,0.19985536,0.7437321
WOLFSKILL_Canaiolo_Nero_5588,0.28537664,0.032411207,-0.6969701,-0.070176914
WOLFSKILL_Triplett_F101-4_9324,-0.07977738,0.09267616,0.18040359,-0.22019184
WOLFSKILL_Korghianitis_7892,-0.11840659,0.30670202,0.24490839,-0.72805595
WOLFSKILL_Red_Roumi_262,-0.018245239,-0.37733975,0.0020102784,0.8037155
WOLFSKILL_Barmak_Isium_767,-0.027036931,-0.4178781,0.023091068,0.89930415
WOLFSKILL_Yaghotti_No._2_3061,0.026084501,-0.33954507,-0.11551838,0.7049662
WOLFSKILL_Littorio_i.p._90_1344,-0.033875395,-0.25315177,0.08239209,0.56311226
WOLFSKILL_Pizzutello_62,-0.028938066,-0.40742964,0.032069996,0.8785713
WOLFSKILL_Trincadeiro_7601,-0.012943362,-0.38259053,-0.011147561,0.82264125
WOLFSKILL_Bombino_Bianco_5526,-0.14156504,0.11091246,0.34284383,-0.22613817
WOLFSKILL_Kokinyah_8576,0.04796368,0.26649827,-0.15423372,-0.5796623
WOLFSKILL_Cola_Tamburo_4603,-0.068687424,-0.2942043,0.19473296,0.71463215
WOLFSKILL_Meslier_6465,-0.029869046,-0.39273682,0.04174111,0.85544074
WOLFSKILL_UNKNOWN_CULTIVAR_6866,-0.06474761,-0.37461862,0.17538552,0.88373184
WOLFSKILL_Pinger_3620,-0.0236249,-0.4080014,0.012403766,0.87372905
WOLFSKILL_Yaghotti_No._2_3060,-0.005979196,-0.39283192,-0.037603892,0.83298934
WOLFSKILL_Barmak_Isium_766,-0.027368683,-0.3892896,0.032318667,0.83981925
WOLFSKILL_Littorio_i.p._90_1345,0.15199658,-0.07660121,-0.39154804,0.16105896
WOLFSKILL_Canaiolo_Nero_5589,-0.10743739,-0.26593378,0.31302625,0.6925671
WOLFSKILL_Persian_R27_4110,-0.032889023,-0.41011938,0.046062186,0.8819556
WOLFSKILL_Korghianitis_7893,-0.02196914,-0.34255275,0.025674967,0.74134386
WOLFSKILL_Red_Roumi_263,-0.027178988,0.35457045,0.015373452,-0.7814214
WOLFSKILL_Souzao_No._809_7360,-0.05499402,-0.3727697,0.14859563,0.8608272
WOLFSKILL_Triplett_F101-4_9325,-0.04015944,0.2621606,0.056641623,-0.59802926
WOLFSKILL_Kokinyah_8577,-0.035699025,0.345772,0.03510642,-0.77214414
WOLFSKILL_Cola_Tamburo_4602,-0.04391116,-0.36215293,0.10399512,0.81305456
WOLFSKILL_Triplett_30-47_9279,-0.03605006,-0.3969818,0.06424133,0.87033486
WOLFSKILL_Bombino_Bianco_5527,-0.06168022,-0.3067151,0.170181,0.72539175
WOLFSKILL_UNKNOWN_CULTIVAR_6867,-0.017833486,0.39330947,-0.012179247,-0.8523683
WOLFSKILL_Meslier_6464,-0.026956689,-0.40162987,0.028746268,0.86664605
WOLFSKILL_Trincadeiro_7600,0.042644754,-0.27505383,-0.13932036,0.58714175
WOLFSKILL_Pizzutello_63,-0.031319827,-0.43680382,0.030173948,0.93229777
VINEYARDS_1103P_cab_merced_y2018_2734,0.04497858,0.21064033,-0.14319818,-0.4649409
WOLFSKILL_Cardinal_1029,-0.06475589,-0.33828723,0.18280867,0.80445945
VINEYARDS_freedom_chard_merced_y2018_3786,0.36132947,0.014159083,-0.8753694,-0.020448346
WOLFSKILL_Zlahtina_2288,-0.036455333,-0.37608317,0.071100555,0.8307013
WOLFSKILL_Stavrohioticoh_7401,-0.020721316,0.3535244,-0.0012641158,-0.7725779
WOLFSKILL_Asma_745,-0.027581587,0.2968655,0.02302576,-0.66389453
VINEYARDS_1103P_cab_merced_y2019_398,0.34243616,0.012345441,-0.83065593,-0.017475978
WOLFSKILL_Saint_Laurent_9271,-0.03260412,-0.3997692,0.05221892,0.8730993
WOLFSKILL_Stambul_Ali_stambulari_834,-0.018737279,-0.39108258,0.001305731,0.83861727
WOLFSKILL_Olmo_030-37_3210,0.015070367,0.23679782,-0.068826325,-0.52904296
WOLFSKILL_Autumn_Black_4286,-0.01898792,-0.4365837,-0.015169317,0.91396415
WOLFSKILL_UNKNOWN_CULTIVAR_9641,-0.039262217,-0.34706107,0.0907199,0.77183497
WOLFSKILL_Gold_1224,-0.045313895,-0.36707217,0.111918904,0.8282888
WOLFSKILL_CG_1481_3391,-0.016331103,-0.37846646,-0.002217168,0.8132471
WOLFSKILL_Pinot_Noir_8660,0.19428734,0.0647929,-0.47621047,-0.13920733
WOLFSKILL_Plavac_Mali_4798,-0.045946434,-0.37385333,0.115941204,0.84554857
WOLFSKILL_Stambul_Ali_stambulari_835,-0.0408364,-0.35216147,0.09093275,0.78722167
WOLFSKILL_Asma_744,-0.03605629,0.351063,0.038782164,-0.7849961
WOLFSKILL_Saint_Laurent_9270,-0.0234987,-0.3961106,0.021420216,0.8545865
VINEYARDS_1103P_cab_merced_y2019_399,0.36352932,0.012278561,-0.8798833,-0.011623677
VINEYARDS_freedom_chard_merced_y2018_3787,0.3972057,0.013019893,-0.96104264,-0.009636119
WOLFSKILL_Zlahtina_2289,-0.032321993,0.36208168,0.026922693,-0.8013787
WOLFSKILL_Cardinal_1028,-0.046884086,-0.3896219,0.11262987,0.8768295
WOLFSKILL_Stavrohioticoh_7400,0.00941484,0.32158136,-0.06910494,-0.69505644
WOLFSKILL_Pinot_Noir_8661,-0.048880484,-0.37064832,0.124429755,0.83938605
WOLFSKILL_Plavac_Mali_4799,-0.032615595,-0.4023053,0.047310524,0.8704957
WOLFSKILL_Gold_1225,-0.02172228,-0.3879736,0.013268454,0.83449817
WOLFSKILL_CG_1481_3390,-0.023516621,-0.3707008,0.021692516,0.7902286
UCDAVIS_CORVINA_VERONSE_691,-0.024029806,-0.38197753,0.020922782,0.8236919
WOLFSKILL_Olmo_030-37_3211,-0.04177349,-0.34838593,0.09740339,0.78025836
WOLFSKILL_UNKNOWN_CULTIVAR_9640,-0.030776724,-0.27242008,0.07228139,0.61132276
WOLFSKILL_Autumn_Black_4287,-0.029277705,-0.39741766,0.03698065,0.8575771
WOLFSKILL_Demir_Kara_794,-0.039982937,0.35837638,0.052774303,-0.8042374
WOLFSKILL_Lambrusco_8719,-0.015358335,-0.32077488,0.010038344,0.6930395
WOLFSKILL_Ladikinah_6227,-0.02612384,0.32472944,0.017184617,-0.72295004
WOLFSKILL_UNKNOWN_CULTIVAR_9566,0.009283405,-0.2728883,-0.049414057,0.5907483
WOLFSKILL_Chauche_Noir_8467,0.0786814,-0.2525824,-0.22564918,0.53329074
VINEYARDS_1103P_cab_san_joaquin_y2018_4354,0.35782662,0.014436133,-0.8672959,-0.021162774
WOLFSKILL_UNKNOWN_CULTIVAR_9700,-0.014399928,-0.3664021,-0.005609907,0.7856835
WOLFSKILL_Sahebi_1691,-0.032089345,-0.33659536,0.06652751,0.7430291
WOLFSKILL_Vrathiano_7736,-0.026745819,-0.35581517,0.040359713,0.775104
WOLFSKILL_Grand_Noir_5972,-0.025472946,-0.39986175,0.022360364,0.8608045
WOLFSKILL_UNKNOWN_CULTIVAR_9701,0.15181135,-0.17603666,-0.39840347,0.3705723
WOLFSKILL_Lambrusco_8718,-0.02998916,-0.40158737,0.036965087,0.8671271
WOLFSKILL_Demir_Kara_795,0.055810604,0.23435701,-0.16832587,-0.5100181
WOLFSKILL_Chauche_Noir_8466,0.29207394,0.003462527,-0.70824015,0.004129607
WOLFSKILL_Ladikinah_6226,-0.02657754,0.34443253,0.010725854,-0.75936735
WOLFSKILL_UNKNOWN_CULTIVAR_9567,-0.04853222,-0.35331395,0.12202314,0.8016119
WOLFSKILL_Vrathiano_7737,-0.02428465,-0.41668993,0.014556101,0.8940831
WOLFSKILL_Victoria_s_Choice_4435,-0.023886714,-0.40820104,0.012731994,0.8675413
WOLFSKILL_Aspruda_Ariloghi_5355,-0.075434096,-0.26368892,0.2168717,0.64644337
WOLFSKILL_Tagouti_Rouge_1930,-0.00014820602,0.32242322,-0.045155663,-0.7018531
WOLFSKILL_Zinfandel_8277,0.11955438,0.14364588,-0.30783403,-0.30568486
WOLFSKILL_Durif_6886,0.022439945,-0.36142159,-0.10667009,0.76064795
WOLFSKILL_Pirobelle_4009,0.28257814,-0.008726945,-0.6844853,0.03313165
WOLFSKILL_Clotilde_Prosperi_2021,-0.0687054,0.2785464,0.117522754,-0.6413934
WOLFSKILL_Cornifesto_5665,-0.0033247685,-0.34050614,-0.030883776,0.73540473
WOLFSKILL_Red_Roumi_323,-0.01094889,-0.3564713,-0.01693249,0.75717205
WOLFSKILL_Flame_Seedless_139,-0.13046156,0.016797442,0.3269757,-0.0025110915
WOLFSKILL_Aspruda_Ariloghi_5354,-0.017759431,-0.32824707,0.019784665,0.71834636
WOLFSKILL_Victoria_s_Choice_4434,-0.025063202,-0.41653174,0.01031396,0.8845424
WOLFSKILL_Tagouti_Rouge_1931,-0.02010915,0.3584662,-0.0038744938,-0.78088915
WOLFSKILL_Flame_Seedless_138,-0.0022727894,-0.42220557,-0.057824798,0.88399756
WOLFSKILL_Red_Roumi_322,-0.025576971,-0.39347866,0.022961324,0.84969497
WOLFSKILL_Gamay_5893,-0.033803426,-0.41129225,0.049860053,0.8922433
WOLFSKILL_Durif_6887,-0.0045869937,-0.33642092,-0.026200566,0.7284667
WOLFSKILL_Pirobelle_4008,-0.012976999,-0.4055088,-0.021959135,0.8578005
WOLFSKILL_Zinfandel_8276,-0.040740587,-0.36439407,0.09493818,0.81546474
WOLFSKILL_Clotilde_Prosperi_2020,-0.17338668,0.035462912,0.45479882,-0.011135586
WOLFSKILL_Pinot_Noir-marianfeld_5111,-0.05020451,0.35337394,0.074246384,-0.79991883
WOLFSKILL_Merlot_9041,-0.010433127,0.34012657,-0.022968674,-0.7437711
WOLFSKILL_Katsano_6131,-0.07570911,0.2942685,0.14277849,-0.6821345
WOLFSKILL_Syrah_8029,-0.01696873,-0.41374665,-0.018149467,0.8653296
WOLFSKILL_White_Corinth_1910,-0.15255341,-0.0921354,0.42214215,0.29724628
WOLFSKILL_Khawngi_4223,-0.027500868,0.3880841,0.012166055,-0.8516823
VINEYARDS_5C_cab_madera_y2018_4092,-0.0057873325,0.31179872,-0.031963527,-0.6843408
WOLFSKILL_Volarova_2248,-0.030957669,-0.4383226,0.032070316,0.9419767
WOLFSKILL_Moscato_Bianco_6569,-0.028206974,-0.37842494,0.038723864,0.8251581
WOLFSKILL_Tabyrn_7437,-0.018559832,-0.31874475,0.022716003,0.6980257
WOLFSKILL_Sovereign_Rose_426,-0.02264871,-0.41609806,0.0052729864,0.8792845
WOLFSKILL_Syrah_8028,-0.030610874,-0.44385785,0.02571672,0.945595
WOLFSKILL_White_Corinth_1911,-0.028259855,0.412305,0.008953186,-0.90097016
WOLFSKILL_Katsano_6130,-0.008145951,-0.4015959,-0.041510273,0.8374709
WOLFSKILL_Pinot_Noir-marianfeld_5110,-0.033413433,-0.30002856,0.079958655,0.67170644
WOLFSKILL_Merlot_9040,-0.0972285,0.08625081,0.22468656,-0.20231648
WOLFSKILL_Tabyrn_7436,-0.028355226,-0.37252766,0.040024824,0.8110831
WOLFSKILL_Moscato_Bianco_6568,0.00797165,0.27568245,-0.060696214,-0.6062499
WOLFSKILL_Sovereign_Rose_427,0.073295824,0.20686415,-0.2106601,-0.44399732
WOLFSKILL_Ghula_Dari_2526,-0.025577404,-0.37412003,0.03192704,0.8106642
WOLFSKILL_Khawngi_4222,0.002345113,0.2772079,-0.044032797,-0.6092185
WOLFSKILL_Zinfandel_Heritage_Sel._09_4545,0.082704,0.20850752,-0.22957146,-0.4456662
WOLFSKILL_Mourisco_6600,0.0902294,-0.2075635,-0.2458022,0.4482004
WOLFSKILL_Volarova_2249,-0.028540373,-0.39734215,0.035108358,0.85935384
WOLFSKILL_Triplett_T34-1_9394,-0.024059232,-0.441462,0.005250307,0.9395338
VINEYARDS_5C_chard_san_joaquin_y2019_2061,0.3382121,0.013178844,-0.81987256,-0.021667693
WOLFSKILL_Black_Rose_2701,-0.014837247,-0.39737588,-0.014595229,0.8418177
WOLFSKILL_Norakert_PRG_2224_3726,-0.14468108,0.1361209,0.3420967,-0.2929983
WOLFSKILL_Centennial_4X_4366,-0.021240454,-0.36310732,0.017199775,0.7784822
VINEYARDS_1103P_chard_san_joaquin_y2018_4708,0.3331956,0.00577851,-0.8037074,0.0016214587
WOLFSKILL_Norakert_PRG_2224_3727,0.11490898,-0.16925886,-0.30381674,0.36267936
VINEYARDS_5C_chard_san_joaquin_y2019_2060,0.3568879,0.014697455,-0.8645142,-0.022164706
WOLFSKILL_Black_Rose_2700,-0.028296981,-0.40024772,0.03308128,0.86418486
WOLFSKILL_Triplett_T34-1_9395,-0.029806983,-0.4250218,0.028042497,0.9132113
WOLFSKILL_Jubileum_9438,-0.009243117,0.045101043,0.012416365,-0.117637604
VINEYARDS_1103P_chard_san_joaquin_y2018_4709,0.3913003,0.013626166,-0.9476769,-0.013808593
VINEYARDS_freedom_cab_merced_y2018_3034,0.35043043,0.0068048798,-0.84510106,0.0022476315
WOLFSKILL_Centennial_4X_4367,0.10587427,-0.1863506,-0.28855515,0.3909303
WOLFSKILL_Unknown_Cultivar_7812,-0.030317217,-0.3639457,0.052452095,0.79921675
WOLFSKILL_Ithani_Mavro_8385,-0.12384794,0.25654656,0.2610726,-0.6050089
WOLFSKILL_Vranac_4939,-0.13809071,0.15885626,0.3195669,-0.3555724
WOLFSKILL_Sicilien_2956,0.017906407,-0.34793442,-0.09799158,0.72285247
WOLFSKILL_Red-white_Veltliner_7127,-0.0430892,-0.37315336,0.09951324,0.8374207
WOLFSKILL_UNKNOWN_CULTIVAR_9608,-0.028326482,0.28209248,0.025245136,-0.6334075
WOLFSKILL_Sereksiya_Rosavi_3642,-0.030593775,-0.40670887,0.039969362,0.87957877
ALGERIA_Ahmeur Bou Ahmeur_47,-0.0028330358,-0.35332203,-0.037889447,0.7484512
WOLFSKILL_Royalty_7189,-0.03103488,-0.42602834,0.03229241,0.9130788
WOLFSKILL_Fresno_32-139_519,0.0039371317,-0.37475017,-0.05819138,0.7987035
WOLFSKILL_Ak_Schekerek_2309,-0.0016215118,-0.3297884,-0.03302944,0.7115082
WOLFSKILL_Moscato_Di_Terracina_4500,-0.045887426,-0.36841318,0.11414317,0.834116
WOLFSKILL_Mermark_7942,0.003275219,-0.37451887,-0.058117874,0.7946433
WOLFSKILL_Rousseau_7174,-0.0742283,-0.26994082,0.21369416,0.65739685
WOLFSKILL_Vranac_4938,-0.11559264,-0.23569636,0.3308458,0.61551815
WOLFSKILL_UNKNOWN_CULTIVAR_9609,0.05119194,0.21698721,-0.156799,-0.46865904
WOLFSKILL_Sicilien_2957,-0.0965346,-0.1946284,0.2748404,0.49079275
WOLFSKILL_Red-white_Veltliner_7126,0.3290573,0.006504908,-0.79646325,-0.003702499
WOLFSKILL_Ithani_Mavro_8384,0.014559628,-0.30200788,-0.069871806,0.6533654
VINEYARDS_freedom_cab_madera_y2018_4134,0.033857103,0.30187708,-0.12164829,-0.65345466
WOLFSKILL_Rousseau_7175,-0.0517268,-0.35463977,0.1295386,0.80821645
WOLFSKILL_Fresno_32-139_518,-0.022454932,-0.4045986,0.0063591544,0.8555096
WOLFSKILL_Ak_Schekerek_2308,0.1294041,-0.13726008,-0.3363194,0.29753286
WOLFSKILL_Royalty_7188,-0.030284122,0.32364723,0.030491387,-0.7234603
ALGERIA_Ahmeur Bou Ahmeur_46,-0.014670587,-0.35159534,-0.0013456661,0.75387347
WOLFSKILL_Sereksiya_Rosavi_3643,-0.009407296,-0.40282726,-0.03362707,0.85033107
WOLFSKILL_Mermark_7943,-0.027169954,0.3681704,0.012843555,-0.81108695
WOLFSKILL_Moscato_Di_Terracina_4501,-0.045670345,-0.37477273,0.10960028,0.8426256
WOLFSKILL_Dschan_Im_Isium_12,-0.025094908,-0.39485654,0.022846589,0.85194135
WOLFSKILL_Treixadura_Blanca_4072,-0.026464127,0.39007825,0.009950055,-0.85190743
WOLFSKILL_Montils_6521,-0.029734973,-0.38883486,0.042094298,0.84665585
WOLFSKILL_Khalchili_1288,0.24531162,-0.0053849965,-0.59343356,0.025084164
WOLFSKILL_Futuna_699_224,-0.0336538,-0.3991496,0.052813955,0.8720768
WOLFSKILL_Psevthosirico_2184,0.34261265,0.021129187,-0.833308,-0.043037843
WOLFSKILL_b_40-4_Mlc_3836,0.38182998,0.013519321,-0.92604685,-0.012789063
WOLFSKILL_Montils_6520,-0.028511364,-0.42070052,0.02781008,0.9024935
WOLFSKILL_Treixadura_Blanca_4073,-0.01577048,0.34965163,-0.01111163,-0.7653393
WOLFSKILL_Dschan_Im_Isium_13,-0.10899208,-0.19570737,0.31141913,0.5126012
UCDAVIS_CILIEGIOLO_123,-0.013122183,0.32859147,-0.020287046,-0.71691906
WOLFSKILL_Futuna_699_225,0.17127582,-0.17137368,-0.4463536,0.35942158
WOLFSKILL_Psevthosirico_2185,-0.022634469,-0.39301473,0.01469251,0.848946
WOLFSKILL_b_40-4_Mlc_3837,-0.019854963,-0.43123925,-0.0068291295,0.9129056
WOLFSKILL_Khalchili_1289,-0.02330878,-0.36034268,0.029821882,0.7856457
WOLFSKILL_Rofar_Vidor_588,-0.030680165,-0.3957231,0.04378715,0.85663617
WOLFSKILL_Pleven_Mychat_4415,-0.025473535,-0.3988076,0.023602286,0.86266065
WOLFSKILL_b_39-52_Mlc_3798,-0.037391163,-0.41409516,0.07191587,0.90791625
WOLFSKILL_Rubired_7230,0.26069817,0.021059342,-0.6331201,-0.040211473
VINEYARDS_1103P_chard_madera_y2018_2583,0.37182328,0.016261835,-0.90308714,-0.027488384
WOLFSKILL_Chasselas_Rose_Royal_441,0.20918877,0.06430696,-0.51370656,-0.13681534
WOLFSKILL_Feteasca_Neagra_5795,0.27228424,-0.002479285,-0.6569972,0.014270475
WOLFSKILL_Aramon_5297,-0.038288124,-0.41540343,0.06617836,0.9102833
WOLFSKILL_Tabyrn_4x_8759,-0.043220695,0.34550565,0.050692037,-0.7743866
WOLFSKILL_Melon_6451,-0.033291787,-0.4047215,0.049269907,0.88181806
WOLFSKILL_CG_1481_4x_3425,-0.022849888,-0.37089318,0.02071874,0.79659057
WOLFSKILL_Pinot_Fin_6965,-0.14325269,-0.07053985,0.3996893,0.23835751
WOLFSKILL_Chasselas_Rose_Royal_440,-0.04254367,0.42128497,0.04813893,-0.93400645
WOLFSKILL_Rubired_7231,-0.015843693,0.3218098,-0.007138917,-0.7116555
WOLFSKILL_Feteasca_Neagra_5794,0.030330475,0.21640007,-0.1027553,-0.47291332
WOLFSKILL_b_39-52_Mlc_3799,-0.08391797,-0.3112374,0.2361604,0.77506006
WOLFSKILL_Rofar_Vidor_589,0.007986398,-0.33595642,-0.06070005,0.7165853
WOLFSKILL_Pleven_Mychat_4414,-0.01445187,-0.38261485,-0.011381259,0.8196219
WOLFSKILL_CG_1481_4x_3424,-0.030359544,-0.39398664,0.03914135,0.84729075
WOLFSKILL_Pinot_Fin_6964,-0.09980856,0.14632969,0.23358515,-0.32472062
WOLFSKILL_Melon_6450,-0.05555478,-0.3598939,0.13804246,0.8273748
VINEYARDS_5C_chard_san_joaquin_y2018_3700,0.37387893,0.014549017,-0.9071792,-0.018277105
UCDAVIS_EARLY_MUSCAT_583,-0.012802809,-0.4018017,-0.017428486,0.8616282
WOLFSKILL_Tabyrn_4x_8758,0.017829552,-0.26282108,-0.07352216,0.56671417
VINEYARDS_1103P_chard_san_joaquin_y2018_2509,0.3392734,0.012254644,-0.82126373,-0.013638381
WOLFSKILL_Tokay_1832,-0.034163687,0.41586545,0.02727261,-0.91420984
WOLFSKILL_Verdelho_7672,-0.04526285,-0.28465086,0.116183065,0.6506025
WOLFSKILL_Late_Edessa_2901,-0.01875244,-0.3853302,0.002996808,0.82562613
WOLFSKILL_Itchkimar_3709,-0.022185251,-0.36076367,0.02083745,0.7763344
VINEYARDS_5C_chard_san_joaquin_y2019_2169,0.34643346,0.013218451,-0.8396447,-0.018459916
VINEYARDS_5C_cab_madera_y2018_4732,0.3852358,0.01378765,-0.9328127,-0.012654018
WOLFSKILL_Kali_Sag_4060,-0.04117971,0.36380154,0.046619453,-0.81105757
WOLFSKILL_Pais_1560,-0.030367114,-0.44754598,0.024482248,0.94935375
WOLFSKILL_Torrontes_Riojano_9490,-0.017639887,-0.32174557,0.018756097,0.6951495
WOLFSKILL_Mourvedre_Famellestadt_815,-0.03165222,0.38524777,0.026788441,-0.85209703
WOLFSKILL_Lombardia_2904,-0.08837379,-0.28455943,0.2524917,0.7153705
WOLFSKILL_Late_Edessa_2900,-0.031602975,0.28715208,0.035250843,-0.6472409
WOLFSKILL_Verdelho_7673,-0.030065153,-0.365075,0.05445587,0.80553854
WOLFSKILL_Tokay_1833,0.13339381,0.13980308,-0.34349033,-0.29538143
VINEYARDS_5C_chard_san_joaquin_y2019_2168,0.3912609,0.01520149,-0.94920695,-0.019317996
WOLFSKILL_Bargoon_3458,0.14811824,0.078180626,-0.36904526,-0.17835137
WOLFSKILL_Torrontes_Riojano_9491,-0.003431391,0.26092803,-0.029552273,-0.57659566
WOLFSKILL_Mourvedre_Famellestadt_814,-0.016803518,0.36835808,-0.013091396,-0.8000994
WOLFSKILL_Lombardia_2905,-0.02106975,0.34926176,0.0011219177,-0.76760256
WOLFSKILL_Pais_1561,-0.024035491,-0.38404223,0.025153609,0.82356954
WOLFSKILL_Kali_Sag_4061,0.002556499,-0.35176063,-0.047675416,0.7582818
VINEYARDS_5C_chard_merced_y2018_2648,-0.2182119,0.0778943,0.55626696,-0.09702398
WOLFSKILL_Imperator_p._264_1256,-0.035845947,-0.37236795,0.07396931,0.8209425
WOLFSKILL_Prosecco_Tondo_7103,-0.041116215,-0.29490733,0.10162588,0.6639278
WOLFSKILL_Rhazaki_3626,-0.02844572,-0.4019688,0.035007767,0.86765933
WOLFSKILL_Muscat_Rouge_Fouce_2476,-0.01670621,-0.3661748,0.0035581738,0.7888634
WOLFSKILL_Littorio_i.p._90_1339,0.08570904,-0.22013864,-0.23832628,0.46678847
WOLFSKILL_Zengo_9111,-0.016386978,-0.3766678,-0.0012408774,0.8113389
WOLFSKILL_Triplett_T793-1_9372,-0.0098192515,-0.37410182,-0.02170794,0.79884326
WOLFSKILL_Pinot_Noir_7002,-0.05319165,-0.3624122,0.13465765,0.82982874
WOLFSKILL_Platani_7968,-0.010109349,-0.35349178,-0.023416953,0.73898214
VINEYARDS_freedom_cab_merced_y2018_4334,0.35197058,0.012017075,-0.85234284,-0.0153824575
WOLFSKILL_Moscato_Samos_8636,-0.022772476,-0.38520974,0.016072752,0.82707
WOLFSKILL_Julius_Caesar_2097,0.06574315,0.24852787,-0.19822617,-0.53374743
WOLFSKILL_Honigber_6053,-0.038748775,-0.37882948,0.080037706,0.83977187
WOLFSKILL_Chasselas_Hs_14-33_4_5016,0.1919236,0.00080532953,-0.4618653,0.001789473
WOLFSKILL_Rhazaki_3627,-0.033021845,-0.35563076,0.06449889,0.7825582
WOLFSKILL_Malvasia_Bianca_4976,-0.12938704,-0.02980756,0.34198797,0.11581576
VINEYARDS_5C_chard_merced_y2018_2649,-0.2069782,-0.041063655,0.5559459,0.214445
WOLFSKILL_Chaouch_2723,-0.030855797,-0.43390602,0.02963361,0.9264437
WOLFSKILL_Imperator_p._264_1257,-0.01810477,-0.41008982,-0.009042228,0.8680788
WOLFSKILL_Pinot_Noir_7003,-0.06331191,-0.3269288,0.17295921,0.7751226
WOLFSKILL_Honigber_6052,-0.023804996,-0.40468884,0.015999464,0.8696556
WOLFSKILL_Moscato_Samos_8637,-0.029019646,-0.33082342,0.05555298,0.7269855
WOLFSKILL_Platani_7969,-0.0011790441,-0.3557391,-0.04897191,0.74211514
VINEYARDS_freedom_cab_merced_y2018_4335,0.38881794,0.013403248,-0.94094723,-0.013046246
VINEYARDS_5C_chard_merced_y2018_3811,0.40893903,0.018868376,-0.99206847,-0.023677196
WOLFSKILL_Muscat_Rouge_Fouce_2477,-0.019074839,-0.39352554,0.0008043647,0.8417237
WOLFSKILL_Littorio_i.p._90_1338,-0.003218214,-0.33547184,-0.03379739,0.7127472
WOLFSKILL_Malvasia_Tinta_6368,-0.068821475,0.19910333,0.13089973,-0.46520334
WOLFSKILL_Triplett_T793-1_9373,-0.02772934,-0.41389573,0.029064978,0.89316535
WOLFSKILL_Zengo_9110,-0.039227232,-0.43778157,0.065375604,0.9570147
UCDAVIS_PINOTAGE_878,-0.015920658,0.33694705,-0.0074175596,-0.74043554
WOLFSKILL_July_Early_Amber_4484,-0.060070477,-0.350973,0.16292109,0.8231671
WOLFSKILL_Ehrenfelser_5040,-0.026775062,-0.43317428,0.018404173,0.92789674
VINEYARDS_freedom_cab_madera_y2019_248,0.38572246,0.013003729,-0.9332272,-0.010002226
WOLFSKILL_Meunier_6477,-0.07193003,-0.26373035,0.21047452,0.64367616
WOLFSKILL_Vernatschia_Alternatures_8181,-0.084735006,0.30593622,0.1644364,-0.710294
WOLFSKILL_Bakari_Mavro_5418,-0.0133667225,-0.39439037,-0.016561728,0.8383933
WOLFSKILL_Mission_Jalama_6499,0.05171927,-0.21980597,-0.15460372,0.47347355
WOLFSKILL_Agoumastos_7826,0.018396799,-0.18125097,-0.06186586,0.39509392
WOLFSKILL_Fraula_Kihi_2059,-0.007183302,0.20142828,-0.015617639,-0.459337
WOLFSKILL_Kishmishi_3116,-0.057383843,-0.29674,0.15868005,0.6974977
WOLFSKILL_Taschli_2646,-0.011002022,-0.37820953,-0.027063433,0.79126596
WOLFSKILL_Calzin_5581,0.35877076,0.010101002,-0.8674488,-0.008312054
WOLFSKILL_Esparte_9178,-0.030743487,-0.40905604,0.038826346,0.8840171
VINEYARDS_1103P_chard_san_joaquin_y2019_2260,0.29879916,0.013294145,-0.7231152,-0.020655785
WOLFSKILL_Mission_Jalama_6498,-0.0030936077,-0.3889719,-0.047370538,0.8189634
WOLFSKILL_Agoumastos_7827,-0.026084315,-0.35394454,0.040716074,0.77716523
WOLFSKILL_Meunier_6476,-0.12480844,0.10460411,0.30744028,-0.2140106
WOLFSKILL_Ehrenfelser_5041,-0.017716583,-0.40257883,-0.0047555547,0.86475366
VINEYARDS_freedom_cab_madera_y2019_249,0.36478063,0.010595396,-0.88196445,-0.006722469
WOLFSKILL_Vernatschia_Alternatures_8180,-0.122667305,0.26162517,0.2547624,-0.61373866
WOLFSKILL_Bakari_Mavro_5419,0.043723073,-0.29927102,-0.14617583,0.63602704
WOLFSKILL_Jurancon_Blanc_4754,-0.027104422,-0.38492048,0.03415227,0.8360916
WOLFSKILL_Taschli_2647,-0.052012786,-0.37709475,0.12974662,0.8598926
WOLFSKILL_Calzin_5580,-0.02699469,0.35757065,0.018362632,-0.7895336
WOLFSKILL_Kishmishi_3117,-0.06540537,-0.2661364,0.18707551,0.64037484
WOLFSKILL_Fraula_Kihi_2058,-0.03457167,-0.4239208,0.047778234,0.9197902
WOLFSKILL_Tarrango_II_3675,-0.09475451,-0.19268614,0.27365547,0.48801988
WOLFSKILL_Doral_8972,-0.018691007,-0.4052076,-0.0057201684,0.8555128
WOLFSKILL_Kritico_2998,-0.036410797,-0.34765267,0.07771695,0.77222824
WOLFSKILL_Muscat_Galego_6671,-0.09133179,0.25639474,0.17601374,-0.6027783
UCDAVIS_PETIT_VERDOT_243,-0.02712074,0.37160704,0.0107395,-0.8144202
WOLFSKILL_Kakourdess_Weis_801,-0.025532369,-0.42723656,0.014575286,0.91249186
WOLFSKILL_Badacsony-10_8965,0.004030121,-0.36701715,-0.062078603,0.76980996
WOLFSKILL_Tarrango_II_3674,-0.0008026846,-0.36366537,-0.045218315,0.7689291
WOLFSKILL_Volta_2550,-0.045926463,-0.3179897,0.10956771,0.7200845
WOLFSKILL_Doral_8973,-0.040922053,-0.4019806,0.089868605,0.89355415
WOLFSKILL_Muscat_Galego_6670,-0.029569015,-0.3605705,0.05157566,0.79193795
WOLFSKILL_Kritico_2999,-0.044764686,0.4282889,0.055179454,-0.9509005
WOLFSKILL_Badacsony-10_8964,-0.015947111,-0.4315312,-0.024245797,0.90114105
WOLFSKILL_Kakourdess_Weis_800,-0.030436099,-0.34399867,0.062010586,0.7536643
VINEYARDS_freedom_cab_madera_y2018_3905,0.37979445,0.0109660365,-0.91965675,-0.007899649
WOLFSKILL_Preto_Manteudo_7086,-0.007876069,-0.36437714,-0.023606457,0.7791842
WOLFSKILL_Arcathinoh_5308,-0.07347816,0.31513467,0.12730885,-0.725311
WOLFSKILL_Pinot_Noir_6968,-0.027913406,-0.42060098,0.028244877,0.90779656
VINEYARDS_freedom_chard_san_joaquin_y2019_973,-0.025153905,-0.43288267,0.009199401,0.9213007
WOLFSKILL_Sultana_Crimson_3649,0.012510409,-0.3432405,-0.07730057,0.7279593
WOLFSKILL_White_Riesling_4680,-0.018550422,-0.33798793,0.020007303,0.7383847
WOLFSKILL_Nimrang_58_1503,-0.043078728,-0.30801016,0.104906194,0.6975029
WOLFSKILL_Lagorthi_6235,-0.038675286,-0.40204516,0.0723379,0.8855504
WOLFSKILL_Korente_3724,-0.022980943,-0.39237744,0.015914312,0.8400878
WOLFSKILL_Royale_4x_3200,0.1833417,0.11014353,-0.4546716,-0.23347336
WOLFSKILL_Vorosmarthy_1904,-0.006167331,-0.3636203,-0.030649297,0.7756901
WOLFSKILL_Tschilaci_1852,-0.0840204,-0.26001027,0.2430669,0.65145946
WOLFSKILL_Lagorthi_6234,-0.027533863,0.34260803,0.015786992,-0.7586695
WOLFSKILL_Mission_Jalama_6502,-0.024022892,0.35475194,0.0066413116,-0.77881426
WOLFSKILL_Pleven_Mychat_4420,-0.013672545,-0.40065944,-0.017454706,0.8531544
WOLFSKILL_Pinot_Noir_6969,-0.09032268,0.21466507,0.17743346,-0.5070266
WOLFSKILL_Preto_Manteudo_7087,-0.04647635,-0.35571703,0.11306874,0.8041972
WOLFSKILL_Arcathinoh_5309,-0.028288614,-0.3825228,0.038738996,0.8288282
WOLFSKILL_White_Riesling_4681,-0.03795946,-0.36813098,0.0796184,0.81856227
WOLFSKILL_Sultana_Crimson_3648,-0.021731839,-0.3994337,0.010281919,0.85942227
WOLFSKILL_Vorosmarthy_1905,-0.03261505,0.3964557,0.024306146,-0.8735403
WOLFSKILL_Tschilaci_1853,-0.03587994,-0.35253286,0.076404415,0.78340197
WOLFSKILL_Royale_4x_3201,-0.19743004,-0.18922485,0.56319404,0.5962795
WOLFSKILL_Limberger_4769,-0.033750203,-0.38982326,0.05839263,0.8526086
WOLFSKILL_Morrastel_8623,-0.022327516,-0.40601033,0.008915262,0.86435723
WOLFSKILL_Clairette_Blanche_9231,-0.053047504,0.37685898,0.08281379,-0.8529687
WOLFSKILL_Raisin_De_Palestine_4705,-0.029312328,-0.34236068,0.0565304,0.74976766
WOLFSKILL_Tsoumbrena_Lefki_7643,-0.09357789,-0.2019927,0.2733863,0.5133666
WOLFSKILL_Muscat_Gros_Noir_Hatif_1426,-0.0533582,-0.31446975,0.14050831,0.72319686
WOLFSKILL_Muscat_of_Alexandria_6541,-0.021085158,-0.3728794,0.014191037,0.80434155
WOLFSKILL_Sauvignon_Vert_7270,-0.01502695,-0.4327771,-0.023781186,0.9085003
VINEYARDS_1103P_chard_madera_y2018_4084,-0.03010076,0.36577302,0.019371172,-0.8065594
UCDAVIS_MONDEUSE_603,-0.0025804434,0.32404312,-0.038625225,-0.70551026
WOLFSKILL_Red_Roumi_317,-0.031675555,-0.38747504,0.04943771,0.8394878
WOLFSKILL_Morrastel_8622,-0.028207,-0.4333624,0.019722337,0.92224014
WOLFSKILL_Limberger_4768,-0.029906444,0.37042382,0.022170192,-0.81923544
WOLFSKILL_Clairette_Blanche_9230,-0.19910695,0.032421473,0.5211976,0.012668692
WOLFSKILL_Aspruda_Ariloghi_5360,-0.029259015,-0.3763687,0.044384256,0.82271034
WOLFSKILL_Tand_1830,-0.011703194,0.36053863,-0.024510263,-0.7832632
VINEYARDS_1103P_chard_san_joaquin_y2018_3766,0.3381743,0.012830872,-0.82018435,-0.018962413
WOLFSKILL_Red_Roumi_316,-0.035658047,-0.41539243,0.055525772,0.9064603
WOLFSKILL_Muscat_of_Alexandria_6540,0.010868691,-0.30792332,-0.06259197,0.66143245
WOLFSKILL_Muscat_Gros_Noir_Hatif_1427,-0.045083184,-0.3321021,0.11435307,0.75208426
WOLFSKILL_Raisin_De_Palestine_4704,-0.056065485,-0.3083921,0.1501159,0.72350085
WOLFSKILL_Tsoumbrena_Lefki_7642,0.05144334,0.2394147,-0.15768321,-0.5190205
VINEYARDS_1103P_chard_madera_y2018_4085,-0.04378991,0.34704167,0.057628743,-0.77879417
WOLFSKILL_Sauvignon_Vert_7271,-0.01794377,-0.4336234,-0.012168439,0.921172
ALGERIA_Amer Bouamar_93,-0.027283609,-0.4364842,0.010873767,0.9165677
WOLFSKILL_Madam_Matijas_3591,-0.030089952,-0.38820493,0.043760516,0.8460888
WOLFSKILL_Zinfandel_Heritage_Sel._28_4580,0.18483639,0.08960581,-0.45408884,-0.18815386
WOLFSKILL_UNKNOWN_CULTIVAR_9552,0.18211651,0.08840194,-0.44979644,-0.18972743
VINEYARDS_1103P_cab_merced_y2018_3819,0.39390343,0.016494103,-0.9558736,-0.02116185
WOLFSKILL_Bermestia_Bianca_8410,-0.07810389,0.24760146,0.14410146,-0.5762739
WOLFSKILL_Negru_Virtos_8914,-0.023627177,-0.42849645,0.005298322,0.9100593
WOLFSKILL_Satino_7256,-0.059783235,0.26046157,0.10273013,-0.60208344
WOLFSKILL_UNKNOWN_CULTIVAR_9734,0.2991884,-0.014082311,-0.72734773,0.04393084
VINEYARDS_freedom_chard_san_joaquin_y2019_2305,0.3421922,0.011138067,-0.8303455,-0.016282674
WOLFSKILL_Primitivo_de_Gioia_2_9209,-0.048588224,-0.37359568,0.12111377,0.8463907
VINEYARDS_1103P_cab_san_joaquin_y2019_2007,0.35255244,-0.0008548163,-0.8525638,0.023151632
WOLFSKILL_Gros_Colman_4412,-0.029927108,-0.40422815,0.037550204,0.8746054
WOLFSKILL_Erlihane_3701,-0.019318301,-0.38652247,0.0063209888,0.8269218
WOLFSKILL_Satino_7257,0.14079301,0.14959602,-0.36304975,-0.32149643
WOLFSKILL_Zinfandel_Heritage_Sel._15_4564,-0.13133156,-0.1698068,0.37673432,0.4708016
VINEYARDS_freedom_chard_san_joaquin_y2019_2304,0.331668,0.015458796,-0.80398643,-0.02776726
WOLFSKILL_Primitivo_de_Gioia_2_9208,-0.06651811,0.28185695,0.118246384,-0.6533072
WOLFSKILL_UNKNOWN_CULTIVAR_9735,0.21113746,0.015375398,-0.51415706,-0.037918758
WOLFSKILL_UNKNOWN_CULTIVAR_9553,0.020484852,0.2576163,-0.085262634,-0.5655991
WOLFSKILL_Anna_Maria_4400,-0.0427564,-0.35564917,0.10217065,0.7968066
ALGERIA_Amer Bouamar_92,-0.021548219,-0.4588084,-0.024663113,0.9443836
WOLFSKILL_Madam_Matijas_3590,-0.021661606,-0.39595556,0.012442263,0.84877485
WOLFSKILL_Bermestia_Bianca_8411,0.19819814,-0.005217552,-0.4786191,0.015731134
VINEYARDS_1103P_cab_san_joaquin_y2019_2006,0.37740162,0.008380443,-0.91239196,0.0014415272
WOLFSKILL_Boyalsing_II_8799,0.050221734,-0.3235829,-0.16578275,0.68284875
WOLFSKILL_Emerald_Riesling_5747,0.050416823,-0.3036055,-0.1690307,0.631637
WOLFSKILL_Smederevka_4715,-0.10785525,-0.2355168,0.30707476,0.612393
WOLFSKILL_Chasselas_Dore_5626,0.35972682,0.009125907,-0.86858463,-8.872524e-05
WOLFSKILL_Chrisostaphylo_2015,0.38936016,0.011156548,-0.9429071,-0.0065401383
WOLFSKILL_July_Muscat_1269,-0.034677394,0.3921609,0.032424264,-0.86771244
WOLFSKILL_Traminer_7592,0.06125527,-0.24269266,-0.17731221,0.5279647
WOLFSKILL_Roussas_8009,-0.029804282,-0.42294464,0.030603075,0.9115423
VINEYARDS_1103P_chard_san_joaquin_y2019_1794,0.350452,0.014089379,-0.8513173,-0.021690506
WOLFSKILL_Catarratto_4733,-0.023079026,-0.41524345,0.01099238,0.89392
WOLFSKILL_Boyalsing_II_8798,-0.121826254,0.25525442,0.25858644,-0.6085143
WOLFSKILL_Emerald_Riesling_5746,-0.009797976,-0.3373102,-0.01034377,0.7304441
VINEYARDS_freedom_cab_merced_y2019_83,0.3445612,0.008555029,-0.8346665,-0.0068332516
WOLFSKILL_Roussas_8008,-0.03345672,-0.41451412,0.0452421,0.89449984
WOLFSKILL_Catarratto_4732,-0.024630547,-0.41500908,0.015497321,0.8857576
VINEYARDS_1103P_chard_san_joaquin_y2019_1795,0.35930377,0.008545492,-0.87084883,0.00090390816
WOLFSKILL_Chasselas_Dore_5627,-0.07890888,0.21646266,0.15196772,-0.5120717
WOLFSKILL_Chrisostaphylo_2014,-0.13903938,-0.24364914,0.4076429,0.67299944
WOLFSKILL_Smederevka_4714,-0.098203726,-0.29507488,0.29055047,0.7618407
WOLFSKILL_Traminer_7593,-0.043693364,-0.3848845,0.10048273,0.86149144
WOLFSKILL_July_Muscat_1268,-0.04992284,0.40357035,0.06851492,-0.90418786
UCDAVIS_THOMPSON_SEEDLESS_408,-0.10259157,0.2514956,0.21340606,-0.60254717
WOLFSKILL_Argant_4998,-0.06827026,-0.30625597,0.18958442,0.73710954
WOLFSKILL_Kyoho_2327,-0.014484567,-0.31395727,0.007619949,0.6823381
WOLFSKILL_Potamisi_7078,-0.02785137,-0.4044629,0.03086125,0.872014
WOLFSKILL_Neiretta_6745,-0.106066726,0.1180508,0.2381477,-0.27076524
VINEYARDS_5C_cab_san_joaquin_y2019_99,0.36438397,0.013137147,-0.8839426,-0.015808448
WOLFSKILL_Buckland_s_Sweetwater_2714,-0.008094011,-0.35571462,-0.02815448,0.7454262
WOLFSKILL_Precoce_D_astrachan_2639,-0.027648032,-0.41578957,0.02204181,0.89107037
WOLFSKILL_Moschardina_6579,-0.016903654,0.36347026,-0.011444275,-0.7935995
WOLFSKILL_Khawngi_4217,-0.027050436,-0.43790713,0.014690099,0.9291618
WOLFSKILL_Yugoslavia_360_3358,0.33733904,0.009362575,-0.81623423,-0.007416103
WOLFSKILL_Blanc_Rame_8424,0.048050337,0.21344066,-0.15055716,-0.46805024
WOLFSKILL_Oki_di_Boi_6776,-0.020414453,-0.42791778,-0.008217303,0.9017867
WOLFSKILL_Slankamenka_7340,-0.121006675,0.20913386,0.25804764,-0.4815415
WOLFSKILL_Malbec_6308,-0.012555507,-0.34803432,-0.006614426,0.7475889
WOLFSKILL_Juracon_Noir_5071,-0.025041126,-0.3910568,0.02342652,0.84517276
WOLFSKILL_Precoce_D_astrachan_2638,-0.028562814,-0.38307124,0.038787566,0.82983845
WOLFSKILL_Argant_4999,-0.14410129,0.20447464,0.3295489,-0.46670008
VINEYARDS_5C_cab_san_joaquin_y2019_98,0.38194385,0.011661958,-0.9241659,-0.0064594187
WOLFSKILL_Neiretta_6744,-0.07006679,-0.34628776,0.1964738,0.8293821
WOLFSKILL_Kerner_9250,0.0047656177,-0.26620027,-0.030596085,0.58493555
WOLFSKILL_Potamisi_7079,-0.020233411,-0.38701648,0.008811755,0.8347224
WOLFSKILL_Kyoho_2326,-0.033962034,-0.37691876,0.063097365,0.82484126
WOLFSKILL_Juracon_Noir_5070,-0.015378133,-0.36508334,-0.0007400941,0.7897665
WOLFSKILL_Oki_di_Boi_6777,-0.015947659,-0.45004946,-0.030209213,0.9410715
WOLFSKILL_Slankamenka_7341,-0.046982177,0.3410886,0.06211368,-0.769838
WOLFSKILL_Yugoslavia_360_3359,0.17440449,-0.07547784,-0.4386347,0.16394712
WOLFSKILL_Blanc_Rame_8425,-0.024306621,0.29346827,0.016636094,-0.6599753
WOLFSKILL_White_Riesling_7760,0.056349177,-0.2825416,-0.17249453,0.6058099
WOLFSKILL_Arhaniotico_Kokino_5320,-0.017778255,-0.41558668,-0.0146056395,0.86655176
WOLFSKILL_Fileri_7961,-0.024778761,-0.42451197,0.016479453,0.91393447
WOLFSKILL_Ezerjo_5773,-0.11901764,-0.15683658,0.3459259,0.43158546
ALGERIA_Ichmoul_243,-0.0140823135,-0.37674165,-0.017013235,0.793807
WOLFSKILL_Zinfandel_7817,-0.02346564,-0.3824973,0.020983195,0.8265054
WOLFSKILL_Olmo_034-16_3265,-0.028160866,-0.32519,0.056081258,0.71966344
WOLFSKILL_Mavroudi_School_Of_Patras_8316,-0.027351834,-0.40745103,0.02588932,0.8746907
VINEYARDS_5C_cab_san_joaquin_y2018_4714,0.38505858,0.014658991,-0.93286264,-0.014014099
VINEYARDS_1103P_chard_madera_y2018_2798,0.39059833,0.016474918,-0.9461161,-0.020032238
WOLFSKILL_Black_Kishmish_2688,-0.030946188,0.34153575,0.023990007,-0.7582228
WOLFSKILL_UNKNOWN_CULTIVAR_2556,-0.027477726,0.2106617,0.029940901,-0.48622465
WOLFSKILL_Kotzifali_7896,-0.021619953,-0.37042472,0.018938491,0.8021052
WOLFSKILL_UNKNOWN_CULTIVAR_9589,0.017521687,0.2467093,-0.076891184,-0.54276156
ALGERIA_Ichmoul_242,-0.013973686,-0.38947076,-0.022826606,0.81529164
WOLFSKILL_Ezerjo_5772,0.33337322,0.008832999,-0.80865246,-0.010932084
WOLFSKILL_Fileri_7960,-0.024544492,-0.3477862,0.038078837,0.7667238
WOLFSKILL_White_Riesling_7761,-0.018666398,-0.3341717,0.018163232,0.73177934
WOLFSKILL_Black_Kishmish_2689,-0.01840436,-0.3621322,0.005699726,0.77288616
WOLFSKILL_UNKNOWN_CULTIVAR_2557,-0.027218688,-0.38326427,0.034413762,0.83535606
VINEYARDS_1103P_chard_madera_y2018_2799,0.3688018,0.011735186,-0.8930236,-0.01011575
WOLFSKILL_UNKNOWN_CULTIVAR_9588,0.015148137,0.13977434,-0.061156496,-0.32711
WOLFSKILL_Kotzifali_7897,-0.018832967,-0.3467961,0.013290914,0.7498132
WOLFSKILL_Zinfandel_7816,-0.023694776,-0.4004265,0.016556317,0.86156356
WOLFSKILL_Olmo_034-16_3264,-0.036505863,-0.34036255,0.08099531,0.7576628
WOLFSKILL_Mavroudi_School_Of_Patras_8317,0.010899678,-0.27599764,-0.059337273,0.59052515
VINEYARDS_5C_cab_san_joaquin_y2018_4715,0.36624885,0.015149884,-0.88836884,-0.02322061
VINEYARDS_5C_cab_madera_y2019_1911,0.380067,0.009592947,-0.9192033,-0.0023212768
WOLFSKILL_Boal_Branco_5488,0.15050802,0.09322135,-0.373591,-0.1979214
WOLFSKILL_Thomuscat_1849,-0.016899988,-0.36709157,0.0014554802,0.78829414
WOLFSKILL_White_Veltliner_7771,-0.124057,-0.14810485,0.35498887,0.41071987
VINEYARDS_1103P_chard_san_joaquin_y2019_1823,0.36686534,0.014986437,-0.8905276,-0.0209638
VINEYARDS_freedom_chard_san_joaquin_y2018_4477,0.37571892,0.014937844,-0.91203475,-0.023228962
WOLFSKILL_Malvasia_Rosavenda_6359,-0.12751861,0.113101766,0.30398777,-0.24070317
WOLFSKILL_Xarello_4847,0.15244497,-0.12400514,-0.39312863,0.26788953
WOLFSKILL_Siegerrebe_9278,-0.026869476,-0.3846261,0.03386133,0.83885473
WOLFSKILL_Ladyfinger_Mutant_of_Thompson_Seedless4X_3399,-0.019720223,-0.4000802,-0.0038610902,0.84306526
WOLFSKILL_Touriga_8079,-0.062060945,-0.34721655,0.16763802,0.81657946
WOLFSKILL_Walsch_Riesling_7748,-0.019223053,-0.42700422,-0.006560689,0.9050125
WOLFSKILL_Ladikinah_4701,-0.030182395,-0.38709652,0.042664774,0.84174335
WOLFSKILL_White_Veltliner_7770,-0.051929962,-0.29557064,0.13811146,0.68300354
VINEYARDS_1103P_chard_san_joaquin_y2019_1822,0.38183507,0.017338172,-0.926939,-0.02701984
WOLFSKILL_Malvasia_Rosavenda_6358,-0.04848101,0.043338817,0.11925543,-0.10007881
VINEYARDS_freedom_chard_san_joaquin_y2018_4476,0.37483853,0.019566428,-0.9100679,-0.032959115
VINEYARDS_5C_cab_madera_y2019_1910,0.37350848,0.0140862055,-0.9061239,-0.01906572
WOLFSKILL_Thomuscat_1848,-0.123215295,0.097365096,0.30164054,-0.20105138
WOLFSKILL_Touriga_8078,-0.07146581,-0.36965603,0.20025115,0.88663507
WOLFSKILL_Ladyfinger_Mutant_of_Thompson_Seedless4X_3398,0.3228961,0.00854034,-0.7814854,-0.0049728863
UCDAVIS_PARELLADA_169,0.32892403,0.012261555,-0.8005089,-0.018678226
WOLFSKILL_Ladikinah_4700,-0.016507313,-0.29989785,0.018182045,0.6529336
WOLFSKILL_Xarello_4846,-0.075906046,0.32987577,0.13694644,-0.76046735
VINEYARDS_freedom_cab_san_joaquin_y2018_4866,0.379137,0.008595418,-0.91803616,-0.0009332709
VINEYARDS_1103P_chard_madera_y2019_1933,0.33438674,0.008679625,-0.8085799,-0.0031676404
WOLFSKILL_Sauvis_2224,-0.025130697,-0.41416818,0.018135538,0.8904029
VINEYARDS_1103P_cab_merced_y2018_2700,-0.03207496,0.32312655,0.029463096,-0.72162193
WOLFSKILL_UNKNOWN_CULTIVAR_9675,-0.021903023,-0.37849516,0.01865532,0.8163582
WOLFSKILL_Hakiki_1966,-0.034238487,-0.42876667,0.047890015,0.9240641
WOLFSKILL_Lagrain_6244,-0.03609026,0.41381595,0.03526587,-0.912969
WOLFSKILL_Vranac_4944,0.09964309,-0.19967364,-0.27178606,0.4176427
WOLFSKILL_Tscharas_83,-0.015639663,-0.36997,-0.0020606983,0.792089
WOLFSKILL_Folle_Blanche_5837,-0.0004898398,-0.3717246,-0.05451283,0.7748091
VINEYARDS_freedom_cab_san_joaquin_y2018_3750,0.35368174,0.007916771,-0.85400677,-0.000548739
VINEYARDS_1103P_cab_merced_y2018_2701,-0.022694241,0.3099873,0.0067196023,-0.68889546
WOLFSKILL_Sauvis_2225,-0.06033019,-0.29187554,0.16496924,0.6920151
WOLFSKILL_Folle_Blanche_5836,0.30014434,0.0075814836,-0.72754556,-0.007007081
VINEYARDS_freedom_chard_san_joaquin_y2019_2245,0.3566155,0.0024017096,-0.862671,0.013506198
WOLFSKILL_UNKNOWN_CULTIVAR_9674,-0.018310409,-0.34624898,0.012509866,0.7469977
WOLFSKILL_Hakiki_1967,-0.024108581,-0.39376605,0.01998459,0.8409327
WOLFSKILL_Lagrain_6245,-0.012053705,-0.4006369,-0.027322311,0.84506345
WOLFSKILL_Jampal_6070,-0.02415932,-0.3973097,0.020156046,0.8527281
WOLFSKILL_Kandhar_4213,0.03510953,-0.30908084,-0.12697905,0.6484612
WOLFSKILL_Etraire_De_L_adhui_5768,0.21531196,-0.11767186,-0.5438944,0.25114873
WOLFSKILL_Early_Muscat_2770,0.32832208,0.01041317,-0.7947538,-0.010813031
WOLFSKILL_Olmo_34F_9136,-0.032764368,-0.4525404,0.036142536,0.97185624
VINEYARDS_freedom_chard_san_joaquin_y2018_2482,0.37952912,0.014835555,-0.9220691,-0.024253126
WOLFSKILL_Zinfandel_Heritage_Sel._18_4574,-0.018872172,-0.41261896,-0.008137867,0.8687234
VINEYARDS_1103P_chard_san_joaquin_y2018_4580,0.3581414,0.016177904,-0.8679091,-0.023761388
WOLFSKILL_Jampal_6071,-0.079351865,-0.28106683,0.22446856,0.6948125
WOLFSKILL_Kandhar_4212,0.0707097,0.24261884,-0.2107621,-0.52276623
WOLFSKILL_Triplett_T203-1_9359,-0.041550368,-0.33357215,0.09827939,0.75130326
WOLFSKILL_Perle_9141,0.42305234,0.015754055,-1.0241109,-0.013257977
WOLFSKILL_Zinfandel_Heritage_Sel._18_4575,-0.021474648,-0.4023911,0.0042798687,0.8504068
WOLFSKILL_Mamelon_2140,0.057466257,0.24945016,-0.17782769,-0.5360375
WOLFSKILL_Olmo_34F_9137,-0.021396507,-0.40602875,0.008416371,0.86861694
WOLFSKILL_Perle_8922,-0.034942932,-0.3796603,0.06137032,0.8344238
WOLFSKILL_Pearl_of_Zola_3609,-0.054945484,-0.34338862,0.14381734,0.79396975
WOLFSKILL_Muscat_Oliver_3597,-0.004671623,-0.2996894,-0.017270247,0.65335244
WOLFSKILL_Japanese_Burgundy_4529,-0.017782915,-0.38337588,0.0028546508,0.825531
WOLFSKILL_Khusaine_Red_232,-0.06466421,-0.32880068,0.1803041,0.7828424
WOLFSKILL_Muscat_Oliver_3596,-0.03622078,-0.3210879,0.084821664,0.7169843
WOLFSKILL_Jackson_Sel._3_9179,-0.02206038,-0.40894783,0.007023273,0.8769239
WOLFSKILL_Khir_Ghulaman_2867,0.2942557,0.012151759,-0.7120311,-0.020937365
WOLFSKILL_Khusaine_Red_233,0.035691388,0.25129622,-0.120137475,-0.5471439
WOLFSKILL_Verdea_7661,-0.023447454,-0.42794365,0.0068935547,0.91422415
WOLFSKILL_Shami_1747,-0.043254852,-0.3464291,0.10340882,0.77838385
WOLFSKILL_Palomino_6852,-0.03649793,0.37889123,0.03745406,-0.8415654
WOLFSKILL_Morescono_5177,-0.019554801,-0.3847196,0.0055843275,0.825563
VINEYARDS_freedom_chard_merced_y2019_1287,0.36801952,0.0122238025,-0.89185625,-0.014106531
VINEYARDS_freedom_cab_san_joaquin_y2019_1002,-0.0153048085,-0.34434554,0.0041082464,0.74000293
WOLFSKILL_Ezerjo_8305,0.26748857,0.0010963008,-0.6472522,0.004329864
WOLFSKILL_Fresia_5854,-0.19332272,-0.17904599,0.55092764,0.561893
VINEYARDS_5C_cab_san_joaquin_y2018_3175,0.37015578,0.010783147,-0.89620876,-0.0043041073
WOLFSKILL_Kishmish_Sorkh_2540,-0.09060419,0.17107092,0.18593408,-0.41141546
VINEYARDS_freedom_cab_merced_y2019_2088,0.31720486,0.010177769,-0.7698333,-0.011805039
WOLFSKILL_Sangiovese_7252,-0.06413338,0.35659766,0.108075865,-0.8134997
WOLFSKILL_Emile_Royal_1151,0.005903427,-0.29714623,-0.048176788,0.64548993
WOLFSKILL_Black_Muscat_Alexandria_361,-0.019180905,-0.4268424,-0.009140553,0.89965564
WOLFSKILL_Blauer_Spatburgunder_5459,-0.030220702,-0.37453032,0.0476695,0.8194064
WOLFSKILL_Robin_Noir_7164,-0.023269534,-0.40675604,0.013782611,0.87478805
VINEYARDS_freedom_chard_merced_y2019_1286,0.3287284,0.011955675,-0.79732037,-0.015497401
VINEYARDS_freedom_cab_san_joaquin_y2019_1003,-0.008566155,-0.32300347,-0.010361008,0.7000207
WOLFSKILL_Morescono_5176,-0.012557014,-0.34661707,-0.008300018,0.7435302
WOLFSKILL_Palomino_6853,-0.033907976,-0.38716,0.05892641,0.8505919
WOLFSKILL_Black_Muscat_Alexandria_360,-0.017665535,-0.44110435,-0.023221057,0.91666865
WOLFSKILL_Emile_Royal_1150,-0.03905608,0.39051253,0.04326023,-0.8691667
WOLFSKILL_Blauer_Spatburgunder_5458,0.20271666,0.056705106,-0.4942104,-0.12082778
WOLFSKILL_Robin_Noir_7165,-0.010341384,0.2897652,-0.015490821,-0.64156693
WOLFSKILL_Fresia_5855,-0.029733725,-0.34941167,0.056328945,0.77144325
WOLFSKILL_Muscat_Noir_De_Hongrie_1470,-0.082742475,-0.16884719,0.234871,0.42221636
WOLFSKILL_Ezerjo_8304,-0.080935106,0.20225288,0.15622804,-0.4807086
VINEYARDS_5C_cab_san_joaquin_y2018_3174,0.36227602,0.015417844,-0.87898636,-0.024260204
WOLFSKILL_Kishmish_Sorkh_2541,-0.022562787,-0.39571834,0.013940556,0.84395957
VINEYARDS_freedom_cab_merced_y2019_2089,0.36873865,0.0085210465,-0.8925749,-0.002065409
WOLFSKILL_Sangiovese_7253,-0.029651616,0.38725525,0.01597886,-0.8489199
WOLFSKILL_Angulata_932,-0.015478811,-0.33974755,0.005387176,0.7350882
WOLFSKILL_Rosaki_1955,-0.029710043,0.37662727,0.016876725,-0.82698095
WOLFSKILL_Karabryimis_4688,-0.026688267,-0.4259935,0.017970571,0.90888876
WOLFSKILL_Souzao_7357,-0.05992654,-0.36796832,0.16149336,0.86329144
WOLFSKILL_Tinta_Cao_7565,0.018726097,0.28551948,-0.084092416,-0.62635225
WOLFSKILL_Steinschiller_7391,-0.005214041,0.33930287,-0.038914114,-0.7415546
ALGERIA_Babari_169,-0.025109004,-0.39894235,0.021703994,0.8604603
WOLFSKILL_Carignane_6592,-0.07145872,-0.28137195,0.20593095,0.6839758
WOLFSKILL_Donzelinho_De_Castelo_7862,-0.060687378,-0.31380096,0.16811599,0.7417856
VINEYARDS_freedom_chard_madera_y2019_451,0.35341188,0.014559396,-0.8564995,-0.02009451
WOLFSKILL_Karabryimis_4689,-0.03681358,-0.3605415,0.07486416,0.79931533
WOLFSKILL_Souzao_7356,-0.05872141,-0.35810906,0.15797062,0.8384919
WOLFSKILL_Rosaki_1954,-0.12725262,0.112841696,0.30727577,-0.236079
WOLFSKILL_Angulata_933,-0.016376782,-0.40565267,-0.0082435105,0.8680026
ALGERIA_Babari_168,-0.031107143,-0.41590717,0.033241414,0.888112
WOLFSKILL_Carignane_6593,-0.025339756,-0.42554384,0.013439445,0.9110304
WOLFSKILL_Donzelinho_De_Castelo_7863,-0.03582593,-0.3624217,0.07362405,0.80173874
VINEYARDS_freedom_chard_madera_y2019_450,0.35961655,0.015318144,-0.8732369,-0.023678336
WOLFSKILL_Tinta_Cao_7564,0.06165523,0.24390937,-0.18773024,-0.52548707
WOLFSKILL_Steinschiller_7390,-0.033102956,-0.39168972,0.0562353,0.86130667
WOLFSKILL_Feher_Szagos_5789,-0.023747522,0.36599976,0.0066865236,-0.8024217
WOLFSKILL_Olho_De_Pargo_2157,0.15140827,0.12747276,-0.38369957,-0.27361163
WOLFSKILL_Boal_Madeira_5517,-0.098239034,-0.1975873,0.2794695,0.5037489
VINEYARDS_5C_chard_san_joaquin_y2018_3320,0.3865939,0.014108062,-0.9372418,-0.014842227
WOLFSKILL_Velana_8059,-0.023234539,-0.29540992,0.046962388,0.6525637
VINEYARDS_5C_cab_san_joaquin_y2018_3289,0.35539192,0.010093059,-0.86043614,-0.00775899
VINEYARDS_5C_chard_san_joaquin_y2018_3321,0.38355255,0.014726844,-0.9279723,-0.014196765
WOLFSKILL_Velana_8058,-0.04301548,-0.34527722,0.100949846,0.77572876
WOLFSKILL_Feher_Szagos_5788,-0.034689605,-0.3737186,0.06987334,0.82155085
ALGERIA_Louali_367,-0.025232654,-0.39774698,0.013144223,0.8433198
VINEYARDS_freedom_cab_san_joaquin_y2018_3296,0.38884816,0.0113951415,-0.9422731,-0.0029313676
WOLFSKILL_Boal_Madeira_5516,0.17005475,-0.17055841,-0.44285792,0.35079345
WOLFSKILL_Furmint_5876,-0.061306953,0.3348118,0.10384659,-0.76713705
VINEYARDS_5C_cab_san_joaquin_y2018_3288,0.37165287,0.013461467,-0.90104645,-0.017814036
WOLFSKILL_Maria_Pirovano_2156,0.200477,0.03199507,-0.48527652,-0.07100795
WOLFSKILL_Nasa_Veltliner_6694,-0.025878865,-0.36757475,0.03210617,0.7945484
WOLFSKILL_Rosa_Minna_823,-0.032639943,-0.39199573,0.050664507,0.8545957
WOLFSKILL_Itonychi_Mavro_1982,-0.07570606,-0.3364125,0.2128672,0.82195055
WOLFSKILL_Carignane_8708,-0.031999152,-0.37452143,0.055105142,0.8237992
WOLFSKILL_Netter_1494,-0.044594396,0.3439061,0.059945576,-0.7753587
WOLFSKILL_Summer_Muscat_4279,0.018486101,-0.30863363,-0.08132849,0.6662045
WOLFSKILL_Selection_2798_8769,-0.13324553,-0.18226774,0.38428795,0.50769037
WOLFSKILL_Fantasy_Seedless_4314,-0.032283556,-0.40529084,0.043022886,0.87334657
VINEYARDS_5C_cab_madera_y2018_4190,0.37099993,0.011513036,-0.8982798,-0.011125639
WOLFSKILL_Fokianoh_5826,0.18158428,0.006020803,-0.4468776,-0.011455338
WOLFSKILL_Reflex_RF5_4025,-0.14187907,0.057261612,0.3604138,-0.088559195
ALGERIA_Ichmoul_234,-0.025089212,-0.4054157,0.009938037,0.8524991
WOLFSKILL_Robin_3636,-0.01886665,-0.35585728,0.0103412215,0.7622931
VINEYARDS_1103P_chard_madera_y2018_3527,0.3947123,0.014897056,-0.9571525,-0.01816148
WOLFSKILL_Muscat_Of_Hungary_708,-0.05023492,-0.31460828,0.124431156,0.7163726
WOLFSKILL_Kokinelia_6174,-0.028701946,0.35171133,0.021270944,-0.7815817
WOLFSKILL_Trieste_4x_3175,-0.020249028,-0.33408242,0.022669422,0.7253283
WOLFSKILL_Summer_Muscat_4278,0.01546402,-0.31515107,-0.07686879,0.6710447
WOLFSKILL_Fantasy_Seedless_4315,0.019325286,-0.31274703,-0.09405078,0.649874
WOLFSKILL_Nasa_Veltliner_6695,-0.15681309,-0.13503586,0.43879658,0.40902227
WOLFSKILL_Itonychi_Mavro_1983,-0.036363803,0.43026626,0.033137083,-0.9450065
WOLFSKILL_Carignane_8709,-0.030670859,-0.4035287,0.037153848,0.870059
WOLFSKILL_Rosa_Minna_822,-0.027341671,-0.40577954,0.027300319,0.87256414
VINEYARDS_1103P_chard_madera_y2018_3526,0.36523202,0.011077974,-0.88560504,-0.0105848275
WOLFSKILL_Kokinelia_6175,0.00420296,-0.3849895,-0.06488839,0.81429523
WOLFSKILL_Trieste_4x_3174,-0.0012112409,-0.35643655,-0.042879682,0.75531805
WOLFSKILL_Muscat_Of_Hungary_709,-0.023803711,-0.28105882,0.052609682,0.6234143
WOLFSKILL_Fokianoh_5827,-0.025038313,-0.39361984,0.022246277,0.84452915
VINEYARDS_5C_cab_madera_y2018_4191,0.33931738,0.009140968,-0.82101953,-0.009377882
WOLFSKILL_Reflex_RF5_4024,-0.01234988,0.37378776,-0.027256573,-0.8062264
ALGERIA_Ichmoul_235,-0.018983413,-0.40556246,-0.0077702533,0.8554354
WOLFSKILL_Bargoon_3453,-0.020605765,-0.41346377,-0.0011087228,0.873175
WOLFSKILL_Tokay_1838,-0.05954621,0.21872951,0.10318006,-0.51086515
WOLFSKILL_Grosse_Blaue_6014,0.04344745,0.29153338,-0.14985469,-0.6246718
WOLFSKILL_Estellat_1179,-0.057797767,-0.35917026,0.14989156,0.83426714
VINEYARDS_5C_cab_madera_y2018_4738,0.3641552,0.01345437,-0.882573,-0.01716524
VINEYARDS_freedom_cab_merced_y2018_3351,0.38153216,0.009640101,-0.9212741,0.00029193237
WOLFSKILL_Grosse_Blaue_6015,-0.043441534,-0.35853684,0.10553082,0.8078331
WOLFSKILL_Bargoon_3452,-0.020947639,0.35803998,0.0002936218,-0.78539497
WOLFSKILL_Cortese_5677,-0.011527979,-0.39659172,-0.018479107,0.8511563
VINEYARDS_freedom_cab_merced_y2018_3350,0.3801326,0.011923198,-0.91981316,-0.007436365
WOLFSKILL_Estellat_1178,0.26435128,0.017252468,-0.63695073,-0.02940103
WOLFSKILL_Pavai_6834,-0.03854233,-0.35710934,0.081030294,0.7937178
WOLFSKILL_Folle_Blanche_5840,-0.019864514,-0.3794877,0.0083789285,0.814953
WOLFSKILL_UNKNOWN_CULTIVAR_9602,-0.043055534,-0.09568078,0.111047305,0.21639982
WOLFSKILL_Flora_5812,-0.0068556154,-0.32853952,-0.018119896,0.70709634
WOLFSKILL_Vranac_4933,-0.01786273,-0.429694,-0.018762393,0.8930635
WOLFSKILL_Mermark_7948,-0.032138694,-0.39506745,0.050275736,0.86219496
VINEYARDS_5C_cab_san_joaquin_y2018_2960,0.33410034,0.009956829,-0.80952835,-0.012604155
WOLFSKILL_Rozovii_Kishmish_1685,-0.016702164,-0.38544783,-0.007363027,0.8154244
WOLFSKILL_Blauer_Fruheburgunder_5001,-0.009085142,-0.39913303,-0.03512656,0.8371052
WOLFSKILL_Royalty_7183,0.049033653,0.20242937,-0.14987169,-0.44001666
WOLFSKILL_Kristalli_6210,-0.027361475,-0.36061785,0.04007458,0.7852638
VINEYARDS_freedom_chard_san_joaquin_y2018_3095,0.39896256,0.014393143,-0.96655816,-0.013533216
WOLFSKILL_UNKNOWN_CULTIVAR_9603,0.03503142,-0.013313318,-0.095827274,0.016414758
WOLFSKILL_Vranac_4932,0.12274118,0.14023733,-0.31324202,-0.29770327
WOLFSKILL_Pavai_6835,0.26432362,-0.021443743,-0.6426114,0.05976847
WOLFSKILL_Folle_Blanche_5841,-0.014926822,-0.32335022,0.005489206,0.69990623
WOLFSKILL_Kristalli_6211,-0.030589752,-0.36463597,0.05252497,0.79793036
VINEYARDS_freedom_chard_san_joaquin_y2018_3094,0.4128076,0.020146757,-1.0041254,-0.031145263
WOLFSKILL_Mermark_7949,-0.057653435,-0.306567,0.15425326,0.7182963
WOLFSKILL_Royalty_7182,-0.020298712,-0.46243444,-0.015602427,0.97316283
WOLFSKILL_Rozovii_Kishmish_1684,-0.020293772,-0.381652,0.009385074,0.8187434
ALGERIA_Tizi Ouinine_425,-0.014936845,-0.3551319,-0.001186369,0.7625557
WOLFSKILL_Shindu_Khari_2948,0.013339253,0.31206354,-0.076699145,-0.6784979
VINEYARDS_1103P_chard_san_joaquin_y2018_2499,0.3575283,0.015353117,-0.8674635,-0.024018433
WOLFSKILL_Millishun_3444,-0.09953388,0.19465958,0.20331925,-0.4628439
WOLFSKILL_Mamelon_2136,-0.005170824,0.23323818,-0.02412961,-0.5220522
VINEYARDS_freedom_cab_madera_y2018_3430,0.35762072,0.011401061,-0.8666488,-0.01316591
WOLFSKILL_Shando_Khari_1757,-0.026819922,-0.3662042,0.03665266,0.7902429
VINEYARDS_5C_chard_san_joaquin_y2019_645,0.39184874,0.014957938,-0.94930977,-0.014952246
WOLFSKILL_Kulidzhinski_4371,-0.026438423,-0.4030758,0.022939088,0.8659884
ALGERIA_Amer Bouamar_120,-0.023227181,-0.40260485,0.012271216,0.85733795
WOLFSKILL_Ezerfuertu_8982,-0.01934683,-0.3131682,0.026934935,0.68726027
WOLFSKILL_Millishun_3445,-0.0006476734,-0.30847198,-0.030679032,0.666605
WOLFSKILL_Mamelon_2137,-0.028386444,-0.43854275,0.023190217,0.93870497
ALGERIA_Tizi Ouinine_424,-0.01954624,-0.38047862,0.0056390706,0.8131434
WOLFSKILL_Shindu_Khari_2949,-0.043781035,0.32102397,0.0572306,-0.72282755
WOLFSKILL_Kulidzhinski_4370,-0.026467063,-0.37433484,0.03515368,0.81379676
WOLFSKILL_Ezerfuertu_8983,-0.019609775,0.31915554,0.0019306652,-0.7062955
VINEYARDS_1103P_chard_san_joaquin_y2018_4791,0.3460045,0.010081816,-0.83754385,-0.012131166
ALGERIA_Amer Bouamar_121,-0.024862915,-0.4349361,0.002714796,0.9115578
VINEYARDS_1103P_cab_merced_y2019_572,0.36575648,0.011495765,-0.8859603,-0.010157198
WOLFSKILL_Shando_Khari_1756,-0.08727695,-0.24649136,0.25007525,0.6182183
VINEYARDS_1103P_cab_san_joaquin_y2018_3163,0.3878425,0.013844334,-0.93970597,-0.014619838
WOLFSKILL_Sylvaner_7415,-0.021478005,-0.3832123,0.015035322,0.8263768
ALGERIA_Bouabane des Aures_196,-0.0151670175,-0.37176138,-0.008252604,0.7866961
WOLFSKILL_Klusaine_Red_252,-0.094217025,-0.2774047,0.27038997,0.70715255
WOLFSKILL_Tinta_Madeira_7552,-0.017917901,-0.37791315,0.0016205665,0.8102353
WOLFSKILL_Black_Kishmish_2591,0.08626418,0.14370254,-0.22950602,-0.31725127
WOLFSKILL_Dattier_4182,-0.012260267,0.33143622,-0.020713674,-0.72605354
WOLFSKILL_Triplett_T51-16A_9331,-0.02800472,-0.41227925,0.02773952,0.88851196
VINEYARDS_5C_cab_san_joaquin_y2019_932,-0.011459329,-0.3703794,-0.019413987,0.7868343
WOLFSKILL_Syrah_8023,-0.010689299,-0.4045558,-0.033047467,0.84916604
WOLFSKILL_UNKNOWN_CULTIVAR_9690,-0.031978566,-0.35862035,0.060589872,0.789219
VINEYARDS_5C_chard_merced_y2019_376,0.35502198,0.019296758,-0.8640238,-0.038235795
WOLFSKILL_Angelo_Pirovano_1992,-0.031199139,0.34349078,0.028162008,-0.7650176
WOLFSKILL_Asprocoritho_8400,0.08252154,0.20732777,-0.23376143,-0.4476822
WOLFSKILL_Neelilay_3919,-0.011714631,-0.41397384,-0.028863436,0.8695213
VINEYARDS_freedom_cab_madera_y2019_1363,0.38553706,0.012254719,-0.9349791,-0.011440914
WOLFSKILL_Askary_2003,-0.080724426,-0.29047891,0.23455405,0.7202256
WOLFSKILL_Yugoslavia_360_3366,-0.019710679,0.31838766,0.0029086191,-0.70413405
WOLFSKILL_Beba_5411,0.36996078,0.0133921355,-0.89829427,-0.018319953
WOLFSKILL_Moscato_Bianco_6563,-0.04436993,-0.31808037,0.10648111,0.71872115
VINEYARDS_freedom_cab_madera_y2019_1105,0.38225567,0.015025422,-0.92737204,-0.020655539
WOLFSKILL_Ishkin_8809,-0.0029420378,-0.3821177,-0.047402143,0.80218923
WOLFSKILL_Triplett_T51-16A_9330,0.3073887,-0.012187472,-0.7470069,0.04658033
WOLFSKILL_Dattier_4183,0.21724714,0.05039827,-0.5299783,-0.11163846
WOLFSKILL_Syrah_8022,-0.03279788,-0.37106457,0.05409293,0.8130644
WOLFSKILL_Black_Kishmish_2590,-0.016284473,-0.385509,-0.011648009,0.8101888
VINEYARDS_5C_chard_merced_y2019_377,0.39648613,0.014187805,-0.96113694,-0.014002074
WOLFSKILL_UNKNOWN_CULTIVAR_9691,-0.03422956,-0.32200357,0.07696783,0.7142099
VINEYARDS_1103P_cab_san_joaquin_y2018_3162,0.3922538,0.013382789,-0.94970345,-0.011262178
WOLFSKILL_Sylvaner_7414,-0.031368755,-0.40073442,0.046053417,0.8735907
WOLFSKILL_Klusaine_Red_253,-0.12281137,0.27371246,0.25711763,-0.6463512
WOLFSKILL_Tinta_Madeira_7553,0.017411329,-0.35779804,-0.09039242,0.76121485
VINEYARDS_freedom_cab_madera_y2019_1104,0.27931812,0.020141993,-0.6780641,-0.039676484
VINEYARDS_freedom_cab_san_joaquin_y2018_4882,0.36717823,0.009442639,-0.88866466,-0.0037376992
WOLFSKILL_Beba_5410,-0.02526553,-0.35663128,0.03652706,0.78280944
WOLFSKILL_Askary_2002,0.2745391,-0.00023181364,-0.6629766,0.008910131
WOLFSKILL_Angelo_Pirovano_1993,-0.030611306,0.35071313,0.019715602,-0.7744716
WOLFSKILL_Asprocoritho_8401,-0.021912571,0.3687925,-0.0003495831,-0.80699337
VINEYARDS_freedom_cab_madera_y2019_1362,0.3348001,0.0135919675,-0.81258786,-0.020936761
WOLFSKILL_Yugoslavia_360_3367,-0.0046269596,-0.3938751,-0.046302527,0.8258921
VINEYARDS_1103P_chard_madera_y2019_1721,0.33592907,0.011427835,-0.81346923,-0.014654558
VINEYARDS_freedom_chard_madera_y2019_314,0.37436002,0.009267494,-0.9076879,-0.0017896555
WOLFSKILL_Taminga_8943,-0.024818592,-0.4215071,0.014771784,0.90103436
WOLFSKILL_UNKNOWN_CULTIVAR_4520,-0.04088783,0.3828212,0.045449927,-0.8524153
VINEYARDS_1103P_cab_san_joaquin_y2019_1854,0.37701428,0.01346175,-0.9148052,-0.016534276
WOLFSKILL_Red_Fujii_4328,-0.015098552,-0.32728544,0.010168327,0.71559954
WOLFSKILL_Affenthaler_5199,-0.043095976,0.3633976,0.053442627,-0.8138412
WOLFSKILL_Vermentino_Favorita_7679,-0.027559139,-0.36718634,0.03885337,0.79520935
WOLFSKILL_Himrisnky_2665,-0.10350535,-0.26398572,0.30528805,0.6874567
WOLFSKILL_Kishmish_Sorkh_2537,-0.08991203,0.23277582,0.1809606,-0.5528617
WOLFSKILL_Oubeidy_546,-0.026470039,-0.4365713,0.013956031,0.92507684
WOLFSKILL_Trebbiano_Bianco_8360,-0.005178144,-0.39940137,-0.047872625,0.8341249
WOLFSKILL_Triplett_F3-5_9310,-0.040415734,-0.3661703,0.08868979,0.8156496
VINEYARDS_1103P_chard_san_joaquin_y2018_4702,0.39336297,0.014664408,-0.95527446,-0.016597953
WOLFSKILL_Alicante_Branca_7831,-0.14201033,-0.2296973,0.4131546,0.64084935
WOLFSKILL_Red_Fujii_4329,-0.030279934,0.38384783,0.020257736,-0.84345055
WOLFSKILL_UNKNOWN_CULTIVAR_4521,-0.023127142,-0.43571222,0.0060371067,0.9280417
VINEYARDS_1103P_cab_san_joaquin_y2019_1855,0.36363423,0.01103485,-0.88007784,-0.008364826
WOLFSKILL_Kishmish_Sorkh_2536,-0.014256292,-0.3960141,-0.021584941,0.8273014
WOLFSKILL_Himrisnky_2664,-0.043783333,-0.32669878,0.10852695,0.7417426
WOLFSKILL_Vermentino_Favorita_7678,-0.06819165,-0.27746156,0.18979077,0.66654074
WOLFSKILL_Affenthaler_5198,-0.025889695,-0.3822527,0.027905224,0.8265075
WOLFSKILL_Yugoslavia_2798_9122,-0.021197561,-0.4020175,-0.0016522985,0.8444356
WOLFSKILL_Taminga_8942,-0.017609905,-0.3633919,0.009149084,0.7857709
WOLFSKILL_Aglianico_5212,-0.08668094,-0.22358091,0.25073564,0.55685425
WOLFSKILL_Alicante_Branca_7830,-0.02806491,-0.40458357,0.030937525,0.8755071
WOLFSKILL_Oubeidy_547,0.0023081638,0.32746017,-0.05228263,-0.71310997
WOLFSKILL_Mourisco_Branco_6610,0.020397995,-0.28779966,-0.08385361,0.62208104
WOLFSKILL_Trebbiano_Bianco_8361,-0.1158696,-0.22774388,0.34076983,0.60764474
ALGERIA_Tizi Ouinine_385,-0.01617986,-0.39655098,-0.020996282,0.81984246
WOLFSKILL_Tinta_Amarella_7524,-0.02964639,-0.3775176,0.045647137,0.82437015
WOLFSKILL_Waltham_Cross_692,0.030555278,0.27598715,-0.111540616,-0.6007296
VINEYARDS_5C_cab_san_joaquin_y2018_4907,0.39698568,0.01405802,-0.96095866,-0.010458995
WOLFSKILL_Calmeria_1015,-0.013900581,-0.3379686,0.0026068091,0.73297626
WOLFSKILL_Lambrusco_8713,-0.022099558,-0.39415735,0.009804344,0.844445
VINEYARDS_1103P_cab_merced_y2018_3827,0.33123037,0.011851672,-0.8023653,-0.017347317
WOLFSKILL_Raboso_Piave_7110,0.13771306,0.118166566,-0.34918666,-0.2562722
WOLFSKILL_Torgoon_3513,-0.023280568,-0.30507994,0.041684672,0.6690055
WOLFSKILL_Migdali_6484,0.20715824,-0.011801269,-0.5015242,0.034135327
WOLFSKILL_Blue_Trollinger_5475,-0.058925606,-0.33306363,0.15541846,0.7754194
VINEYARDS_5C_cab_madera_y2018_4102,-0.029979143,0.3726079,0.020223247,-0.8225928
WOLFSKILL_La_Reinha_6255,-0.010187992,-0.3987893,-0.032180987,0.8414144
WOLFSKILL_Aricaras_2985,-0.013630609,0.2434945,-0.004437458,-0.55196446
WOLFSKILL_Italia_IP_65_3107,0.24899559,0.012809496,-0.602528,-0.02648336
VINEYARDS_freedom_chard_madera_y2019_1339,0.35334536,0.010034014,-0.85539484,-0.010010462
VINEYARDS_freedom_cab_san_joaquin_y2018_4589,0.38678083,0.013355803,-0.9356965,-0.010827627
WOLFSKILL_Torgoon_3512,-0.030969728,-0.43781787,0.03452132,0.94185567
WOLFSKILL_Migdali_6485,-0.02630334,-0.41095787,0.021505738,0.8796099
VINEYARDS_5C_cab_san_joaquin_y2018_4906,0.34672102,0.00781925,-0.8378628,-0.0027237795
ALGERIA_Tizi Ouinine_384,-0.021645546,-0.40620536,0.0035762656,0.8640568
WOLFSKILL_Waltham_Cross_693,-0.03336364,0.35768366,0.030117078,-0.7942561
WOLFSKILL_Tinta_Amarella_7525,-0.029442344,-0.4049126,0.03700897,0.8776723
WOLFSKILL_Raboso_Piave_7111,-0.0075049726,-0.41892475,-0.040879592,0.88575184
WOLFSKILL_Lambrusco_8712,-0.027418517,-0.42687285,0.021021346,0.9133888
WOLFSKILL_Calmeria_1014,-0.12436486,-0.2715471,0.36323693,0.7269115
VINEYARDS_1103P_cab_merced_y2018_3826,0.37782106,0.012331974,-0.9158677,-0.011492241
VINEYARDS_1103P_chard_san_joaquin_y2019_1099,-0.007363434,-0.33218086,-0.017917778,0.71789944
VINEYARDS_freedom_chard_madera_y2019_1338,0.3643153,0.013387214,-0.8831892,-0.016328853
VINEYARDS_freedom_cab_san_joaquin_y2018_4588,0.3725996,0.009194426,-0.90098476,-0.00097003207
WOLFSKILL_Blue_Trollinger_5474,-0.009377123,0.34882158,-0.02905415,-0.7621101
WOLFSKILL_Aricaras_2984,0.0142808035,-0.30856353,-0.070641845,0.66413194
WOLFSKILL_Italia_IP_65_3106,-0.0033254065,-0.2842455,-0.019467674,0.6157577
VINEYARDS_5C_cab_madera_y2018_4103,-0.030794498,0.33299267,0.023900507,-0.74031055
WOLFSKILL_La_Reinha_6254,-0.01589574,0.34791762,-0.016445879,-0.7525077
VINEYARDS_freedom_cab_merced_y2019_1665,0.3622327,0.011997737,-0.87832093,-0.015029367
VINEYARDS_5C_chard_merced_y2019_622,0.35421023,0.011177473,-0.8560997,-0.009374853
WOLFSKILL_Hakiki_291,-0.019966874,-0.3512169,0.016735623,0.7522765
WOLFSKILL_Chasselas_Musque_1037,-0.038549945,-0.37391892,0.08805137,0.83172387
WOLFSKILL_Prokupao_9217,-0.049784876,0.3354597,0.07388122,-0.76160514
WOLFSKILL_Gamay_5898,-0.025731072,-0.42339802,0.016763354,0.9077734
ALGERIA_Louali_311,0.0021725995,-0.3634056,-0.052725703,0.7736205
VINEYARDS_5C_chard_san_joaquin_y2018_3131,0.34403548,0.010943115,-0.83349466,-0.013892673
WOLFSKILL_Hakiki_290,-0.0316578,-0.4248811,0.03554984,0.9067061
WOLFSKILL_Chasselas_Musque_1036,-0.038287763,-0.3379399,0.096719556,0.7554865
VINEYARDS_5C_chard_merced_y2019_623,0.35239884,0.013702899,-0.8553568,-0.02255046
WOLFSKILL_Gamay_5899,-0.007819473,-0.41072017,-0.03809435,0.86539996
ALGERIA_Louali_310,-0.019614082,-0.40327445,-0.006386148,0.8447195
VINEYARDS_5C_chard_san_joaquin_y2018_3130,0.40662012,0.017499011,-0.98691463,-0.025360454
WOLFSKILL_Prokupao_9216,-0.021229267,0.3567692,0.0031620134,-0.7858881
WOLFSKILL_Divromos_5701,0.057560977,0.27480584,-0.17922562,-0.59063774
WOLFSKILL_Red_Roumi_268,0.048206773,-0.26750535,-0.15592623,0.56003773
WOLFSKILL_Abla_Aganin_Isium_732,0.06982466,-0.20275806,-0.20303145,0.41947895
WOLFSKILL_Fahri_Kalamak_1204,-0.098377734,0.14592151,0.21706921,-0.3332001
WOLFSKILL_Boal_Da_Figueira_5504,-0.009822384,0.25386137,-0.012168343,-0.5713477
WOLFSKILL_Triplett_T203-1_9366,-0.04829207,-0.3935798,0.12512016,0.89316034
WOLFSKILL_Petite_Verdot_6912,-0.033560243,0.33705264,0.03503722,-0.7538467
WOLFSKILL_Mavrokorakas_6426,-0.030576717,-0.38881737,0.04230652,0.84615386
WOLFSKILL_Aleatico_5230,-0.037335157,0.3888753,0.03997106,-0.8628744
WOLFSKILL_Dan_Ben_Hanna_3697,0.19113119,0.030617338,-0.46225163,-0.06307086
WOLFSKILL_Marzemino_6396,0.18983114,0.09130475,-0.46797168,-0.19449571
WOLFSKILL_Olmo_034-26_3274,0.24384362,0.011544149,-0.59085,-0.021434184
WOLFSKILL_Tinta_Mole_7566,-0.027019799,-0.40007254,0.029877828,0.8621408
WOLFSKILL_Leanoy_8900,0.0020775641,-0.34787688,-0.052296955,0.73216987
VINEYARDS_freedom_chard_madera_y2018_2771,0.37519327,0.013415467,-0.9088694,-0.014749106
WOLFSKILL_Mavrokorakas_6427,-0.15401897,-0.18958339,0.43255663,0.5480095
WOLFSKILL_Dan_Ben_Hanna_3696,-0.03837737,-0.27429524,0.10156475,0.62786305
WOLFSKILL_Marzemino_6397,-0.026584126,0.37902263,0.008931419,-0.82972205
WOLFSKILL_Chasselas_Rose_2742,-0.04233253,-0.30980387,0.10526789,0.6998292
WOLFSKILL_Aleatico_5231,0.020345159,-0.30364558,-0.08203769,0.65897954
VINEYARDS_freedom_chard_san_joaquin_y2018_3675,0.36238733,0.014572222,-0.8795099,-0.022046063
WOLFSKILL_Abla_Aganin_Isium_733,0.32464826,-0.011767743,-0.7837901,0.042147893
WOLFSKILL_Red_Roumi_269,-0.047496874,0.37566626,0.0675266,-0.8440808
WOLFSKILL_Cabernet_Franc_6309,-0.09894629,-0.22695921,0.29402322,0.5884498
WOLFSKILL_Petite_Verdot_6913,-0.014789022,0.3311981,-0.010505124,-0.72556275
WOLFSKILL_Fahri_Kalamak_1205,-0.04003103,-0.28787977,0.09963276,0.65138423
VINEYARDS_freedom_chard_madera_y2018_2770,0.37934783,0.01222441,-0.9174049,-0.0066682473
WOLFSKILL_Olmo_034-26_3275,-0.01701042,0.23277916,0.008796686,-0.53003556
WOLFSKILL_Leanoy_8901,0.010680759,-0.31000283,-0.06626096,0.65291715
WOLFSKILL_Tinta_Mole_7567,-0.03192213,-0.38288164,0.050472304,0.8353442
WOLFSKILL_Malta_Seedless_664,-0.15029822,0.12609148,0.36179614,-0.26624036
WOLFSKILL_Peagudo_6842,-0.023651157,-0.37234235,0.022475323,0.801296
WOLFSKILL_Mezes_4635,-0.02462957,-0.42046663,0.008379681,0.8910155
WOLFSKILL_Sahibi_1699,-0.043905184,-0.3819999,0.10031062,0.85397756
WOLFSKILL_Michurinetz_9160,-0.020256232,-0.33581984,0.025793409,0.72824955
WOLFSKILL_Moscatel_Galego_6549,0.008243655,-0.3643275,-0.075145796,0.7624936
WOLFSKILL_Ehrenfelser_5037,-0.021635275,-0.3689803,0.018472413,0.8011246
UCDAVIS_VERDELHO_701,-0.021355167,0.34388843,0.00019231439,-0.75584364
WOLFSKILL_Fresno_32-68_4074,-0.019653816,-0.34174514,0.020452676,0.739738
WOLFSKILL_Vuthomato_7712,0.2647393,-0.02822065,-0.6426238,0.07315861
WOLFSKILL_Dizmar_1137,0.02189989,-0.38436,-0.10769638,0.8149594
WOLFSKILL_Beli_Potok_4897,-0.012181585,-0.3768077,-0.024518505,0.77864367
WOLFSKILL_Ferdinand_De_Lesseps_1215,-0.02384517,-0.3718294,0.023965305,0.8033983
WOLFSKILL_Mezes_4634,-0.016186945,-0.38155407,-0.0079925265,0.81055737
WOLFSKILL_Peagudo_6843,-0.025502842,-0.38994873,0.024321852,0.83592737
VINEYARDS_1103P_chard_madera_y2018_4752,0.3921484,0.0110514425,-0.94823396,-0.0043571256
WOLFSKILL_Malta_Seedless_665,-0.05939997,0.34427863,0.097986646,-0.78213716
WOLFSKILL_Dizmar_1136,-0.028582998,-0.39391288,0.034802705,0.85473686
WOLFSKILL_Beli_Potok_4896,-0.026114192,-0.4102977,0.020634836,0.87375426
WOLFSKILL_Ferdinand_De_Lesseps_1214,-0.0067117335,-0.34987703,-0.017724248,0.7660543
WOLFSKILL_Fresno_32-68_4075,-0.025886588,-0.4093635,0.024164042,0.8837708
WOLFSKILL_Vuthomato_7713,0.03345057,0.26302564,-0.11645694,-0.56884766
VINEYARDS_1103P_cab_merced_y2018_3791,0.35373247,0.009117581,-0.8554735,-0.0032363124
WOLFSKILL_Moscatel_Galego_6548,0.20636903,0.061243754,-0.5040605,-0.12967056
WOLFSKILL_Michurinetz_9161,-0.021006491,-0.41773355,-0.0028840099,0.87573135
WOLFSKILL_Violento_4675,-0.038022015,-0.36881417,0.080135755,0.8195548
VINEYARDS_1103P_cab_san_joaquin_y2018_2442,0.30220053,-3.7450343e-05,-0.7273524,0.012583675
VINEYARDS_1103P_cab_san_joaquin_y2019_190,0.35199636,0.010175437,-0.85199505,-0.010525953
WOLFSKILL_Blue_Affenthaler_5472,0.31247583,-0.0076384004,-0.75974536,0.035062756
VINEYARDS_freedom_chard_madera_y2018_3423,0.36891356,0.016341474,-0.89586323,-0.02798723
WOLFSKILL_Zerk_2283,-0.016744923,-0.34506738,0.008507976,0.7523466
WOLFSKILL_Blaue_Elbe_5450,-0.028760094,-0.38194132,0.039052367,0.8260517
WOLFSKILL_Erbalus_Caluso_5760,0.26536414,-0.024387715,-0.64529383,0.06377125
VINEYARDS_1103P_chard_madera_y2019_503,0.37187943,0.013831746,-0.9024992,-0.018648606
WOLFSKILL_Criolla_Mesa_1090,-0.022488013,-0.40596348,0.013189131,0.8744879
WOLFSKILL_Fuji_3152,-0.028384604,0.3168174,0.019587358,-0.70476
WOLFSKILL_Askathari_5333,-0.04682608,-0.33966878,0.11390548,0.77048194
VINEYARDS_freedom_chard_madera_y2018_4785,0.37778994,0.013948221,-0.91585124,-0.01801036
WOLFSKILL_Zerk_2282,-0.018129256,-0.38248998,0.0021111555,0.82019114
WOLFSKILL_Blaue_Elbe_5451,-0.08608756,0.27565134,0.16882023,-0.6473264
WOLFSKILL_Violento_4674,-0.06981299,-0.30799562,0.19784442,0.74588555
VINEYARDS_1103P_cab_san_joaquin_y2018_2443,0.33910915,0.0055062734,-0.81896424,0.0005828254
VINEYARDS_5C_chard_san_joaquin_y2019_1082,-0.016860805,-0.4373389,-0.022990195,0.9169397
WOLFSKILL_Fuji_3153,-0.033858676,0.33572406,0.031155566,-0.74881923
WOLFSKILL_Askathari_5332,-0.06752392,-0.33003148,0.18594952,0.78609145
WOLFSKILL_Criolla_Mesa_1091,0.0010325122,-0.36710015,-0.0505502,0.7791715
VINEYARDS_5C_cab_madera_y2019_1317,0.32197705,0.01369502,-0.7805189,-0.02386504
VINEYARDS_1103P_cab_san_joaquin_y2019_738,0.33671162,0.009587362,-0.81633675,-0.010682534
VINEYARDS_5C_chard_san_joaquin_y2018_4683,0.3693477,0.014904581,-0.8959978,-0.019897263
WOLFSKILL_Saint_Emilion_7222,-0.031194173,-0.3915065,0.04348985,0.84961426
VINEYARDS_5C_cab_san_joaquin_y2018_2423,0.33977094,0.0026679486,-0.8188515,0.013746221
WOLFSKILL_UNKNOWN_CULTIVAR_2568,0.00046029594,-0.35550007,-0.046103507,0.75740546
WOLFSKILL_Unkown_Cultivar_5368,-0.15202172,-0.18155192,0.4480493,0.53126454
WOLFSKILL_Saint_Emilion_7223,-0.012930284,-0.40278012,-0.021346515,0.8544115
VINEYARDS_5C_cab_san_joaquin_y2018_2422,0.30853584,-0.006117381,-0.74304676,0.031708747
WOLFSKILL_Schiradzouli_Blanc_1730,-0.04596642,0.31192547,0.06476996,-0.7073045
WOLFSKILL_UNKNOWN_CULTIVAR_2569,0.29498908,0.031749334,-0.71852446,-0.06352793
WOLFSKILL_Unkown_Cultivar_5369,0.28216162,0.058637645,-0.6898272,-0.12477136
ALGERIA_Amer Bouamar_77,-0.021548219,-0.4588084,-0.024663113,0.9443836
VINEYARDS_1103P_cab_san_joaquin_y2018_3245,0.3237714,0.007244099,-0.78259087,-0.0025325827
WOLFSKILL_Victoria_s_Choice_4x_4360,-0.07841899,-0.34132913,0.22188959,0.8389349
WOLFSKILL_Sahibi_1702,-0.057652235,-0.30987716,0.1556819,0.72635365
WOLFSKILL_Malvasia_Rosario_6344,0.031089447,-0.26711145,-0.10820043,0.5694343
VINEYARDS_1103P_cab_san_joaquin_y2018_2840,0.3451167,0.009221543,-0.83522594,-0.005681552
VINEYARDS_5C_chard_merced_y2018_3799,0.39062086,0.017303627,-0.94778156,-0.025595095
WOLFSKILL_Gewurztraminer_5938,-0.028702922,0.35713595,0.015416609,-0.7866458
WOLFSKILL_Choultu_White_4173,-0.024779655,-0.4307769,0.011876242,0.9147762
WOLFSKILL_Zinfandel_8234,-0.028383635,-0.42991024,0.022937158,0.9192145
WOLFSKILL_Seeded_Thompson_2428,-0.010776675,0.33588037,-0.01960171,-0.7398741
WOLFSKILL_Dunkelfelder_9222,0.30424926,-0.0014445297,-0.73304844,0.016109576
WOLFSKILL_Daphnata_daphnia_5695,-0.01966403,-0.4143253,-0.00010845065,0.8836565
WOLFSKILL_Schonburger_4820,0.0063730255,0.31428757,-0.05858195,-0.68767655
WOLFSKILL_Folle_Blanche_7058,-0.04966951,-0.3369614,0.12394633,0.7688466
VINEYARDS_5C_chard_merced_y2018_3798,0.37776282,0.012239449,-0.91417015,-0.011355642
WOLFSKILL_Gewurztraminer_5939,-0.032826096,-0.32554328,0.07035496,0.7240331
WOLFSKILL_Choultu_White_4172,-0.023742408,0.33800477,0.010846147,-0.74616766
WOLFSKILL_Zinfandel_8235,-0.015320099,-0.39352533,-0.012616796,0.83303964
VINEYARDS_1103P_cab_san_joaquin_y2018_2841,0.38403192,0.011247214,-0.9285186,-0.004509248
ALGERIA_Louali_359,-0.0076577915,-0.37522918,-0.032435335,0.7923199
WOLFSKILL_Otscha_Bala_5196,-0.033891443,-0.34636545,0.067164995,0.76502043
WOLFSKILL_Dunkelfelder_9223,-0.020897951,-0.41046396,0.005493263,0.8792038
WOLFSKILL_UNKNOWN_CULTIVAR_4694,-0.0016961591,-0.36596736,-0.042421237,0.77699494
WOLFSKILL_Folle_Blanche_7059,-0.04023256,-0.3948832,0.080810316,0.87230295
WOLFSKILL_Daphnata_daphnia_5694,-0.072067425,0.3141066,0.12941797,-0.7251763
WOLFSKILL_Schonburger_4821,-0.04814849,-0.37557805,0.115069725,0.8453811
WOLFSKILL_Seeded_Thompson_2429,-0.030636001,-0.3911613,0.04289689,0.8451112
VINEYARDS_freedom_chard_merced_y2019_592,0.33606604,0.023309018,-0.8167401,-0.045986827
VINEYARDS_5C_chard_san_joaquin_y2018_4611,0.38333735,0.01497674,-0.92969394,-0.018662684
WOLFSKILL_Kishmishi_1308,0.04173755,-0.27474466,-0.13477021,0.5872652
WOLFSKILL_Doradillo_8859,-0.016572718,-0.38225,-0.004588371,0.810842
WOLFSKILL_Seedless_Emperor_1740,-0.0364482,-0.2745991,0.09196476,0.6159619
WOLFSKILL_UNKNOWN_CULTIVAR_9743,-0.020342492,-0.39462858,0.0018070322,0.83397067
UCDAVIS_5C_446,-0.017022714,0.34458145,-0.010099621,-0.7517814
ALGERIA_Babari_157,-0.028097875,-0.41703653,0.025385035,0.89632547
WOLFSKILL_UNKNOWN_CULTIVAR_9525,0.051163554,-0.021490991,-0.13376799,0.038838502
WOLFSKILL_Pinot_Noir_Espinett_5095,-0.039386243,-0.35105824,0.089858845,0.78300595
WOLFSKILL_Boal_Cachudo_5490,-0.04096306,0.37746847,0.049094953,-0.84365004
WOLFSKILL_Delight_1118,-0.029590782,-0.41955435,0.032805204,0.9013727
WOLFSKILL_Kishmishi_1309,0.051321287,-0.11299826,-0.13215013,0.2555598
WOLFSKILL_Doradillo_8858,0.025481414,0.08092405,-0.087324515,-0.1977337
VINEYARDS_freedom_chard_merced_y2019_593,0.37002805,0.014613457,-0.8972405,-0.020474683
VINEYARDS_5C_chard_san_joaquin_y2018_4610,0.3608694,0.012578301,-0.8755387,-0.0155426115
WOLFSKILL_Negrara_Gattinara_5053,-0.033402763,-0.41126853,0.05043284,0.8957942
WOLFSKILL_Takhani_pink_T.s._1815,-0.08979174,-0.20583974,0.25862566,0.51767254
WOLFSKILL_UNKNOWN_CULTIVAR_9524,0.061386958,-0.047787156,-0.15924254,0.0939513
WOLFSKILL_Boal_Cachudo_5491,-0.07374897,-0.29745847,0.20969783,0.72776854
WOLFSKILL_Pinot_Noir_Espinett_5094,-0.024186473,-0.42575848,0.005390594,0.89892447
WOLFSKILL_Malvasia_Bianca_6336,-0.0823153,-0.2863661,0.23982608,0.71631944
ALGERIA_Babari_156,-0.01738092,-0.3252088,0.01780366,0.70721817
VINEYARDS_freedom_chard_san_joaquin_y2019_997,-0.019033473,-0.39054823,0.004431043,0.83839756
WOLFSKILL_Delight_1119,-0.029099789,-0.42899072,0.03084164,0.9262927
WOLFSKILL_Seedless_Emperor_1741,-0.016341832,-0.38025647,-0.004490191,0.81523263
WOLFSKILL_UNKNOWN_CULTIVAR_9742,-0.008519985,-0.4126516,-0.043975987,0.8575543
WOLFSKILL_Hassaine_8880,-0.10330051,0.07374625,0.2505568,-0.15785034
VINEYARDS_freedom_chard_san_joaquin_y2019_1979,0.35643578,0.009936206,-0.86198294,-0.0066144355
WOLFSKILL_Peloursin_5731,-0.05119368,0.4039154,0.07587379,-0.906765
WOLFSKILL_Tsambato_7631,-0.040884655,-0.37046295,0.09059672,0.82669806
VINEYARDS_5C_chard_san_joaquin_y2019_868,0.38747945,0.014755126,-0.9395732,-0.015610516
WOLFSKILL_Buraburi_3495,-0.0023135403,-0.38242787,-0.04491564,0.81090844
WOLFSKILL_Red_Ohanez_4120,-0.031445533,-0.37298173,0.053864017,0.81581277
WOLFSKILL_Alicante_Bouschet_4582,-0.10721818,-0.24867423,0.31446916,0.6535824
WOLFSKILL_Pardala_8641,-0.10452481,-0.23550807,0.30228567,0.6143042
WOLFSKILL_Black_Hamburg_2614,0.0027564,-0.3460483,-0.05329138,0.7330136
WOLFSKILL_Muscat_Crime_6662,-0.02307468,-0.43031335,0.005091196,0.91094625
WOLFSKILL_Peloursin_5730,-0.035865676,0.33411008,0.041299574,-0.7490478
UCDAVIS_V._ACERTIFOLIA_637,0.037343062,0.29408944,-0.13612765,-0.63236403
WOLFSKILL_Tsambato_7630,-0.032971043,-0.350388,0.065478496,0.77601576
VINEYARDS_freedom_chard_san_joaquin_y2019_1978,0.33853328,0.011296358,-0.8205261,-0.014195841
VINEYARDS_5C_chard_san_joaquin_y2019_869,0.3945996,0.012441065,-0.9544126,-0.0076825544
WOLFSKILL_Buraburi_3494,-0.045618918,0.31182614,0.06271935,-0.7073406
WOLFSKILL_Black_Hamburg_2615,-0.02335523,-0.37820196,0.020299936,0.8164536
VINEYARDS_1103P_cab_san_joaquin_y2018_4642,0.3653256,0.0142916255,-0.8844032,-0.013591137
WOLFSKILL_Muscat_Crime_6663,-0.023651518,-0.41784042,0.008986613,0.8897924
WOLFSKILL_Red_Ohanez_4121,-0.05569074,-0.3646375,0.14540385,0.83972085
WOLFSKILL_Pardala_8640,-0.09078909,-0.31651163,0.26067823,0.79731697
WOLFSKILL_Alicante_Bouschet_4583,-0.03722523,-0.39269912,0.06956188,0.86456656
WOLFSKILL_Frankenthal_2800,0.05215764,0.25221908,-0.16369303,-0.5515609
WOLFSKILL_Vertzami_7703,-0.116011925,-0.21107902,0.33542913,0.5613848
WOLFSKILL_Catarratto_8294,0.20842378,0.035609525,-0.50815666,-0.08158776
WOLFSKILL_Hongjixin_294,-0.086017184,-0.2587859,0.24897927,0.6529846
WOLFSKILL_Longyan_4917,-0.016030986,-0.3358997,0.009998357,0.7274486
WOLFSKILL_Aspruda_Santorinih_7848,-0.038462248,-0.3753075,0.07860797,0.8323351
WOLFSKILL_Purpurea_4454,-0.011462496,-0.39777392,-0.026713952,0.8392983
WOLFSKILL_Mosho_Patata_7952,-0.028838996,0.34029692,0.022213439,-0.75647545
VINEYARDS_5C_cab_madera_y2019_479,0.3455591,0.008467242,-0.8359135,-0.0051811114
WOLFSKILL_Fernao_Pires_5799,0.28681386,0.038879972,-0.7004454,-0.08370525
WOLFSKILL_Olmo_6F_V19_9203,-0.15658213,-0.14623041,0.43658298,0.43492365
WOLFSKILL_Turkish_Grape_1872,0.0077547133,-0.3806338,-0.076614134,0.7970834
WOLFSKILL_Siewiernyi_9052,-0.019342877,-0.46317533,-0.025591062,0.9577122
WOLFSKILL_Catarratto_8295,-0.025137492,-0.35983524,0.034758434,0.78613716
WOLFSKILL_Vertzami_7702,-0.05255832,-0.26826257,0.14009173,0.62223
WOLFSKILL_Hongjixin_295,-0.023046412,0.30909893,0.013584679,-0.6891506
WOLFSKILL_Frankenthal_2801,-0.013205328,-0.40448058,-0.021583231,0.8573278
WOLFSKILL_Chasselas_Violet_4465,-0.031993367,-0.3880757,0.05417063,0.847656
WOLFSKILL_Siewiernyi_9053,-0.027824111,-0.43607143,0.017568095,0.9259141
WOLFSKILL_Turkish_Grape_1873,-0.021743193,-0.39352268,0.010530999,0.84239566
WOLFSKILL_Aspruda_Santorinih_7849,0.021859668,-0.31967342,-0.09500691,0.68073636
WOLFSKILL_Purpurea_4455,-0.0064899465,-0.34129703,-0.024939679,0.7300152
WOLFSKILL_Longyan_4916,0.0032286653,-0.36248255,-0.05821888,0.76456785
WOLFSKILL_Olmo_6F_V19_9202,0.075363345,-0.20788364,-0.21548751,0.43920663
WOLFSKILL_Mosho_Patata_7953,-0.023300286,0.36202586,0.0065741576,-0.79627013
WOLFSKILL_Fernao_Pires_5798,-0.08064727,0.3127138,0.14641066,-0.72338486
WOLFSKILL_Canner_2721,-0.040804967,-0.3137172,0.10511548,0.7100643
VINEYARDS_5C_chard_merced_y2019_2109,0.37410343,0.013574235,-0.90756696,-0.01781191
WOLFSKILL_Sidezitis_Proimo_2975,-0.04072698,0.40094972,0.04760623,-0.89159906
WOLFSKILL_Kreatza_92,-0.018677734,-0.34629393,0.015699772,0.75366056
ALGERIA_Ichmoul_217,-0.018339835,-0.3832366,-0.0052756723,0.80740255
WOLFSKILL_UNKNOWN_CULTIVAR_9313,-0.025851402,-0.39479074,0.026986634,0.85433954
WOLFSKILL_5-20_3860,-0.028617695,-0.4039863,0.03272608,0.87284136
VINEYARDS_5C_chard_merced_y2019_2108,0.36952043,0.013780542,-0.8950729,-0.015619196
WOLFSKILL_Aligote_5256,-0.10504747,-0.26339474,0.3069468,0.6897764
WOLFSKILL_Canner_2720,-0.042586144,-0.3819112,0.09961613,0.85379064
WOLFSKILL_UNKNOWN_CULTIVAR_9312,-0.041803073,-0.39359242,0.089574516,0.87373275
WOLFSKILL_5-20_3861,-0.0029447014,-0.38133344,-0.044361204,0.8068056
WOLFSKILL_Sidezitis_Proimo_2974,0.33730003,0.01327442,-0.8191242,-0.019092415
WOLFSKILL_Kreatza_93,-0.023339923,-0.3824162,0.021428162,0.82138133
VINEYARDS_freedom_cab_san_joaquin_y2019_2291,0.38947508,0.016368557,-0.9459616,-0.020883355
WOLFSKILL_Khaldar_1301,0.2985557,0.005172115,-0.7229681,-0.003189981
VINEYARDS_freedom_cab_san_joaquin_y2019_222,0.3884506,0.014418241,-0.94078815,-0.015734475
WOLFSKILL_Gamay_Noir_5058,-0.045932394,-0.35701296,0.11399277,0.8052509
WOLFSKILL_Loose_Perlette_567,0.050807863,0.24485432,-0.15689753,-0.52983433
UCDAVIS_O39_16_566,0.0027019316,0.33519933,-0.05794602,-0.7226731
WOLFSKILL_Hungarian_Millenium_6061,-0.030611947,0.3896134,0.017375337,-0.8536008
WOLFSKILL_5-12_2490,-0.037053697,0.30180115,0.045553572,-0.68041945
VINEYARDS_freedom_cab_madera_y2019_1686,0.3622382,0.0122438595,-0.8751787,-0.009644389
WOLFSKILL_Tarrango_II_3669,-0.019268285,-0.41461378,-0.00023995154,0.88849556
WOLFSKILL_Loose_Perlette_566,-0.02691532,-0.38047338,0.03572111,0.82427615
WOLFSKILL_Khaldar_1300,-0.026254628,-0.38557804,0.030135753,0.8375126
VINEYARDS_freedom_cab_san_joaquin_y2019_223,0.32629278,0.005037505,-0.7857642,0.0030758046
WOLFSKILL_Gamay_Noir_5059,-0.08327858,-0.3136156,0.24135774,0.78214014
WOLFSKILL_5-12_2491,0.32121548,0.0067325644,-0.77752435,-0.004140798
VINEYARDS_freedom_cab_madera_y2019_1687,0.38197103,0.017236006,-0.92851365,-0.031833414
WOLFSKILL_Hungarian_Millenium_6060,-0.012956516,0.33737034,-0.016845167,-0.7329793
WOLFSKILL_Schwin_8832,0.003652961,0.3317189,-0.057000674,-0.71859455
VINEYARDS_freedom_cab_madera_y2019_255,0.34364334,0.00782508,-0.83160925,-0.005295966
WOLFSKILL_Italia_IP_65_2082,0.17816867,-0.05652681,-0.44653654,0.12672713
VINEYARDS_freedom_chard_san_joaquin_y2019_2210,0.37273127,0.0151153505,-0.9039098,-0.019959848
WOLFSKILL_UNKNOWN_CULTIVAR_9621,0.018991377,0.2829186,-0.084621936,-0.6135067
WOLFSKILL_Zinfandel_4870,-0.01900288,-0.35204884,0.012832632,0.75544465
WOLFSKILL_Xylomaherudah_7785,-0.08749052,-0.2736486,0.25719395,0.692014
WOLFSKILL_UNKNOWN_CULTIVAR_9620,-0.082505204,0.24328925,0.15814812,-0.5732909
VINEYARDS_freedom_chard_san_joaquin_y2019_2211,0.3891165,0.015698552,-0.943821,-0.0199929
VINEYARDS_freedom_cab_madera_y2019_254,0.31027952,0.0104774125,-0.7522132,-0.015719093
WOLFSKILL_Italia_IP_65_2083,-0.13556726,-0.16842748,0.38717017,0.4734928
WOLFSKILL_Xylomaherudah_7784,0.022273421,0.2610376,-0.09699822,-0.56713223
WOLFSKILL_Zinfandel_4871,-0.02014964,-0.32945567,0.024798503,0.71672535
WOLFSKILL_Kontehgalo_2120,-0.022727553,0.2599547,0.014532244,-0.5883758
ALGERIA_Tizi Ouinine_406,-0.028491914,-0.41261458,0.02671338,0.8841795
WOLFSKILL_Champanel_3984,-0.09511278,0.1630498,0.20292224,-0.3846939
WOLFSKILL_Marditza_7923,-0.022587776,-0.4114654,0.011241032,0.8838835
WOLFSKILL_Unkown_Cultivar_5656,0.11382162,0.16740869,-0.30110487,-0.36055973
WOLFSKILL_Sultana_Moscata_1791,-0.027840216,-0.39108062,0.033293433,0.8444113
WOLFSKILL_Husseine_rish_Baba_2841,-0.037889615,0.40359396,0.043424904,-0.8940145
VINEYARDS_5C_cab_madera_y2018_2588,0.31826708,0.0074579045,-0.77028465,-0.0051482692
WOLFSKILL_Malvasia_Tinta_6374,-0.018395945,-0.39632392,0.0002769176,0.847325
WOLFSKILL_Chamo_4046,-0.028112587,-0.30677885,0.05607743,0.67768437
VINEYARDS_1103P_cab_merced_y2019_550,0.3327804,0.0051222593,-0.80494905,0.0003043115
WOLFSKILL_Muscat_Br39_2387,-0.07219098,0.2427869,0.13255072,-0.5682739
WOLFSKILL_Rhazaki_Mavro_3138,-0.020448733,-0.33507502,0.023131395,0.7225987
WOLFSKILL_Orleans_6793,0.0010230676,-0.3716266,-0.05077743,0.79170835
WOLFSKILL_Roussette_7205,0.23506849,-0.043405224,-0.5766233,0.10565062
WOLFSKILL_Moscatel_Ros._De_Blas_671,-0.18332016,0.074229255,0.4741842,-0.10162391
WOLFSKILL_Liatico_6271,-0.05153182,-0.35131767,0.1304971,0.80707204
VINEYARDS_freedom_cab_merced_y2018_4329,0.37165168,0.012529001,-0.90115374,-0.012594614
WOLFSKILL_Hassaine_8878,-0.007006635,0.24710463,-0.022583935,-0.5592531
WOLFSKILL_Marditza_7922,-0.019321837,-0.36190668,0.012527822,0.78940976
WOLFSKILL_Sultana_Moscata_1790,-0.025187716,-0.42597425,0.009929171,0.9039779
WOLFSKILL_Husseine_rish_Baba_2840,-0.03258106,0.37858838,0.02889538,-0.83772826
VINEYARDS_5C_cab_madera_y2018_2589,0.3457432,0.005967673,-0.83507836,0.0013481639
VINEYARDS_freedom_chard_merced_y2018_2387,0.36139014,0.011847537,-0.8740472,-0.009508152
ALGERIA_Tizi Ouinine_407,-0.020380806,-0.37922537,0.008766217,0.8110926
WOLFSKILL_Champanel_3985,0.1609688,0.09413843,-0.398562,-0.19903322
WOLFSKILL_Harslevelu_6024,0.028328057,0.29999,-0.11213463,-0.6476382
WOLFSKILL_Orleans_6792,-0.074963085,-0.30685383,0.21730843,0.7513214
WOLFSKILL_Roussette_7204,-0.042412676,0.3182748,0.055289157,-0.71642596
WOLFSKILL_Liatico_6270,-0.004448003,-0.36795697,-0.036981836,0.78225124
VINEYARDS_freedom_cab_merced_y2018_4328,0.3660611,0.00975088,-0.88481754,-0.0033874959
WOLFSKILL_Hassaine_8879,-0.09092396,0.21837755,0.17631325,-0.5150093
WOLFSKILL_Moscatel_Ros._De_Blas_670,-0.17454933,-0.03647516,0.46733904,0.17183481
WOLFSKILL_Bastardo_5404,-0.046832994,0.3615232,0.05847635,-0.8104606
WOLFSKILL_Chamo_4047,0.0034617279,-0.28408676,-0.036500648,0.6195719
VINEYARDS_freedom_chard_san_joaquin_y2019_1980,0.3871331,0.014325634,-0.9380386,-0.015636217
WOLFSKILL_Rhazaki_Mavro_3139,-0.017319303,-0.3210918,0.017322129,0.69692224
WOLFSKILL_Muscat_Br39_2386,-0.024745628,-0.37821048,0.02471262,0.81748503
WOLFSKILL_Beli_Prokupac_8147,0.049322523,0.27212587,-0.15708806,-0.5886129
WOLFSKILL_Black_Damascus_3762,-0.031343523,-0.45043862,0.026456239,0.955184
WOLFSKILL_Rondinella_8931,-0.0069091367,-0.34928858,-0.028675308,0.73879933
WOLFSKILL_Buckland_s_Sweetwater_2709,0.12856257,-0.21214911,-0.34417695,0.44302857
WOLFSKILL_Cornichon_1072,-0.036030147,-0.39916778,0.062882915,0.872784
WOLFSKILL_Mission_6493,-0.036313586,-0.420749,0.058884703,0.91420573
WOLFSKILL_Donzillinho_8850,-0.2085512,-0.12214352,0.58167154,0.42658335
WOLFSKILL_Batta_3965,-0.1660599,-0.14994523,0.45839092,0.45419747
WOLFSKILL_Muscat_De_Pantellana_8330,0.19580106,0.025412869,-0.471046,-0.051740844
VINEYARDS_5C_chard_san_joaquin_y2019_1749,0.3800142,0.015288178,-0.92185724,-0.021895241
VINEYARDS_1103P_cab_merced_y2019_1600,0.32834515,0.0093742125,-0.79607093,-0.010970864
WOLFSKILL_Buckland_s_Sweetwater_2708,0.046206538,-0.3368616,-0.15996602,0.70704055
WOLFSKILL_Cornichon_1073,-0.04654509,-0.30536297,0.1160259,0.69262505
WOLFSKILL_Black_Damascus_3763,-0.02787771,-0.4214045,0.023430107,0.8963953
WOLFSKILL_Beli_Prokupac_8146,-0.14987691,0.0714751,0.38073903,-0.121404454
WOLFSKILL_Batta_3964,-0.056543075,0.27488083,0.09127919,-0.6307077
WOLFSKILL_Muscat_De_Pantellana_8331,-0.036068875,0.41967395,0.031543188,-0.9224567
VINEYARDS_freedom_cab_madera_y2019_1127,0.37477517,0.010748971,-0.9081279,-0.0075586475
VINEYARDS_5C_chard_san_joaquin_y2018_4586,0.3333548,0.014226157,-0.8093008,-0.024440821
WOLFSKILL_Donzillinho_8851,-0.07836587,0.31967652,0.14219114,-0.73900807
WOLFSKILL_Mission_6492,-0.021102056,-0.41777772,-0.00081067905,0.88650423
WOLFSKILL_Tchilar_9065,0.21092615,0.030994881,-0.5107472,-0.06949368
WOLFSKILL_Ghlicopati_8540,0.09348867,0.214837,-0.26136568,-0.46204555
WOLFSKILL_Conte_Rosso_1064,-0.018138498,-0.3412228,0.013250424,0.73775804
WOLFSKILL_Kecskemet_8887,-0.009337236,-0.42863378,-0.040327936,0.89891887
WOLFSKILL_Heroldrebe_9018,0.08182004,0.1943165,-0.22792785,-0.4256542
WOLFSKILL_Kali_Sahehi_1277,-0.012723231,-0.39153975,-0.02353483,0.81697905
WOLFSKILL_Catarratto_8456,-0.06673685,-0.35479558,0.18207133,0.83980286
WOLFSKILL_July_Muscat_1274,-0.039937712,0.30303818,0.04941006,-0.6836808
WOLFSKILL_Vernaccia_Di_San_Gimignano_4661,-0.022822697,-0.3827454,0.019330392,0.8254179
WOLFSKILL_Picpoule_Noir_6940,0.030459948,-0.33882758,-0.1206911,0.7171116
WOLFSKILL_Angevine_Oberlin_925,-0.033412054,-0.4413702,0.036220513,0.94982743
WOLFSKILL_Agria_8152,-0.14639618,0.18064176,0.33842543,-0.39998028
WOLFSKILL_Palomino_6806,-0.02731901,-0.34659868,0.050128624,0.7639451
VINEYARDS_freedom_cab_madera_y2018_4726,0.35833082,0.012890179,-0.8684623,-0.017298859
WOLFSKILL_Conte_Rosso_1065,-0.026409954,-0.3772325,0.034690775,0.8179558
WOLFSKILL_Tchilar_9064,0.05416834,-0.27328998,-0.16493514,0.58248067
WOLFSKILL_Ghlicopati_8541,-0.11860526,0.08450501,0.2954174,-0.16720435
WOLFSKILL_Uzbekistanian_Muscat_4905,-0.031568635,-0.39061713,0.04879549,0.8504157
WOLFSKILL_Agria_8153,-0.023199841,0.3604889,0.0013805237,-0.7926228
WOLFSKILL_Palomino_6807,0.06842857,0.21448986,-0.19862606,-0.4651798
WOLFSKILL_Vernaccia_Di_San_Gimignano_4660,-0.061995134,-0.31579658,0.16771322,0.7452039
WOLFSKILL_Picpoule_Noir_6941,-0.043391712,0.394323,0.053547107,-0.88000417
WOLFSKILL_Angevine_Oberlin_924,-0.013679148,-0.42642683,-0.024137955,0.904194
VINEYARDS_1103P_cab_merced_y2019_2101,0.32677007,-0.0024361983,-0.7890677,0.027635705
WOLFSKILL_Kecskemet_8886,-0.020214133,0.35588312,-0.0073846104,-0.77940285
WOLFSKILL_Catarratto_8457,-0.1537059,-0.15601753,0.44045547,0.46342093
WOLFSKILL_July_Muscat_1275,-0.15795453,0.086196736,0.3937332,-0.15465465
WOLFSKILL_Kali_Sahehi_1276,0.0704984,-0.13790448,-0.18580738,0.30738994
WOLFSKILL_Carvalheira_8435,-0.102295585,0.19186419,0.2121177,-0.45655447
WOLFSKILL_Negru_Virtos_8909,-0.02731406,-0.4309463,0.01925684,0.9224006
WOLFSKILL_Kalamak_3077,-0.0067936564,0.24422656,-0.019940902,-0.5498122
WOLFSKILL_UNKNOWN_CULTIVAR_9729,0.10384253,-0.1483048,-0.27645266,0.3176524
WOLFSKILL_Keknyelu_6148,-0.046410363,0.38423234,0.05948583,-0.8602078
WOLFSKILL_Dardari_3541,-0.06655758,0.25218365,0.12011943,-0.588176
WOLFSKILL_Olmo_j5-58_9090,-0.00087924255,-0.35872394,-0.045733638,0.7581998
WOLFSKILL_Gros_Sapat_2826,-0.032061048,-0.44471747,0.030211808,0.9424207
WOLFSKILL_Dolcetto_5705,-0.018402498,-0.37426364,0.0028607156,0.8011241
VINEYARDS_freedom_cab_merced_y2018_3548,0.37219396,0.011262823,-0.90135276,-0.00968736
WOLFSKILL_Kalamak_3076,0.01123216,0.26172462,-0.06926394,-0.5775846
WOLFSKILL_UNKNOWN_CULTIVAR_9728,-0.09145987,-0.23489422,0.26787525,0.59365475
WOLFSKILL_Carvalheira_8434,-0.07888465,0.23099367,0.14959449,-0.54535055
WOLFSKILL_Negru_Virtos_8908,-0.019775312,-0.40732393,-0.0023605283,0.8619203
WOLFSKILL_Queen_1622,-0.053607937,-0.36057302,0.13799465,0.83257437
VINEYARDS_freedom_cab_merced_y2018_3549,0.2936537,-0.014549144,-0.70887315,0.04737506
WOLFSKILL_Keknyelu_6149,-0.025691882,-0.41721037,0.02005147,0.8957325
WOLFSKILL_Dardari_3540,-0.023593716,-0.32766855,0.0396811,0.7164191
WOLFSKILL_Black_Prince_2698,-0.04895498,-0.3794052,0.124528654,0.8621173
WOLFSKILL_Ferral_De_Izalva_7871,-0.027223125,-0.375991,0.035816498,0.8136387
WOLFSKILL_Triplett_T61-13_9336,-0.029172696,-0.39124233,0.04129225,0.8491678
VINEYARDS_freedom_cab_san_joaquin_y2019_2203,0.35311842,0.014461823,-0.8572793,-0.021092426
WOLFSKILL_Karabournov_4021,-0.030218437,-0.43690574,0.026182326,0.93098605
WOLFSKILL_Colombard_8489,-0.099293314,-0.31991124,0.28609955,0.8161507
WOLFSKILL_Laubscher_s_Gem_1330,0.21455702,-0.05477698,-0.53088593,0.121380955
WOLFSKILL_Zinfandel_9096,0.02501161,-0.34751737,-0.11028683,0.72941923
WOLFSKILL_Castelao_8446,0.34902325,0.00898933,-0.8454761,-0.0067085214
ALGERIA_Ichmoul_Bacha_285,-0.0213449,-0.42502433,-0.0019105803,0.8964584
ALGERIA_Louali_332,-0.025422737,-0.38546133,0.024535166,0.8270926
WOLFSKILL_Burger_5546,0.33451524,-3.137812e-05,-0.8067038,0.017355314
WOLFSKILL_Danuque_2761,-0.013105127,-0.37754267,-0.0157245,0.8008112
WOLFSKILL_Crimson_Seedless_4306,-0.02715113,-0.363402,0.038370438,0.7907385
VINEYARDS_5C_chard_merced_y2018_3595,0.39197716,0.01916451,-0.9519311,-0.029774945
WOLFSKILL_Karabournov_4020,-0.03918673,-0.40952152,0.07350821,0.89981335
WOLFSKILL_Colombard_8488,-0.095932744,-0.30218983,0.2802056,0.7742455
WOLFSKILL_Zinfandel_9097,-0.0044731097,0.17826392,-0.020530315,-0.41087055
WOLFSKILL_Laubscher_s_Gem_1331,0.004726041,-0.3139603,-0.05089172,0.66343045
WOLFSKILL_Triplett_T61-13_9337,-0.020245317,-0.38113892,0.012408419,0.81817305
WOLFSKILL_Ferral_De_Izalva_7870,-0.009143635,-0.34820056,-0.015262889,0.7489103
WOLFSKILL_Primus_2934,-0.028944053,-0.34395313,0.051794983,0.75415534
ALGERIA_Louali_333,-0.020656962,-0.39991677,0.002095813,0.8509461
WOLFSKILL_Burger_5547,0.014525776,-0.24113084,-0.061534867,0.5201075
WOLFSKILL_Danuque_2760,-0.104584314,-0.30596173,0.30023563,0.7897202
ALGERIA_Ichmoul_Bacha_284,-0.019333143,-0.39344364,0.0010520462,0.83629286
WOLFSKILL_Crimson_Seedless_4307,-0.019072056,-0.37129432,0.009509487,0.8015883
WOLFSKILL_Castelao_8447,-0.015019418,-0.413235,-0.017509127,0.87444
WOLFSKILL_Primitivo_De_Gioia_473_8784,-0.022627369,-0.45860413,-0.010988038,0.9552088
WOLFSKILL_Muscat_Flame_1445,-0.06157141,-0.28829265,0.17708124,0.68580127
WOLFSKILL_Charas_8460,0.11163428,-0.19704305,-0.29677066,0.41981077
WOLFSKILL_Hillbilly_9130,-0.026875582,-0.36750346,0.038340054,0.7953777
VINEYARDS_1103P_chard_madera_y2019_1170,0.34793064,0.010398757,-0.84307235,-0.009716149
WOLFSKILL_Iviar_Oliver_2096,-0.11812451,0.19286613,0.25694048,-0.45039904
VINEYARDS_freedom_chard_madera_y2018_2534,0.3775902,0.015095472,-0.91687775,-0.023392942
WOLFSKILL_Vermentino_Favorita_7681,-0.070258446,-0.24742952,0.1967123,0.5990596
WOLFSKILL_Pfeffer_4784,-0.030971713,-0.40341228,0.043318428,0.87704164
VINEYARDS_1103P_cab_san_joaquin_y2018_3733,0.36959258,0.00631335,-0.8918076,0.005736381
VINEYARDS_1103P_cab_merced_y2019_1214,0.3914891,0.012754273,-0.94881296,-0.010382507
WOLFSKILL_Morio_Muscat_9771,-0.07162178,-0.29525387,0.21523778,0.71975493
VINEYARDS_1103P_chard_madera_y2019_1171,0.3716776,0.012488119,-0.9006345,-0.012273833
WOLFSKILL_Muscat_Flame_1444,-0.08511079,-0.31136692,0.25175297,0.77986515
WOLFSKILL_Charas_8461,-0.010236003,-0.27939314,0.014067592,0.6217974
VINEYARDS_1103P_cab_san_joaquin_y2018_3732,0.3398534,0.00515987,-0.82148904,0.0017918423
WOLFSKILL_Morio_Muscat_9770,-0.05031336,-0.35164854,0.12473375,0.79930353
VINEYARDS_1103P_cab_merced_y2019_1215,0.3545678,0.013220463,-0.8599973,-0.019161876
WOLFSKILL_Vermentino_Favorita_7680,0.1754102,-0.061857127,-0.4386251,0.13929696
VINEYARDS_freedom_chard_merced_y2018_5069,-0.04713756,0.3730451,0.068573155,-0.837552
WOLFSKILL_Pfeffer_4785,-0.007815407,0.32378036,-0.02686032,-0.7061068
WOLFSKILL_Damas_Rose_135,-0.032777794,-0.34426218,0.066894,0.76037145
WOLFSKILL_Nonno_Giovanni_582,-0.016151603,0.3660354,-0.014126179,-0.79505736
WOLFSKILL_Mavrovomaico_6438,-0.08895804,-0.17615074,0.26010495,0.4525477
WOLFSKILL_Touriga_7587,-0.023659855,-0.41587436,0.009657985,0.8889049
WOLFSKILL_Kandhari_258,-0.14854978,7.863715e-05,0.38326472,0.05194836
WOLFSKILL_Rougitza_Rouge_3968,-0.13346459,0.23640217,0.28838277,-0.55422366
WOLFSKILL_Queen_Of_The_Vineyard_1628,-0.038213182,-0.30319536,0.0942268,0.68003976
WOLFSKILL_UNKNOWN_CULTIVAR_9668,-0.015895568,-0.4144553,-0.014045998,0.87987906
WOLFSKILL_Memory_Of_Queen_Elizabeth_1407,-0.005595847,-0.35969454,-0.032446526,0.76244724
WOLFSKILL_Gocseji_Zamatos_8993,-0.11894787,-0.11805667,0.33103043,0.33128318
WOLFSKILL_Touriga_7586,0.05510836,-0.32125288,-0.17565498,0.68170196
WOLFSKILL_Gyongyrizling_9010,-0.022671144,-0.3358556,0.030814601,0.7341101
UCDAVIS_RS-9_100,-0.013407343,0.38049638,-0.019629806,-0.8249224
WOLFSKILL_Rougitza_Rouge_3969,-0.11632068,-0.11251168,0.32758063,0.31564927
ALGERIA_Ahmeur Bou Ahmeur_26,-0.024432741,-0.36208642,0.028646024,0.78398377
WOLFSKILL_Kandhari_259,-0.14436069,-0.081171125,0.39740002,0.26102462
WOLFSKILL_Nonno_Giovanni_583,-0.026821524,0.32192677,0.01840925,-0.7157352
WOLFSKILL_Damas_Rose_134,-0.02221182,-0.3956853,0.008955115,0.84481514
WOLFSKILL_Gocseji_Zamatos_8992,-0.059395514,-0.3133432,0.16047923,0.7363072
WOLFSKILL_Summer_Royal_4258,-0.018457472,-0.4194033,-0.007674014,0.8918492
UCDAVIS_BURGER_341,-0.09131105,0.06925534,0.2208367,-0.15505426
WOLFSKILL_UNKNOWN_CULTIVAR_9669,-0.02769015,-0.4063637,0.023520457,0.86560315
WOLFSKILL_Queen_Of_The_Vineyard_1629,-0.055693984,-0.29672337,0.1512247,0.6952144
WOLFSKILL_Memory_Of_Queen_Elizabeth_1406,-0.041567165,0.41170806,0.048802644,-0.9137046
WOLFSKILL_Gamay_Rond_5923,-0.04037866,-0.41777742,0.07372207,0.9179822
WOLFSKILL_Poet_Matabon_2452,-0.14474711,-0.17578483,0.41468155,0.503762
WOLFSKILL_Muscat_Canelli_8726,-0.062996075,-0.32989535,0.1755836,0.780989
WOLFSKILL_Terret_Schwarz_8206,-0.020403739,-0.39542073,0.005180126,0.84304345
VINEYARDS_5C_chard_merced_y2019_1641,0.37379703,0.011074543,-0.9045441,-0.0066001825
WOLFSKILL_Salomani_2220,-0.026604876,-0.39324132,0.028140472,0.8485582
VINEYARDS_freedom_cab_merced_y2018_2395,0.35852325,0.012125306,-0.86676955,-0.0114716105
WOLFSKILL_Rhazaki_Anatolico_2297,0.25099945,-0.009848984,-0.6105261,0.032782078
WOLFSKILL_Olivette_Bauthelet_2172,-0.027739923,-0.39100635,0.036355667,0.8496692
WOLFSKILL_Gamay_Rond_5922,0.061438575,0.2851898,-0.19181219,-0.6101147
WOLFSKILL_Muscat_Canelli_8727,-0.02857405,-0.31944925,0.058575206,0.70883167
WOLFSKILL_Terret_Schwarz_8207,-0.02479469,-0.42583933,0.008650875,0.9015416
WOLFSKILL_Poet_Matabon_2453,-0.042488363,-0.3817121,0.0963754,0.85146356
WOLFSKILL_Rhazaki_Anatolico_2296,-0.033830654,-0.31217045,0.077296875,0.6945252
WOLFSKILL_5-14_2495,-0.02322857,-0.40765637,0.012632171,0.87208635
VINEYARDS_freedom_cab_merced_y2018_2394,0.32568863,0.007842947,-0.7859269,-0.00538167
VINEYARDS_5C_cab_madera_y2019_1334,0.34288502,0.012936261,-0.8324214,-0.018582426
VINEYARDS_1103P_chard_san_joaquin_y2019_1060,-0.040703006,-0.3602031,0.090025984,0.8040626
WOLFSKILL_Namonia_3485,0.20079544,0.037913237,-0.48839557,-0.08324988
WOLFSKILL_Volitza_Lefki_7719,-0.029587805,-0.3897795,0.04255835,0.8471279
WOLFSKILL_Chasselas_Tompa_3048,-0.0046202904,-0.43316942,-0.06053567,0.8945141
WOLFSKILL_Grec_Rouge_5984,-0.075750776,-0.3525247,0.21435389,0.8582326
WOLFSKILL_Nerello_Calabrese_6750,-0.021433074,-0.4146266,0.0036271308,0.8862461
WOLFSKILL_Mavroudi_7937,-0.0068721566,-0.35259122,-0.024450062,0.75823706
WOLFSKILL_Staphythambelo_7376,-0.030919414,-0.43659073,0.030004384,0.9373133
WOLFSKILL_UNKNOWN_CULTIVAR_9594,-0.05598943,-0.36517185,0.14859173,0.84364974
WOLFSKILL_Grec_Rouge_5985,-0.006780346,-0.3717418,-0.029845282,0.78937393
WOLFSKILL_Chasselas_Tompa_3049,-0.02235692,-0.389053,0.01625917,0.83587694
VINEYARDS_5C_cab_madera_y2019_1153,0.35341853,0.013746731,-0.8570496,-0.018953405
WOLFSKILL_Mavroudi_7936,-0.020001575,-0.32634515,0.02417908,0.7151637
WOLFSKILL_Nerello_Calabrese_6751,-0.02291824,-0.4016931,0.0119314585,0.8610996
WOLFSKILL_Volitza_Lefki_7718,-0.0049497755,-0.38836506,-0.040353872,0.82376206
WOLFSKILL_Gros_Manzenc_6001,-0.042099267,-0.36396816,0.10090702,0.8161405
WOLFSKILL_Staphythambelo_7377,-0.030518979,-0.4205163,0.03500087,0.90676045
WOLFSKILL_UNKNOWN_CULTIVAR_9595,-0.015958011,-0.38880748,-0.016183777,0.8035106
WOLFSKILL_Corniola_121,-0.027060743,-0.41634023,0.024438312,0.89624006
ALGERIA_Ahmeur Bou Ahmeur_2,-0.028731525,-0.37171918,0.04134418,0.8067126
VINEYARDS_5C_chard_san_joaquin_y2019_1032,-0.005131823,-0.30481642,-0.011116652,0.67171353
WOLFSKILL_Pinot_Noir_9147,-0.033892773,-0.27688527,0.08196867,0.62096393
WOLFSKILL_Petite_Bouschet_6882,-0.039518744,-0.34477687,0.0902952,0.769206
WOLFSKILL_Bhokri_2370,-0.03240296,-0.35472918,0.064864896,0.7840279
WOLFSKILL_Nilok_3915,-0.021578606,-0.3851943,0.010396564,0.82386005
WOLFSKILL_Estellat_1181,-0.026008062,-0.35554254,0.040908076,0.7757717
WOLFSKILL_Trifera_2244,-0.041620865,0.3029938,0.05386348,-0.6842737
UCDAVIS_8B_266,0.36786982,0.009046834,-0.8901596,-0.004067432
WOLFSKILL_Muscat_Blanc_529,0.1185594,-0.2312334,-0.32080016,0.4873165
WOLFSKILL_Olivette_Blanche_1532,-0.01773512,-0.4062116,-0.012012854,0.85060513
WOLFSKILL_UNKNOWN_CULTIVAR_6947,-0.101021595,-0.23058505,0.29940766,0.5950992
WOLFSKILL_Bhokri_2371,-0.024663132,-0.36513644,0.031754278,0.78864574
WOLFSKILL_Petite_Bouschet_6883,-0.02637751,-0.4039631,0.026662389,0.87148875
WOLFSKILL_Estellat_1180,0.016799677,-0.3695712,-0.08973811,0.7889629
WOLFSKILL_Nilok_3914,-0.019947965,-0.33233884,0.021801097,0.71936524
ALGERIA_Ahmeur Bou Ahmeur_3,-0.0846755,-0.15468037,0.2247296,0.37660497
WOLFSKILL_Corniola_120,-0.02987831,-0.39519995,0.039983563,0.859312
WOLFSKILL_Muscat_Blanc_528,-0.18005651,-0.054566413,0.49032676,0.22494781
WOLFSKILL_Olivette_Blanche_1533,-0.035007454,-0.33678108,0.07731098,0.74797523
WOLFSKILL_UNKNOWN_CULTIVAR_6946,-0.11037203,0.24182282,0.22782218,-0.5729007
WOLFSKILL_Ranny_Vira_3740,-0.04475571,0.3337025,0.06553889,-0.7547244
WOLFSKILL_Verdal_1943,0.0010303445,0.25122127,-0.040657148,-0.55873585
WOLFSKILL_Muscat_De_L_adda_498,-0.10232917,0.09552632,0.23351681,-0.22291619
WOLFSKILL_Rosaki_1948,-0.0068250205,-0.3645994,-0.027343223,0.78221166
WOLFSKILL_Monukka_1458,-0.032162573,-0.33377975,0.06819336,0.7364977
WOLFSKILL_Garanoir_9241,0.07040794,0.22903727,-0.2070402,-0.4957415
WOLFSKILL_Assirtico_8406,-0.04646573,-0.34018466,0.12434315,0.7756667
WOLFSKILL_Rambola_1638,-0.01923424,0.385251,-0.010518212,-0.83719397
VINEYARDS_freedom_chard_madera_y2019_1135,0.364362,0.012004945,-0.8834574,-0.009341482
VINEYARDS_5C_chard_san_joaquin_y2018_4454,0.36819932,0.018605169,-0.89609694,-0.033074666
WOLFSKILL_St._Catherine_s_Old_Vine_4247,0.34612194,0.007533334,-0.83936715,-0.005800206
WOLFSKILL_Fatai_3941,-0.112195365,0.294361,0.2311902,-0.6994952
WOLFSKILL_Ferral_Tamara_2790,-0.032004684,-0.41942754,0.03917472,0.9043983
WOLFSKILL_Macaroli_6288,-0.05803269,0.24764498,0.099192224,-0.57163197
ALGERIA_Bouabane des Aures_200,-0.019323047,-0.39304042,-0.0030193496,0.82863355
WOLFSKILL_Summer_Muscat_4281,-0.028125856,-0.393243,0.037531964,0.8569298
WOLFSKILL_UNKNOWN_CULTIVAR_9760,-0.020281177,-0.395396,0.0034295935,0.8392438
WOLFSKILL_UNKNOWN_CULTIVAR_9506,0.096775495,-0.16391553,-0.2572678,0.35589927
WOLFSKILL_Olmo_030-33_3207,0.0038239066,-0.35024098,-0.055793293,0.73887396
WOLFSKILL_Troja_7619,-0.026780054,-0.40617904,0.023094496,0.8743628
WOLFSKILL_Cipro_Nero_1045,-0.018067606,-0.40448716,-0.0065410845,0.8560256
WOLFSKILL_Assirtico_8407,-0.014591484,0.25220102,-0.0037810393,-0.5655401
WOLFSKILL_St._Catherine_s_Old_Vine_4246,-0.02239794,-0.4277001,0.0039969105,0.9121084
VINEYARDS_1103P_cab_san_joaquin_y2019_2234,0.34538946,0.0070283413,-0.83432,-0.0004149787
VINEYARDS_freedom_chard_madera_y2019_1134,0.35379937,0.0074993595,-0.85566974,-0.00025478378
WOLFSKILL_Verdal_1942,-0.044990025,0.33212823,0.05936546,-0.7474369
WOLFSKILL_Muscat_De_L_adda_499,-0.03257409,-0.4270305,0.036332764,0.9164506
WOLFSKILL_Garanoir_9240,0.04890936,-0.2847563,-0.15824102,0.5957676
WOLFSKILL_Rosaki_1949,0.27930108,-0.027181994,-0.68233716,0.07174142
WOLFSKILL_Monukka_1459,-0.026574813,-0.31943387,0.054462247,0.70295954
WOLFSKILL_Tarrango_I_3668,0.0044624433,0.29190046,-0.052181657,-0.64146745
WOLFSKILL_Olmo_030-33_3206,-0.030454151,-0.37700507,0.047308005,0.82131857
WOLFSKILL_UNKNOWN_CULTIVAR_9507,-0.12985365,-0.14265959,0.37505025,0.41145664
WOLFSKILL_Cipro_Nero_1044,0.004797604,-0.3710594,-0.062385485,0.7874281
WOLFSKILL_Troja_7618,-0.059681155,-0.309254,0.1651943,0.7305871
WOLFSKILL_Fatai_3940,0.0069406247,-0.37439162,-0.07303107,0.784412
ALGERIA_Bouabane des Aures_201,-0.02053782,-0.36615884,0.011434028,0.7825533
WOLFSKILL_Macaroli_6289,-0.043113343,0.34784698,0.059050374,-0.78340805
WOLFSKILL_UNKNOWN_CULTIVAR_9761,-0.022649482,-0.43475634,0.0010537077,0.9206067
WOLFSKILL_Summer_Muscat_4280,-0.028646097,-0.36356157,0.0470901,0.7948726
WOLFSKILL_Red_Malaga_1639,-0.008186292,-0.40627903,-0.033666246,0.86100924
WOLFSKILL_Unknown_Cultivar_7685,-0.05598586,-0.37041426,0.14387167,0.8576142
VINEYARDS_5C_cab_san_joaquin_y2018_5007,0.3880494,0.008385487,-0.937834,0.002095867
VINEYARDS_freedom_chard_madera_y2018_3508,0.35544464,0.013791945,-0.86198634,-0.018664882
WOLFSKILL_Triplett_F1-13_9292,-0.050690934,-0.37729388,0.12888893,0.8599894
WOLFSKILL_Guydouriha_5889,-0.007862812,-0.36483145,-0.026910912,0.77625996
WOLFSKILL_Chardonay_7286,-0.037577417,-0.44485033,0.05490496,0.9639131
VINEYARDS_5C_chard_merced_y2018_3620,0.35767797,0.010108858,-0.86597204,-0.008276191
WOLFSKILL_Muscat_Pappo_4476,-0.030865453,-0.41987446,0.03800065,0.9048213
WOLFSKILL_Merlot_6458,-0.025071133,-0.42248386,0.013145054,0.9009584
VINEYARDS_freedom_cab_madera_y2018_2600,0.3523863,0.0067251883,-0.8521984,0.0024126507
VINEYARDS_5C_cab_san_joaquin_y2018_3168,0.35416695,0.0099906325,-0.8585423,-0.006196294
WOLFSKILL_Petite_Noir_7317,-0.025492053,-0.43864554,0.012295326,0.93924594
VINEYARDS_freedom_cab_madera_y2019_426,0.36196384,0.0117606595,-0.8766613,-0.011359286
VINEYARDS_5C_cab_san_joaquin_y2019_106,0.25921002,-0.0030511692,-0.62423176,0.017204685
UCDAVIS_5C_131,-0.035326276,0.40497163,0.03656216,-0.8942529
VINEYARDS_1103P_cab_san_joaquin_y2018_4660,0.3771831,0.009976197,-0.9126868,-0.002606403
WOLFSKILL_Chardonay_7287,-0.021187007,0.39088935,-0.006984504,-0.84692174
VINEYARDS_5C_chard_merced_y2018_3621,0.37437835,0.012622397,-0.90845454,-0.016381841
WOLFSKILL_Merlot_6459,-0.15369223,-0.16601668,0.43770432,0.48714095
VINEYARDS_5C_cab_san_joaquin_y2018_5006,0.35461912,0.007659834,-0.8574976,-0.0027641729
VINEYARDS_freedom_chard_madera_y2018_3509,0.3695809,0.009689424,-0.8938849,-0.0019149743
WOLFSKILL_Guydouriha_5888,-0.075817876,0.29948467,0.13364176,-0.6918684
WOLFSKILL_Triplett_F1-13_9293,-0.037872795,-0.31388116,0.09012239,0.7033097
VINEYARDS_freedom_cab_madera_y2019_427,0.37012997,0.012558818,-0.8971919,-0.012418952
VINEYARDS_freedom_cab_madera_y2018_2601,0.36325818,0.012331847,-0.8801916,-0.016203243
WOLFSKILL_Petite_Noir_7316,-0.036088996,0.37259814,0.036126338,-0.8289427
VINEYARDS_5C_cab_san_joaquin_y2018_3169,0.40080827,0.01436086,-0.9704651,-0.011598997
WOLFSKILL_Pearl_of_Zola_3614,-0.047028158,-0.39777708,0.11136288,0.8931168
WOLFSKILL_Valdepenas_8139,-0.013264726,-0.36696154,-0.009179642,0.78465843
WOLFSKILL_Olmo_033-60_3251,0.17715119,-0.048516255,-0.43813938,0.10992904
WOLFSKILL_B_15-19_3885,-0.03541362,-0.37433562,0.0679901,0.8268542
WOLFSKILL_Japanese_Burgundy_4534,-0.030369237,-0.4049213,0.040290505,0.8753073
WOLFSKILL_Early_Red_Malvasia_5738,0.29234397,0.0025859252,-0.7089381,0.00036885217
WOLFSKILL_B_15-19_3884,-0.04143656,-0.37492687,0.08922195,0.8353177
WOLFSKILL_Pearl_of_Zola_3615,-0.058496565,0.3810689,0.09068864,-0.8623178
WOLFSKILL_Valdepenas_8138,-0.028064124,-0.3929538,0.03255613,0.85418904
WOLFSKILL_Olmo_033-60_3250,0.16774352,-0.09138045,-0.4267245,0.1992322
WOLFSKILL_Berzamino_5433,-0.04268363,-0.38798544,0.095819466,0.8658459
WOLFSKILL_Nosargoon_3523,-0.114025936,-0.22584319,0.33200976,0.5985463
WOLFSKILL_Affenthaler_9422,-0.022919498,-0.4046458,0.015376328,0.8729179
WOLFSKILL_Early_Red_Malvasia_5739,0.11918777,0.11173141,-0.30203524,-0.24417567
WOLFSKILL_Gros_Colman_2822,-0.041948132,0.21283622,0.06552378,-0.4960233
WOLFSKILL_Japanese_Burgundy_4535,-0.042846188,0.3527508,0.059189744,-0.7940266
ALGERIA_Tizi Ouinine_438,-0.03436976,-0.417805,0.047837824,0.89738464
VINEYARDS_1103P_cab_san_joaquin_y2018_3744,0.30934963,0.006371349,-0.74631345,-0.0015247129
WOLFSKILL_5-17_3852,-0.054611087,-0.3293785,0.13766909,0.7582631
WOLFSKILL_Palziji_3951,-0.12078104,0.0029943474,0.33194268,0.043313388
WOLFSKILL_Somarello_Rosso_4423,-0.023038201,-0.4251253,0.0057859626,0.9020286
UCDAVIS_RAMSEY_250,-0.0143011,0.3893146,-0.023675809,-0.8368942
WOLFSKILL_Pinot_Noir_7021,0.31190068,-0.0054801293,-0.75779164,0.030436236
WOLFSKILL_Munuka_Sufed_2560,-0.03488174,-0.38899595,0.060854822,0.85394907
WOLFSKILL_Olmo_034-54_3283,0.012399846,0.20047642,-0.062016092,-0.453839
VINEYARDS_1103P_cab_san_joaquin_y2018_4872,0.35712653,0.009648871,-0.86315215,-0.0069797225
WOLFSKILL_5-17_3853,-0.10098233,-0.28308257,0.291669,0.7292946
ALGERIA_Tizi Ouinine_439,-0.018733282,-0.38358307,0.0029111449,0.820485
WOLFSKILL_Munuka_Sufed_2561,-0.030359514,-0.38505894,0.045245543,0.84280825
WOLFSKILL_Olmo_034-54_3282,0.24997143,0.010031544,-0.60395294,-0.01852357
WOLFSKILL_Pinot_Noir_7020,-0.08164009,-0.36896962,0.23601502,0.90466785
WOLFSKILL_Precoce_De_Malingre_1598,-0.028950054,-0.44395268,0.021536762,0.94438696
WOLFSKILL_Palziji_3950,-0.012119164,-0.3873591,-0.0158664,0.8319991
WOLFSKILL_Somarello_Rosso_4422,-0.03321967,-0.37792864,0.061267108,0.8311778
VINEYARDS_1103P_chard_san_joaquin_y2019_2024,0.36710817,0.01226024,-0.8896949,-0.011603516
UCDAVIS_FURMINT_520,-0.0034359572,0.34086615,-0.045097366,-0.7407415
WOLFSKILL_Khalili_2532,-0.020921327,-0.38543016,0.0144992415,0.83369386
WOLFSKILL_Grassa_De_Cotnari_4925,-0.03297513,-0.4543149,0.032249026,0.96464586
WOLFSKILL_Leanyka_4623,-0.030209891,-0.41655552,0.036339454,0.8955397
WOLFSKILL_DOVine_4256,-0.0222697,-0.39326423,0.010205859,0.8360201
WOLFSKILL_Red-white_Veltliner_7130,-0.016736578,-0.35060766,0.0043590274,0.75030625
WOLFSKILL_Hondromavroudo_7854,0.10484777,0.16557367,-0.28441176,-0.36216575
VINEYARDS_1103P_chard_san_joaquin_y2019_2242,0.36096066,0.0143334605,-0.87535465,-0.020655755
WOLFSKILL_Tana-Kuzi_4207,-0.020033035,0.32450047,-0.0009533316,-0.7175091
WOLFSKILL_Fachren_Weis_2625,0.24998333,-0.057815842,-0.6138405,0.1354246
ALGERIA_Ahmeur Bou Ahmeur_50,-0.019023418,-0.36444253,0.0063269977,0.78018963
WOLFSKILL_Jackson_Sel._3_9180,-0.031593293,0.36960715,0.024825545,-0.81688905
VINEYARDS_freedom_cab_madera_y2018_4122,0.38000932,0.013899762,-0.92224896,-0.01589455
WOLFSKILL_Olivette_Vendemien_1548,-0.078802794,-0.31834394,0.22820681,0.7817787
WOLFSKILL_Angelina_912,-0.0476043,-0.39324772,0.113948815,0.8831571
WOLFSKILL_Sultana_1783,-0.037392516,-0.3761837,0.08551554,0.8366095
WOLFSKILL_Lacturario_2132,0.0029091714,0.24983548,-0.043762323,-0.5562162
WOLFSKILL_Red-white_Veltliner_7131,0.00049412297,-0.35744873,-0.0532322,0.748419
VINEYARDS_1103P_chard_san_joaquin_y2019_2243,0.35775542,0.008313529,-0.86555547,-0.00083807856
WOLFSKILL_Hondromavroudo_7855,-0.14234567,-0.21463118,0.40680534,0.5969189
WOLFSKILL_Leanyka_4622,-0.06378969,-0.34563854,0.17865853,0.8214067
WOLFSKILL_Khalili_2533,-0.02814234,0.38120317,0.014547629,-0.8368348
WOLFSKILL_Grassa_De_Cotnari_4924,-0.021817707,0.3309288,0.008762626,-0.7350627
WOLFSKILL_Jackson_Sel._3_9181,0.010812621,0.33957666,-0.0767435,-0.736182
WOLFSKILL_Angelina_913,-0.032740343,-0.31627485,0.07428018,0.70104563
WOLFSKILL_Olivette_Vendemien_1549,-0.02593029,-0.37118253,0.033990197,0.8035135
WOLFSKILL_Tana-Kuzi_4206,-0.049559902,0.33864492,0.069941305,-0.7656473
WOLFSKILL_Fachren_Weis_2624,-0.025086373,-0.3660785,0.031262577,0.79844004
ALGERIA_Ahmeur Bou Ahmeur_51,-0.020600464,-0.38068616,0.0070452075,0.8110994
WOLFSKILL_Valdepenas_7659,-0.02191523,-0.4039839,0.008460803,0.86562777
WOLFSKILL_Madeleine_Angevine_1373,-0.031358212,0.35949564,0.025139397,-0.79798496
WOLFSKILL_Sabalkanskoi_4386,-0.045743637,-0.30960625,0.11368016,0.70346314
WOLFSKILL_Grosse_Blaue_6009,-0.03385332,-0.3757593,0.06624127,0.8233661
WOLFSKILL_Olmo_672_4101,-0.009597068,-0.40718415,-0.034203477,0.85860205
VINEYARDS_5C_chard_merced_y2019_1636,0.39163363,0.01141325,-0.947775,-0.0062587336
WOLFSKILL_Zalovitico_7801,-0.0197692,-0.40316877,0.0032489542,0.8645824
VINEYARDS_freedom_cab_madera_y2018_3927,0.35937726,0.014529992,-0.8715499,-0.02279583
WOLFSKILL_Muscat_Of_Alexandria_1431,-0.09670601,-0.26910895,0.27679116,0.68990576
WOLFSKILL_Himrisnky_556,-0.019948594,-0.37919983,0.011109838,0.8141453
VINEYARDS_5C_cab_madera_y2018_3482,0.38938907,0.0147677995,-0.9450776,-0.020111602
WOLFSKILL_Gungargoon_3463,-0.027948327,0.3306037,0.019172365,-0.73934996
WOLFSKILL_Madeleine_Sylvaner_9773,-0.01135368,-0.3418468,-0.009205708,0.7369527
WOLFSKILL_Torrontes_Riojano_9487,-0.015995003,-0.34514454,0.008827338,0.7502594
WOLFSKILL_Wittberger_9072,-0.021760833,-0.4182825,-0.0027984977,0.8773928
WOLFSKILL_Olmo_672_4100,-0.0031216266,-0.372769,-0.039531507,0.7965721
WOLFSKILL_Valdepenas_7658,-0.05972422,-0.34056857,0.15829809,0.79581636
WOLFSKILL_Pinot_Noir_2a_5104,-0.053767126,-0.3515327,0.1427727,0.8088788
WOLFSKILL_Sabalkanskoi_4387,-0.0542968,-0.32182544,0.14635006,0.7494508
WOLFSKILL_Himrisnky_557,-0.027344108,-0.35949105,0.042790018,0.7856978
WOLFSKILL_Wittberger_9073,-0.017360516,-0.39663547,-0.004425427,0.85046923
WOLFSKILL_Gungargoon_3462,-0.033345804,0.2721792,0.039099365,-0.6178328
WOLFSKILL_Zalovitico_7800,0.19226514,-0.08860563,-0.48133165,0.19788733
VINEYARDS_5C_chard_merced_y2019_1637,0.37224445,0.011988014,-0.9045949,-0.014864471
WOLFSKILL_Schiradzouli_Violet_1734,-0.03807298,-0.31121576,0.08727177,0.69470197
WOLFSKILL_Dabouki_1103,-0.012176138,-0.3584058,-0.009573711,0.77066696
WOLFSKILL_Rothgipfler_4653,-0.0714049,-0.35177097,0.20197448,0.8484174
VINEYARDS_freedom_cab_san_joaquin_y2018_2469,0.3605213,0.01038507,-0.87205124,-0.0062216558
WOLFSKILL_Netter_1489,-0.03650843,-0.387017,0.07424652,0.8504243
WOLFSKILL_Fantasy_Seedless_4309,-0.030171305,-0.4326087,0.027265811,0.9232278
WOLFSKILL_Selection_2798_8774,-0.025109507,-0.39002723,0.024840252,0.8395673
ALGERIA_Ichmoul_229,-0.01454308,-0.3844175,-0.020286104,0.8034687
VINEYARDS_freedom_chard_madera_y2018_4178,0.4048954,0.015420657,-0.98137623,-0.015947782
WOLFSKILL_Mavroudi_7940,-0.012076835,-0.3824639,-0.018071773,0.8151634
WOLFSKILL_Barone_Dell_aterno_966,0.29596063,0.0048183985,-0.7158869,0.0010824874
WOLFSKILL_Trieste_4x_3168,-0.033076096,0.32605973,0.034911312,-0.73005366
WOLFSKILL_Kokinelia_6169,-0.028244011,-0.39710307,0.037499808,0.8659874
VINEYARDS_freedom_cab_san_joaquin_y2018_2468,0.39690724,0.013415467,-0.96010274,-0.0071842223
WOLFSKILL_Netter_1488,-0.07800934,0.29830503,0.14548802,-0.69223523
WOLFSKILL_Selection_2798_8775,-0.09737951,0.15078752,0.20459267,-0.36133075
WOLFSKILL_Schiradzouli_Violet_1735,-0.06810824,0.19646499,0.1292334,-0.46999788
WOLFSKILL_Dabouki_1102,-0.09326969,-0.24490745,0.26852715,0.62459636
WOLFSKILL_Rothgipfler_4652,-0.071614705,-0.38170248,0.19977677,0.9168172
WOLFSKILL_Barone_Dell_aterno_967,-0.0023120902,-0.29932946,-0.024752593,0.6431004
WOLFSKILL_Sultana_Moschata_3660,-0.014671489,-0.40337458,-0.012160124,0.86482936
WOLFSKILL_Melon_6447,-0.022153195,-0.4212609,0.006309001,0.90129364
WOLFSKILL_Trieste_4x_3169,-0.026855119,-0.36344433,0.03871905,0.78708243
WOLFSKILL_Budrilay_8808,-0.027282257,0.39306083,0.011816358,-0.86461157
WOLFSKILL_Mavroudi_7941,-0.011723909,-0.3304813,-0.005588146,0.7146039
ALGERIA_Ichmoul_228,-0.021190707,-0.39025867,0.0065748617,0.83009803
VINEYARDS_freedom_chard_madera_y2018_4179,0.36556587,0.013844933,-0.88734996,-0.020239871
WOLFSKILL_Niunai_333,-0.028833099,0.41486484,0.016289478,-0.90504676
WOLFSKILL_Itonychi_Lefko_1976,-0.023023222,-0.4494134,-0.0076368283,0.93945944
WOLFSKILL_Touriga_8081,-0.022780824,-0.41815007,0.0071261395,0.89713186
WOLFSKILL_Ranny_Vira_3736,-0.013417286,-0.32974768,0.00027288124,0.70427585
WOLFSKILL_Tagouti_Rouge_1927,-0.029829249,0.3177209,0.025801351,-0.7096306
WOLFSKILL_Malagusiah_8604,-0.012239656,-0.41574228,-0.028184086,0.8773596
WOLFSKILL_Muscat_of_Alexandria_6562,-0.009892027,0.319958,-0.0225536,-0.7023504
WOLFSKILL_Sochal_Kara-kash_682,-0.003186538,0.21300355,-0.023952125,-0.4823562
WOLFSKILL_Zinfandel_8260,-0.12751941,-0.19950604,0.36640334,0.5453246
WOLFSKILL_Durif_6891,-0.11164644,0.24614711,0.22705677,-0.57326853
WOLFSKILL_Lambrusca_di_Alessandria_8491,-0.03462988,-0.41696897,0.05191741,0.9022249
WOLFSKILL_Prosecco_Lungo_8665,0.15274389,0.03908195,-0.37490034,-0.09295587
WOLFSKILL_Cornifesto_5672,-0.025343869,-0.39298943,0.025641983,0.8543346
WOLFSKILL_Teinturier_Male_7468,-0.019375764,-0.3668409,0.011404039,0.79205894
WOLFSKILL_Askari_4408,-0.036021456,-0.3787346,0.073229216,0.8368364
WOLFSKILL_Malagusiah_8605,-0.0071696853,0.34165394,-0.033593595,-0.74614686
WOLFSKILL_Ranny_Vira_3737,0.027929943,-0.23137432,-0.0932398,0.5017185
WOLFSKILL_Tagouti_Rouge_1926,-0.063414626,-0.32421136,0.17441513,0.7725034
WOLFSKILL_Itonychi_Lefko_1977,-0.03555788,0.35298854,0.041296266,-0.7890953
WOLFSKILL_Niunai_332,-0.02826881,0.39360923,0.017795196,-0.86223847
WOLFSKILL_Touriga_8080,-0.022863712,-0.35031122,0.030038243,0.7578368
WOLFSKILL_Prosecco_Lungo_8664,-0.029794369,-0.3921275,0.044272408,0.8487189
WOLFSKILL_Lambrusca_di_Alessandria_8490,-0.03377994,0.37473625,0.029034028,-0.82923603
WOLFSKILL_Teinturier_Male_7469,-0.023662072,-0.42039976,0.011394003,0.90217197
WOLFSKILL_Sochal_Kara-kash_683,0.045776896,0.1816772,-0.13822007,-0.40171167
WOLFSKILL_Durif_6890,-0.040262412,-0.38684368,0.083474554,0.8568323
WOLFSKILL_Zinfandel_8261,0.337484,0.0013992675,-0.8170644,0.013981886
WOLFSKILL_Sultanina_Marble_1803,-0.03184319,-0.40827987,0.04519529,0.8869207
WOLFSKILL_Ladikinah_6230,0.04856138,0.20366044,-0.14754418,-0.44550303
WOLFSKILL_UNKNOWN_CULTIVAR_9571,-0.005561119,-0.40219456,-0.044327933,0.84500456
ALGERIA_Tizi Ouinine_398,-0.007112534,-0.35133955,-0.024927905,0.7465688
WOLFSKILL_Chauche_Noir_8470,-0.00035342947,-0.37045026,-0.046030983,0.78784657
WOLFSKILL_Stein_4840,0.2667388,0.02922995,-0.64988893,-0.062360223
WOLFSKILL_Cabernet_Franc_5555,0.31839404,0.0014029928,-0.7727981,0.016969565
WOLFSKILL_Calmeria_1008,-0.11197616,-0.3038004,0.32642698,0.79474735
WOLFSKILL_Midget_Thompson_Seedless_2604,-0.05118808,-0.3458966,0.13241957,0.7933358
WOLFSKILL_Fatai_3936,0.099415235,0.20989345,-0.2720271,-0.44859245
WOLFSKILL_Mureto_6639,-0.029715326,-0.43813366,0.025555646,0.9359649
WOLFSKILL_Limberger_6283,0.0055060936,0.17781965,-0.04264167,-0.41211453
WOLFSKILL_UNKNOWN_CULTIVAR_9717,0.2779015,-0.0136301,-0.6752973,0.045666568
WOLFSKILL_Chassalas_Jababer_393,-0.16320987,-0.02717965,0.44466653,0.14668843
WOLFSKILL_Albana_5223,-0.01904786,-0.35329154,0.011260698,0.7620165
WOLFSKILL_Calmeria_112,0.04504499,-0.25070462,-0.13814858,0.5330208
WOLFSKILL_Grand_Noir_5965,-0.0022922764,-0.3345304,-0.031136159,0.7191038
WOLFSKILL_Ortega_4774,-0.038924508,-0.36435613,0.08401722,0.8112685
WOLFSKILL_Royal_E_1677,-0.01702122,-0.41207123,-0.014346538,0.8702263
WOLFSKILL_Mureto_6638,-0.02809158,-0.3706091,0.041629568,0.81094366
WOLFSKILL_Black_Kishmish_2417,-0.015032579,-0.34948763,0.0011780933,0.750988
WOLFSKILL_Limberger_6282,-0.15512161,-0.11146416,0.43831635,0.34991992
WOLFSKILL_Midget_Thompson_Seedless_2605,-0.044993594,-0.3366359,0.10796375,0.76023436
WOLFSKILL_Fatai_3937,0.1208392,-0.22736396,-0.32920843,0.4735726
WOLFSKILL_UNKNOWN_CULTIVAR_9716,0.018749245,-0.34145218,-0.092915915,0.719798
ALGERIA_Tizi Ouinine_399,-0.016427692,-0.36063987,-0.0011584815,0.7676332
WOLFSKILL_Chauche_Noir_8471,-0.0149301095,-0.40996176,-0.015145125,0.8739346
WOLFSKILL_Ladikinah_6231,-0.029239349,-0.38423145,0.041245952,0.83368504
WOLFSKILL_UNKNOWN_CULTIVAR_9570,0.018405147,-0.4032582,-0.11147166,0.8354003
WOLFSKILL_Calmeria_1009,-0.07596252,-0.34075105,0.21749212,0.83430374
WOLFSKILL_Cabernet_Franc_5554,-0.022262998,-0.3771431,0.017255405,0.81364787
WOLFSKILL_Stein_4841,-0.10392997,-0.22992049,0.30469316,0.59400797
WOLFSKILL_Ortega_4775,-0.026715823,0.3804837,0.009811861,-0.8318624
WOLFSKILL_Royal_E_1676,-0.025883697,-0.4061966,0.023743061,0.8732823
WOLFSKILL_Albana_5222,-0.013379884,-0.29586077,0.0073409136,0.64334524
WOLFSKILL_Vidal_9_9478,-0.10603282,-0.12904596,0.2926796,0.33945715
WOLFSKILL_Chassalas_Jababer_392,0.25573996,-0.004755622,-0.61418736,0.022904731
VINEYARDS_5C_chard_san_joaquin_y2018_4422,0.3596007,0.013257112,-0.8709012,-0.01569746
WOLFSKILL_Red_Malaga_2_4x_3784,-0.046322256,-0.16464967,0.11654211,0.37115893
WOLFSKILL_Muscat_Oliver_3600,-0.020811316,-0.38283855,0.010747628,0.8250386
WOLFSKILL_Calmeria_113,-0.016491584,-0.41093543,-0.019689113,0.85452616
VINEYARDS_1103P_cab_san_joaquin_y2018_4617,0.3276805,0.015813962,-0.7931788,-0.025501963
WOLFSKILL_Ribier_2204,-0.03684945,-0.4161482,0.061994933,0.9081087
WOLFSKILL_Norakert_PRG_2224_3731,0.2175545,0.04453255,-0.53031117,-0.09947972
WOLFSKILL_Lady_Hutt_450,-0.037409298,0.37609196,0.043872803,-0.83970356
VINEYARDS_freedom_chard_merced_y2018_3384,0.37596866,0.009370763,-0.9097215,-0.00076637417
WOLFSKILL_Chasselas_Doree_Apyrene_4873,-0.02809301,-0.37272918,0.04007314,0.8069706
VINEYARDS_1103P_chard_san_joaquin_y2018_4579,0.3834266,0.014754955,-0.92914975,-0.018258754
VINEYARDS_freedom_cab_san_joaquin_y2019_1068,-0.014190611,-0.3696754,-0.007193098,0.7894963
WOLFSKILL_Gaschochi_8821,-0.023668468,-0.44220024,0.003305545,0.9380193
WOLFSKILL_Black_Malvoisie_5443,-0.027845081,-0.37312678,0.040532656,0.81348926
VINEYARDS_freedom_cab_san_joaquin_y2019_173,0.3784035,0.012084529,-0.91522205,-0.006626386
WOLFSKILL_Norakert_PRG_2224_3730,-0.0031431625,-0.3934424,-0.047492698,0.82708097
VINEYARDS_1103P_cab_san_joaquin_y2018_4616,0.35247305,0.014826424,-0.853786,-0.022603605
ALGERIA_Louali_297,-0.007950839,-0.35151592,-0.02968267,0.73704374
WOLFSKILL_Gaschochi_8820,-0.033177085,-0.4569562,0.03590335,0.9739592
WOLFSKILL_Black_Malvoisie_5442,0.03486505,0.23656781,-0.11819495,-0.5156231
VINEYARDS_freedom_chard_merced_y2018_3385,0.37397245,0.014465045,-0.9070889,-0.017260443
WOLFSKILL_Unknown_Cultivar_7805,-0.013387584,-0.35204375,-0.0064999815,0.7544666
WOLFSKILL_Lady_Hutt_451,-0.060482338,0.22871308,0.10758666,-0.5346587
VINEYARDS_freedom_cab_san_joaquin_y2019_1069,0.1503494,-0.13701478,-0.37839052,0.30533874
VINEYARDS_1103P_chard_san_joaquin_y2018_4578,0.39360768,0.017036255,-0.9541916,-0.022600774
WOLFSKILL_Alicante_Vermelho_5245,-0.093646824,0.30797195,0.18100652,-0.71820825
VINEYARDS_freedom_chard_san_joaquin_y2019_858,0.36301753,0.013733108,-0.8801272,-0.016917076
WOLFSKILL_Pinot_Noir-marianfeld_5106,-0.095079444,-0.21489401,0.28300396,0.5527537
WOLFSKILL_Katsano_6126,-2.6136637e-05,0.30544618,-0.04455114,-0.66585875
WOLFSKILL_Ishkin_8815,-0.02090495,-0.40507853,0.00675234,0.86420804
WOLFSKILL_Pedro_Ximenez_6875,-0.03988446,0.3710028,0.044947453,-0.82739514
WOLFSKILL_Tintureiro_7577,-0.023606181,-0.37424973,0.02542627,0.8161793
WOLFSKILL_Coudsi_1077,-0.060733803,-0.28587702,0.17135412,0.67834103
WOLFSKILL_Folle_Blanche_4861,0.008327704,-0.34757137,-0.065479055,0.738072
WOLFSKILL_Neo-Muscat_3601,-0.009483769,-0.30584323,-0.004983194,0.66835576
WOLFSKILL_Rosaki_1653,0.0022123293,-0.27385387,-0.034729064,0.5827494
WOLFSKILL_Chardonnay_5618,0.29813066,-0.04977276,-0.73049587,0.12205471
WOLFSKILL_Exotic_1199,0.07109028,-0.27781704,-0.21294072,0.57926214
WOLFSKILL_Foster_s_Seedling_2791,-0.033641454,-0.2232668,0.08660884,0.50344884
WOLFSKILL_Taify_Pink_4493,-0.026185125,-0.4046796,0.022988634,0.8711972
VINEYARDS_freedom_chard_merced_y2019_1623,0.370133,0.012022767,-0.8958614,-0.010557812
WOLFSKILL_Pedro_Ximenez_6874,-0.03206034,0.39672372,0.02346061,-0.8736265
WOLFSKILL_Tintureiro_7576,-0.00786578,0.34720546,-0.02953465,-0.7607002
WOLFSKILL_Ishkin_8814,-0.014480748,0.36332607,-0.017007088,-0.7910501
WOLFSKILL_Kala_Kostan_3531,0.11932067,0.15618776,-0.31203097,-0.33605653
VINEYARDS_freedom_chard_san_joaquin_y2019_859,0.36441258,0.013488084,-0.88542664,-0.018448677
WOLFSKILL_Katsano_6127,-0.020839363,-0.34720814,0.021234067,0.74640965
WOLFSKILL_Pinot_Noir-marianfeld_5107,-0.06675464,-0.29129297,0.19160481,0.701576
WOLFSKILL_Chardonnay_5619,-0.18850312,0.18454742,0.456689,-0.38768834
WOLFSKILL_Exotic_1198,-0.02273202,-0.3662837,0.022027692,0.789554
WOLFSKILL_Rosaki_1652,-0.03448838,-0.34061882,0.07517048,0.7544414
WOLFSKILL_Coudsi_1076,-0.05464741,-0.3770109,0.13958892,0.8697982
WOLFSKILL_Folle_Blanche_4860,0.13085727,0.06844048,-0.32591283,-0.1454286
WOLFSKILL_Charmont_9154,-0.023962393,-0.38169274,0.028009554,0.8322408
WOLFSKILL_San_Martino_P._215_1721,-0.030654155,-0.32567123,0.0637611,0.72068155
ALGERIA_Ichmoul_260,-0.011254893,-0.41125524,-0.040298823,0.8518888
WOLFSKILL_Pias_6505,-0.017375238,-0.39246207,-0.001478741,0.8402613
WOLFSKILL_Zimsko_Belo_3685,0.18707795,-0.07615316,-0.4695545,0.16976556
WOLFSKILL_Trincadeiro_Branco_7611,0.085841246,0.15252057,-0.23054376,-0.33390388
WOLFSKILL_Crujidero_8503,-0.0163619,-0.4015423,-0.012579666,0.8490796
WOLFSKILL_Retino_Lefko_8133,-0.027020238,-0.37641,0.034317456,0.81336784
VINEYARDS_5C_cab_san_joaquin_y2019_1969,0.3939073,0.01413938,-0.95422006,-0.01453675
WOLFSKILL_Unkown_Cultivar_5375,0.42633376,0.019972827,-1.0338012,-0.026909541
WOLFSKILL_Zinfandel_Heritage_Sel._28_4578,-0.06593972,0.25660217,0.11825731,-0.59771675
WOLFSKILL_Riesling_Italico_7152,-0.0409228,0.36807442,0.052173637,-0.8240878
WOLFSKILL_Tsoupi_8051,-0.03827464,-0.28941473,0.09495781,0.6490899
WOLFSKILL_San_Martino_P._215_1720,-0.029632483,-0.38514453,0.04104279,0.8376359
ALGERIA_Ichmoul_261,-0.016932026,-0.39142364,-0.007929256,0.82979304
WOLFSKILL_Charmont_9155,-0.03965183,-0.33562878,0.093774974,0.7521479
WOLFSKILL_Retino_Lefko_8132,-0.022266783,-0.38876027,0.013526773,0.83397233
VINEYARDS_5C_cab_san_joaquin_y2019_1968,0.31858262,0.0077184252,-0.7709484,-0.003870096
WOLFSKILL_Zinfandel_Heritage_Sel._28_4579,-0.00927225,-0.3477532,-0.018350659,0.7423254
WOLFSKILL_Riesling_Italico_7153,-0.036386147,0.3155218,0.044429548,-0.70976317
WOLFSKILL_Tsoupi_8050,-0.055438325,-0.35229868,0.1452739,0.81808764
WOLFSKILL_Unkown_Cultivar_5374,-0.016792323,-0.40856287,-0.010182548,0.87021685
WOLFSKILL_Pias_6504,-0.032246076,0.3635607,0.026870487,-0.80556124
WOLFSKILL_Crujidero_8502,-0.0047157286,-0.3286537,-0.028706567,0.69126534
WOLFSKILL_Osteiner_5081,0.0034985505,-0.3660754,-0.057830945,0.7765379
WOLFSKILL_Trincadeiro_Branco_7610,-0.028275296,0.40142864,0.01132877,-0.87747145
WOLFSKILL_Russian_Seedless_3389,-0.04818824,-0.39724213,0.11792115,0.89752376
VINEYARDS_1103P_chard_san_joaquin_y2018_4438,0.39058846,0.015378784,-0.94839853,-0.020519163
WOLFSKILL_Abla_Aganin_Isium_843,-0.025641479,-0.37862116,0.028183332,0.8195959
WOLFSKILL_Kominato_6192,-0.005847561,0.3607974,-0.040224098,-0.780509
WOLFSKILL_Tourigan_National_5260,-0.0345678,0.4077738,0.02924485,-0.89700276
VINEYARDS_freedom_chard_merced_y2018_4304,0.37160996,0.013232239,-0.9011923,-0.015210453
VINEYARDS_1103P_cab_merced_y2018_4318,0.4166762,0.018058974,-1.0114397,-0.023449298
WOLFSKILL_Royal_Thompson_169,-0.033002786,-0.4114611,0.049977846,0.88825965
WOLFSKILL_Kwar_II_3413,0.29231453,0.013210911,-0.71204513,-0.024897028
WOLFSKILL_Chardonnay_8227,-0.03480333,0.3856036,0.035769507,-0.85536104
VINEYARDS_freedom_cab_madera_y2019_510,0.36260352,0.0070065,-0.8776113,0.0038140006
WOLFSKILL_Abla_Aganin_Isium_842,-0.031952303,-0.387072,0.05070854,0.84762335
VINEYARDS_freedom_chard_merced_y2018_4305,0.39742306,0.01597301,-0.96333396,-0.018088497
WOLFSKILL_Tourigan_National_5261,-0.020791478,0.3226894,0.0036225822,-0.71151984
WOLFSKILL_Russian_Seedless_3388,-0.009689332,-0.36441302,-0.017017068,0.78413224
WOLFSKILL_Kwar_II_3412,-0.022977058,-0.4302829,0.008627003,0.9199188
WOLFSKILL_Royal_Thompson_168,-0.022529863,-0.36819825,0.022247946,0.7921083
WOLFSKILL_Chardonnay_8226,-0.1881985,0.024564926,0.49945933,0.029850133
VINEYARDS_freedom_cab_madera_y2019_511,0.38070756,0.013988309,-0.9217893,-0.013883632
WOLFSKILL_Chenin_Blanc_8475,-0.026538447,-0.41463476,0.020760069,0.88984084
WOLFSKILL_Husseive_2577,-0.018664155,-0.4007487,-0.0004691463,0.8526386
WOLFSKILL_El_Bejuco_4887,-0.03076826,-0.39803112,0.046339005,0.86491215
VINEYARDS_5C_cab_madera_y2018_4238,0.32712793,0.01164997,-0.79319656,-0.015554231
WOLFSKILL_Royale_4x_3196,-0.06972499,-0.25260642,0.1972835,0.61290157
WOLFSKILL_Mavroliatis_7932,-0.03576649,-0.41669762,0.056021668,0.9042232
ALGERIA_Ahmeur Bou Ahmeur_19,-0.028955407,-0.38605732,0.033621386,0.8254751
WOLFSKILL_Mezes_4628,-0.09710675,-0.31322378,0.28302166,0.80331004
WOLFSKILL_Kouldjinski_9020,-0.026828453,-0.41607955,0.018876454,0.8846632
WOLFSKILL_Saidi_Gulami_1713,-0.053311676,-0.36935306,0.13727605,0.84482217
WOLFSKILL_Moschardina_6581,-0.040989473,0.34597886,0.047833703,-0.7773771
WOLFSKILL_Autumn_Black_4291,-0.035897985,-0.3979119,0.06036175,0.8711683
WOLFSKILL_UNKNOWN_CULTIVAR_9656,0.047691416,-0.2156562,-0.14107774,0.4629534
WOLFSKILL_Moscatel_Galego_6554,0.16987656,0.020738114,-0.4104165,-0.041308638
WOLFSKILL_Aspruda_Halkidos_7838,-0.024369724,-0.38207936,0.024363542,0.8253705
WOLFSKILL_Crujidero_8499,0.025421903,0.26774687,-0.09972564,-0.58127916
WOLFSKILL_Rubired_7192,-0.05586075,-0.30518407,0.1502312,0.71049917
WOLFSKILL_Potamisi_7080,-0.011227694,-0.3405132,-0.0077930186,0.7350141
WOLFSKILL_Cereza_9169,-0.022936981,-0.3727788,0.020850873,0.8049054
WOLFSKILL_Ferdinand_De_Lesseps_1208,-0.021643069,-0.4074577,0.008679038,0.8739636
VINEYARDS_freedom_chard_san_joaquin_y2019_2001,0.3439057,0.015211768,-0.83258843,-0.025943782
WOLFSKILL_Mavroliatis_7933,-0.070204176,-0.28642204,0.20271733,0.6981436
WOLFSKILL_Kouldjinski_9021,-0.0060778316,-0.3864968,-0.034910984,0.8237257
WOLFSKILL_Mezes_4629,-0.06571175,-0.30808738,0.18850553,0.7406895
ALGERIA_Ahmeur Bou Ahmeur_18,-0.022502005,-0.44857025,-0.011131471,0.93231404
WOLFSKILL_Saint_Laurent_9267,-0.035282783,-0.42277,0.0532976,0.9169539
WOLFSKILL_Chenin_Blanc_8474,0.026612286,-0.29794312,-0.09978718,0.6389786
WOLFSKILL_Royale_4x_3197,-0.14554437,-0.20711772,0.42028674,0.58683085
WOLFSKILL_Husseive_2576,0.34754673,0.004631877,-0.8399406,0.0077054165
WOLFSKILL_El_Bejuco_4886,-0.04471124,-0.30919948,0.1122464,0.7018317
WOLFSKILL_Rubired_7193,-0.030419827,-0.43744662,0.031439714,0.9400734
WOLFSKILL_Potamisi_7081,-0.016365513,-0.39633,-0.0072757136,0.8446723
WOLFSKILL_Cereza_9168,-0.028567173,-0.4249233,0.026408529,0.90889513
VINEYARDS_freedom_chard_san_joaquin_y2019_2000,0.36179212,0.014824934,-0.877367,-0.020340662
WOLFSKILL_Ferdinand_De_Lesseps_1209,0.23994528,-0.036284484,-0.58698773,0.09133902
VINEYARDS_freedom_cab_san_joaquin_y2019_700,0.33614394,0.0135376975,-0.8166667,-0.024047557
WOLFSKILL_UNKNOWN_CULTIVAR_9657,-0.022944227,-0.41265017,0.007053407,0.87852013
WOLFSKILL_Autumn_Black_4290,-0.03089764,-0.43524075,0.03103803,0.9299151
WOLFSKILL_Moschardina_6580,-0.026959326,-0.4045089,0.026811806,0.8697697
WOLFSKILL_Crujidero_8498,-0.12551709,-0.2444775,0.3576169,0.65381956
WOLFSKILL_Aspruda_Halkidos_7839,-0.017990235,-0.3337382,0.017526636,0.7284502
VINEYARDS_freedom_chard_san_joaquin_y2018_3669,0.42210272,0.018870037,-1.0257862,-0.026371282
VINEYARDS_freedom_cab_merced_y2019_577,0.35709795,0.0070820823,-0.8619927,0.0018399023
WOLFSKILL_Cabernet_Franc_6315,-0.08421231,-0.13831972,0.22219609,0.33336106
WOLFSKILL_Persian_R27_4106,-0.044678923,-0.3702864,0.114578106,0.8365115
WOLFSKILL_Perlette_1585,-0.051644895,-0.36193094,0.12948072,0.82564455
WOLFSKILL_Inzolia_8568,0.108546026,-0.22215395,-0.29536763,0.4674592
WOLFSKILL_Pinot_Pernard_6957,-0.0670293,0.31752694,0.11394424,-0.7267666
WOLFSKILL_Trousseau_6537,0.0060725226,-0.32572103,-0.05506494,0.69697917
WOLFSKILL_Parreira_6827,0.019434202,-0.32897633,-0.0886065,0.7003784
WOLFSKILL_Inzolia_8569,-0.019870412,-0.3651282,0.014584517,0.78831637
WOLFSKILL_Cabernet_Franc_6314,-0.04492331,0.17767006,0.07782061,-0.4230879
VINEYARDS_freedom_chard_san_joaquin_y2018_3668,0.40244743,0.015881572,-0.97773266,-0.020290818
WOLFSKILL_Perlette_1584,-0.034310088,-0.34903613,0.073550515,0.7720214
WOLFSKILL_Persian_R27_4107,-0.07363372,-0.33075476,0.21215007,0.8026689
WOLFSKILL_Trousseau_6536,0.076491736,-0.24439384,-0.2127752,0.52835584
WOLFSKILL_Parreira_6826,0.27938595,-0.00019639358,-0.6780206,0.0047311597
WOLFSKILL_Pinot_Pernard_6956,0.0033578025,0.28532773,-0.046523802,-0.63207614
VINEYARDS_5C_chard_san_joaquin_y2018_4796,0.35716197,0.01431033,-0.86735284,-0.022592898
WOLFSKILL_Calzin_5579,-0.042731516,-0.3438987,0.11065135,0.777475
WOLFSKILL_Eununi_1187,-0.05171659,-0.27795264,0.14007863,0.64390576
WOLFSKILL_Bhokari_3082,-0.043188304,-0.37363195,0.10409338,0.8391612
WOLFSKILL_Buaki_5543,-0.07462892,0.21697755,0.14007463,-0.5082917
WOLFSKILL_Perbos_139_418,-0.06735702,0.32110253,0.119534545,-0.7386331
WOLFSKILL_Gouveio_5961,-0.025344234,-0.36650068,0.030718474,0.79270923
WOLFSKILL_UNKNOWN_CULTIVAR_5114,0.074806504,-0.33092248,-0.23120782,0.6884407
WOLFSKILL_Vermentino_Favorita_5182,-0.026288256,-0.38469267,0.03000691,0.8347162
WOLFSKILL_Triplett_T170-9B_9347,-0.049008135,-0.36255443,0.11936537,0.82284147
WOLFSKILL_Vernatschia_Alternatures_8179,-0.22104608,0.030291844,0.58009446,0.038209725
WOLFSKILL_Kadarka_6092,-0.03428343,0.35235852,0.034120925,-0.78486645
WOLFSKILL_Gouveio_5960,-0.052015066,-0.29944044,0.14109188,0.6906075
WOLFSKILL_UNKNOWN_CULTIVAR_5115,-0.029429495,0.32475537,0.026666773,-0.7244002
WOLFSKILL_Perbos_139_419,0.04070458,0.25971407,-0.13513009,-0.56304425
WOLFSKILL_Calzin_5578,-0.09294372,-0.12793134,0.24439144,0.31557846
WOLFSKILL_Eununi_1186,0.16546114,-0.1488608,-0.42452735,0.31553462
WOLFSKILL_Bhokari_3083,-0.027687378,0.35792336,0.015401816,-0.789623
WOLFSKILL_Buaki_5542,0.1374016,-0.18554886,-0.36102194,0.3925575
WOLFSKILL_Triplett_T170-9B_9346,-0.024122175,-0.40411615,0.014199672,0.8677936
WOLFSKILL_Vernatschia_Alternatures_8178,-0.014299708,0.3406198,-0.017336078,-0.7431326
WOLFSKILL_Vermentino_Favorita_5183,-0.0075192796,-0.3185416,-0.0129395295,0.69160306
WOLFSKILL_Kadarka_6093,-0.009625823,0.29633474,-0.019195817,-0.6575836
WOLFSKILL_Clevner_Mariafeld_5032,-0.025798522,-0.3916176,0.026727537,0.84724694
WOLFSKILL_Wengerka_2655,-0.0488106,-0.33625075,0.12417134,0.7705703
WOLFSKILL_Nebbiolo_Michet_9193,0.024927244,-0.2800646,-0.09648791,0.59307444
WOLFSKILL_Picpoule_Noir_6937,-0.045988288,-0.37028116,0.11881218,0.8414597
WOLFSKILL_Barbera_5386,0.12753524,0.18468893,-0.3377396,-0.3945805
VINEYARDS_freedom_cab_san_joaquin_y2018_3148,0.35119304,0.013203625,-0.8507621,-0.01328174
WOLFSKILL_Roussico_8016,-0.03251774,-0.38957006,0.04897716,0.84684324
WOLFSKILL_Ruby_Okuyama_4353,-0.0068034483,-0.39433813,-0.03646967,0.8335917
WOLFSKILL_Pinot_Nero_6977,0.03739383,0.28470287,-0.13097481,-0.6146592
WOLFSKILL_Green_Hungarian_5991,-0.004292975,-0.32108712,-0.02339687,0.6978864
VINEYARDS_1103P_cab_san_joaquin_y2019_1490,0.36518505,0.0070008896,-0.8808462,0.004126776
WOLFSKILL_Sauvignon_Gris_4816,-0.13326336,-0.23514153,0.3846876,0.6404344
WOLFSKILL_Hermitage_4743,-0.033215392,-0.36092865,0.065007515,0.7968375
WOLFSKILL_Perle_de_Csaba_8927,-0.05655864,-0.32373893,0.15147126,0.7532954
WOLFSKILL_Ghlicopati_8537,-0.060780242,-0.29374468,0.17286041,0.69734055
WOLFSKILL_Muscat_St._Laurent_56,-0.025438856,-0.31426787,0.049863018,0.6899461
WOLFSKILL_Dumbrehnah_Mavri_5713,-0.026926659,-0.38598043,0.03260415,0.83918834
WOLFSKILL_Delizia_Di_Vaprio_2993,-0.015534935,0.3947606,-0.01830178,-0.85148394
WOLFSKILL_Aitah_3053,-0.05638375,0.36213687,0.091992,-0.8232154
WOLFSKILL_Barbera_5387,-0.027096555,-0.272166,0.062752195,0.60836303
WOLFSKILL_Mausac_Blanc_6407,-0.018494662,-0.3680581,0.012389751,0.8028851
WOLFSKILL_Roussico_8017,-0.032475233,-0.42876315,0.036735415,0.9201737
WOLFSKILL_Wengerka_2654,-0.016855419,-0.34902036,0.0067376792,0.74965334
WOLFSKILL_Olmo_035-64_3351,-0.043994606,-0.28095508,0.11353362,0.6388929
WOLFSKILL_Nebbiolo_Michet_9192,-0.09125022,0.2338161,0.18462336,-0.5551944
WOLFSKILL_Picpoule_Noir_6936,-0.035139345,-0.38648337,0.06500087,0.85008717
VINEYARDS_5C_cab_san_joaquin_y2018_3331,0.32477215,0.0078245215,-0.7845793,-0.0030201785
WOLFSKILL_Delizia_Di_Vaprio_2992,-0.035304025,-0.39915186,0.06027767,0.8733495
WOLFSKILL_Aitah_3052,0.04143945,0.18913235,-0.12917794,-0.42615604
WOLFSKILL_Sauvignon_Gris_4817,-0.03976492,-0.43557897,0.0704663,0.9504041
WOLFSKILL_Perle_de_Csaba_8926,-0.11385498,-0.2969885,0.33227345,0.77746856
WOLFSKILL_Muscat_St._Laurent_57,-0.0056163473,-0.3583178,-0.031316444,0.76294917
WOLFSKILL_Ghlicopati_8536,-0.031781245,0.38763684,0.022532238,-0.85358787
WOLFSKILL_Green_Hungarian_5990,-0.008151884,-0.3640626,-0.023457156,0.77951616
WOLFSKILL_Ruby_Okuyama_4352,-0.027410772,-0.2423533,0.05925087,0.5395482
WOLFSKILL_Pinot_Nero_6976,0.014698161,0.2162927,-0.06766902,-0.48638272
VINEYARDS_1103P_chard_madera_y2018_3971,-0.05356898,0.36301687,0.08077579,-0.8188971
VINEYARDS_freedom_cab_madera_y2018_4063,-0.030351527,0.3407522,0.024014903,-0.7581147
WOLFSKILL_Dornfelder_4033,-0.015896909,0.3207611,-0.009837457,-0.7072343
WOLFSKILL_Mariposa_Muscat_4509,-0.030578095,-0.4014647,0.043469913,0.87406856
WOLFSKILL_Burgrave_1005,-0.078710325,-0.32295293,0.23074186,0.79871434
WOLFSKILL_Kishmishi_1315,0.008487049,0.31183684,-0.067346044,-0.6805842
WOLFSKILL_Seedless_Tokay_2376,0.22716133,0.00692581,-0.54559606,-0.0050374717
WOLFSKILL_Karrithato_6119,-0.0075886287,-0.37544692,-0.026588192,0.803465
WOLFSKILL_Rodites_1672,-0.02981826,-0.42303008,0.031458437,0.9070415
WOLFSKILL_UNKNOWN_CULTIVAR_9538,0.015998818,-0.018924225,-0.042436786,0.036606595
WOLFSKILL_Kishmishi_1314,-0.016619172,-0.35201392,0.0073649343,0.75991493
VINEYARDS_1103P_chard_madera_y2018_3970,-0.0320061,0.3930421,0.021956163,-0.8622315
VINEYARDS_freedom_cab_madera_y2018_4062,-0.036668953,0.3623951,0.037908204,-0.8079103
WOLFSKILL_Mariposa_Muscat_4508,0.1448621,0.0732858,-0.3564576,-0.15481818
WOLFSKILL_Burgrave_1004,-0.03611415,-0.44410148,0.05376619,0.95600224
WOLFSKILL_Dornfelder_4032,-0.0043601533,-0.34528428,-0.027715357,0.74315184
WOLFSKILL_Pinot_Noir_Espinett_5089,-0.10787591,-0.2735313,0.31491473,0.71526945
WOLFSKILL_White_Riesling_4679,0.029090535,-0.22115228,-0.08279123,0.4921916
WOLFSKILL_UNKNOWN_CULTIVAR_9539,-0.051981702,-0.28855056,0.14064392,0.66596764
WOLFSKILL_Zinfandel_Heritage_Sel._14_4560,-0.027920954,0.3667607,0.016098758,-0.80753785
WOLFSKILL_Seedless_Tokay_2377,0.020661555,0.33387297,-0.10121637,-0.7213383
WOLFSKILL_Karrithato_6118,0.0028536795,0.3031796,-0.048431944,-0.6610936
WOLFSKILL_Rodites_1673,-0.023979235,-0.40531152,0.011492046,0.8573458
VINEYARDS_freedom_cab_merced_y2018_3397,0.3411632,0.011325773,-0.8263972,-0.012779143
ALGERIA_Louali_345,-0.017344177,-0.39461678,-0.010193326,0.828333
VINEYARDS_5C_cab_madera_y2018_3459,0.35992596,0.011858445,-0.8737015,-0.014910683
WOLFSKILL_Russian_Seedless_4x_3794,-0.0063854,-0.35885987,-0.03007144,0.7613517
WOLFSKILL_Terret_Gris_7508,-0.053943917,-0.3679769,0.13874322,0.84539557
WOLFSKILL_Gewurztraminer_5925,0.021977555,-0.18651785,-0.062097244,0.42154875
WOLFSKILL_Fer_Servadou_5047,-0.048312217,-0.3395381,0.12414389,0.77751803
WOLFSKILL_Zifir_4000,-0.024713542,-0.37838012,0.024725718,0.8179913
WOLFSKILL_Spin_Ugad_3545,-0.032726184,0.37164885,0.03040859,-0.8251227
WOLFSKILL_Triplett_T61-13_9341,-0.026259143,-0.42715418,0.01856638,0.9113488
WOLFSKILL_Alloued_Zeine_906,-0.06582216,-0.35806277,0.18041585,0.85276186
WOLFSKILL_Terret_Gris_7509,-0.020469882,-0.39640957,0.007315928,0.85205835
VINEYARDS_5C_chard_san_joaquin_y2018_3302,0.34446296,0.009963982,-0.834324,-0.008072332
WOLFSKILL_Russian_Seedless_4x_3795,-0.029265009,-0.31522912,0.063535474,0.6950315
WOLFSKILL_Zifir_4001,-0.008383522,-0.39136225,-0.032508202,0.83093715
WOLFSKILL_Fer_Servadou_5046,-0.08072205,-0.2996949,0.23940435,0.74197435
ALGERIA_Louali_344,-0.021124758,-0.42978916,-0.009190079,0.8977095
VINEYARDS_5C_cab_madera_y2018_3458,0.357192,0.013688203,-0.8671595,-0.020779561
WOLFSKILL_Triplett_T61-13_9340,-0.034105673,-0.38802573,0.059038877,0.85102034
WOLFSKILL_Alloued_Zeine_907,-0.03886521,-0.29396275,0.09340838,0.6612251
WOLFSKILL_Seeded_Thompson_2434,0.12270038,0.12130955,-0.3142498,-0.26644945
WOLFSKILL_Nebbiolo_6705,-0.039560743,-0.3550441,0.100619875,0.79568493
WOLFSKILL_Zweigelt-rebe_9082,-0.02432603,-0.35806662,0.028989917,0.7747261
WOLFSKILL_Dabouki_2511,-0.029449053,-0.39310694,0.033463433,0.84767056
WOLFSKILL_Milton_1411,0.0438465,-0.26715443,-0.139721,0.5669806
WOLFSKILL_Spanna_7369,-0.02988156,-0.41085625,0.038896315,0.8894652
WOLFSKILL_Tavriz_9105,-0.0139845675,-0.40279496,-0.01563369,0.8586725
WOLFSKILL_UNKNOWN_CULTIVAR_6621,-0.020790007,0.34677744,0.00096490793,-0.7583988
WOLFSKILL_Emile_Royal_1146,-0.021988593,-0.4215867,0.0052791853,0.9041028
WOLFSKILL_Spanna_7368,-0.016132873,-0.34749764,0.009446742,0.7545427
WOLFSKILL_Nebbiolo_6704,-0.08186825,-0.29452255,0.23887765,0.7371686
WOLFSKILL_Emile_Royal_1147,-0.029387772,0.34083807,0.023215344,-0.75646245
WOLFSKILL_Tavriz_9104,-0.015352673,-0.36931142,-0.0013219807,0.7949222
WOLFSKILL_UNKNOWN_CULTIVAR_6620,0.021901913,-0.38560587,-0.11529542,0.80055165
WOLFSKILL_Muscat_Noir_De_Hongrie_1467,-0.1334457,-0.22916679,0.39031076,0.631305
UCDAVIS_SYRAH_678,-0.07571142,0.3133618,0.13437445,-0.7208444
VINEYARDS_freedom_chard_san_joaquin_y2018_3201,0.35778272,0.014955293,-0.86951214,-0.020694856
WOLFSKILL_Lattuario_1336,-0.00043441774,-0.31814882,-0.038104158,0.67248225
WOLFSKILL_Black_Hamburg_104,-0.015167532,-0.40311265,-0.015706016,0.8509792
WOLFSKILL_Kurutaktas_2127,-0.04651032,-0.3547223,0.111882545,0.8001914
WOLFSKILL_Poet_Matabon_181,-0.041677207,-0.36464417,0.096068874,0.8174021
WOLFSKILL_Mondeuse_6514,-0.035499927,0.33793944,0.040202767,-0.75808215
WOLFSKILL_Nosargoon_3528,0.0743012,0.19922829,-0.20853288,-0.4321012
WOLFSKILL_Berzamino_5438,-0.020008128,-0.4292043,-0.00871752,0.90717655
VINEYARDS_freedom_chard_san_joaquin_y2018_3200,0.2991854,0.009883884,-0.72271264,-0.014501642
WOLFSKILL_Lattuario_1337,0.029367283,0.25129396,-0.109390825,-0.5429068
WOLFSKILL_Khir_Ghulaman_2870,0.025397163,-0.3103659,-0.10362633,0.6520065
WOLFSKILL_Poet_Matabon_180,-0.022479966,-0.4058311,0.00852743,0.8647231
WOLFSKILL_Kurutaktas_2126,-0.014039907,-0.38794452,-0.015159393,0.82521987
WOLFSKILL_Mondeuse_6515,-0.02122572,-0.41396022,0.0057276543,0.88540375
WOLFSKILL_Nosargoon_3529,-0.05204817,0.3129441,0.08245103,-0.71390766
WOLFSKILL_Berzamino_5439,-0.017919336,0.33183724,-0.00450732,-0.7306609
WOLFSKILL_Shami_1750,-0.03037092,0.39881104,0.015612839,-0.87208796
WOLFSKILL_Black_Hamburg_105,-0.029532056,-0.45505267,0.015078897,0.9595216
ALGERIA_Louali_371,-0.033193402,-0.3898837,0.051368006,0.8469025
ALGERIA_Ahmeur Bou Ahmeur_8,0.008033948,-0.35845274,-0.066180006,0.7619196
WOLFSKILL_Furmint_5861,-0.08111235,-0.30535948,0.23377919,0.7572833
ALGERIA_Ahmeur Bou Ahmeur_9,-0.012871812,-0.3934237,-0.02186512,0.83112603
WOLFSKILL_Affenthaler_5204,-0.019870538,-0.42184132,-0.0031907447,0.90013254
WOLFSKILL_Tarrango_I_3663,-0.01836782,-0.4039567,-0.0041770358,0.8575118
WOLFSKILL_Alicante_Bouschet_5237,-0.020873033,-0.39018792,0.012396956,0.84466
WOLFSKILL_Muscat_De_L_adda_492,-0.032205116,0.31201357,0.029792136,-0.69796294
WOLFSKILL_Mourisco_6597,0.37859514,0.015376475,-0.92148113,-0.02091695
WOLFSKILL_Rambola_1632,-0.029213563,-0.43275213,0.02829693,0.9274678
WOLFSKILL_Black_Ferrara_3091,-0.020291131,-0.39775944,0.0058931354,0.8529054
WOLFSKILL_Ciminnita_8752,-0.0217681,-0.3354738,0.032521665,0.7362015
WOLFSKILL_Olivette_Noire_2484,-0.04906683,-0.2634586,0.1301713,0.6075555
WOLFSKILL_Fresno_35-75_484,0.021334395,0.29202992,-0.09285393,-0.63102615
WOLFSKILL_Appley_Towers_36,-0.019988943,-0.36943954,0.011314755,0.79581046
WOLFSKILL_Zinfandel_Heritage_Sel._14_4555,0.0126758935,0.28007543,-0.0701157,-0.6070238
WOLFSKILL_Troja_7613,-0.028079305,-0.39246184,0.034697637,0.84642565
WOLFSKILL_Rambola_1633,0.0018937243,0.3158034,-0.04822693,-0.6882421
WOLFSKILL_Cape_Currant_40,-0.034616455,-0.326884,0.07618678,0.72627056
WOLFSKILL_Tarrango_I_3662,-0.011730234,-0.3837804,-0.015722094,0.8182249
VINEYARDS_5C_chard_san_joaquin_y2019_184,0.36126092,0.00798713,-0.87256014,0.0018511228
VINEYARDS_freedom_cab_madera_y2018_4056,-0.018195737,0.32117528,-0.002505673,-0.7073143
WOLFSKILL_Muscat_De_L_adda_493,0.35977677,0.01367927,-0.8730209,-0.021038916
WOLFSKILL_Mourisco_6596,-0.02594227,-0.37312895,0.03319902,0.81230044
WOLFSKILL_Sultanina_Rose_1814,-0.04532308,-0.36868697,0.116473384,0.83499646
WOLFSKILL_Zinfandel_Heritage_Sel._14_4554,-0.01687438,0.26334918,0.0022834297,-0.5884954
WOLFSKILL_Black_Ferrara_3090,0.012341075,0.3346352,-0.0796829,-0.7237389
WOLFSKILL_Ciminnita_8753,-0.090162255,0.22304831,0.1791845,-0.5311078
WOLFSKILL_Fresno_35-75_485,0.040537626,0.2852726,-0.13829076,-0.6191633
WOLFSKILL_Olivette_Noire_2485,-0.024406787,-0.32390305,0.038625397,0.7128707
WOLFSKILL_Poet_Matabon_2458,-0.0011611218,-0.4115603,-0.06122893,0.85702527
WOLFSKILL_Perbos_205_404,-0.03443771,0.36585364,0.034416802,-0.8135804
VINEYARDS_freedom_chard_san_joaquin_y2018_4606,0.34756207,-0.0025308281,-0.83470464,0.026379086
WOLFSKILL_White_Veltliner_7766,-0.07363608,0.29866928,0.12881935,-0.68800795
WOLFSKILL_Chaouchi_Politico_2234,-0.084854305,0.14350425,0.17603126,-0.34787142
WOLFSKILL_Xarello_4850,0.034004282,0.24276169,-0.11909416,-0.533744
WOLFSKILL_Durif_5721,-0.024580076,-0.44944912,0.0006372947,0.94950765
WOLFSKILL_White_Veltliner_7767,0.012515829,-0.34527546,-0.078416936,0.72942543
WOLFSKILL_Chaouchi_Politico_2235,-0.01283645,-0.40271237,-0.028339436,0.8413499
WOLFSKILL_Reichensteiner_9259,-0.045168698,-0.36526164,0.112785496,0.8219924
WOLFSKILL_Perbos_205_405,-0.061830394,0.3459747,0.10504406,-0.7916033
WOLFSKILL_Kovalewka_854,-0.03266894,-0.31105077,0.07338906,0.695982
WOLFSKILL_Peverella_6928,0.10267848,-0.1993633,-0.27537364,0.42685086
VINEYARDS_5C_chard_san_joaquin_y2019_1464,0.363443,0.011502974,-0.8806074,-0.011860926
ALGERIA_Ichmoul_254,-0.020760365,-0.37790233,0.0049176216,0.7955687
WOLFSKILL_San_Martino_P._215_1715,-0.034295417,-0.39215648,0.05911462,0.85654783
WOLFSKILL_Sovereign_Noir_4983,-0.032209843,-0.40164638,0.046768636,0.8674256
WOLFSKILL_Black_Morocco_996,-0.07354632,-0.24875164,0.21227728,0.60859084
WOLFSKILL_Hassaine_1241,-0.022203658,-0.3587397,0.022403726,0.778592
WOLFSKILL_Chasselas_Tompa_3042,0.33616778,0.0035535954,-0.8113636,0.008203622
WOLFSKILL_Shingargoon_3556,-0.018689033,-0.39933383,0.0011981651,0.85153615
VINEYARDS_freedom_chard_merced_y2018_2691,-0.027819522,0.4056176,0.012980858,-0.8841034
VINEYARDS_5C_chard_merced_y2018_2342,0.39038593,0.01540447,-0.94500643,-0.015826743
ALGERIA_Tizi Ouinine_377,-0.008695151,-0.36681947,-0.024086244,0.7793796
WOLFSKILL_Sovereign_Noir_4982,-0.16348192,-0.14026393,0.4622941,0.432182
WOLFSKILL_Black_Morocco_997,-0.06648844,-0.3195211,0.18935783,0.77002764
WOLFSKILL_Peverella_6929,-0.028665598,-0.41672182,0.027478116,0.89676136
VINEYARDS_5C_cab_madera_y2019_1159,0.36460838,0.0139623955,-0.88473904,-0.017459314
VINEYARDS_5C_chard_san_joaquin_y2019_1465,0.39967918,0.015121035,-0.9701921,-0.018626455
WOLFSKILL_Hassaine_1240,-0.0151502555,-0.40606114,-0.014909234,0.864709
WOLFSKILL_Chasselas_Tompa_3043,-0.019294739,-0.4021895,0.0027690474,0.85915965
WOLFSKILL_Kovalewka_855,0.018574987,0.3018881,-0.09164645,-0.6560872
VINEYARDS_1103P_chard_san_joaquin_y2018_3102,0.34095415,0.003130626,-0.82309186,0.010634292
ALGERIA_Tizi Ouinine_376,-0.0255462,-0.39147413,0.022753851,0.8421952
WOLFSKILL_Shingargoon_3557,-0.083217494,-0.27744538,0.24159151,0.69330657
VINEYARDS_5C_chard_merced_y2018_2343,0.38350502,0.016103026,-0.9292136,-0.020152371
VINEYARDS_freedom_chard_merced_y2018_2690,-0.035129912,0.3740492,0.032814763,-0.82794774
VINEYARDS_1103P_chard_san_joaquin_y2018_3631,0.38647765,0.015300028,-0.93824524,-0.021329772
WOLFSKILL_Jampal_6067,-0.022844441,-0.370978,0.022935843,0.8019587
WOLFSKILL_Olmo_034-55_3290,-0.021107841,-0.37456852,0.018717593,0.81150776
WOLFSKILL_Long_Emperor_1355,0.033785492,-0.32905313,-0.12754823,0.693159
WOLFSKILL_Aswad_3877,0.33466992,0.008587662,-0.80953383,-0.008956399
WOLFSKILL_Malvasia_del_Chianti_6261,-0.025016658,-0.37150836,0.030465746,0.80617416
WOLFSKILL_Syrah_6896,-0.12861586,0.06150541,0.32319415,-0.10858025
WOLFSKILL_Early_Muscat_2767,-0.03385071,-0.36738342,0.06686313,0.810721
WOLFSKILL_Rodiares_7993,-0.027667388,-0.3539486,0.04370425,0.7729466
WOLFSKILL_Askari_2674,-0.061012506,-0.371495,0.16651842,0.87451273
WOLFSKILL_Olmo_034-55_3291,0.13634549,0.1051947,-0.3438418,-0.22869053
WOLFSKILL_Aswad_3876,0.021720696,-0.3489418,-0.10766654,0.7228409
WOLFSKILL_Jampal_6066,-0.09978404,-0.1839722,0.27970326,0.4667859
WOLFSKILL_Rodiares_7992,0.0022753403,-0.336487,-0.045592315,0.7193675
WOLFSKILL_Syrah_6897,-0.11093689,-0.23643196,0.32434928,0.6252985
WOLFSKILL_Mavrovomaico_6432,-0.026052829,-0.37863725,0.031128054,0.8152218
VINEYARDS_1103P_chard_san_joaquin_y2018_3099,0.34892035,0.012474857,-0.8450787,-0.013596967
WOLFSKILL_Hakiki_1971,0.05221829,0.1632948,-0.14815454,-0.35931677
WOLFSKILL_UNKNOWN_CULTIVAR_9662,-0.023696993,-0.4166126,0.006606506,0.8809303
WOLFSKILL_Muscat_Szauter_8728,0.0035058958,-0.3214021,-0.04827231,0.6842221
WOLFSKILL_Siar_1766,-0.014626839,-0.30521744,0.014478026,0.6673094
VINEYARDS_1103P_cab_san_joaquin_y2019_2150,0.3165928,0.005659815,-0.7642453,-0.0006152354
WOLFSKILL_Rousanne_5169,-0.14707933,-0.143187,0.41361085,0.41861814
VINEYARDS_5C_chard_san_joaquin_y2019_1799,0.3684789,0.01183388,-0.8921427,-0.011450864
WOLFSKILL_Mavrovomaico_6433,-0.08534158,-0.26731962,0.24691653,0.6735796
WOLFSKILL_Hakiki_1970,-0.03273344,0.3445931,0.033082597,-0.77076364
WOLFSKILL_Muscat_Szauter_8729,-0.0040110303,-0.36501262,-0.03494044,0.7809991
WOLFSKILL_Queen_Of_The_Vineyard_1623,-0.044296123,-0.33848858,0.10687519,0.76502746
WOLFSKILL_UNKNOWN_CULTIVAR_9663,-0.02274403,-0.38907242,0.012226133,0.83083844
WOLFSKILL_Cabernet_Franc_5561,-0.045251116,-0.38095152,0.11379928,0.86088157
ALGERIA_Amer Bouamar_84,-0.02099,-0.43975472,-0.0073540974,0.92640835
ALGERIA_Babari_137,-0.022823434,-0.40305918,0.009725293,0.8554986
WOLFSKILL_Madam_Matijas_3586,-0.009318412,-0.32817584,-0.00948333,0.7118171
WOLFSKILL_UNKNOWN_CULTIVAR_9545,0.02187568,-0.3424285,-0.10366663,0.71684587
WOLFSKILL_UNKNOWN_CULTIVAR_9723,0.29986176,0.010173824,-0.7269546,-0.014359914
WOLFSKILL_Black_Prince_2693,-0.018002816,-0.43154174,-0.0191919,0.90213776
WOLFSKILL_Teltfurtu_3992,-0.029060405,-0.4071568,0.035047613,0.88052833
WOLFSKILL_Chenin_Noir_5637,0.1798325,-0.16139962,-0.4603464,0.3371443
UCDAVIS_CINSAULT_527,0.009418291,0.32831424,-0.07412117,-0.7127311
WOLFSKILL_UNKNOWN_CULTIVAR_9722,0.27357087,0.007226471,-0.6607721,-0.010668367
WOLFSKILL_Cabernet_Franc_5560,0.34689102,-0.0046130903,-0.8389784,0.0331996
WOLFSKILL_UNKNOWN_CULTIVAR_9544,-0.018534381,-0.34343916,0.014951589,0.7466073
ALGERIA_Amer Bouamar_85,-0.024862915,-0.4349361,0.002714796,0.9115578
ALGERIA_Babari_136,-0.0118163815,-0.37353855,-0.016474456,0.79522884
WOLFSKILL_Madam_Matijas_3587,-0.006113751,-0.34624335,-0.023945995,0.74329346
WOLFSKILL_Chenin_Noir_5636,-0.04045689,-0.40847275,0.07896049,0.90012676
VINEYARDS_freedom_chard_madera_y2019_1311,0.31753668,0.012941141,-0.76875323,-0.020776872
WOLFSKILL_Black_Prince_2692,-0.025869742,-0.4452882,0.0083225425,0.943475
WOLFSKILL_Teltfurtu_3993,-0.029269561,-0.44901168,0.019165775,0.9572006
WOLFSKILL_Kishmish_Of_Vir_214,-0.02497539,-0.3390401,0.03976553,0.7415928
WOLFSKILL_Psara_7977,-0.028242797,-0.34588495,0.049722485,0.7603151
WOLFSKILL_Flame_Tokay_4337,-0.028161496,-0.4055676,0.02925632,0.8691262
WOLFSKILL_Niunai_307,-0.0110705355,-0.40736055,-0.025191491,0.86595494
WOLFSKILL_Orleans_9440,-0.030513622,-0.4469887,0.026428515,0.95118123
WOLFSKILL_Colombard_8483,0.037812397,-0.3679408,-0.14414524,0.77574205
WOLFSKILL_Zinfandel_8254,-0.022416499,-0.36744285,0.020966949,0.79066956
WOLFSKILL_Madeleine_Angervine_154,0.10620425,-0.2003469,-0.290317,0.42146865
WOLFSKILL_Muscat_of_Alexandria_6556,-0.016652156,-0.36767626,0.0014525205,0.79082596
WOLFSKILL_Alvarelhao_8065,-0.029110935,-0.42529935,0.024383174,0.90651333
VINEYARDS_5C_chard_san_joaquin_y2018_3118,0.36930034,0.01306111,-0.89503276,-0.012289796
ALGERIA_Louali_338,-0.019287929,-0.42900187,-0.015187979,0.8966902
WOLFSKILL_Clairette_Blanche_9227,-0.020293351,-0.39212447,0.007107636,0.8443979
WOLFSKILL_Colombard_8482,-0.08544107,0.16241667,0.17928249,-0.38599598
WOLFSKILL_Orleans_9441,-0.029979229,-0.46530604,0.01760179,0.97903866
WOLFSKILL_Psara_7976,-0.011489104,-0.30554125,-0.000556482,0.6663859
WOLFSKILL_Kishmish_Of_Vir_215,-0.017983548,-0.42166948,-0.009721706,0.8941331
WOLFSKILL_Tand_1827,-0.033926167,-0.3932144,0.055052243,0.85700643
WOLFSKILL_Niunai_306,-0.018439852,0.3636896,-0.0070275534,-0.78982544
WOLFSKILL_Alvarelhao_8064,-0.03444895,-0.36353332,0.06763329,0.8030262
VINEYARDS_5C_chard_san_joaquin_y2018_3119,0.368001,0.016189102,-0.8932986,-0.023928959
ALGERIA_Louali_339,-0.017033212,-0.41803342,-0.022537928,0.86628604
WOLFSKILL_Zinfandel_8255,-0.031868104,0.36937153,0.027578657,-0.8190291
VINEYARDS_freedom_chard_san_joaquin_y2019_1412,0.39766946,0.017828897,-0.9660779,-0.024668943
WOLFSKILL_Muscat_of_Alexandria_6557,-0.006406185,0.3185251,-0.029998006,-0.6964229
WOLFSKILL_Muscat_Gros_Noir_Hatif_1430,-0.0345698,-0.31001884,0.0804464,0.690203
WOLFSKILL_Madeleine_Angervine_155,-0.04985276,-0.3367896,0.12323523,0.7687451
WOLFSKILL_Corbu_Blanc_5034,-0.02901407,-0.3955884,0.037204057,0.8510342
WOLFSKILL_Olmo_030-44_3225,-0.01229908,-0.22218825,0.018369606,0.48501164
WOLFSKILL_Bias_Kukuzeti_774,-0.027717173,-0.43202162,0.017632483,0.91413176
WOLFSKILL_Van_Der_Laan_1883,0.027515184,-0.35404485,-0.11796067,0.74001884
WOLFSKILL_Lal_Sorkh_1325,-0.028937154,-0.38138914,0.04133687,0.8289578
VINEYARDS_freedom_cab_merced_y2018_3848,0.37242147,0.013038244,-0.9026388,-0.011442084
WOLFSKILL_Juracon_Noir_5066,-0.030110843,-0.4478709,0.021355668,0.9461187
WOLFSKILL_Corbu_Blanc_5035,-0.033236023,-0.40075713,0.04939635,0.86980385
WOLFSKILL_Kerner_9247,-0.061679922,-0.23793727,0.17237245,0.56718194
WOLFSKILL_Lal_Sorkh_1324,-0.014907842,-0.31765914,0.0085502695,0.6831964
WOLFSKILL_Juracon_Noir_5067,0.009989317,-0.3522011,-0.06967639,0.7513648
WOLFSKILL_Olmo_030-44_3224,-0.05351353,0.35233378,0.08669191,-0.8016491
WOLFSKILL_Bias_Kukuzeti_775,-0.033014297,-0.4036458,0.04886005,0.87140864
WOLFSKILL_Van_Der_Laan_1882,-0.012785166,-0.36828744,-0.00916189,0.79060805
WOLFSKILL_Malvasia_Roxa_6365,-0.030283839,0.39167392,0.018541375,-0.86003053
WOLFSKILL_Araclinos_5289,0.12193965,-0.18925385,-0.32837826,0.39526907
WOLFSKILL_Triplett_30-47_9280,-0.024771716,-0.39122292,0.024828931,0.84470767
WOLFSKILL_Emerald_Riesling_5750,0.31102392,-0.010018168,-0.7553364,0.03944189
VINEYARDS_5C_chard_san_joaquin_y2019_2224,0.33618942,0.014958873,-0.8149811,-0.024108354
WOLFSKILL_Barlinka_2677,-0.060174502,-0.3382186,0.16878049,0.7959366
WOLFSKILL_Lakemont_4759,0.0013415283,0.27985817,-0.04150976,-0.6180098
WOLFSKILL_Heroldrebe_9012,-0.035006028,0.3955582,0.030354543,-0.8738348
VINEYARDS_freedom_cab_san_joaquin_y2018_3135,0.3562245,0.012449041,-0.8622906,-0.015147336
WOLFSKILL_Green_Veltliner_4609,-0.05053142,-0.30308977,0.13280109,0.6976663
WOLFSKILL_Chasselas_Dore_5631,0.24102826,0.028533798,-0.58107936,-0.057560693
WOLFSKILL_Yellow_Ortlieber_7791,-0.15309972,-0.13928711,0.43171495,0.41963494
WOLFSKILL_Emerald_Riesling_5751,0.23860817,-0.013178827,-0.5781664,0.04187288
VINEYARDS_5C_chard_san_joaquin_y2019_2225,0.36852178,0.014640443,-0.89411974,-0.021500934
WOLFSKILL_Malvasia_Roxa_6364,-0.021623522,0.3917095,-0.003912477,-0.8521949
WOLFSKILL_Triplett_30-47_9281,-0.037408873,-0.4157353,0.06469971,0.9071827
WOLFSKILL_Barlinka_4719,-0.07307707,-0.29883993,0.20902966,0.72969973
WOLFSKILL_Yellow_Ortlieber_7790,-0.0059806015,0.41675806,-0.045384564,-0.89056873
VINEYARDS_1103P_chard_san_joaquin_y2019_1974,0.35805693,0.00884968,-0.86643964,-0.0034693629
WOLFSKILL_Barlinka_2676,-0.0478283,-0.3569443,0.12097604,0.8107456
WOLFSKILL_Lakemont_4758,0.0076346537,-0.3715922,-0.0685625,0.7894163
WOLFSKILL_Chasselas_Dore_5630,-0.05571151,0.12909468,0.107708104,-0.3109324
WOLFSKILL_Kolokithian_6183,-0.022158027,-0.39134794,0.013012847,0.8420092
WOLFSKILL_Green_Veltliner_4608,-0.027039334,-0.37947452,0.035700932,0.8241402
WOLFSKILL_Leanyka_4617,-0.05415119,-0.34361717,0.14287718,0.7986932
WOLFSKILL_Italia_IP_65_2088,-0.009031578,0.37854883,-0.032134242,-0.81795585
WOLFSKILL_Hondromavroudo_7860,-0.05437461,-0.31827363,0.14242613,0.73856544
VINEYARDS_5C_cab_san_joaquin_y2019_989,-0.014966964,-0.32422525,0.011237407,0.7085331
ALGERIA_Ahmeur Bou Ahmeur_64,-0.033371158,-0.43614167,0.038851462,0.9318384
WOLFSKILL_Staphythostaphylo_7385,-0.024122868,-0.42163652,0.01081972,0.8994479
WOLFSKILL_Oeillade_Noire_3144,-0.002941805,-0.39986062,-0.050212882,0.83913493
VINEYARDS_freedom_cab_madera_y2018_4116,-0.025899544,0.35148358,0.009292731,-0.77423626
WOLFSKILL_Aspruda_Halkidos_7844,-0.04079984,-0.31764823,0.09397245,0.71121174
VINEYARDS_5C_cab_san_joaquin_y2019_988,-0.009106024,-0.37549484,-0.023150088,0.8063071
WOLFSKILL_Leanyka_4616,-0.051397752,-0.39370716,0.13603476,0.8976534
WOLFSKILL_Taschli_2650,-0.01107427,-0.36829615,-0.020789584,0.77641153
ALGERIA_Ahmeur Bou Ahmeur_65,-0.016407166,-0.3872342,-0.011254264,0.8139321
WOLFSKILL_Staphythostaphylo_7384,-0.015546774,-0.35744226,0.0012664404,0.7717539
WOLFSKILL_Oeillade_Noire_3145,-0.013440312,-0.39373308,-0.015749069,0.84042215
WOLFSKILL_Chasselas_Zulauf_4464,-0.04979048,-0.33437198,0.13554054,0.77174455
WOLFSKILL_Pinot_Blanc_8112,0.0065637403,-0.33559835,-0.05666296,0.7209997
WOLFSKILL_Parnicko_7073,-0.014026492,-0.37372488,-0.009891355,0.8016264
VINEYARDS_5C_chard_merced_y2019_565,0.37764698,0.015128199,-0.9176034,-0.019690152
VINEYARDS_freedom_cab_merced_y2018_4323,0.3302805,0.0016120598,-0.7966167,0.010161813
VINEYARDS_5C_chard_merced_y2018_3807,0.39367536,0.014390338,-0.95439374,-0.016288895
ALGERIA_Amer Bouamar_109,-0.019024752,-0.4423844,-0.027022967,0.91394496
WOLFSKILL_Olmo_035-58_3334,-0.020559706,-0.40901846,-0.0034536086,0.85515356
WOLFSKILL_Koret_4132,-0.042978644,-0.23746759,0.126078,0.5582935
VINEYARDS_1103P_cab_merced_y2018_5037,-0.02251184,0.35779458,0.0018638019,-0.78416014
WOLFSKILL_Chardonay_7031,0.33130327,0.00270148,-0.80051863,0.007599894
WOLFSKILL_Pinot_Noir_7015,-0.03719596,-0.38610587,0.072911866,0.85286677
VINEYARDS_freedom_chard_madera_y2018_3949,-0.04586089,0.3860671,0.056023642,-0.8609991
WOLFSKILL_Parnicko_7072,-0.04129177,-0.3511927,0.09514665,0.78636146
VINEYARDS_5C_chard_merced_y2019_564,0.37817067,0.018845312,-0.9207816,-0.03452233
WOLFSKILL_Pinot_Blanc_8113,-0.011971178,-0.33191082,-0.002162652,0.7178217
WOLFSKILL_Koret_4133,-0.033529885,-0.3493769,0.067170374,0.77556634
WOLFSKILL_Hassaine_8873,-0.034475558,-0.40769392,0.05303751,0.88763785
VINEYARDS_freedom_cab_merced_y2018_4322,0.33934507,0.0072108135,-0.8197002,-0.0020193718
VINEYARDS_5C_chard_merced_y2018_3806,0.38723037,0.017261233,-0.9405165,-0.027814846
WOLFSKILL_Olmo_035-58_3335,-0.049306013,0.2827766,0.0721284,-0.64672565
VINEYARDS_freedom_chard_madera_y2018_3948,-0.03785379,0.36198524,0.04328838,-0.8081867
WOLFSKILL_Pinot_Noir_7014,-0.036451183,-0.40111214,0.062123537,0.88005364
WOLFSKILL_Chardonay_7030,-0.051137578,-0.36179823,0.13586898,0.82972896
VINEYARDS_1103P_cab_merced_y2018_5036,0.0023341523,0.3194376,-0.054545134,-0.6972848
WOLFSKILL_Zengo_9107,-0.021482352,-0.37214166,0.016341599,0.8035457
WOLFSKILL_Nebbiolo_Fino_6718,-0.063376635,-0.30251095,0.17666422,0.7230344
WOLFSKILL_Preto_Manteudo_7091,-0.058831237,-0.30170545,0.15393919,0.70809853
WOLFSKILL_Agadia_894,-0.0005811476,-0.33076528,-0.03749469,0.7084046
WOLFSKILL_De_Hero_Di_St._Vallier_1111,-0.046274595,-0.34811208,0.11107541,0.78566754
WOLFSKILL_Magno_6294,-0.039386235,-0.388815,0.0859909,0.86135656
WOLFSKILL_Kepraico_6220,0.018607076,0.28194544,-0.08937908,-0.61254954
WOLFSKILL_Kreatza_98,-0.03495533,-0.36133617,0.071989186,0.79999375
WOLFSKILL_Fosters_White_Seedling_464,-0.016777676,-0.4121307,-0.010072693,0.8759852
WOLFSKILL_Bellino_977,-0.030804466,-0.40509102,0.042175688,0.8810996
WOLFSKILL_Sultana_Moschata_3655,0.01116964,-0.35885948,-0.07237289,0.76679575
WOLFSKILL_Grey_Riesling_8546,-0.012044878,-0.37326443,-0.014213638,0.7966547
WOLFSKILL_CG_1481_4x_3896,-0.043474033,-0.35779268,0.09803995,0.80403113
WOLFSKILL_Moscato_Jesus_8321,-0.056191422,0.36149698,0.08628801,-0.81795263
WOLFSKILL_Agadia_895,0.30334097,0.019465704,-0.73690534,-0.0365202
WOLFSKILL_De_Hero_Di_St._Vallier_1110,-0.027194198,-0.4102538,0.024600973,0.88181794
WOLFSKILL_Nebbiolo_Fino_6719,-0.030909874,-0.352126,0.05691112,0.77519596
WOLFSKILL_Preto_Manteudo_7090,-0.076138355,-0.27176332,0.2195498,0.6658336
WOLFSKILL_Grey_Riesling_8547,0.0116186775,0.21183062,-0.05830224,-0.4821942
WOLFSKILL_Sultana_Moschata_3654,-0.024539817,-0.41269034,0.018990012,0.8874923
WOLFSKILL_CG_1481_4x_3897,-0.13125454,-0.17698523,0.38053095,0.49332398
WOLFSKILL_Moscato_Jesus_8320,-0.05184538,-0.34796953,0.1350825,0.7986913
WOLFSKILL_Kepraico_6221,0.02646057,0.2988605,-0.10457518,-0.6475122
WOLFSKILL_Kreatza_99,-0.024835363,-0.38262758,0.027464816,0.8271252
WOLFSKILL_Magno_6295,-0.025577992,-0.41547203,0.015769882,0.88493675
WOLFSKILL_Bellino_976,-0.03345838,-0.4224429,0.046908893,0.91347086
WOLFSKILL_Fosters_White_Seedling_465,0.1760184,0.05249275,-0.42695177,-0.114091665
WOLFSKILL_Trincadeiro_7597,-0.028780878,-0.32890487,0.0553898,0.72839963
WOLFSKILL_UNKNOWN_CULTIVAR_6996,-0.01809739,-0.37663317,0.0039500296,0.8039794
WOLFSKILL_Gamay_Hatif_Des_Vosges_8522,0.29241183,2.5440007e-05,-0.70540476,0.011351321
WOLFSKILL_Optima_9256,-0.059651457,-0.35814738,0.16059622,0.8351348
WOLFSKILL_Bien_Donnie_3745,0.14114177,-0.09400657,-0.36241865,0.2054539
WOLFSKILL_Dermatas_2041,-0.021102387,0.32822156,0.0035769213,-0.7236466
WOLFSKILL_Muscat_Galego_6666,-0.046182737,0.35583857,0.05812937,-0.7986283
WOLFSKILL_Volta_2546,-0.072015524,-0.3158993,0.20273043,0.77140236
WOLFSKILL_Thiakon_7518,-0.05077119,-0.3348371,0.13159305,0.7691722
WOLFSKILL_Himrisnky_562,-0.047413446,-0.3900586,0.11574053,0.8814471
WOLFSKILL_Olivette_Rose_1542,0.02345537,-0.2805927,-0.0907742,0.603794
WOLFSKILL_Marengo_P._205_1393,0.3587752,0.010094415,-0.8675852,-0.0077067874
WOLFSKILL_Dermatas_2040,-0.022957198,-0.41309044,0.009309104,0.8871286
WOLFSKILL_Muscat_Galego_6667,-0.08269017,-0.25476107,0.23935935,0.63941205
WOLFSKILL_Bien_Donnie_3744,-0.08115432,0.2194962,0.15563816,-0.5182726
WOLFSKILL_Thiakon_7519,-0.05333247,-0.3587119,0.13482961,0.8210771
WOLFSKILL_Volta_2547,-0.01803647,-0.41854227,-0.015177673,0.8777746
WOLFSKILL_Gamay_Hatif_Des_Vosges_8523,-0.082508475,-0.31256008,0.24619374,0.7830235
WOLFSKILL_Optima_9257,-0.028421797,-0.4131359,0.028330902,0.8903675
WOLFSKILL_UNKNOWN_CULTIVAR_6997,-0.027317371,-0.39764687,0.029989714,0.85930383
WOLFSKILL_Moscato_Mavro_6571,-0.0423418,-0.25849497,0.108241685,0.5904361
WOLFSKILL_Himrisnky_563,-0.038926337,0.34453642,0.048871927,-0.7742022
VINEYARDS_freedom_chard_san_joaquin_y2018_4428,0.37851077,0.017087907,-0.91878307,-0.02873822
WOLFSKILL_Barbara_5684,-0.0122608105,-0.3478412,-0.009712739,0.74366534
WOLFSKILL_Chenin_Noir_5640,-0.04530738,0.3401361,0.061596274,-0.7685845
WOLFSKILL_Muscat_Noir_2923,-0.010627906,-0.35570586,-0.017669087,0.7558199
WOLFSKILL_Black_Corinth_2348,-0.024315126,-0.36136103,0.03372819,0.7892817
WOLFSKILL_Perla_Di_Csaba_1576,-0.06988854,-0.32489997,0.19910225,0.7821955
UCDAVIS_VIOGNIER_728,0.0026166113,0.3333006,-0.05787292,-0.72111
WOLFSKILL_UNKNOWN_CULTIVAR_9754,-0.03409645,-0.36999094,0.067566104,0.81676114
WOLFSKILL_Pinot_Gris_4644,-0.033725206,-0.37175235,0.06287808,0.8199443
WOLFSKILL_Karrithato_6113,-0.026577864,-0.37258232,0.035839938,0.81138337
WOLFSKILL_Kadarka_6102,-0.0035156868,0.30608228,-0.037406724,-0.66854656
ALGERIA_Babari_140,-0.02860162,-0.43172562,0.019812165,0.91677105
VINEYARDS_5C_chard_merced_y2018_5049,-0.02715401,0.33976215,0.020709718,-0.7526957
WOLFSKILL_UNKNOWN_CULTIVAR_9532,-0.14453134,-0.14829369,0.41116056,0.43183064
WOLFSKILL_Barbara_5685,0.007891155,-0.26676306,-0.04886534,0.5706217
WOLFSKILL_Muscat_Noir_2922,-0.018094268,0.3021305,-0.0031415056,-0.66935
WOLFSKILL_Black_Corinth_2349,-0.01734664,0.30172944,-0.0061609205,-0.6713505
WOLFSKILL_Kadarka_6103,-0.0340783,0.3886671,0.02904169,-0.8586086
WOLFSKILL_UNKNOWN_CULTIVAR_9533,-0.16497679,-0.018711574,0.43232045,0.11617133
ALGERIA_Babari_141,-0.0032559335,-0.37227607,-0.038367327,0.7948625
WOLFSKILL_Pinot_Gris_4645,-0.016613226,-0.38840848,-0.003911501,0.832706
WOLFSKILL_UNKNOWN_CULTIVAR_9755,-0.02603589,-0.3599821,0.040280424,0.7866004
VINEYARDS_freedom_cab_merced_y2019_613,0.39153576,0.012190763,-0.94879353,-0.008652538
VINEYARDS_1103P_chard_san_joaquin_y2018_4830,0.38657436,0.010749761,-0.93688285,-0.0044863336
WOLFSKILL_Esperia_1175,-0.037314303,0.37722555,0.0394198,-0.8386357
VINEYARDS_1103P_cab_san_joaquin_y2019_1500,0.33866078,0.013398699,-0.8216523,-0.022929233
WOLFSKILL_Gamay_Burgoyne_5910,-0.006797157,0.30719554,-0.027550187,-0.67392397
WOLFSKILL_Barbableu_957,0.3306949,0.008881513,-0.79990536,-0.008246925
VINEYARDS_freedom_cab_san_joaquin_y2019_2018,0.34920135,0.010094155,-0.8467854,-0.008707497
WOLFSKILL_Flame_Tokay_4340,-0.02644055,-0.40516034,0.024608282,0.8679528
VINEYARDS_freedom_cab_merced_y2019_612,0.3293247,0.010231201,-0.7982228,-0.012980107
WOLFSKILL_Esperia_1174,-0.026094537,-0.44804916,0.007378204,0.9489074
WOLFSKILL_Flame_Tokay_4341,-0.027652893,-0.41096768,0.02405121,0.87564933
VINEYARDS_5C_cab_san_joaquin_y2018_4360,0.3523939,0.0012558661,-0.84966034,0.01913719
WOLFSKILL_Barbableu_956,-0.014165613,-0.36086053,-0.004557904,0.77728724
WOLFSKILL_Triplett_F3-3_9298,-0.019558344,-0.43672597,-0.010722207,0.92116874
VINEYARDS_1103P_cab_san_joaquin_y2019_1501,0.36949733,0.007395543,-0.8936442,0.003398914
WOLFSKILL_Gamay_Burgoyne_5911,-0.025051862,-0.44234124,0.0074269827,0.94156456
WOLFSKILL_Bhokari_3088,0.26423022,-0.008067556,-0.6392479,0.026529884
WOLFSKILL_Opale_1556,-0.052038267,-0.35160264,0.1322042,0.80530125
WOLFSKILL_Perbos_139_412,-0.025886148,-0.3938092,0.028470648,0.85337347
WOLFSKILL_Kritico_3000,-0.020081867,-0.3876113,0.0076556746,0.83467007
WOLFSKILL_Gruner_Veltlinger_8995,0.22531323,-0.0063677486,-0.54829574,0.018749217
WOLFSKILL_Kontocladi_7907,-0.031029847,-0.39751172,0.045557193,0.86562556
WOLFSKILL_Gros_Colman_2817,-0.018039323,-0.39366555,9.261072e-06,0.8458063
WOLFSKILL_B7-7_Thompson_mutant_4516,0.04656126,0.19034298,-0.1402652,-0.41685557
VINEYARDS_freedom_cab_merced_y2018_2401,0.3770645,0.013252273,-0.91359305,-0.014679577
WOLFSKILL_Johanna_Mathiasz_1260,-0.008134046,-0.36485505,-0.020398928,0.7844081
WOLFSKILL_Kadarka_6098,-0.10132435,-0.16010803,0.2890889,0.42245442
VINEYARDS_1103P_cab_san_joaquin_y2019_1054,-0.016883697,-0.38499007,-0.008175844,0.81488216
WOLFSKILL_Marvel_Of_Vaucluse_1400,0.3181689,0.007545043,-0.7706183,-0.008141916
WOLFSKILL_Affenthaler_9417,-0.08566437,-0.26018044,0.25576082,0.6538966
WOLFSKILL_Vermentino_Favorita_5188,0.020369362,-0.3212893,-0.091790564,0.68753636
WOLFSKILL_Perbos_139_413,-0.025730368,-0.43813568,0.008385373,0.9255066
WOLFSKILL_Opale_1557,-0.032837205,-0.32497174,0.070137024,0.71901256
WOLFSKILL_Zinfandel_Heritage_Sel._64_9498,-0.012174702,0.30878,-0.015367317,-0.6767019
WOLFSKILL_Kritico_3001,-0.06254842,0.15138485,0.12135547,-0.35932237
WOLFSKILL_Bhokari_3089,-0.023499303,-0.3837986,0.02026621,0.8259557
WOLFSKILL_Marvel_Of_Vaucluse_1401,-0.0088407425,-0.1469243,0.019329658,0.32122165
WOLFSKILL_Kadarka_6099,-0.067923985,-0.3174585,0.19523907,0.7671524
WOLFSKILL_Affenthaler_9416,-0.07009234,-0.3354439,0.19732212,0.80636466
WOLFSKILL_Kontocladi_7906,-0.025176864,-0.3811384,0.028424686,0.82600915
WOLFSKILL_Johanna_Mathiasz_1261,0.10052057,-0.17247804,-0.2661423,0.37237445
WOLFSKILL_Gros_Colman_2816,-0.032700617,0.382775,0.025796534,-0.84502983
WOLFSKILL_Tallian_1825,-0.026288018,-0.39557594,0.024900658,0.8531376
WOLFSKILL_Fernao_Pires_8096,-0.034517005,-0.4263426,0.047018863,0.91938066
WOLFSKILL_Husseine_2836,-0.04123715,-0.3531681,0.09477634,0.7887908
VINEYARDS_freedom_cab_san_joaquin_y2018_3142,0.3531367,0.0065295324,-0.8534385,0.0013333485
WOLFSKILL_July_Early_Amber_4477,-0.067602225,-0.33333606,0.18970168,0.80204004
WOLFSKILL_Prokupac_9445,0.36746302,0.0066604502,-0.8863551,0.004723698
VINEYARDS_5C_chard_merced_y2018_3614,0.34246734,0.0029016398,-0.8262602,0.010374926
WOLFSKILL_Kozma_Pal_Muskotaly_9033,0.3011398,0.023688748,-0.7305974,-0.04562955
WOLFSKILL_Sovereign_Coronation_434,-0.12437651,-0.22767481,0.36242527,0.6161312
WOLFSKILL_Ughetta_8952,-0.0112189585,-0.40180933,-0.029434716,0.8473861
VINEYARDS_freedom_chard_merced_y2018_2369,0.36052436,0.013446696,-0.8727319,-0.01651435
WOLFSKILL_Dumbrehnah_Mavri_5719,0.095339485,-0.23973216,-0.26728618,0.5028046
WOLFSKILL_Hermitage_4749,-0.023414593,-0.41267198,0.012672061,0.8878101
WOLFSKILL_Prokupac_9444,0.34180805,0.0026801564,-0.8241008,0.008913003
WOLFSKILL_Tallian_1824,-0.13653989,0.1232682,0.32099754,-0.26606005
WOLFSKILL_Fernao_Pires_8097,-0.019863922,-0.4295236,-0.0072928574,0.91074973
WOLFSKILL_Husseine_2837,-0.017261133,-0.38162145,0.001301391,0.819841
WOLFSKILL_Dumbrehnah_Mavri_5718,-0.042704202,-0.35524797,0.099130474,0.7963283
WOLFSKILL_Antibo_5281,-0.018841643,-0.36510542,0.008586848,0.7889776
WOLFSKILL_Hermitage_4748,-0.02028229,0.321781,0.00033844076,-0.7122064
VINEYARDS_freedom_chard_merced_y2018_2368,0.3902028,0.014578491,-0.9447803,-0.014906067
VINEYARDS_freedom_chard_san_joaquin_y2018_2438,0.35677457,0.0102160685,-0.8648484,-0.008351769
WOLFSKILL_Ughetta_8953,0.004709469,-0.3390696,-0.05694531,0.7161318
WOLFSKILL_Sovereign_Coronation_435,-0.0038653547,0.3584468,-0.04301797,-0.7710558
VINEYARDS_freedom_cab_san_joaquin_y2019_1477,0.41123137,0.016782388,-0.99725187,-0.018620417
WOLFSKILL_Pinot_St.george_7045,-0.11893942,0.21676342,0.2519021,-0.5087222
ALGERIA_Ahmeur Bou Ahmeur_13,-0.025505546,-0.42379886,0.008966325,0.89167184
WOLFSKILL_Siar_1759,-0.022570647,-0.42156398,0.0073571075,0.90363026
WOLFSKILL_Augustiatico_2008,-0.03165766,0.32346106,0.028859207,-0.7251261
WOLFSKILL_Cereza_9163,0.33705977,0.0077637285,-0.8151171,-0.0055510513
WOLFSKILL_Pinot_St.george_7044,-0.095472395,-0.26268688,0.29026097,0.6719796
VINEYARDS_1103P_cab_merced_y2019_384,0.33218428,0.006455239,-0.80184126,0.0032192133
ALGERIA_Ahmeur Bou Ahmeur_12,-0.01287197,-0.43328,-0.038220257,0.8985602
WOLFSKILL_Pirovano_5_2586,0.36888462,0.015292864,-0.89394015,-0.023015734
VINEYARDS_freedom_cab_san_joaquin_y2019_1476,0.34393993,0.0071510673,-0.83119416,0.0022617392
WOLFSKILL_UNKNOWN_CULTIVAR_4345,-0.013310873,-0.40463677,-0.02617293,0.8458986
WOLFSKILL_Augustiatico_2009,-0.00570379,-0.32837743,-0.018015524,0.7135055
WOLFSKILL_Vernaccia_Bianca_4664,-0.062112696,-0.40213704,0.16574252,0.9389641
WOLFSKILL_Diamond_Muscat_4266,-0.02194883,-0.41346335,0.0042243134,0.87762624
VINEYARDS_1103P_chard_san_joaquin_y2019_1990,0.33325955,0.013463244,-0.80886424,-0.021944862
WOLFSKILL_Tinta_Mole_7571,-0.04371211,-0.32956716,0.10229822,0.7426996
WOLFSKILL_Muscat_Hamburg_2356,0.0040464913,-0.38897738,-0.06454982,0.8203218
VINEYARDS_1103P_chard_san_joaquin_y2018_2857,0.3529183,0.012568291,-0.8575891,-0.022044297
WOLFSKILL_Mavrokorakas_6430,-0.03642654,0.41843078,0.034875378,-0.921074
WOLFSKILL_Vernaccia_Bianca_4665,-0.029461343,-0.3794068,0.04693669,0.82869244
WOLFSKILL_Diamond_Muscat_4267,-0.08964203,-0.26895368,0.25362697,0.6763891
VINEYARDS_1103P_chard_san_joaquin_y2018_2856,0.3105047,0.007814374,-0.7485542,-0.0044912063
VINEYARDS_1103P_cab_san_joaquin_y2018_3706,0.34559816,0.0107064545,-0.835758,-0.009031624
WOLFSKILL_Tinta_Mole_7570,0.016494416,-0.24748372,-0.06776276,0.5369276
WOLFSKILL_Muscat_Hamburg_2357,-0.050553042,0.3475743,0.07468221,-0.78741026
WOLFSKILL_Ajmi_4396,-0.03222104,-0.45961803,0.025092004,0.97761524
VINEYARDS_freedom_chard_merced_y2018_3601,0.36002257,0.014676858,-0.8736603,-0.021207836
WOLFSKILL_French_Colombard_5848,-0.14588659,-0.22792074,0.4240141,0.6391165
WOLFSKILL_Schiradzouli_Blanc_1726,-0.15067826,0.072806,0.3879397,-0.117174625
WOLFSKILL_Late_Blue_Burgundy_6259,-0.0032074628,-0.3313553,-0.030106224,0.7123413
VINEYARDS_5C_cab_san_joaquin_y2019_1963,0.35057506,0.013117101,-0.8492578,-0.015945356
WOLFSKILL_Late_Blue_Burgundy_6258,-0.025152978,0.3046904,0.013783352,-0.67640436
WOLFSKILL_Schiradzouli_Blanc_1727,0.07718939,0.22138168,-0.22246465,-0.47593415
WOLFSKILL_French_Colombard_5849,0.040969588,0.28394008,-0.1439315,-0.613315
VINEYARDS_5C_cab_san_joaquin_y2019_1962,0.35569468,0.0106713995,-0.85950184,-0.0057475716
WOLFSKILL_Roussaitis_8003,-0.023755603,-0.38795644,0.020557052,0.8369006
VINEYARDS_1103P_chard_madera_y2018_4210,0.38050008,0.012811743,-0.92223,-0.013029113
WOLFSKILL_Grenache_8557,-0.034249082,-0.3687469,0.06918254,0.81576043
WOLFSKILL_Karadzhandal_646,0.03052178,0.32738906,-0.118930005,-0.7038793
WOLFSKILL_Blue_Affenthaler_5465,-0.033632815,-0.43165073,0.042148076,0.9323822
WOLFSKILL_Argant_5000,-0.0048607746,0.304843,-0.031303808,-0.66342074
WOLFSKILL_Olivette_Rose_1535,-0.045957334,-0.33972687,0.11056321,0.7675369
WOLFSKILL_Gamay_Rond_5917,-0.044751767,-0.3708771,0.10672421,0.8323576
WOLFSKILL_Russian_Seedless_3383,-0.12303131,-0.2596501,0.35516173,0.6919701
WOLFSKILL_Salomani_2214,-0.017942313,-0.42733422,-0.015341956,0.8998362
WOLFSKILL_Reichensteiner_9266,-0.079620056,-0.33081704,0.23092645,0.8113916
WOLFSKILL_Sauvignon_Vert_7282,-0.11213545,0.22275187,0.23888668,-0.53450084
WOLFSKILL_Criolla_Mesa_1087,-0.014228442,-0.3992817,-0.014663385,0.8520599
WOLFSKILL_Sovrana_1779,-0.027475387,-0.41850495,0.025387602,0.9002199
WOLFSKILL_Kishmish-charni_655,-0.024631426,0.33091712,0.010063378,-0.73065794
WOLFSKILL_Tokay_1866,0.23892993,0.046976525,-0.58193874,-0.101706594
WOLFSKILL_Fakdi_2048,-0.014876586,-0.32775983,0.0093844775,0.71071947
WOLFSKILL_Salomani_2215,0.13744144,-0.16917722,-0.3588645,0.36266714
WOLFSKILL_Sauvignon_Vert_7283,-0.12272521,0.18556593,0.26981926,-0.44387436
VINEYARDS_5C_chard_san_joaquin_y2019_1095,-0.027754266,-0.39722866,0.03223782,0.8634362
WOLFSKILL_Roussaitis_8002,-0.025249165,-0.3726976,0.028418014,0.8042352
WOLFSKILL_Grenache_8556,-0.052835625,-0.33788103,0.13902292,0.775743
WOLFSKILL_Karadzhandal_647,-0.0004374548,-0.37782288,-0.04827545,0.80535126
WOLFSKILL_Russian_Seedless_3382,-0.13205649,-0.1933193,0.3802931,0.5310798
WOLFSKILL_Tokay_1867,-0.10641752,-0.26540124,0.30931315,0.6939064
WOLFSKILL_Fakdi_2049,-0.03365498,0.39792675,0.025489395,-0.8764883
WOLFSKILL_Criolla_Mesa_1086,-0.032608286,-0.3864262,0.054886393,0.84534645
WOLFSKILL_Sovrana_1778,-0.051548623,0.34169263,0.07425631,-0.77210784
VINEYARDS_1103P_chard_madera_y2019_2176,0.3558289,0.008099951,-0.85964894,-0.00074275956
WOLFSKILL_Kishmish-charni_654,-0.012028017,-0.34143168,-0.008429809,0.73143137
WOLFSKILL_Clairette_De_Limoux_5021,0.011160893,-0.30884576,-0.061817214,0.6686884
WOLFSKILL_Barlinka_4726,-0.021567784,-0.38932478,0.012385091,0.8360057
WOLFSKILL_Sylvaner_742_9454,0.062213123,-0.2315528,-0.17754756,0.49372965
WOLFSKILL_Seedless_Tokay_2407,-0.06214679,0.15670623,0.12086185,-0.37980372
WOLFSKILL_Madeleine_Celine_2916,-0.033684187,0.33380038,0.03502723,-0.7454506
WOLFSKILL_UNKNOWN_CULTIVAR_6656,0.25081754,0.06670424,-0.6125927,-0.13950574
WOLFSKILL_UNKNOWN_CULTIVAR_5131,-0.08128689,-0.28044948,0.22945085,0.6965549
WOLFSKILL_Ruby_Seedless_3979,-0.009242942,0.34324008,-0.027725643,-0.7511172
WOLFSKILL_Triplett_F3-5_9307,-0.047476783,-0.37345842,0.11620227,0.8435464
WOLFSKILL_Chasselas_Doree_Apyrene_4879,-0.056716062,-0.33499175,0.158564,0.78028965
WOLFSKILL_Mourisco_Branco_6606,-0.03252399,-0.40272698,0.04839026,0.87495023
WOLFSKILL_Olmo_18-226_D_4085,-0.12702887,0.26597917,0.26811066,-0.62882227
WOLFSKILL_Marsanne_6384,-0.041914523,0.12191762,0.07625629,-0.29556844
WOLFSKILL_Autumn_Seedless_4295,-0.08264261,-0.34684932,0.24116176,0.85777766
UCDAVIS_BONARDA_281,-0.020183954,0.35765082,-0.0004798323,-0.7842932
WOLFSKILL_Madeleine_Celine_2917,0.0090406025,-0.32040927,-0.06529301,0.67086583
WOLFSKILL_UNKNOWN_CULTIVAR_5130,-0.06861494,0.2946239,0.121482365,-0.68087375
WOLFSKILL_UNKNOWN_CULTIVAR_6657,0.0112530105,-0.3256454,-0.067709014,0.6997975
VINEYARDS_freedom_chard_merced_y2018_5086,-0.026969083,0.38510153,0.008727303,-0.8398691
WOLFSKILL_Ruby_Seedless_3978,-0.08038172,-0.2860706,0.23066545,0.71198285
WOLFSKILL_Clairette_De_Limoux_5020,-0.086358465,-0.27814174,0.24899858,0.6954188
WOLFSKILL_Sylvaner_742_9455,-0.026123483,-0.41548556,0.023106331,0.89675003
WOLFSKILL_Marsanne_6385,0.002087527,-0.3211538,-0.039742284,0.6921422
WOLFSKILL_Aglianico_5205,-0.022203691,0.23489119,0.018483238,-0.53719485
WOLFSKILL_Autumn_Seedless_4294,-0.07700278,0.29750818,0.14255151,-0.6906266
WOLFSKILL_Black_Malvoisie_5448,-0.019193795,0.39109808,-0.008413244,-0.84441054
VINEYARDS_5C_cab_madera_y2018_3911,0.33938345,-0.0008246973,-0.81828356,0.022350853
WOLFSKILL_Chasselas_Doree_Apyrene_4878,-0.08775364,-0.3042277,0.2589141,0.76750135
WOLFSKILL_Olmo_18-226_D_4084,-0.17429245,0.015120804,0.45799285,0.03891347
WOLFSKILL_Mourisco_Branco_6607,-0.019696139,-0.40265965,-0.000112354755,0.859738
ALGERIA_Bouabane des Aures_181,-0.017264396,-0.40115628,-0.01192102,0.8470079
WOLFSKILL_English_Colossal_1166,0.30453023,-0.006357651,-0.735221,0.030764857
WOLFSKILL_UNKNOWN_CULTIVAR_9687,-0.015862528,-0.40783244,-0.020653278,0.84842515
WOLFSKILL_Petrolianos_6920,-0.007574917,0.20058517,-0.016605185,-0.45721036
WOLFSKILL_Muscat_Szauter_1473,-0.013193564,-0.3874366,-0.014011221,0.82356024
VINEYARDS_freedom_chard_merced_y2019_20,0.39938828,0.015540283,-0.9699085,-0.021359455
WOLFSKILL_Yugoslavia_360_3371,0.14785095,0.05876871,-0.36263317,-0.12819622
WOLFSKILL_Aurora_943,-0.0787924,0.2819654,0.14931798,-0.6587654
WOLFSKILL_Satino_8352,0.001992994,-0.36846602,-0.057732217,0.77373624
VINEYARDS_freedom_chard_merced_y2019_1629,0.37101287,0.011647809,-0.89881855,-0.0099121
WOLFSKILL_Beba_5406,0.04919317,-0.2601756,-0.1459047,0.5656986
WOLFSKILL_Kishmish_Hishrau_148,-0.010247423,0.35298678,-0.02408357,-0.76784366
WOLFSKILL_Chatus_8697,-0.024148166,-0.37634486,0.029610561,0.82233727
WOLFSKILL_Exotic_1193,-0.054007847,-0.35976756,0.13905483,0.82955575
WOLFSKILL_Chardonnay_5612,0.04178722,-0.31640986,-0.1461558,0.6638043
WOLFSKILL_UNKNOWN_CULTIVAR_9686,-0.016697135,-0.43078628,-0.02177343,0.89960146
WOLFSKILL_Muscat_Szauter_1472,0.031985667,0.25042272,-0.112897806,-0.54602647
WOLFSKILL_Petrolianos_6921,-0.09511244,0.17598172,0.19866967,-0.4215563
WOLFSKILL_Triplett_T51-16A_9327,-0.0042635966,-0.4005762,-0.044098955,0.8458657
WOLFSKILL_Black_Kishmish_2587,-0.028939318,0.3168749,0.022345362,-0.7062506
WOLFSKILL_English_Colossal_1167,0.010927594,-0.39509058,-0.084329486,0.831005
ALGERIA_Bouabane des Aures_180,-0.028338984,-0.40491742,0.023286058,0.85712
WOLFSKILL_Early_Red_Malvasia_5744,-0.013700352,-0.37551165,-0.009505486,0.8038181
WOLFSKILL_Black_Damascus_3757,-0.044947416,-0.3783087,0.115417875,0.85433996
WOLFSKILL_Kishmish_Hishrau_149,-0.0028136736,-0.3413878,-0.031458646,0.7312324
WOLFSKILL_Chatus_8696,0.026574321,-0.31079835,-0.104272075,0.6630012
WOLFSKILL_Beba_5407,-0.020646267,-0.35366422,0.020322623,0.7701009
WOLFSKILL_Exotic_1192,-0.11518761,-0.26695132,0.32845563,0.6994039
WOLFSKILL_Chardonnay_5613,0.22127615,-0.004152026,-0.5331712,0.014468208
WOLFSKILL_Beclan_5416,-0.011252596,-0.3356312,-0.006503761,0.7260009
WOLFSKILL_Yugoslavia_360_3370,-0.011402634,-0.3981546,-0.02860579,0.83974016
WOLFSKILL_Rosaki_1658,-0.024269346,0.3593567,0.0056208298,-0.7884455
WOLFSKILL_Satino_8353,-0.013576779,0.3254611,-0.012825247,-0.7156534
WOLFSKILL_Aurora_942,-0.009854767,-0.04418483,0.02103811,0.091358244
WOLFSKILL_Mataro_6403,-0.07314695,-0.28564978,0.21106356,0.69661707
WOLFSKILL_Niunai_339,-0.013850828,0.39111114,-0.021208495,-0.84360397
WOLFSKILL_Trifera_2239,-0.018287834,0.32751697,-0.004123142,-0.71719456
WOLFSKILL_Karabournov_4015,0.007261862,0.26212227,-0.05615808,-0.58145267
WOLFSKILL_Hakiki_286,-0.0075337756,0.2697037,-0.0199467,-0.6023895
WOLFSKILL_Sultanina_Marble_1808,0.033127777,0.26214838,-0.11802388,-0.5691159
VINEYARDS_5C_cab_madera_y2019_1715,0.32844755,0.012177255,-0.79646605,-0.019667123
WOLFSKILL_Sauvignon_Blanc_7267,-0.056265317,-0.35275733,0.14956005,0.8176868
WOLFSKILL_Aswad_282,-0.01286991,-0.41091663,-0.02924793,0.85739076
WOLFSKILL_Guydouria_5878,-0.08506321,-0.13548179,0.234128,0.33781126
WOLFSKILL_Fresno_35-33_536,0.34058586,0.015143309,-0.82637495,-0.026451763
WOLFSKILL_Muscato_Vidor_576,0.007123326,-0.2710239,-0.03441008,0.5987164
WOLFSKILL_Askari_4402,-0.01029412,-0.341851,-0.016249763,0.72475636
ALGERIA_Louali_306,-0.010441025,-0.40515193,-0.037291493,0.8451246
WOLFSKILL_Victoria_s_Choice_4429,-0.041592296,-0.38078094,0.09071109,0.84897935
WOLFSKILL_Karabournov_4014,-0.022220176,-0.4082883,0.004075337,0.86164045
WOLFSKILL_Hakiki_287,-0.05719275,0.3152998,0.0983756,-0.72212017
WOLFSKILL_Trifera_2238,-0.10144346,-0.25872728,0.28901774,0.6670702
WOLFSKILL_Mataro_6402,-0.024453029,0.38125956,0.005470885,-0.83185184
WOLFSKILL_Niunai_338,-0.07377088,0.32914883,0.13449933,-0.75692517
WOLFSKILL_Askari_4403,0.07531655,-0.32347423,-0.23234606,0.6688975
WOLFSKILL_Fresno_35-33_537,-0.09598463,0.23886015,0.19121894,-0.56431794
WOLFSKILL_Muscato_Vidor_577,-0.024939097,-0.37582296,0.029100431,0.8137727
ALGERIA_Louali_307,-0.023790464,-0.37222725,0.021305444,0.8003068
WOLFSKILL_Sultanina_Marble_1809,-0.031200841,-0.39405754,0.04598459,0.8525997
WOLFSKILL_Sauvignon_Blanc_7266,-0.03909973,-0.30813774,0.09511028,0.6928332
WOLFSKILL_Aswad_283,-0.035346016,0.3716028,0.040662706,-0.8277836
WOLFSKILL_Guydouria_5879,-0.01197789,-0.33818093,-0.005578324,0.7264839
WOLFSKILL_Loin_De_L_oeil_8590,-0.017317798,-0.21070515,0.04205724,0.46232218
ALGERIA_Tizi Ouinine_392,-0.032593645,-0.4099922,0.0402335,0.87997246
WOLFSKILL_Red_Malaga_1645,-0.14670256,-0.18403168,0.41525245,0.5220047
WOLFSKILL_Nicolas_Horthy_39_1500,0.14520647,0.13770723,-0.3694812,-0.2948671
WOLFSKILL_Nebbiolo_Bourgu_6716,-0.105519846,-0.228889,0.303274,0.59507394
WOLFSKILL_Muscat_Talebot_1480,-0.02487233,-0.40512994,0.019547733,0.86359
WOLFSKILL_Rosa_Reveliotti_824,-0.050273355,-0.35963225,0.12517741,0.8197893
WOLFSKILL_Calmeria_118,-0.0015217168,-0.41278735,-0.06458248,0.8511945
WOLFSKILL_Italia_IP_65_3110,-0.01666027,-0.43077075,-0.021485198,0.90594614
WOLFSKILL_Bonvedro_5531,-0.062027015,0.31024718,0.10320354,-0.71267086
WOLFSKILL_Queen_1617,-0.04673419,-0.33185616,0.117463954,0.7549502
WOLFSKILL_Alicante_Bouschet_5240,0.02686989,0.27954516,-0.10920415,-0.6075549
WOLFSKILL_Nicolas_Horthy_39_1501,-0.039140962,-0.35555404,0.08749712,0.79148746
WOLFSKILL_Red_Malaga_1644,-0.06482742,-0.28280136,0.1849373,0.67706084
WOLFSKILL_Muscat_Talebot_1481,-0.044215515,-0.40625986,0.096291795,0.9032707
WOLFSKILL_Nebbiolo_Bourgu_6717,-0.10243299,-0.08137575,0.2740354,0.22194527
WOLFSKILL_Madeleine_Royale_4457,-0.012288594,-0.33289587,-0.0009638779,0.7191211
WOLFSKILL_Loin_De_L_oeil_8591,-0.00798018,-0.31887972,-0.014565293,0.67916596
WOLFSKILL_Alicante_Bouschet_5241,-0.035925552,-0.39347738,0.065058015,0.86291605
WOLFSKILL_Queen_1616,-0.038324837,-0.41425118,0.07285028,0.9063596
WOLFSKILL_Calmeria_119,-0.02833496,-0.4235155,0.020909803,0.89626706
WOLFSKILL_Italia_IP_65_3111,-0.010997753,-0.3643599,-0.017735,0.7791661
WOLFSKILL_Rosa_Reveliotti_825,-0.07671643,-0.2946197,0.21737355,0.7203812
WOLFSKILL_Bonvedro_5530,-0.046409853,-0.35724342,0.11230103,0.80732286
WOLFSKILL_Albana_5228,-0.14368935,0.01965994,0.37229955,0.0050956123
WOLFSKILL_Cape_Currant_37,-0.14743195,-0.16708548,0.42104685,0.48405644
WOLFSKILL_Blanc_De_Crimei_781,-0.09457762,-0.27924815,0.27852008,0.71769375
WOLFSKILL_Madeleine_Angevine_1379,-0.024471488,0.35599142,0.009645922,-0.7820592
WOLFSKILL_Valdepenas_7653,-0.0195673,-0.42086464,-0.008119285,0.8853363
WOLFSKILL_Salvador_7240,-0.032330424,0.4045568,0.025769165,-0.88927805
WOLFSKILL_Itchkimar_3714,0.18559203,-0.13650072,-0.47021884,0.29166928
WOLFSKILL_Ter_Gulmer_7487,-0.02623897,0.36648566,0.007991234,-0.8019334
WOLFSKILL_Red_Roumi_Tanta_609,-0.021080248,-0.39290974,0.008829204,0.8450657
WOLFSKILL_Longyan_8367,0.15908374,0.06138291,-0.39612594,-0.14192376
WOLFSKILL_Sylvaner_8173,0.007036031,0.15883951,-0.047366887,-0.36932462
WOLFSKILL_Riesling_Muscat_5127,-0.033521164,0.3668384,0.028341709,-0.8125919
WOLFSKILL_Madeleine_Sylvaner_9779,0.05109331,-0.24246545,-0.15284061,0.52442294
UCDAVIS_V._ACERTIFOLIA_506,0.014809746,0.30344677,-0.079833046,-0.6586211
WOLFSKILL_Trousseau_7626,-0.06486816,-0.29685527,0.1835711,0.70831907
WOLFSKILL_Mourvedre_Famellestadt_808,-0.022398692,-0.41245365,0.0093018655,0.8810574
WOLFSKILL_Matum_Margoon_5161,-0.042739324,0.3745646,0.056136914,-0.83910525
WOLFSKILL_Red_Roumi_Tanta_608,0.018713381,0.24635936,-0.08343244,-0.54514813
WOLFSKILL_Longyan_8366,0.13700916,0.06524427,-0.34273928,-0.14779781
WOLFSKILL_Ter_Gulmer_7486,-0.08226233,-0.3063817,0.24163786,0.76515496
WOLFSKILL_Blanc_De_Crimei_780,-0.11048972,-0.25224364,0.33262604,0.6686363
WOLFSKILL_Madeleine_Angevine_1378,-0.025575213,-0.39256966,0.025546601,0.8430485
WOLFSKILL_Itchkimar_3715,0.2484404,-0.011008292,-0.6026441,0.032349125
WOLFSKILL_Salvador_7241,0.09161749,0.20934327,-0.25545797,-0.44688517
WOLFSKILL_Vuthomato_3017,-0.010603926,-0.36407012,-0.017331747,0.7815027
WOLFSKILL_Madeleine_Sylvaner_9778,-0.0006977399,-0.35052645,-0.042494424,0.74755234
VINEYARDS_freedom_chard_san_joaquin_y2018_4670,0.39782852,0.01192908,-0.9646151,-0.0074266717
WOLFSKILL_Mourvedre_Famellestadt_809,-0.027457513,-0.41442114,0.0235415,0.88662636
WOLFSKILL_Trousseau_7627,-0.018950209,-0.39759952,0.006282417,0.8567593
WOLFSKILL_Sylvaner_8172,-0.09294889,0.12988667,0.209752,-0.29712453
WOLFSKILL_Riesling_Muscat_5126,-0.01060556,-0.37545887,-0.020335248,0.8024071
WOLFSKILL_Canner_2715,-0.027513117,-0.4112237,0.026661644,0.8830841
WOLFSKILL_Frankenthal_Blanc_4961,-0.03368266,-0.39274347,0.057164088,0.8628584
WOLFSKILL_Rofar_Vidor_595,0.14361638,-0.13417055,-0.36983126,0.28953254
WOLFSKILL_Prieska_7097,-0.038277145,-0.3710634,0.08125668,0.82354575
WOLFSKILL_Prokupac_8164,-0.19293527,-0.11196925,0.5395546,0.38808006
VINEYARDS_5C_chard_merced_y2018_2335,0.38987932,0.017810058,-0.94665474,-0.026117723
WOLFSKILL_Anatolitico_5268,-0.013431546,-0.35641846,-0.007851651,0.7676928
ALGERIA_Ichmoul_223,-0.031572074,-0.38813025,0.04430764,0.83722436
VINEYARDS_freedom_chard_madera_y2018_4172,0.38619408,0.015526399,-0.9374232,-0.021574538
WOLFSKILL_Hassaine_1236,-0.030092932,-0.32844895,0.062140457,0.7290871
WOLFSKILL_Budrilay_8803,-0.006988802,-0.3502801,-0.023322554,0.74996424
WOLFSKILL_5-20_3854,0.01072936,-0.32925066,-0.068357795,0.7005013
WOLFSKILL_Trieste_4x_3162,-0.034326155,0.36255276,0.034974717,-0.80778664
WOLFSKILL_Prokupac_8165,0.22069947,0.064043745,-0.54098725,-0.14132431
WOLFSKILL_Anatolitico_5269,-0.009244849,-0.31973988,-0.0067673903,0.70066607
WOLFSKILL_Prieska_7096,-0.020551443,-0.39927322,0.0035697352,0.8412664
WOLFSKILL_Rofar_Vidor_594,-0.029099327,-0.38389277,0.042443536,0.8356255
WOLFSKILL_5-20_3855,-0.10182773,0.26024806,0.20029023,-0.6117075
VINEYARDS_5C_chard_san_joaquin_y2019_161,0.35431573,0.0076621287,-0.85623693,-0.0019275807
WOLFSKILL_Trieste_4x_3163,0.04276557,-0.2723605,-0.14009075,0.5794078
WOLFSKILL_Primiera_1606,-0.0193167,-0.42167655,-0.0068959687,0.89956677
ALGERIA_Ichmoul_222,-0.025298454,-0.42551225,0.0050868075,0.8961163
WOLFSKILL_Hassaine_1237,-0.031361695,-0.43839598,0.033417888,0.94399536
WOLFSKILL_Budrilay_8802,-0.048242968,0.3163767,0.06907835,-0.71791947
VINEYARDS_freedom_cab_madera_y2018_2819,0.34682414,0.010234252,-0.8400495,-0.011582006
ALGERIA_Tizi Ouinine_432,-0.022767223,-0.33856562,0.033070266,0.7388772
WOLFSKILL_Sidezitis_1960,0.09881476,-0.20561191,-0.27314025,0.4346409
WOLFSKILL_Khalchili_1295,0.07717898,0.19608806,-0.2159906,-0.4310068
WOLFSKILL_Olmo_034-54_3289,-0.011373633,-0.3961045,-0.020876246,0.8449384
WOLFSKILL_Precoce_De_Malingre_1593,-0.046488896,-0.4196435,0.10798494,0.9382739
WOLFSKILL_Sidezitis_1961,-0.023373295,-0.41988635,0.010613969,0.89750916
VINEYARDS_freedom_cab_madera_y2018_2818,0.3657913,0.011936817,-0.885019,-0.008448806
ALGERIA_Tizi Ouinine_433,-0.014986412,-0.35535562,-0.0016282853,0.7666166
WOLFSKILL_Khalchili_1294,0.18012778,0.011902954,-0.43616498,-0.024468075
WOLFSKILL_Precoce_De_Malingre_1592,-0.04332543,-0.35084593,0.11068142,0.7909739
WOLFSKILL_Muscat_Flame_1439,-0.054894317,-0.35704374,0.14321345,0.82829463
WOLFSKILL_Olmo_034-54_3288,0.0066522653,0.25900564,-0.053181075,-0.5786895
WOLFSKILL_Somarello_Rosso_4428,-0.03707582,-0.3543743,0.08044907,0.7863282
WOLFSKILL_Unknown_Cultivar_8075,-0.04043539,-0.3877157,0.08711403,0.8590972
WOLFSKILL_UNKNOWN_CULTIVAR_9615,-0.010358454,0.29438972,-0.017129198,-0.64888066
WOLFSKILL_Flora_5805,-0.043614104,0.3760338,0.055138692,-0.8424666
WOLFSKILL_Ak_Schekerek_2314,-0.013450784,0.34388587,-0.017559001,-0.7491462
WOLFSKILL_Kontehgalo_2115,0.016096815,-0.32054496,-0.075949326,0.6931375
WOLFSKILL_Khorestini_3567,-0.07331722,-0.29279414,0.20340797,0.71327657
WOLFSKILL_Pinot_5907,-0.018356517,-0.34835833,0.01417906,0.75410104
WOLFSKILL_Servant_81,0.1756914,0.07803902,-0.4339481,-0.16915317
WOLFSKILL_Angelina_918,-0.09843322,-0.26938066,0.2861672,0.69812155
VINEYARDS_freedom_cab_madera_y2018_4128,0.39358965,0.017221186,-0.95605254,-0.023347642
WOLFSKILL_UNKNOWN_CULTIVAR_9614,-0.041296568,0.2938711,0.055073053,-0.66456306
WOLFSKILL_Rish_Baba_4324,0.24772862,0.036538396,-0.596933,-0.07752937
WOLFSKILL_Unknown_Cultivar_8074,-0.052228533,-0.34499362,0.13388619,0.7912806
WOLFSKILL_Olivette_Vendemien_1543,-0.029250808,-0.40487334,0.03318572,0.87056786
WOLFSKILL_Pinot_5906,0.10948722,0.13073498,-0.28259227,-0.2796041
WOLFSKILL_Servant_80,-0.012374357,-0.35341585,-0.0067691933,0.76163113
WOLFSKILL_Angelina_919,-0.045579907,-0.3391105,0.10913398,0.7678985
WOLFSKILL_Kontehgalo_2114,0.12699525,0.1421142,-0.33019036,-0.31071964
WOLFSKILL_Khorestini_3566,-0.015590967,-0.35621792,-0.0017622281,0.75611687
WOLFSKILL_Ak_Schekerek_2315,0.04280777,0.2729569,-0.14503004,-0.59019244
VINEYARDS_freedom_chard_merced_y2019_13,0.36901385,0.012336396,-0.89494777,-0.013595466
WOLFSKILL_Roussaitis_7998,-0.029752322,-0.4137109,0.033027448,0.89290893
WOLFSKILL_Cornichon_1075,-0.025401432,-0.37167883,0.030322498,0.80539036
WOLFSKILL_Rondinella_8936,-0.005859944,-0.36942768,-0.038295735,0.77465177
VINEYARDS_freedom_cab_madera_y2019_1121,0.37479082,0.008070003,-0.90548605,0.002162382
WOLFSKILL_Cinsaut_8690,-0.023784187,-0.38040215,0.02278225,0.82030237
WOLFSKILL_Chardonnay_5621,-0.04487304,-0.3739308,0.10868799,0.840495
WOLFSKILL_Batta_3962,-0.107095145,-0.28674647,0.31527466,0.74584264
WOLFSKILL_Muscadelle_De_Bordelais_6646,-0.043683853,0.34669036,0.05745726,-0.7795673
WOLFSKILL_Mission_6494,-0.025167413,-0.42054498,0.010315089,0.8917058
WOLFSKILL_Folle_Blanche_4858,-0.011076079,0.34083688,-0.023166481,-0.74715227
WOLFSKILL_Rondinella_8937,-0.023374245,-0.36716205,0.025096437,0.79606724
WOLFSKILL_Black_Damascus_3764,-0.022290051,-0.4107002,0.0033704955,0.8610306
WOLFSKILL_Roussaitis_7999,-0.028851122,-0.43276024,0.024096465,0.9243932
WOLFSKILL_Cornichon_1074,-0.014587154,-0.3116997,0.011976788,0.6789149
VINEYARDS_freedom_chard_merced_y2019_12,0.3637996,0.011978958,-0.8824849,-0.015683874
VINEYARDS_freedom_chard_merced_y2019_602,0.38205096,0.0124066025,-0.9264202,-0.012785155
WOLFSKILL_Muscadelle_De_Bordelais_6647,-0.017357182,-0.41227645,-0.009575261,0.8777123
WOLFSKILL_Donzillinho_8856,-0.19535276,-0.104758784,0.5359353,0.36522275
WOLFSKILL_Folle_Blanche_4859,-0.13572666,-0.18563382,0.38429207,0.5185884
WOLFSKILL_Cinsaut_8691,-0.024616025,-0.38464972,0.023759035,0.828997
WOLFSKILL_Olmo_n4-59_3347,-0.005500785,-0.32259846,-0.017200965,0.69893926
WOLFSKILL_Batta_3963,-0.16048911,-0.16260722,0.45492473,0.485593
VINEYARDS_freedom_chard_merced_y2018_3772,0.37123406,0.012594312,-0.89937526,-0.0127938725
WOLFSKILL_Chardonnay_5620,-0.12703149,0.058987956,0.31511968,-0.108265504
WOLFSKILL_Conte_Rosso_1063,-0.02502146,-0.39061096,0.023060633,0.8393618
WOLFSKILL_Tchilar_9062,-0.021996472,-0.38207668,0.016533284,0.82185864
WOLFSKILL_Catarratto_4729,-0.021103833,0.3624916,-0.0026937593,-0.79155827
WOLFSKILL_Angevine_Oberlin_922,-0.037172858,-0.4211341,0.05920785,0.9176147
WOLFSKILL_Agria_8155,-0.08394653,0.28255183,0.15695746,-0.65950954
VINEYARDS_freedom_cab_madera_y2018_4721,0.35745275,0.010164756,-0.86550456,-0.009005439
WOLFSKILL_Gaschochi_8818,-0.008247488,-0.4009908,-0.03274832,0.8509408
WOLFSKILL_Roussas_8013,-0.020913817,-0.38380307,0.010713531,0.8257065
WOLFSKILL_Catarratto_8451,0.06653722,-0.24139442,-0.18726575,0.5195577
WOLFSKILL_July_Muscat_1273,-0.13585512,0.21442188,0.3037427,-0.48489022
UCDAVIS_V._GIRIDIANA_537,-0.025038123,0.39961398,0.006303875,-0.86770535
WOLFSKILL_Green_Veltliner_4604,-0.024541866,-0.39500934,0.018852586,0.84619385
WOLFSKILL_Tchilar_9063,0.27417743,-0.028834352,-0.6698411,0.075325325
WOLFSKILL_Conte_Rosso_1062,-0.023009937,-0.36876935,0.02243697,0.79384834
WOLFSKILL_Catarratto_8450,-0.038419634,-0.36135554,0.08434402,0.8042252
VINEYARDS_freedom_cab_san_joaquin_y2019_1050,-0.022348884,-0.37652248,0.017096305,0.81008065
WOLFSKILL_Lakemont_4755,-0.03996867,-0.37665,0.08608485,0.83597803
WOLFSKILL_July_Muscat_1272,-0.09400911,0.3027249,0.18372661,-0.7094351
WOLFSKILL_Traminer_7589,-0.038276024,-0.3562811,0.08307985,0.7924323
WOLFSKILL_Green_Veltliner_4605,-0.06930765,-0.31957462,0.19399455,0.7688551
WOLFSKILL_Kecskemet_8881,-0.03394009,-0.40899903,0.052986763,0.88913333
WOLFSKILL_Agria_8154,-0.010670039,-0.3742708,-0.01912365,0.79784596
VINEYARDS_freedom_cab_madera_y2018_4720,0.3647796,0.009894595,-0.8824347,-0.006156776
WOLFSKILL_Catarratto_4728,-0.022341378,-0.31618053,0.03635829,0.69428045
WOLFSKILL_Angevine_Oberlin_923,-0.03588908,-0.376216,0.06884486,0.8307085
WOLFSKILL_Gaschochi_8819,-0.010672544,0.3387689,-0.023585021,-0.73771346
WOLFSKILL_Roussas_8012,-0.024612147,-0.37760952,0.027336365,0.81881547
WOLFSKILL_Plavac_Mali_4801,-0.033123657,-0.39976978,0.053975247,0.8744347
VINEYARDS_1103P_chard_madera_y2018_2759,0.38651004,0.013530195,-0.9372217,-0.01610456
WOLFSKILL_Husseine_1247,-0.05800125,-0.3113315,0.16009122,0.7285281
WOLFSKILL_UNKNOWN_CULTIVAR_9548,-0.009131101,-0.3633092,-0.020770634,0.77582717
UCDAVIS_AGLICANICO_655,-0.002467039,-0.35640454,-0.037400883,0.7661817
VINEYARDS_1103P_chard_madera_y2018_3901,0.36509028,0.0126607865,-0.8850714,-0.013876583
WOLFSKILL_Noir_D_automne_856,0.035077337,-0.26478088,-0.12112967,0.556224
WOLFSKILL_Husseine_1246,-0.08862818,-0.2896573,0.25899136,0.73065716
VINEYARDS_1103P_chard_madera_y2018_2758,0.3655622,0.015596893,-0.8875681,-0.026064176
ALGERIA_Amer Bouamar_88,-0.020097502,-0.42957404,-0.015550695,0.89473915
WOLFSKILL_UNKNOWN_CULTIVAR_9549,-0.025583696,-0.3957184,0.027910216,0.8526604
WOLFSKILL_Plavac_Mali_4800,-0.006406906,-0.37581933,-0.031874206,0.7993498
WOLFSKILL_Gros_Colman_4409,-0.0059866793,-0.37175295,-0.03153246,0.79206055
VINEYARDS_1103P_chard_madera_y2018_3900,0.3801236,0.0114273615,-0.92062277,-0.0077222995
WOLFSKILL_Noir_D_automne_857,-0.037452616,-0.3055129,0.089235686,0.68489075
WOLFSKILL_Zinfandel_9091,-0.039420247,-0.33664337,0.09289285,0.75375867
WOLFSKILL_Talia_7447,-0.042551845,-0.37014776,0.09908455,0.82809734
VINEYARDS_1103P_cab_merced_y2019_64,0.33087993,0.006215386,-0.8002313,-0.0018386357
VINEYARDS_freedom_cab_san_joaquin_y2019_2204,0.3543038,0.014170781,-0.8592458,-0.020336669
WOLFSKILL_Primus_2932,0.11924807,-0.12957604,-0.31295407,0.27391434
WOLFSKILL_Kishmish_Of_Vir_219,-0.01964597,-0.35266787,0.019616688,0.7709632
WOLFSKILL_Ferral_De_Izalva_7876,-0.06736771,-0.25832862,0.19203517,0.6209048
WOLFSKILL_Alvarelhao_8068,-0.026844654,-0.3661952,0.038974784,0.79914904
ALGERIA_Ichmoul_Bacha_282,-0.022373524,-0.34485105,0.027089579,0.7467853
ALGERIA_Louali_335,-0.022926588,-0.4079669,0.008129375,0.865585
WOLFSKILL_Danuque_2766,-0.024898939,-0.41157424,0.01279212,0.8729193
WOLFSKILL_Zinfandel_8259,-0.041538686,0.30207503,0.04999488,-0.6808947
WOLFSKILL_Primitivo_De_Gioia_473_8782,-0.0360046,-0.47132763,0.041178398,1.0008761
WOLFSKILL_Primus_2933,-0.10404063,-0.20806389,0.30537286,0.54197156
WOLFSKILL_Kishmish_Of_Vir_218,0.01700129,-0.35248208,-0.09148715,0.74368644
VINEYARDS_freedom_chard_merced_y2019_2080,0.35421392,0.00463764,-0.8555747,0.007127691
VINEYARDS_1103P_cab_merced_y2019_65,0.34354642,0.010150656,-0.8326139,-0.012335677
WOLFSKILL_Talia_7446,-0.023848861,-0.40141076,0.018994762,0.8630444
WOLFSKILL_Primitivo_De_Gioia_473_8783,-0.027241495,-0.44978046,0.011633618,0.9499754
WOLFSKILL_Zinfandel_8258,0.006020354,-0.3525972,-0.0667019,0.7355205
WOLFSKILL_Alvarelhao_8069,-0.009378917,-0.40111262,-0.031838767,0.84977734
ALGERIA_Louali_334,-0.027450867,-0.42731994,0.021125736,0.91065264
ALGERIA_Ichmoul_Bacha_283,-0.012220557,-0.41025633,-0.026265921,0.868074
WOLFSKILL_Aligote_5250,-0.21000363,-0.07477131,0.57333475,0.3047753
WOLFSKILL_White_Tokay_1922,-0.023811761,-0.3752284,0.028808633,0.81948763
VINEYARDS_freedom_cab_san_joaquin_y2018_2450,0.35440806,0.011539098,-0.8582037,-0.010543168
WOLFSKILL_Pinot_Noir_6972,-0.041617766,-0.22279687,0.123026945,0.521928
WOLFSKILL_Arcathinoh_5312,-0.016567048,-0.37198266,-0.0029995982,0.79295504
WOLFSKILL_Sultana_Moschata_3658,-0.028373145,-0.42627108,0.027683968,0.9199016
WOLFSKILL_UNKNOWN_CULTIVAR_9314,-0.042346984,-0.31874275,0.103714325,0.7217616
WOLFSKILL_Kreatza_95,-0.025509905,0.3716605,0.008552307,-0.8161676
WOLFSKILL_Magno_6299,-0.028272733,-0.38914043,0.03561236,0.84035903
VINEYARDS_5C_chard_san_joaquin_y2018_4818,0.375356,0.014222145,-0.9117743,-0.019513648
WOLFSKILL_Fosters_White_Seedling_469,-0.035945125,0.3983559,0.035340935,-0.88256514
WOLFSKILL_Sidezitis_Proimo_2972,0.038520023,-0.23479657,-0.122760326,0.5028601
WOLFSKILL_Sultana_Crimson_3652,-0.011709428,-0.3199563,-0.00084002875,0.6906549
WOLFSKILL_Pinot_Noir_6973,-0.10218824,-0.22492792,0.3000841,0.5828256
WOLFSKILL_White_Tokay_1923,0.32190463,-0.006181836,-0.7801059,0.031700864
WOLFSKILL_Aligote_5251,-0.03375581,-0.36380738,0.06286029,0.801761
VINEYARDS_freedom_cab_san_joaquin_y2018_2451,0.34846088,0.009419199,-0.8445873,-0.007145006
WOLFSKILL_Magno_6298,-0.030722093,-0.4185152,0.03300053,0.89185774
WOLFSKILL_Kreatza_94,-0.02243181,-0.4139357,0.007914936,0.88410664
WOLFSKILL_Sidezitis_Proimo_2973,-0.028612081,0.34555167,0.019693365,-0.76506793
WOLFSKILL_Fosters_White_Seedling_468,0.0040173046,-0.3929604,-0.06649005,0.8244669
WOLFSKILL_Sultana_Moschata_3659,0.005653957,-0.3678267,-0.063628845,0.78222334
WOLFSKILL_Bien_Donnie_3748,0.1711797,0.09530111,-0.4269576,-0.20708063
WOLFSKILL_Cola_Tamburo_4598,-0.035796463,-0.37112,0.07243014,0.82263875
WOLFSKILL_Thiakon_7515,-0.041543357,-0.352871,0.093632765,0.7888082
VINEYARDS_freedom_chard_san_joaquin_y2019_137,0.35346434,0.0116108395,-0.8579068,-0.01653776
WOLFSKILL_Khaldar_1306,-0.018459033,-0.36261848,0.006281087,0.7768814
WOLFSKILL_Valdepenas_7660,-0.027734742,-0.38936263,0.035274982,0.84570384
WOLFSKILL_Austrian_Seedless_2462,-0.0018245848,0.36621726,-0.04772666,-0.78799206
WOLFSKILL_Khaldar_1307,-0.13149802,-0.1738806,0.3785293,0.4858816
UCDAVIS_44-53M_378,0.3729925,0.01137374,-0.904478,-0.011967491
VINEYARDS_freedom_chard_san_joaquin_y2019_136,0.38823566,0.013792831,-0.94093645,-0.013868507
WOLFSKILL_Cola_Tamburo_4599,-0.036039382,-0.31291777,0.08393585,0.6991794
WOLFSKILL_Thiakon_7514,-0.02506034,-0.42587763,0.013218751,0.9085933
VINEYARDS_1103P_chard_san_joaquin_y2018_4449,0.3802464,0.015638474,-0.9231699,-0.024703886
WOLFSKILL_UNKNOWN_CULTIVAR_9626,-0.023366682,-0.44348657,0.0015787389,0.9388846
VINEYARDS_5C_cab_madera_y2019_486,0.3952963,0.016447209,-0.9580468,-0.020550285
WOLFSKILL_Italia_IP_65_2085,-0.016877577,-0.40815675,-0.0096233655,0.86841613
WOLFSKILL_b_40-6_Mlc_3840,0.013204628,-0.34955123,-0.08107809,0.74019253
WOLFSKILL_Xylomaherudah_7782,-0.033979043,0.38624454,0.029376147,-0.8536778
WOLFSKILL_Lakemont_8216,-0.0202584,-0.32225016,0.031010682,0.7008041
WOLFSKILL_CG_1481_4x_3901,-0.14885291,-0.13126075,0.41710028,0.39086324
ALGERIA_Ahmeur Bou Ahmeur_69,-0.024716195,-0.37011984,0.02722375,0.80189955
WOLFSKILL_Staphythostaphylo_7388,-0.046585195,-0.35860783,0.112986915,0.808738
WOLFSKILL_Olmo_035-50_3331,-0.029631179,0.29426932,0.027083917,-0.66160154
WOLFSKILL_Rish_Baba_4317,-0.032311596,0.40035436,0.023471536,-0.87975454
WOLFSKILL_UNKNOWN_CULTIVAR_9627,-0.24751826,-0.060468797,0.6782968,0.3036079
ALGERIA_Ahmeur Bou Ahmeur_68,-0.019814163,-0.42161325,-0.010605859,0.87655795
WOLFSKILL_Staphythostaphylo_7389,-0.023327205,-0.39688802,0.017935703,0.8599962
WOLFSKILL_Xylomaherudah_7783,-0.032546706,0.33981276,0.027155204,-0.75480396
WOLFSKILL_b_40-6_Mlc_3841,0.09141464,-0.20745121,-0.25900343,0.43024418
WOLFSKILL_CG_1481_4x_3900,-0.038934026,0.42211795,0.04669635,-0.93326324
WOLFSKILL_Fayoumi_8871,-0.02527082,-0.4072742,0.020144934,0.8786392
WOLFSKILL_Unkown_Cultivar_5651,0.3534167,0.0012526177,-0.8524881,0.016603224
WOLFSKILL_Husseine_rish_Baba_2846,0.0021796813,-0.32757297,-0.04725544,0.694214
WOLFSKILL_Marditza_7924,-0.009324345,-0.3293333,-0.007827973,0.72058994
WOLFSKILL_Harslevelu_6022,-0.030310053,0.39435682,0.019343304,-0.8675468
WOLFSKILL_Champanel_3983,-0.1500038,-0.13107516,0.42869407,0.39706805
ALGERIA_Tizi Ouinine_401,0.0026994124,-0.3790672,-0.061749958,0.79510254
WOLFSKILL_Voltzicki_7731,-0.01718495,-0.35351127,0.007852497,0.7659372
VINEYARDS_freedom_chard_merced_y2018_2381,0.39753166,0.01651324,-0.96375036,-0.020309638
WOLFSKILL_Unknown_Cultivar_6801,0.009116183,-0.37315118,-0.079051666,0.77574134
WOLFSKILL_Honigber_6049,-0.025876671,-0.40076044,0.023435289,0.8617793
ALGERIA_Amer Bouamar_104,-0.0333123,-0.44233692,0.03530886,0.94112754
WOLFSKILL_Olmo_035-58_3339,0.0036899839,0.3048933,-0.055329308,-0.6666606
WOLFSKILL_Liatico_6276,0.04589697,0.27991977,-0.15466091,-0.6051923
WOLFSKILL_Platani_7972,-0.023917072,-0.328745,0.03639193,0.7129961
WOLFSKILL_Orleans_6794,0.34219274,0.014416952,-0.8297759,-0.023506362
WOLFSKILL_Pinot_Noir_7018,-0.023369968,-0.4245838,0.008537063,0.9086962
WOLFSKILL_Roussette_7202,0.27516863,0.014841553,-0.667463,-0.029709723
WOLFSKILL_Munuka_Sufed_2559,-0.031442154,-0.38394493,0.051262863,0.8404154
WOLFSKILL_Triplett_T793-1_9368,-0.024834927,-0.3968706,0.02348348,0.8581742
WOLFSKILL_Malvasia_Tinta_6373,-0.031060971,-0.3941509,0.04695732,0.8585811
WOLFSKILL_Bastardo_5402,-0.016989563,-0.37069038,0.0013192762,0.7963748
WOLFSKILL_Keshmesh_2110,-0.123979755,0.20470808,0.26901045,-0.48451555
VINEYARDS_1103P_cab_merced_y2019_557,0.37805843,0.009884432,-0.9148114,-0.00346189
WOLFSKILL_Champanel_3982,-0.17513908,-0.11557737,0.49701995,0.38211673
WOLFSKILL_Harslevelu_6023,0.017643463,-0.28803888,-0.0746179,0.62851405
WOLFSKILL_Unknown_Cultivar_6800,0.27679008,-0.01571425,-0.66912645,0.04897708
ALGERIA_Tizi Ouinine_400,-0.023191176,-0.40571317,0.008925548,0.85970163
WOLFSKILL_Voltzicki_7730,-0.009583619,-0.3596976,-0.019398779,0.7672796
WOLFSKILL_Fayoumi_8870,-0.02659306,0.40106243,0.0076023173,-0.87268984
WOLFSKILL_Unkown_Cultivar_5650,0.09442547,-0.22270344,-0.2618207,0.46919125
WOLFSKILL_Marditza_7925,-0.0162208,-0.35681593,0.0038199779,0.7735944
WOLFSKILL_Bastardo_5403,0.1258343,0.19749872,-0.33901674,-0.42091048
WOLFSKILL_Keshmesh_2111,-0.04899776,-0.22006108,0.12447973,0.5031555
WOLFSKILL_Triplett_T793-1_9369,-0.030375391,-0.38151646,0.045814767,0.8346045
WOLFSKILL_Malvasia_Tinta_6372,0.05661673,-0.23838426,-0.17125916,0.49913093
VINEYARDS_1103P_cab_san_joaquin_y2019_200,0.36619222,0.006762363,-0.88417274,0.0033646636
ALGERIA_Amer Bouamar_105,-0.027283609,-0.4364842,0.010873767,0.9165677
WOLFSKILL_Olmo_035-58_3338,0.23342083,0.037530627,-0.568161,-0.08210091
WOLFSKILL_Platani_7973,-0.020355843,-0.37143677,0.01137297,0.79616606
WOLFSKILL_Orleans_6795,0.33297777,0.012948867,-0.80633056,-0.018898137
WOLFSKILL_Pinot_Noir_7019,-0.13213554,-0.085258,0.37626553,0.26957732
WOLFSKILL_Roussette_7203,-0.038005,0.36498398,0.044376604,-0.81561977
WOLFSKILL_Nilok_3912,-0.16336448,-0.14130251,0.45911902,0.4326892
WOLFSKILL_Petite_Bouschet_6885,-0.020824105,-0.33735642,0.026069472,0.7403163
VINEYARDS_5C_cab_madera_y2018_3460,0.36289716,0.0078579,-0.8767827,-0.00023216382
WOLFSKILL_Feher_Som_5781,0.14332741,-0.15623827,-0.3770252,0.33019525
VINEYARDS_1103P_cab_san_joaquin_y2019_1755,0.30701503,0.00944921,-0.7423358,-0.013122376
WOLFSKILL_Kandahar_2851,-0.0867066,-0.24214666,0.25438017,0.61153364
WOLFSKILL_Trifera_2243,0.0192427,-0.32531607,-0.092259035,0.6807925
ALGERIA_Ahmeur Bou Ahmeur_4,-0.015237336,-0.40750617,-0.021420125,0.857874
WOLFSKILL_Feher_Szagos_5792,-0.06770677,0.33970615,0.120418616,-0.77945125
UCDAVIS_MONDEUSE_437,-0.025494758,0.37024382,0.011702595,-0.81386995
WOLFSKILL_Nilok_3913,0.18837082,0.030524503,-0.45513862,-0.06943326
WOLFSKILL_Petite_Bouschet_6884,-0.049748115,-0.380185,0.122815736,0.8628973
WOLFSKILL_Trifera_2242,-0.011135389,0.33989,-0.024286726,-0.7378044
WOLFSKILL_Kandahar_2850,-0.19842832,0.03182121,0.5137913,0.012693029
WOLFSKILL_Olivette_Blanche_1534,-0.1303794,-0.23170862,0.37466717,0.628266
WOLFSKILL_Feher_Som_5780,-0.033605658,0.36958623,0.031698413,-0.8201592
VINEYARDS_1103P_cab_san_joaquin_y2019_1754,0.3983124,0.017145693,-0.9671949,-0.025780093
VINEYARDS_1103P_cab_san_joaquin_y2019_2232,0.38709113,0.014645301,-0.9387937,-0.01706392
UCDAVIS_1103P_42,-0.018559694,0.37045088,-0.00842864,-0.8054633
WOLFSKILL_Emperor_1156,-0.041355953,-0.3666198,0.09749753,0.81931734
WOLFSKILL_Garanoir_9246,-0.016376823,0.31965637,-0.0075499946,-0.70412934
WOLFSKILL_Angulata_928,0.096009664,-0.22124316,-0.27008754,0.4623199
WOLFSKILL_Dalnato_I_3931,-0.027948327,-0.3814275,0.04161624,0.83484876
WOLFSKILL_Verdal_1944,-0.02053516,-0.40435854,0.0056021754,0.8683685
WOLFSKILL_Zinfandel_Heritage_Sel._14_4558,-0.032380395,0.3334505,0.032664552,-0.7451473
ALGERIA_Babari_173,-0.02860162,-0.43172562,0.019812165,0.91677105
WOLFSKILL_Carignane_6588,-0.016609758,-0.39481425,-0.0056342054,0.8478178
VINEYARDS_1103P_chard_madera_y2018_2576,0.4014511,0.015287697,-0.9756078,-0.021407481
ALGERIA_Bouabane des Aures_207,-0.01965436,-0.4057633,-0.006357342,0.8549155
WOLFSKILL_Karrithato_6120,-0.07206819,0.31443843,0.12741591,-0.72456384
WOLFSKILL_Angulata_929,0.2447911,-0.02051084,-0.59860295,0.058148164
WOLFSKILL_Emperor_1157,-0.023499984,-0.38270938,0.020366168,0.82493657
WOLFSKILL_Verdal_1945,-0.028973531,-0.42368713,0.028693324,0.91438556
WOLFSKILL_Dalnato_I_3930,0.32182914,0.009290155,-0.7808093,-0.012008499
WOLFSKILL_St._Catherine_s_Old_Vine_4241,-0.1945907,-0.080611765,0.53701764,0.30553496
VINEYARDS_freedom_chard_madera_y2019_1133,0.38309893,0.014239892,-0.92701924,-0.015378188
VINEYARDS_1103P_cab_san_joaquin_y2019_2233,0.3193945,0.009395789,-0.7733611,-0.013870407
VINEYARDS_1103P_chard_madera_y2018_2577,0.32203805,0.012861166,-0.7800771,-0.023634467
ALGERIA_Bouabane des Aures_206,-0.01366583,-0.3633433,-0.011967415,0.77188295
WOLFSKILL_Zinfandel_Heritage_Sel._14_4559,0.037285693,0.24101849,-0.12508048,-0.5243586
ALGERIA_Babari_172,-0.011206207,-0.35136217,-0.012564039,0.7461635
WOLFSKILL_Carignane_6589,-0.025826499,0.3632666,0.0070747174,-0.79669756
WOLFSKILL_Muscat_Pappo_4471,-0.067527495,-0.3272565,0.18676814,0.7868647
WOLFSKILL_Mathiasz_Y_Ne_40_4450,-0.02879443,-0.42312565,0.029848175,0.90636796
WOLFSKILL_Nebbiolo_6708,0.29586425,0.010309741,-0.71433187,-0.016682096
WOLFSKILL_Palomino_6848,-0.18452875,-0.113066375,0.517907,0.38236696
VINEYARDS_5C_cab_san_joaquin_y2018_5000,0.34691814,0.009359643,-0.8388462,-0.007340897
WOLFSKILL_Sciacarello_4830,0.13024606,-0.17098303,-0.34116626,0.36570704
WOLFSKILL_Askary_1999,-0.068025954,-0.2966263,0.19566971,0.71624494
WOLFSKILL_Citronelle_1056,-0.024311963,-0.391743,0.01553913,0.8225905
WOLFSKILL_Sangiovese_7248,-0.06697779,0.33111227,0.11608303,-0.7587249
WOLFSKILL_Damas_Rose_1097,-0.033246826,-0.2911175,0.07371495,0.6475649
WOLFSKILL_Palomino_6849,-0.02462709,0.33622706,0.010999555,-0.74277186
WOLFSKILL_Triplett_F1-13_9294,-0.016393993,-0.39773273,-0.004317047,0.8540448
WOLFSKILL_Mathiasz_Y_Ne_40_4451,-0.016303405,-0.38399124,-0.004836226,0.82237077
WOLFSKILL_Nebbiolo_6709,-0.07728134,-0.30834305,0.22051896,0.76049626
WOLFSKILL_Sciacarello_4831,-0.0147675155,-0.4026326,-0.012201769,0.8578367
WOLFSKILL_Muscat_Pappo_4470,-0.12072285,-0.24899898,0.3508775,0.6653989
WOLFSKILL_Sangiovese_7249,-0.03829018,0.3504649,0.04371477,-0.78292775
WOLFSKILL_Damas_Rose_1096,-0.018200602,-0.34279457,0.012381783,0.7405325
WOLFSKILL_Citronelle_1057,-0.015471307,-0.37591723,-0.016792828,0.7811123
WOLFSKILL_Askary_1998,0.06557868,-0.2522967,-0.19501354,0.53075117
WOLFSKILL_B_15-19_3882,-0.15690707,-0.025467837,0.42673817,0.1368216
WOLFSKILL_Gouveio_5958,-0.15997823,-0.19989985,0.45847827,0.5838948
WOLFSKILL_Olmo_033-60_3256,-0.012425461,-0.37082314,-0.013441751,0.79377854
WOLFSKILL_Rousseau_7181,-0.046723984,-0.34148473,0.11494822,0.7717972
VINEYARDS_freedom_chard_madera_y2018_4266,0.3938678,0.014919989,-0.95566404,-0.018368032
WOLFSKILL_Chasselas_Napoleon_3027,0.00760982,-0.36532292,-0.074501574,0.76050234
WOLFSKILL_Pearl_of_Zola_3613,0.0036517521,0.35507387,-0.063453756,-0.76635087
VINEYARDS_freedom_cab_merced_y2018_2654,-0.03530658,0.31207544,0.03789612,-0.7014706
WOLFSKILL_Berzamino_5435,-0.02822636,-0.41192412,0.026693663,0.8858688
WOLFSKILL_Nosargoon_3525,-0.052445207,-0.34819096,0.13432376,0.79899526
WOLFSKILL_Mavrodaphne_6417,0.101852454,-0.17748772,-0.2690408,0.38787872
WOLFSKILL_b_39-52_Mlc_3801,-0.03736326,-0.35660708,0.09389178,0.7956859
WOLFSKILL_Japanese_Burgundy_4533,-0.029510304,-0.42420396,0.03267932,0.90794057
WOLFSKILL_Black_Hamburg_109,-0.004474544,-0.31634867,-0.02144988,0.68216753
WOLFSKILL_Rousseau_7180,-0.059277087,-0.32661372,0.16049364,0.7621131
VINEYARDS_freedom_chard_madera_y2018_4267,0.38711134,0.017559018,-0.9392731,-0.027340602
WOLFSKILL_Olmo_033-60_3257,-0.0023123734,-0.3118086,-0.026460385,0.67717004
WOLFSKILL_Chasselas_Napoleon_3026,-0.018352307,-0.41152057,-0.0047961753,0.8755133
WOLFSKILL_Pearl_of_Zola_3612,-0.19855617,-0.10559788,0.5514264,0.3738137
WOLFSKILL_Gouveio_5959,-0.021291494,-0.37215728,0.0140198525,0.7980747
WOLFSKILL_B_15-19_3883,-0.10385663,0.27887154,0.20642725,-0.6571236
WOLFSKILL_Japanese_Burgundy_4532,-0.0148735205,0.30301452,-0.010472149,-0.668872
WOLFSKILL_b_39-52_Mlc_3800,-0.03839625,-0.3986997,0.082377724,0.8800012
WOLFSKILL_Black_Hamburg_108,-0.014743225,-0.37567234,-0.006714171,0.80317265
VINEYARDS_freedom_cab_merced_y2018_2655,-0.011265197,0.3077626,-0.01814975,-0.67694855
WOLFSKILL_Mondeuse_6518,-0.027809244,0.3546168,0.017900096,-0.7838761
WOLFSKILL_Berzamino_5434,-0.018297363,-0.42245352,-0.009830279,0.8939117
WOLFSKILL_Mavrodaphne_6416,0.20672075,-0.039055705,-0.5081766,0.09290926
WOLFSKILL_Nosargoon_3524,0.3073307,0.01371685,-0.74386275,-0.024623316
WOLFSKILL_Chaush_White_130,-0.025203504,-0.47468433,-0.008475998,0.9864316
VINEYARDS_freedom_chard_madera_y2019_1692,0.37793633,0.013940766,-0.91774416,-0.019418668
WOLFSKILL_Vidal_804_9470,-0.030889772,-0.4432263,0.028559083,0.94429505
WOLFSKILL_Kandhar_4209,-0.037792526,-0.31739122,0.088780046,0.71001923
WOLFSKILL_Muscat_Flame_1442,-0.013101813,-0.38882697,-0.020086417,0.81992567
VINEYARDS_5C_cab_madera_y2019_1891,0.37093177,0.011758048,-0.8973617,-0.007481009
VINEYARDS_1103P_cab_san_joaquin_y2018_3734,0.35196087,0.0110672675,-0.85401595,-0.014378745
WOLFSKILL_Kastour_Rumi_331,-0.0033935085,-0.3641094,-0.041108284,0.7672783
WOLFSKILL_Pfeffer_4783,-0.008154301,0.3714142,-0.034261167,-0.8054134
WOLFSKILL_Muscat_St._Laurent_2337,-0.004487861,-0.3945685,-0.042110473,0.836656
VINEYARDS_freedom_chard_madera_y2018_2533,0.37150294,0.009853486,-0.89821595,-0.0028600395
WOLFSKILL_Iviar_Oliver_2091,-0.028363958,-0.386934,0.03727396,0.8401259
WOLFSKILL_Katta_Kurgan_6137,0.09663815,-0.14706475,-0.25445178,0.32119083
WOLFSKILL_Muscat_Flame_1443,-0.08282371,-0.27179405,0.24177468,0.67527235
WOLFSKILL_Chaush_White_131,0.007014864,-0.38481247,-0.0732327,0.80913115
VINEYARDS_freedom_chard_madera_y2019_1693,0.3652989,0.0152747,-0.88599145,-0.020837333
WOLFSKILL_Kastour_Rumi_330,-0.05956488,0.2664234,0.09998834,-0.61467737
WOLFSKILL_Pfeffer_4782,-0.02197316,-0.39001462,0.015270928,0.84272426
WOLFSKILL_Muscat_St._Laurent_2336,-0.061895967,-0.111369014,0.17356993,0.27783227
WOLFSKILL_Iviar_Oliver_2090,0.028860059,0.24876557,-0.10855772,-0.54147375
WOLFSKILL_Refosco_4810,-0.019197896,0.3671201,-0.0063329916,-0.79632103
ALGERIA_Ahmeur Bou Ahmeur_20,-0.022059694,-0.4007607,-0.0014024898,0.84220684
UCDAVIS_EARLY_MUSCAT_619,-0.017594088,-0.42642877,-0.017991759,0.89653057
WOLFSKILL_Kouldjinski_9019,-0.024604239,-0.36301666,0.03189221,0.79423845
WOLFSKILL_Rizamat_676,0.052812535,-0.2231934,-0.1542187,0.48305365
VINEYARDS_1103P_chard_madera_y2019_1929,0.37561843,0.011771958,-0.9094867,-0.0085526705
WOLFSKILL_Damas_Rose_132,-0.022926375,-0.39144576,0.015874354,0.84350467
WOLFSKILL_Nonno_Giovanni_585,-0.019460883,0.3749258,-0.0052620303,-0.8168396
WOLFSKILL_Gocseji_Zamatos_8994,-0.037858274,-0.31437355,0.09039078,0.7042959
VINEYARDS_5C_cab_san_joaquin_y2018_4694,0.3753486,0.010405686,-0.9065776,-0.0036098696
WOLFSKILL_Fort_Ross_Vine_2447,-0.018934526,0.33793586,-0.006409427,-0.7411644
WOLFSKILL_Rizamat_677,-0.039627135,0.3229354,0.04880952,-0.725502
WOLFSKILL_Nonno_Giovanni_584,-0.041810635,-0.40004653,0.088389225,0.8867723
WOLFSKILL_Damas_Rose_133,-0.022246342,-0.41964522,0.0034393203,0.8935271
VINEYARDS_1103P_chard_madera_y2019_1928,0.3535642,0.0098851435,-0.8559363,-0.009716935
ALGERIA_Ahmeur Bou Ahmeur_21,-0.024709076,-0.4122855,0.0064443815,0.863741
WOLFSKILL_Touriga_7581,-0.035589702,0.40014344,0.038868554,-0.885499
VINEYARDS_5C_cab_san_joaquin_y2018_4695,0.3302055,0.00868528,-0.79702157,-0.00044061616
VINEYARDS_1103P_chard_san_joaquin_y2019_2055,0.33695146,0.013645418,-0.8163713,-0.017715413
WOLFSKILL_Tourigan_National_5259,-0.021961056,-0.4143903,0.006071886,0.8862291
VINEYARDS_1103P_chard_san_joaquin_y2019_1839,0.37407216,0.013134796,-0.90776014,-0.01879597
WOLFSKILL_Goyura_3579,-0.03644429,-0.31706828,0.09083376,0.7100662
WOLFSKILL_Poet_Matabon_2455,-0.03159415,-0.42153943,0.036782123,0.9001783
WOLFSKILL_Perbos_205_409,-0.070661746,-0.3071926,0.20291702,0.7438397
WOLFSKILL_Montanaccio_8616,-0.02935483,0.3393546,0.024318593,-0.75429183
WOLFSKILL_Muscat_Canelli_8721,-0.0049275802,-0.34785175,-0.027518416,0.74747264
WOLFSKILL_Gamay_Rond_5924,-0.018328551,0.3681785,-0.00908087,-0.79949844
WOLFSKILL_Prune_De_Cazouls_71,-0.032677356,0.3395375,0.034042142,-0.75875664
WOLFSKILL_Syrah_6901,-0.025462538,0.364635,0.008752668,-0.80027056
VINEYARDS_5C_chard_merced_y2018_2977,0.39180198,0.016421698,-0.95119596,-0.024583291
WOLFSKILL_Montanaccio_8617,-0.044111222,-0.38638932,0.100224026,0.8632138
WOLFSKILL_Muscat_Canelli_8720,-0.02087545,-0.38529506,0.010517949,0.83010054
WOLFSKILL_Goyura_3578,-0.022526462,-0.37445587,0.018110516,0.8053913
WOLFSKILL_Poet_Matabon_2454,-0.015585707,0.31608805,-0.008601652,-0.69261837
WOLFSKILL_Perbos_205_408,0.05785909,0.2127039,-0.17548797,-0.46204847
WOLFSKILL_Tourigan_National_5258,0.00565699,0.33769828,-0.066580616,-0.72805655
VINEYARDS_5C_chard_merced_y2019_1647,0.38996726,0.017943386,-0.947191,-0.026196394
VINEYARDS_1103P_chard_san_joaquin_y2019_1838,0.3493898,0.011005294,-0.84656304,-0.009596065
WOLFSKILL_Syrah_6900,0.0012192195,-0.34139127,-0.044593684,0.7250006
VINEYARDS_freedom_cab_merced_y2018_2393,0.37051857,0.012398902,-0.8978341,-0.014026061
VINEYARDS_1103P_chard_madera_y2019_526,0.39966556,0.012104563,-0.96707964,-0.0060796626
WOLFSKILL_Prune_De_Cazouls_70,-0.025520198,0.3362645,0.013848146,-0.74419594
VINEYARDS_5C_cab_san_joaquin_y2018_2407,0.3180483,0.013399772,-0.771044,-0.021022152
WOLFSKILL_Nerello_Calabrese_6757,-0.027872182,-0.40520206,0.029424267,0.8720138
WOLFSKILL_San_Martino_P._215_1718,0.11409691,0.21100928,-0.31032306,-0.45268828
VINEYARDS_freedom_chard_madera_y2018_4108,0.13758363,0.12971322,-0.35280704,-0.28007156
VINEYARDS_5C_cab_madera_y2019_1155,0.3091114,-0.016896313,-0.7495409,0.058224928
WOLFSKILL_Ezerjo_5769,0.1276938,-0.22314925,-0.3399809,0.47455692
WOLFSKILL_Grec_Rouge_5983,-0.059983157,-0.38570687,0.15883026,0.89366144
WOLFSKILL_Kishmish_Early_650,0.044270925,0.21453525,-0.14118409,-0.47143435
VINEYARDS_5C_cab_madera_y2019_1333,0.33722982,0.008990839,-0.81718105,-0.01082366
WOLFSKILL_UNKNOWN_CULTIVAR_9593,-0.065115176,0.16955756,0.12613294,-0.3966193
WOLFSKILL_Gros_Manzenc_6007,-0.040574946,-0.37789568,0.086662434,0.8413441
WOLFSKILL_Kishmish_Early_651,-0.049886823,0.34115994,0.07550719,-0.7734525
VINEYARDS_5C_cab_madera_y2019_1332,0.37300387,0.014077064,-0.9059244,-0.016973704
VINEYARDS_5C_cab_madera_y2019_1154,0.33205792,0.017655399,-0.806103,-0.02927782
WOLFSKILL_San_Martino_P._215_1719,-0.067976825,-0.30238724,0.19076164,0.7306879
WOLFSKILL_Nerello_Calabrese_6756,-0.031458784,-0.38863355,0.04871448,0.84685177
ALGERIA_Ichmoul_258,-0.018339835,-0.3832366,-0.0052756723,0.80740255
VINEYARDS_freedom_chard_madera_y2018_4109,-0.032375656,0.37627542,0.02251341,-0.8286064
WOLFSKILL_Grec_Rouge_5982,-0.07263558,-0.24411054,0.2161744,0.5989038
VINEYARDS_1103P_cab_san_joaquin_y2018_3261,0.31200728,0.012354713,-0.75638616,-0.019285534
WOLFSKILL_UNKNOWN_CULTIVAR_9592,-0.10597181,0.240258,0.21449026,-0.5599836
WOLFSKILL_Gros_Manzenc_6006,-0.037723057,0.3324434,0.04246735,-0.7442504
WOLFSKILL_Karabournov_4018,-0.1150442,-0.31159818,0.33396745,0.81432575
WOLFSKILL_Mammolo_Toscano_6377,-0.00714048,-0.36972946,-0.031083448,0.78180194
WOLFSKILL_Malagusiah_8603,-0.021621484,0.41408756,-0.008480048,-0.893908
WOLFSKILL_Helena_6030,-0.045282505,0.39093757,0.05938659,-0.8764634
WOLFSKILL_Dais-el-anz_2029,-0.013668359,0.29729575,-0.010836595,-0.6571146
WOLFSKILL_Niunai_334,-0.09703476,0.30082858,0.19175717,-0.70510805
WOLFSKILL_Rangspray_156,0.006640449,0.2119978,-0.045483373,-0.48052204
WOLFSKILL_Venus_seedless_179,-0.019419871,-0.33612233,0.024604687,0.73008716
WOLFSKILL_Lambrusca_di_Alessandria_8496,-0.003506911,-0.36184514,-0.035039417,0.7793165
WOLFSKILL_Karvouniariz_6111,-0.028554987,-0.4214148,0.028235009,0.906209
WOLFSKILL_Sultanina_Marble_1805,0.05256805,0.21406646,-0.15995455,-0.46786094
WOLFSKILL_Sochal_Kara-kash_685,-0.019458313,-0.39333957,0.0052848905,0.8423215
WOLFSKILL_Helena_6031,-0.03181615,0.32124376,0.030966436,-0.71876895
WOLFSKILL_Rangspray_157,-0.059397064,0.2517835,0.10279047,-0.58629996
WOLFSKILL_Niunai_335,-0.08893521,0.27441198,0.17248698,-0.6429043
WOLFSKILL_Dais-el-anz_2028,-0.10496409,0.1566567,0.22898364,-0.36473912
WOLFSKILL_Mammolo_Toscano_6376,-0.058395527,0.39897278,0.09596639,-0.9004592
WOLFSKILL_Malagusiah_8602,-0.022554457,-0.4217378,0.0071505737,0.9031278
WOLFSKILL_Karabournov_4019,0.019423459,-0.34424138,-0.09191674,0.7321452
WOLFSKILL_Karvouniariz_6110,-0.026233267,0.37671188,0.009910582,-0.82520556
WOLFSKILL_Sultanina_Marble_1804,-0.02711153,-0.3947265,0.03196186,0.8541819
WOLFSKILL_Sochal_Kara-kash_684,-0.0371786,0.319606,0.043907024,-0.71959317
WOLFSKILL_Venus_seedless_178,-0.0015395135,-0.1106862,0.009599725,0.25735953
WOLFSKILL_Danuque_2759,-0.03643968,-0.3775208,0.07212211,0.8325243
WOLFSKILL_Lambrusca_di_Alessandria_8497,0.0489538,-0.24272661,-0.14826751,0.52402246
WOLFSKILL_UNKNOWN_CULTIVAR_9710,-0.07327671,-0.078196034,0.18840665,0.18420894
WOLFSKILL_Midget_Thompson_Seedless_2603,-0.05334175,-0.31731206,0.13642374,0.7303384
WOLFSKILL_Torgoon_3509,-0.020217348,-0.42554313,-0.007622434,0.89818037
WOLFSKILL_Limberger_6284,0.07846772,-0.08019306,-0.20281714,0.17663868
WOLFSKILL_UNKNOWN_CULTIVAR_9576,-0.021660898,-0.3817355,0.015038008,0.8217232
WOLFSKILL_Waltham_Cross_688,0.104410335,0.14332134,-0.27032962,-0.31288213
WOLFSKILL_Chatus_8700,-0.035655543,-0.3583086,0.07553717,0.79659635
WOLFSKILL_Ortega_4773,-0.048748583,-0.33847684,0.117018946,0.7662925
WOLFSKILL_Calmeria_115,-0.025911942,-0.42304397,0.01239785,0.89058506
WOLFSKILL_Red_Malaga_2_4x_3782,0.01293662,-0.2722932,-0.064476445,0.5784719
WOLFSKILL_Rosa_Reveliotti_829,-0.020662721,-0.4108697,0.003242785,0.87908626
WOLFSKILL_Chassalas_Jababer_394,0.30835533,0.0019039549,-0.7427042,0.0069215335
WOLFSKILL_Albana_5224,-0.038182706,-0.3142482,0.089028254,0.7065009
WOLFSKILL_Cabernet_Franc_5553,0.061002072,0.23270388,-0.18237922,-0.5027957
WOLFSKILL_Waltham_Cross_689,-0.023960408,0.21776588,0.021319097,-0.49953485
WOLFSKILL_UNKNOWN_CULTIVAR_9577,-0.055589948,-0.33481812,0.14230096,0.7743858
WOLFSKILL_Petinos_2180,0.022741769,0.22695781,-0.08474155,-0.5059316
WOLFSKILL_UNKNOWN_CULTIVAR_9711,-0.05684305,0.017830573,0.13616022,-0.0492121
WOLFSKILL_Torgoon_3508,0.0018323157,-0.39297292,-0.062366493,0.8204714
WOLFSKILL_Rosa_Reveliotti_828,-0.01729839,-0.34894493,0.011489363,0.7587677
WOLFSKILL_Calmeria_114,-0.0037228772,-0.3543579,-0.03701313,0.750679
WOLFSKILL_Albana_5225,-0.016485337,-0.3301491,0.01187568,0.7176248
WOLFSKILL_Chassalas_Jababer_395,-0.0028829193,0.06877506,-0.012812011,-0.1708464
WOLFSKILL_Chatus_8701,-0.03633544,-0.34944654,0.07603062,0.77358747
WOLFSKILL_Ortega_4772,-0.021883853,-0.358014,0.020657001,0.7695828
WOLFSKILL_Ribier_2203,-0.0061017303,0.3438921,-0.03144703,-0.745165
WOLFSKILL_Red_Fujii_4332,-0.030686952,-0.46115196,0.021961218,0.9818548
VINEYARDS_freedom_cab_san_joaquin_y2019_175,0.30106363,0.0026834942,-0.7267243,0.007558059
WOLFSKILL_Ruby_Seedless_3974,-0.025595441,-0.37855548,0.031525366,0.82559144
VINEYARDS_5C_cab_madera_y2018_2745,0.35042098,0.010788795,-0.8473158,-0.007960942
WOLFSKILL_Autumn_Seedless_4298,-0.02318402,-0.38982517,0.01773982,0.83617735
WOLFSKILL_Aglianico_5209,0.20913658,-0.062316936,-0.52071184,0.13741113
WOLFSKILL_Vernaccia_Di_San_Gimignano_4658,-0.029427089,-0.45155314,0.023351474,0.96017456
WOLFSKILL_Marsanne_6389,-0.008797885,-0.30255806,-0.0051050615,0.6580062
WOLFSKILL_Black_Malvoisie_5444,0.041914552,0.28705895,-0.1451911,-0.6175921
WOLFSKILL_Semillon_8240,-0.059855334,-0.3555182,0.15425971,0.82964414
WOLFSKILL_Chasselas_Doree_Apyrene_4874,-0.011653318,-0.36671454,-0.014596645,0.78493184
WOLFSKILL_Olmo_18-226_D_4088,-0.027388193,-0.42719576,0.015152851,0.899852
VINEYARDS_1103P_cab_merced_y2018_2331,0.3461027,0.006046813,-0.8361227,0.003991198
VINEYARDS_1103P_cab_merced_y2019_2139,0.32045802,-0.00027847663,-0.77522534,0.01970595
VINEYARDS_5C_cab_madera_y2018_2744,0.34967765,0.013537236,-0.848879,-0.019851927
WOLFSKILL_Sylvaner_742_9458,-0.02250816,-0.41132772,0.009079026,0.8737551
WOLFSKILL_Ruby_Seedless_3975,-0.019412458,0.34190708,-0.0033814777,-0.7512212
WOLFSKILL_Ribier_2202,-0.03502237,0.37796715,0.03242833,-0.837285
VINEYARDS_freedom_cab_san_joaquin_y2019_174,0.37344196,0.008097328,-0.9019108,0.0032629333
WOLFSKILL_Chasselas_Doree_Apyrene_4875,-0.028805599,-0.34811988,0.05199956,0.7645682
WOLFSKILL_Olmo_18-226_D_4089,-0.010682969,0.36428174,-0.02774138,-0.78566206
VINEYARDS_1103P_cab_merced_y2018_2330,0.3913758,0.013257228,-0.94859874,-0.010739706
WOLFSKILL_Black_Malvoisie_5445,0.31542015,0.007433839,-0.76434064,-0.007101167
WOLFSKILL_Autumn_Seedless_4299,-0.024384066,-0.41888708,0.012096843,0.89553887
WOLFSKILL_Aglianico_5208,0.101186566,-0.19265215,-0.2753317,0.4082338
WOLFSKILL_Marsanne_6388,-0.024068106,-0.36987215,0.02803695,0.80590165
WOLFSKILL_Vernaccia_Di_San_Gimignano_4659,-0.032578304,-0.39000976,0.050621033,0.8497149
WOLFSKILL_Semillon_8241,-0.023092128,-0.40918052,0.011875002,0.8751401
WOLFSKILL_Nicolas_Horthy_39_1497,-0.030142926,-0.37846065,0.047829323,0.8260891
VINEYARDS_5C_cab_san_joaquin_y2019_928,-0.016198829,-0.39977115,-0.009406669,0.8540453
WOLFSKILL_Kini_Yatch_3426,-0.008225512,-0.40745717,-0.031964283,0.86747575
WOLFSKILL_Ishkin_8812,0.15540108,0.12568174,-0.3951565,-0.2707981
WOLFSKILL_Kala_Kostan_3537,-0.0012557162,0.30438253,-0.042303663,-0.67070436
WOLFSKILL_Pedro_Ximenez_6872,-0.027891107,0.39231342,0.01028995,-0.8589809
WOLFSKILL_Tinta_Madeira_7548,-0.05232612,-0.31411782,0.13934559,0.72439194
VINEYARDS_5C_cab_san_joaquin_y2018_4417,0.3104992,0.010669183,-0.7509694,-0.00971403
WOLFSKILL_Silver_Frontignan_386,-0.06450834,-0.23439379,0.18420103,0.56389487
VINEYARDS_1103P_cab_merced_y2018_3537,0.32284123,0.0027180351,-0.7791357,0.0065677837
WOLFSKILL_Kishmish_Hishrau_145,-0.104090266,-0.25236884,0.30162102,0.6546488
WOLFSKILL_Foster_s_Seedling_2796,0.1999904,0.039400976,-0.48392963,-0.086727515
VINEYARDS_freedom_cab_san_joaquin_y2018_4899,0.3236055,0.007966932,-0.7830659,-0.0062850043
WOLFSKILL_Taify_Pink_4494,-0.028894685,-0.39883593,0.03656234,0.8618739
VINEYARDS_freedom_chard_merced_y2019_1624,0.3725219,0.01502211,-0.9029738,-0.02109037
WOLFSKILL_Kara_Dzhidzhigi_637,-0.011377293,0.21576987,-0.006212553,-0.49103427
WOLFSKILL_Neo-Muscat_3606,-0.010361546,-0.25605935,0.0075914413,0.5612225
WOLFSKILL_Rosaki_1654,-0.018795297,0.2712019,0.004860649,-0.609882
WOLFSKILL_Angelo_Pirovano_1988,0.35447583,0.012531791,-0.860476,-0.01890986
VINEYARDS_1103P_cab_san_joaquin_y2019_1011,-0.017228756,-0.39799702,-0.0065609794,0.8457443
WOLFSKILL_Silver_Frontignan_387,-0.14328977,0.18251622,0.32664844,-0.41272032
WOLFSKILL_Tinta_Madeira_7549,-0.046306707,-0.3542198,0.11367909,0.803979
VINEYARDS_5C_cab_san_joaquin_y2018_4416,0.3824971,0.014448173,-0.92748034,-0.015550587
WOLFSKILL_Nicolas_Horthy_39_1496,-0.012031038,-0.4190429,-0.03007561,0.8815336
WOLFSKILL_Pedro_Ximenez_6873,0.16152032,-0.11555709,-0.4109744,0.25076208
WOLFSKILL_Kini_Yatch_3427,-0.020247933,0.42277715,-0.010133036,-0.915045
WOLFSKILL_Ishkin_8813,-0.03623469,-0.45602262,0.048029236,0.9822409
WOLFSKILL_Kala_Kostan_3536,-0.1654484,-0.12074646,0.46158224,0.382006
WOLFSKILL_Neo-Muscat_3607,0.021460015,-0.2722243,-0.08752856,0.5788184
WOLFSKILL_Rosaki_1655,-0.027976856,-0.34889108,0.049863733,0.7613847
WOLFSKILL_Angelo_Pirovano_1989,-0.05763697,0.36120242,0.095551975,-0.820045
WOLFSKILL_Taify_Pink_4495,-0.039164897,-0.36860502,0.0828698,0.81949
VINEYARDS_freedom_chard_merced_y2019_1625,0.3537582,0.011880618,-0.8580408,-0.01753594
WOLFSKILL_Foster_s_Seedling_2797,-0.015347098,-0.38526392,-0.0094704535,0.8211632
WOLFSKILL_Kishmish_Hishrau_144,0.2257797,-0.0706974,-0.5561927,0.15781827
WOLFSKILL_Kara_Dzhidzhigi_636,-0.040833503,-0.40136003,0.09049832,0.88949627
WOLFSKILL_Muscat_St._Laurent_2340,-0.020309657,-0.395544,0.008080063,0.8523711
WOLFSKILL_Chan_Isium_3030,-0.011020289,-0.32530627,-0.0044742916,0.7006965
WOLFSKILL_5-15_2510,-0.05327497,-0.35814726,0.14144735,0.82697093
WOLFSKILL_Shindu_Khari_2952,-0.023155626,-0.3875192,0.017529955,0.83462346
WOLFSKILL_Henab_2830,0.011457086,-0.37944552,-0.08230801,0.8022114
VINEYARDS_1103P_cab_san_joaquin_y2018_3743,0.31329042,0.009035353,-0.7563926,-0.009269215
WOLFSKILL_Pinot_Noir_2a_5098,-0.06427843,-0.3069215,0.18557295,0.73182523
WOLFSKILL_Atzala_5377,-0.03772537,-0.3768819,0.07669703,0.83260846
WOLFSKILL_Khalchili_1298,-0.07443801,-0.054512616,0.19093803,0.13083161
WOLFSKILL_Niaropes_6771,-0.034256753,-0.37498045,0.06563644,0.8245441
WOLFSKILL_Bermestia_Violacea_5426,-0.046564,-0.3233608,0.112721525,0.7331902
WOLFSKILL_Katta_Kurgan_6141,-0.02308673,-0.401336,0.013685165,0.86248136
WOLFSKILL_Olmo_034-54_3284,-0.103060916,-0.27056605,0.2978953,0.69740593
WOLFSKILL_Somarello_Rosso_4424,-0.029619195,-0.3927969,0.041293047,0.8527936
WOLFSKILL_Teinturier_7476,-0.030514851,0.3549691,0.024864493,-0.787235
WOLFSKILL_Triplett_T182-4_9410,-0.060726397,-0.27535707,0.1671944,0.65446585
WOLFSKILL_Palziji_3956,0.024098314,-0.24447441,-0.085605815,0.5244945
WOLFSKILL_Shindu_Khari_2953,-0.022970676,-0.3879047,0.018701246,0.8310429
VINEYARDS_1103P_cab_san_joaquin_y2018_3742,0.34174734,0.015332885,-0.8292521,-0.025892641
WOLFSKILL_Pinot_Noir_2a_5099,-0.011138351,-0.3795221,-0.021525456,0.8066862
WOLFSKILL_Montils_6530,0.27343422,0.027883898,-0.66689044,-0.0562399
WOLFSKILL_Chan_Isium_3031,-0.016098663,-0.3712421,-0.0066738296,0.7832284
WOLFSKILL_Muscat_St._Laurent_2341,-0.027508315,-0.39118713,0.032071732,0.84619343
VINEYARDS_freedom_chard_madera_y2018_2545,0.37046757,0.009916734,-0.89653784,-0.0054261945
WOLFSKILL_Somarello_Rosso_4425,-0.04981436,-0.34408325,0.12999818,0.78688496
WOLFSKILL_Triplett_T182-4_9411,-0.1484424,-0.21007065,0.43007684,0.59716177
WOLFSKILL_Teinturier_7477,-0.02391056,0.36726266,0.004482964,-0.8013616
WOLFSKILL_Palziji_3957,0.028967887,0.15598845,-0.09502152,-0.3594995
WOLFSKILL_Niaropes_6770,-0.023960441,-0.419619,0.0112740975,0.8945481
WOLFSKILL_Khalchili_1299,-0.038089067,-0.30370405,0.09415036,0.68338823
WOLFSKILL_Bermestia_Violacea_5427,-0.036285136,-0.37158078,0.07469406,0.823436
WOLFSKILL_Katta_Kurgan_6140,-0.020689048,-0.37821504,0.01267474,0.81697524
WOLFSKILL_Olmo_034-54_3285,-0.051489405,-0.35865515,0.12930995,0.82214427
VINEYARDS_1103P_chard_madera_y2019_1367,0.36789104,0.013661057,-0.8909305,-0.016364794
WOLFSKILL_Vranac_4929,-0.01754218,-0.4117741,-0.011158755,0.8698944
WOLFSKILL_Hondromavroudo_7853,-0.031769693,-0.39432514,0.047762096,0.86068434
WOLFSKILL_Gemeroh_7880,0.07772628,-0.16164328,-0.21069622,0.35279313
WOLFSKILL_DOVine_4251,0.028535977,-0.06891511,-0.08481264,0.13063134
WOLFSKILL_Sultana_1785,-0.021625925,-0.43196672,-0.0066610295,0.90654624
WOLFSKILL_Flora_5808,0.04607906,-0.27171195,-0.14026114,0.589969
WOLFSKILL_Prieska_7100,-0.03273824,-0.33265492,0.07105819,0.73607624
WOLFSKILL_UNKNOWN_CULTIVAR_9618,-0.001075766,0.32609224,-0.045166746,-0.7077688
WOLFSKILL_Grassa_De_Cotnari_4922,-0.026510056,-0.41638905,0.021410538,0.89171004
VINEYARDS_1103P_chard_san_joaquin_y2019_2023,0.37426832,0.013226192,-0.90585977,-0.012597073
WOLFSKILL_Bondola_8766,-0.07848137,-0.34961313,0.22557932,0.8573216
WOLFSKILL_Fogarina_5816,-0.012722573,0.27955514,-0.008052395,-0.6209513
WOLFSKILL_Angelina_915,-0.06714568,-0.32521984,0.18931565,0.7797568
WOLFSKILL_Fachren_Weis_2622,-0.024658084,-0.4039191,0.019018011,0.87066835
ALGERIA_Ahmeur Bou Ahmeur_57,-0.015224987,-0.40540576,-0.023634974,0.8487648
WOLFSKILL_Kontehgalo_2118,-0.014903056,0.32683712,-0.008810316,-0.72088844
WOLFSKILL_Alicante_Ganzin_9426,-0.016350318,-0.352283,-0.00040528364,0.7496305
WOLFSKILL_Khalili_2534,-0.011819753,-0.39010978,-0.022435246,0.8277651
WOLFSKILL_Grassa_De_Cotnari_4923,-0.03296775,0.41998678,0.02630123,-0.9202548
WOLFSKILL_Bondola_8767,-0.050689872,-0.35832557,0.13109426,0.81873816
WOLFSKILL_Sultana_1784,-0.08929173,-0.26800123,0.2542826,0.6765512
WOLFSKILL_UNKNOWN_CULTIVAR_9619,0.08995412,0.13907357,-0.2333725,-0.29723096
WOLFSKILL_Prieska_7101,-0.0969178,-0.24570952,0.28773597,0.6300347
WOLFSKILL_Flora_5809,0.37425116,0.015216153,-0.90764517,-0.02012774
WOLFSKILL_Gemeroh_7881,0.1156829,-0.1511311,-0.30457398,0.32001522
WOLFSKILL_DOVine_4250,-0.03892322,-0.3820519,0.07756623,0.84430516
WOLFSKILL_Fachren_Weis_2623,0.20031817,-0.1011969,-0.50473243,0.21811661
ALGERIA_Ahmeur Bou Ahmeur_56,-0.027389195,-0.4399341,0.013297109,0.93032235
WOLFSKILL_Kontehgalo_2119,-0.034627266,-0.38967383,0.058479376,0.8511871
WOLFSKILL_Alicante_Ganzin_9427,-0.024269432,-0.42451924,0.006840108,0.89767045
WOLFSKILL_Tana-Kuzi_4201,-0.00409663,-0.2751561,-0.011336274,0.60300577
WOLFSKILL_Angelina_914,-0.032215074,-0.42383015,0.039310776,0.9091029
WOLFSKILL_Fogarina_5817,-0.040655367,0.3834085,0.048009902,-0.85580486
WOLFSKILL_Jackson_Sel._3_9186,-0.036939893,0.37559086,0.04153187,-0.83689713
WOLFSKILL_Red_Roumi_Tanta_604,-0.021577522,-0.3920492,0.006538784,0.8326383
VINEYARDS_1103P_cab_merced_y2019_1198,0.36218545,0.010835808,-0.8779989,-0.011356797
WOLFSKILL_Madeleine_Angevine_1374,-0.017946996,0.3185985,-0.0050011855,-0.70151025
VINEYARDS_freedom_cab_merced_y2018_5042,0.04531266,0.23281981,-0.14226578,-0.5065522
WOLFSKILL_Sabalkanskoi_4381,-0.028380636,-0.41943058,0.030946543,0.905473
WOLFSKILL_Gamay_Noir_5061,-0.0030339882,-0.2822039,-0.018428786,0.6125387
WOLFSKILL_Anacelatta_5276,0.18173482,0.030275952,-0.4374928,-0.06939781
WOLFSKILL_Pinot_Noir_2a_5102,-0.09625792,-0.27757275,0.29098207,0.71607417
WOLFSKILL_Gungargoon_3464,-0.03740651,-0.2906502,0.09045226,0.6524154
WOLFSKILL_Madeleine_Sylvaner_9774,-0.0010300479,-0.32164925,-0.03243306,0.69747984
VINEYARDS_freedom_cab_san_joaquin_y2018_3268,0.3750759,0.014373403,-0.9087289,-0.018901993
WOLFSKILL_Muscat_Of_Alexandria_1436,-0.095159866,-0.2407694,0.27515292,0.6147648
WOLFSKILL_Hungarian_Millenium_6058,-0.028545018,-0.38184172,0.03900861,0.82807624
WOLFSKILL_Anacelatta_5277,0.014573568,0.25675488,-0.071619295,-0.56083894
WOLFSKILL_Madeleine_Angevine_1375,-0.036439776,-0.4285254,0.05814582,0.9345288
VINEYARDS_freedom_cab_merced_y2018_5043,-0.02481198,0.3161918,0.014196193,-0.70204735
WOLFSKILL_Gamay_Noir_5060,-0.04743301,-0.32969236,0.123929314,0.75181454
WOLFSKILL_Pinot_Noir_2a_5103,-0.110297486,-0.2013039,0.3203346,0.52972305
WOLFSKILL_Red_Roumi_Tanta_605,-0.013200506,-0.40001202,-0.02343043,0.84255004
WOLFSKILL_Muscat_Of_Alexandria_1437,-0.061153375,-0.31242645,0.16923442,0.7401005
WOLFSKILL_Hungarian_Millenium_6059,-0.04308825,0.36148465,0.05860196,-0.81170136
WOLFSKILL_Wittberger_9074,-0.020055376,-0.43280256,-0.008683067,0.91401637
WOLFSKILL_Gungargoon_3465,-0.101932384,0.24437173,0.20488645,-0.5787139
WOLFSKILL_Madeleine_Sylvaner_9775,-0.022934038,-0.34594625,0.031775974,0.7589824
VINEYARDS_freedom_cab_san_joaquin_y2018_3269,0.33830908,0.011456046,-0.8190525,-0.010645807
WOLFSKILL_Curisti_Mici_5690,-0.02626225,0.35358384,0.014328906,-0.77929366
WOLFSKILL_Selection_2798_8773,0.29339185,-0.0034634806,-0.70842516,0.019182183
WOLFSKILL_Diamond_Jubilee_1130,-0.049533315,-0.40486133,0.11946305,0.9143124
WOLFSKILL_Anatolitico_5265,-0.02946816,-0.39300627,0.039654665,0.8537802
VINEYARDS_1103P_cab_san_joaquin_y2018_3217,0.3655005,0.012716074,-0.88407224,-0.014076378
WOLFSKILL_Dabouki_1104,-0.04223795,-0.36491096,0.09566177,0.81604046
WOLFSKILL_Rothgipfler_4654,-0.05483889,-0.30144644,0.14595827,0.7060752
WOLFSKILL_Schiradzouli_Violet_1733,-0.03585135,-0.3922357,0.06506877,0.8624869
WOLFSKILL_Canner_2718,-0.037438978,-0.40286273,0.07361798,0.8853712
WOLFSKILL_Beauty_Seedless_970,-0.010400609,-0.35827118,-0.016166953,0.76932657
WOLFSKILL_5-20_3859,-0.022053722,0.30649126,0.008661175,-0.68057275
WOLFSKILL_Barone_Dell_aterno_961,-0.022641692,-0.33406532,0.036630757,0.73602027
WOLFSKILL_Boyalsing_I_8787,-0.06269685,0.25778013,0.1080159,-0.6005564
WOLFSKILL_Dabouki_1105,-0.042974558,-0.36427248,0.09954704,0.8161106
WOLFSKILL_Rothgipfler_4655,-0.06555913,-0.3595357,0.1797476,0.8534949
WOLFSKILL_Canner_2719,-0.08277374,0.22627895,0.16079278,-0.53337306
WOLFSKILL_Beauty_Seedless_971,-0.005548603,-0.34452888,-0.026499318,0.73403645
WOLFSKILL_Schiradzouli_Violet_1732,0.033330698,0.29966205,-0.12605906,-0.6489168
WOLFSKILL_Curisti_Mici_5691,-0.023216303,-0.36745524,0.025236318,0.7874409
WOLFSKILL_Selection_2798_8772,0.28004098,-0.01768112,-0.6809064,0.0545271
VINEYARDS_5C_cab_san_joaquin_y2019_821,0.38102895,0.0151741505,-0.9245915,-0.020260017
WOLFSKILL_Diamond_Jubilee_1131,-0.0017502038,-0.38381407,-0.04722601,0.81599206
VINEYARDS_1103P_cab_san_joaquin_y2018_3216,0.36197487,0.01089919,-0.8764994,-0.0064067654
WOLFSKILL_Boyalsing_I_8786,-0.023947116,0.3592988,0.005372992,-0.78795624
WOLFSKILL_5-20_3858,-0.0030302936,-0.39432502,-0.048611604,0.83034915
WOLFSKILL_Barone_Dell_aterno_960,-0.010352111,-0.3564092,-0.011574738,0.7713344
WOLFSKILL_UNKNOWN_CULTIVAR_5113,-0.03593821,-0.46767157,0.04084245,0.99714726
WOLFSKILL_Bhokari_3085,-0.017001651,0.321788,-0.0052287597,-0.70976573
WOLFSKILL_Buaki_5544,-0.023913175,-0.38615537,0.021343386,0.8331456
VINEYARDS_freedom_chard_merced_y2019_412,0.38257235,0.010050185,-0.9259087,-0.0024405755
WOLFSKILL_Kadarka_6095,0.298171,0.00035395846,-0.7218756,0.015304949
WOLFSKILL_Vermentino_Favorita_5185,-0.013471209,-0.36743042,-0.011038499,0.78456044
WOLFSKILL_Ladyfinger_Mutant_Of_Thompson_Seedless_3376,-0.022029921,-0.36197233,0.020204565,0.7753072
WOLFSKILL_Turkish_Grape_1868,-0.015818272,-0.31588462,0.013070507,0.6862729
WOLFSKILL_Gruner_Veltlinger_8998,-0.058686554,0.12137337,0.11617794,-0.3037981
WOLFSKILL_Aspruda_Santorinih_7852,0.1898474,0.10777809,-0.47256804,-0.2325806
WOLFSKILL_Bhokari_3084,-0.04604748,0.41813004,0.060591437,-0.9322589
VINEYARDS_freedom_chard_merced_y2019_413,0.35768455,0.0118056275,-0.8648553,-0.008912358
WOLFSKILL_Zinfandel_Heritage_Sel._64_9495,0.021244708,0.24659799,-0.08647384,-0.53673124
WOLFSKILL_Gruner_Veltlinger_8999,-0.031189598,-0.41858384,0.037218772,0.9026425
WOLFSKILL_Kadarka_6094,-0.027627785,0.35392833,0.016314609,-0.78203654
WOLFSKILL_Ladyfinger_Mutant_Of_Thompson_Seedless_3377,0.02020035,-0.20037213,-0.074719295,0.42006412
WOLFSKILL_Turkish_Grape_1869,-0.022408444,-0.3698908,0.020172397,0.79729486
WOLFSKILL_Vermentino_Favorita_5184,-0.036246262,-0.39348936,0.06447151,0.8670441
WOLFSKILL_Merlot_6461,-0.19779365,-0.042453714,0.5389374,0.21045187
WOLFSKILL_Prokupac_9448,-0.15493365,0.011773728,0.4036274,0.0340998
WOLFSKILL_Olmo_035-64_3357,-0.025220737,-0.3723332,0.032617122,0.8074856
WOLFSKILL_Nebbiolo_Michet_9194,0.17536102,0.106977105,-0.4373061,-0.22863004
VINEYARDS_freedom_cab_madera_y2018_4756,0.35504243,0.0124578215,-0.8622993,-0.0194492
WOLFSKILL_Wengerka_2652,0.0035594627,-0.3164868,-0.044492655,0.6826862
WOLFSKILL_Hermitage_4744,-0.12835409,-0.1244531,0.36004728,0.35628062
WOLFSKILL_Sauvignon_Gris_4811,0.04324889,-0.27524155,-0.13221885,0.6019826
WOLFSKILL_Dumbrehnah_Mavri_5714,-0.033461608,-0.40131783,0.05351378,0.87736744
VINEYARDS_1103P_cab_san_joaquin_y2018_4659,0.36325818,0.011215776,-0.8789737,-0.010922875
WOLFSKILL_Delizia_Di_Vaprio_2994,0.25325012,0.027692933,-0.612818,-0.052995343
WOLFSKILL_Aitah_3054,-0.003720847,-0.39304549,-0.042079188,0.83760613
WOLFSKILL_Suputinsky_Bietyz_8281,-0.016609356,0.309805,-0.006804919,-0.6818794
WOLFSKILL_Ruby_Okuyama_4354,-0.047449738,-0.34230447,0.119502015,0.77777994
VINEYARDS_freedom_cab_madera_y2018_4757,0.36652395,0.012992494,-0.8876949,-0.013221417
WOLFSKILL_Olmo_035-64_3356,-0.02086877,-0.35627055,0.023552028,0.77002096
WOLFSKILL_Wengerka_2653,-0.038391486,-0.37320027,0.08100007,0.8267739
WOLFSKILL_Merlot_6460,0.3519375,0.0035613887,-0.8500353,0.007861264
WOLFSKILL_Prokupac_9449,0.0732935,-0.27265188,-0.21755025,0.57186484
VINEYARDS_1103P_cab_san_joaquin_y2019_1496,0.39183685,0.01224751,-0.94864273,-0.0072858855
VINEYARDS_1103P_cab_san_joaquin_y2019_1806,0.33653027,0.012230482,-0.8158427,-0.016399525
WOLFSKILL_Ruby_Okuyama_4355,-0.09382386,-0.23091651,0.27477795,0.58819413
UCDAVIS_5BB_415,-0.037888587,0.39646733,0.04335641,-0.8803947
WOLFSKILL_Delizia_Di_Vaprio_2995,-0.1403632,-0.07403615,0.39508876,0.25022647
WOLFSKILL_Aitah_3055,-0.08623015,0.06135795,0.20278144,-0.14632311
WOLFSKILL_Hermitage_4745,-0.032282773,-0.39575428,0.047616087,0.86287653
VINEYARDS_1103P_cab_san_joaquin_y2018_4658,0.3834242,0.013043631,-0.9307565,-0.014118802
WOLFSKILL_Dumbrehnah_Mavri_5715,-0.054223284,-0.32955128,0.14307994,0.76455283
WOLFSKILL_Suputinsky_Bietyz_8280,-0.029680002,-0.45811036,0.015490865,0.96717614
WOLFSKILL_Chasselas_Rouge_4231,0.02609551,-0.29186803,-0.101966746,0.613891
WOLFSKILL_Kishmishi_1312,-0.021397147,-0.35385105,0.023014674,0.76836526
WOLFSKILL_Monukka_1461,-0.045100346,-0.3397022,0.11859127,0.7736217
WOLFSKILL_Burgrave_1002,-0.023858432,-0.44237143,-0.002211148,0.928043
VINEYARDS_freedom_cab_madera_y2018_4064,-0.023568373,0.33131483,0.0069037434,-0.7330788
WOLFSKILL_Black_Corinth_2345,0.3583835,0.01196998,-0.8678177,-0.011496231
WOLFSKILL_Zifir_3998,-0.0201267,-0.34797966,0.01852317,0.7520697
WOLFSKILL_Troja_7620,-0.04051797,-0.3883323,0.08811096,0.86323285
WOLFSKILL_UNKNOWN_CULTIVAR_9759,-0.028134495,-0.424676,0.021310149,0.9061395
WOLFSKILL_Triplett_158-8B_9377,-0.1505146,-0.18793105,0.44274372,0.54626334
WOLFSKILL_Tinta_Cao_7541,-0.031463727,-0.40896982,0.04232814,0.8865882
WOLFSKILL_Barbara_5688,-0.013292671,-0.3450038,-0.004853716,0.739899
WOLFSKILL_Burgrave_1003,-0.020743668,-0.4323534,-0.010188976,0.90649784
WOLFSKILL_Monukka_1460,-0.038773727,-0.33132038,0.09687003,0.74305016
WOLFSKILL_Zifir_3999,0.12752452,0.13921039,-0.3288775,-0.3002329
WOLFSKILL_Black_Corinth_2344,-0.048041068,-0.30663037,0.117368616,0.698751
WOLFSKILL_Chasselas_Rouge_4230,0.11367471,-0.16772906,-0.29915878,0.36610824
WOLFSKILL_Kishmishi_1313,-0.037666503,-0.40349132,0.06764751,0.8857446
WOLFSKILL_Triplett_158-8B_9376,-0.027362388,-0.222645,0.07604632,0.50806135
WOLFSKILL_UNKNOWN_CULTIVAR_9758,-0.025151182,-0.38874966,0.026871437,0.8385948
WOLFSKILL_Rodites_1674,-0.02239998,-0.38780832,0.0155359935,0.82607585
WOLFSKILL_Tinta_Cao_7540,-0.037496492,-0.3982945,0.077763684,0.8791978
WOLFSKILL_Volta_1897,0.0049704295,0.30644506,-0.056117512,-0.6701033
VINEYARDS_1103P_chard_san_joaquin_y2019_1405,0.3921629,0.01560704,-0.95172805,-0.02052747
WOLFSKILL_Russian_Seedless_4x_3793,-0.02990023,-0.39034578,0.043209985,0.8469372
WOLFSKILL_Olmo_033-50_3247,-0.07077866,-0.29435492,0.20313297,0.71669334
WOLFSKILL_Fernao_Pires_8101,-0.018624242,-0.40197754,-0.001624316,0.85756075
WOLFSKILL_Rish_Baba_3766,-0.09876683,-0.26217267,0.28478184,0.6740509
UCDAVIS_COUNOISE_732,-0.061032332,0.32019505,0.09800608,-0.73322165
WOLFSKILL_Seeded_Thompson_2432,0.06989971,0.23867865,-0.20617026,-0.5125311
WOLFSKILL_Kastour_Rumi_207,-0.024941724,-0.36467552,0.03054458,0.789351
WOLFSKILL_Olmo_033-50_3246,-0.007846091,0.2835394,-0.022148184,-0.63106334
VINEYARDS_freedom_cab_merced_y2018_3391,0.35671356,0.010094475,-0.8630297,-0.0061970316
ALGERIA_Louali_343,-0.025422737,-0.38546133,0.024535166,0.8270926
UCDAVIS_TEROLDEGO_798,-0.025534216,0.37045398,0.0062304456,-0.8113158
WOLFSKILL_Fernao_Pires_8100,-0.030569889,-0.4491976,0.023603005,0.9565084
VINEYARDS_freedom_chard_san_joaquin_y2018_4850,0.38024217,0.011358131,-0.9211861,-0.009246349
WOLFSKILL_Volta_1896,-0.03773977,0.35274166,0.03890191,-0.78585047
VINEYARDS_1103P_chard_san_joaquin_y2019_1404,0.37620547,0.0025813356,-0.90962714,0.01926467
WOLFSKILL_Russian_Seedless_4x_3792,-0.03098686,-0.41979143,0.0345015,0.902614
WOLFSKILL_Triplett_F3-3_9295,-0.010552988,-0.37139344,-0.017083902,0.79708993
WOLFSKILL_Kastour_Rumi_206,-0.0033266349,-0.30013967,-0.01988478,0.65305084
WOLFSKILL_Seeded_Thompson_2433,-0.02390081,-0.361528,0.02930267,0.7826965
WOLFSKILL_Rish_Baba_3767,-0.03015754,-0.37863034,0.04593263,0.8271783
VINEYARDS_freedom_cab_san_joaquin_y2019_1786,0.38749203,0.014002379,-0.9404768,-0.016284037
WOLFSKILL_Charmont_9153,-0.0280777,-0.40901357,0.028346175,0.88337505
WOLFSKILL_Volitza_Lefki_7720,-0.0018879324,-0.34793314,-0.041320443,0.7368125
WOLFSKILL_French_Colombard_5845,0.05557613,-0.2991776,-0.17729731,0.6351702
WOLFSKILL_Unkown_Cultivar_5372,-0.040457267,-0.3715102,0.08682675,0.8277931
WOLFSKILL_Riesling_Italico_7155,-0.029943421,0.29957873,0.028468551,-0.6694762
WOLFSKILL_Crujidero_8504,0.34263757,0.008219056,-0.8266648,-0.0026664063
WOLFSKILL_Osteiner_5087,-0.022218589,-0.33944005,0.032398723,0.7400786
WOLFSKILL_Volitza_Lefki_7721,-0.021852903,-0.40315908,0.005037846,0.8542408
WOLFSKILL_Charmont_9152,0.21392898,-0.09582631,-0.5356027,0.21277742
VINEYARDS_freedom_cab_san_joaquin_y2019_1787,0.38596478,0.012034174,-0.9334755,-0.0065820627
WOLFSKILL_Crujidero_8505,0.34395245,0.017706294,-0.8338306,-0.03175169
WOLFSKILL_Osteiner_5086,0.20933579,-0.1018672,-0.5263848,0.21389964
WOLFSKILL_Pias_6503,-0.019649763,-0.43429545,-0.009181725,0.9183805
WOLFSKILL_Riesling_Italico_7154,-0.04032071,0.31117266,0.05625052,-0.7045975
WOLFSKILL_Unkown_Cultivar_5373,0.3579717,0.008900739,-0.8652947,-0.0016322471
WOLFSKILL_Vaftra_vaspa_7650,-0.044572674,-0.33631784,0.1151847,0.76302695
WOLFSKILL_Abla_Aganin_Isium_844,0.2956912,-0.0009900145,-0.7153411,0.0139219
WOLFSKILL_Salomani_2219,-0.16206346,-0.14942314,0.4539675,0.4511184
WOLFSKILL_Asma_201,-0.0074077295,-0.39587134,-0.0384351,0.83276
ALGERIA_Ichmoul_Bacha_267,-0.028975498,-0.42091233,0.03124406,0.90422916
WOLFSKILL_Blue_Affenthaler_5468,0.18902695,-0.091623224,-0.4745312,0.20164749
WOLFSKILL_Eftakilo_2067,-0.032052953,0.3791932,0.029583635,-0.83910483
VINEYARDS_1103P_cab_san_joaquin_y2018_2458,0.3588699,0.0037476756,-0.8651788,0.012539059
WOLFSKILL_Olivette_Rose_1538,-0.04961153,-0.33739325,0.12570769,0.7753371
WOLFSKILL_Askathari_5329,-0.081752755,-0.27595866,0.23773557,0.6833106
WOLFSKILL_Gamay_Toma_4950,-0.07473308,0.26869544,0.13954028,-0.62827957
WOLFSKILL_Fuji_3148,-0.1649808,0.098339856,0.41896263,-0.17357531
VINEYARDS_1103P_chard_madera_y2019_519,0.35827863,0.013508964,-0.86778665,-0.015969861
WOLFSKILL_Blue_Affenthaler_5469,-0.029540513,-0.40085107,0.036796615,0.8572743
WOLFSKILL_Asma_200,-0.022729296,-0.3982782,0.01697108,0.86040634
ALGERIA_Ichmoul_Bacha_266,-0.028042775,-0.4066172,0.02625675,0.87094176
WOLFSKILL_Olivette_Rose_1539,-0.024868108,-0.3659277,0.03038737,0.7949275
WOLFSKILL_Eftakilo_2066,-0.028181318,-0.42330867,0.02473609,0.90652514
WOLFSKILL_Vaftra_vaspa_7651,-0.016785096,-0.35315412,0.003192922,0.75673044
WOLFSKILL_Abla_Aganin_Isium_845,-0.021107577,-0.38555294,0.015631443,0.8357202
WOLFSKILL_Salomani_2218,-0.10312616,-0.1726924,0.29826802,0.4495543
VINEYARDS_1103P_chard_madera_y2019_518,0.36217538,0.0113025345,-0.8772293,-0.009335522
WOLFSKILL_Kishmish-charni_659,-0.029372647,-0.36900616,0.04550583,0.8009132
WOLFSKILL_Sovrana_1775,0.39207956,0.018220585,-0.9510926,-0.026703808
WOLFSKILL_Gamay_Toma_4951,-0.011558258,-0.36813444,-0.013666971,0.79267573
WOLFSKILL_Fuji_3149,-0.021533705,0.3333943,-0.00082193874,-0.7332289
VINEYARDS_5C_cab_madera_y2018_2605,0.3466687,0.006562382,-0.83712596,0.0029495135
WOLFSKILL_Kandhari_261,-0.0076719895,-0.3358184,-0.015061976,0.72207344
VINEYARDS_1103P_chard_madera_y2018_4749,0.35963985,0.01452253,-0.87296605,-0.020539459
VINEYARDS_1103P_chard_madera_y2019_1917,0.38140234,0.01071937,-0.92385244,-0.0067927577
WOLFSKILL_Summer_Royal_4260,-0.011787313,-0.3977462,-0.02458481,0.8422564
WOLFSKILL_Rubired_7195,-0.025043264,-0.4129826,0.01572653,0.88418615
WOLFSKILL_Moscatel_Galego_6553,-0.014461088,0.34733623,-0.018563185,-0.7559961
WOLFSKILL_Moschardina_6586,-0.03135724,-0.37840718,0.054573648,0.8320161
WOLFSKILL_Augustiatico_2005,0.039306022,0.20545961,-0.12993641,-0.44837412
WOLFSKILL_UNKNOWN_CULTIVAR_9651,0.27615055,-0.036455195,-0.6725577,0.09357186
WOLFSKILL_Husseive_2571,0.25397366,0.018459711,-0.6149441,-0.037019935
WOLFSKILL_El_Bejuco_4881,-0.021526702,-0.39015597,0.014199445,0.84008986
VINEYARDS_1103P_chard_madera_y2019_1916,0.36966917,0.012304865,-0.8964244,-0.014187679
WOLFSKILL_Kouldjinski_9026,-0.08483268,0.2739186,0.16007212,-0.64100766
WOLFSKILL_Kandhari_260,-0.09651357,-0.2625588,0.27784848,0.67062557
WOLFSKILL_Moscatel_Galego_6552,0.23223834,0.030065622,-0.56442857,-0.064146444
WOLFSKILL_Augustiatico_2004,0.28747907,-0.022218175,-0.6961412,0.06541126
WOLFSKILL_UNKNOWN_CULTIVAR_9650,0.083858825,-0.22984108,-0.23778223,0.48095265
WOLFSKILL_UNKNOWN_CULTIVAR_4348,-0.025792815,-0.45244873,-0.00030970015,0.9470098
UCDAVIS_MUSCAT_OTTONEL_35,-0.004727722,0.34077895,-0.036702957,-0.7442908
WOLFSKILL_Rubired_7194,0.22793637,-0.05945963,-0.5610652,0.13450585
UCDAVIS_RIPARIA_GLOIRE_300,0.3513365,0.019662749,-0.8540494,-0.036168244
WOLFSKILL_Ithani_Lefko_5217,-0.029468406,-0.39994353,0.03957039,0.8690728
WOLFSKILL_Vernaccia_Bianca_4669,-0.06947386,-0.30327624,0.19636163,0.73632365
WOLFSKILL_Charas_8459,-0.09211061,-0.13588913,0.25833946,0.34755385
WOLFSKILL_Abla_Aganin_Isium_728,-0.026382677,-0.37186232,0.034823857,0.8024879
WOLFSKILL_Cabernet_Franc_6312,0.24870789,-0.007820779,-0.6023753,0.023566088
WOLFSKILL_Triplett_F101-3_9317,-0.04019762,-0.4102241,0.0790242,0.90378153
WOLFSKILL_Pinot_Pernard_6950,-0.10340564,-0.1630169,0.2982331,0.425775
WOLFSKILL_Perlette_1583,-0.04433555,-0.3617313,0.11015055,0.81601435
WOLFSKILL_Charas_8458,-0.0043779565,-0.27922606,-0.008427318,0.6115469
WOLFSKILL_Vernaccia_Bianca_4668,-0.021143798,-0.283299,0.04527984,0.6312485
WOLFSKILL_Cabernet_Franc_6313,-0.017232992,-0.35652998,0.0016979408,0.7565744
WOLFSKILL_Abla_Aganin_Isium_729,0.32771257,-0.0059216004,-0.791962,0.031970974
WOLFSKILL_Ithani_Lefko_5216,0.029779889,-0.37514722,-0.12955698,0.7835046
WOLFSKILL_Terret_Blanc_6077,-0.13348202,-0.14993577,0.38656083,0.42880064
WOLFSKILL_Pinot_Pernard_6951,-0.07654646,-0.1868268,0.23069072,0.47590458
WOLFSKILL_Triplett_F101-3_9316,-0.0369139,-0.36148834,0.07884192,0.80142665
WOLFSKILL_Trousseau_6531,0.30249327,0.003996741,-0.7354758,-0.0016294234
WOLFSKILL_Balta_4156,-0.034911513,-0.4081135,0.055778123,0.8917936
WOLFSKILL_Gamay_Teinturier_8530,0.3227298,-0.03135327,-0.7863325,0.08701034
WOLFSKILL_Chaouchi_Politico_2233,0.03615936,-0.29130068,-0.12283679,0.62219274
VINEYARDS_freedom_chard_san_joaquin_y2018_4467,0.38624442,0.01890821,-0.93844754,-0.030338537
WOLFSKILL_5-14_2499,-0.028299235,-0.43607992,0.016817106,0.9233292
WOLFSKILL_Marvel_Of_Vaucluse_1399,0.31242865,0.010865781,-0.75790715,-0.015273448
WOLFSKILL_Durif_5726,-0.07864836,-0.3018716,0.22923386,0.740305
WOLFSKILL_Serphiotico_7326,0.31430963,-0.03977491,-0.76441973,0.10008237
VINEYARDS_1103P_chard_madera_y2018_4228,0.37744427,0.011678379,-0.91427374,-0.010833181
WOLFSKILL_Gamay_Teinturier_8531,-0.13066922,-0.25537628,0.38470677,0.6908766
WOLFSKILL_Chaouchi_Politico_2232,-0.051361308,0.23145021,0.08589097,-0.54134053
VINEYARDS_1103P_chard_san_joaquin_y2019_1832,0.3807595,0.012998346,-0.9227716,-0.01386537
WOLFSKILL_Balta_4157,-0.038483478,-0.36282483,0.085364744,0.80742997
WOLFSKILL_Serphiotico_7327,-0.009426159,-0.39291742,-0.029082201,0.8298421
WOLFSKILL_Kurtelaska_52,-0.02316045,-0.36572367,0.027576415,0.7978717
WOLFSKILL_Durif_5727,-0.012996853,0.35694787,-0.02013808,-0.77847123
WOLFSKILL_5-14_2498,-0.010219294,0.38339433,-0.031034373,-0.8269224
WOLFSKILL_Marvel_Of_Vaucluse_1398,-0.013274659,-0.32862473,0.0067569055,0.71546006
WOLFSKILL_Chasselas_Tompa_3045,-0.16505004,-0.021648828,0.44522488,0.12991473
VINEYARDS_5C_chard_san_joaquin_y2019_1463,0.29574847,0.0080682635,-0.7150055,-0.007011
WOLFSKILL_Blue_Trollinger_5480,0.021515526,0.33664328,-0.1029565,-0.723468
ALGERIA_Ichmoul_253,-0.02726924,-0.37739784,0.028832281,0.8019173
WOLFSKILL_Sovereign_Noir_4984,0.20649585,0.036069643,-0.50107855,-0.07948266
WOLFSKILL_Late_Blue_Burgundy_6260,-0.0103035355,0.36434948,-0.028883183,-0.78858244
WOLFSKILL_Namonia_3488,-0.0289004,0.30290887,0.026105909,-0.680032
WOLFSKILL_Kovalewka_853,-0.09764324,-0.13384838,0.28455424,0.35996896
WOLFSKILL_UNKNOWN_CULTIVAR_9599,-0.03786828,-0.31137055,0.089575745,0.6975386
WOLFSKILL_Namonia_3489,-0.046784736,-0.37501615,0.10812793,0.842504
WOLFSKILL_Kovalewka_852,0.36487237,0.017699372,-0.88655496,-0.028998021
WOLFSKILL_Chasselas_Tompa_3044,0.16252446,0.01624244,-0.39316255,-0.03378753
WOLFSKILL_Grec_Rouge_5988,-0.015256067,-0.39240915,-0.007376762,0.84039354
ALGERIA_Ichmoul_252,-0.023654286,-0.4081161,0.005221272,0.86076593
VINEYARDS_1103P_cab_merced_y2018_3625,0.36097702,0.012326933,-0.8760767,-0.01575094
WOLFSKILL_UNKNOWN_CULTIVAR_9598,-0.01992374,-0.423875,-0.0022543762,0.89936006
WOLFSKILL_Long_Emperor_1352,0.10887208,0.13943736,-0.2810362,-0.3038274
WOLFSKILL_Chenin_Blanc_8088,-0.08352659,-0.27523586,0.24701315,0.6904659
WOLFSKILL_Aswad_3870,0.012365625,0.33247995,-0.076483026,-0.7124144
WOLFSKILL_Malvasia_del_Chianti_6266,-0.052086882,0.37116697,0.07485815,-0.83714783
WOLFSKILL_Olmo_034-55_3297,0.10283586,-0.09522492,-0.26805434,0.20597611
WOLFSKILL_Futuna_700_246,0.071926884,-0.26963052,-0.20902014,0.572775
WOLFSKILL_Kokour_Rot_2629,-0.0590574,-0.30980873,0.16175705,0.7280474
WOLFSKILL_Askari_2673,-0.079558365,-0.32296824,0.22576842,0.7971505
ALGERIA_Tizi Ouinine_442,-0.021012474,-0.3744706,0.013135573,0.8044648
WOLFSKILL_Negro_Amaro_6741,-0.030511841,-0.42459506,0.03132636,0.91180384
WOLFSKILL_Rodiares_7994,-0.01831644,-0.3375759,0.013466975,0.7200105
WOLFSKILL_UNKNOWN_CULTIVAR_3414,-0.028378725,-0.3896783,0.03566607,0.83907855
WOLFSKILL_Futuna_700_247,-0.027478568,0.2923826,0.022127336,-0.6542036
WOLFSKILL_Aswad_3871,-0.007556985,-0.4114995,-0.043879043,0.8600695
WOLFSKILL_Malvasia_del_Chianti_6267,-0.02344416,-0.31794506,0.04097213,0.70103323
WOLFSKILL_Long_Emperor_1353,-0.018942349,-0.31331795,0.025380468,0.6816911
WOLFSKILL_Chenin_Blanc_8089,-0.06438373,-0.28887492,0.18391147,0.6882614
WOLFSKILL_Olmo_034-55_3296,-0.12760316,-0.24111824,0.3726461,0.6513324
UCDAVIS_VITIS_ARIZONICA_273,0.012670259,0.3425405,-0.07703156,-0.7386693
WOLFSKILL_UNKNOWN_CULTIVAR_3415,0.0029975781,-0.39918667,-0.07430364,0.8224619
ALGERIA_Tizi Ouinine_443,-0.033293918,-0.42766353,0.038751863,0.9143255
WOLFSKILL_Kokour_Rot_2628,-0.043404907,-0.3804737,0.0964567,0.8524602
WOLFSKILL_Askari_2672,-0.10934629,-0.31155434,0.31126785,0.80599165
WOLFSKILL_Rodiares_7995,-0.035342254,-0.34455186,0.077058196,0.7644374
VINEYARDS_freedom_cab_merced_y2019_48,0.34898677,0.0047241487,-0.8408111,0.008725543
WOLFSKILL_5-14_2502,-0.15808499,-0.06903514,0.4289322,0.24038878
WOLFSKILL_Negro_Amaro_6740,-0.0669757,0.34514874,0.11804829,-0.79184407
WOLFSKILL_Olmo_034-29_3271,0.37121117,0.008378878,-0.8973197,0.0002743937
WOLFSKILL_Siar_1760,-0.036326736,-0.38989058,0.06625311,0.8571565
WOLFSKILL_Kandhari_255,-0.047485705,0.32087523,0.070072636,-0.72821295
WOLFSKILL_Mavrovomaico_6435,-0.040311947,-0.3063868,0.09809638,0.69040143
VINEYARDS_freedom_cab_san_joaquin_y2018_4876,0.37059933,0.013287652,-0.8987341,-0.01497345
WOLFSKILL_Chalian_De_Drome_627,-0.041048005,0.40548617,0.04506328,-0.90010464
WOLFSKILL_UNKNOWN_CULTIVAR_9665,-0.007554873,-0.38087463,-0.029546209,0.8096889
WOLFSKILL_Queen_Of_The_Vineyard_1625,-0.014691097,-0.31638914,0.013778726,0.6923581
WOLFSKILL_Mavrovomaico_6434,0.21912983,0.048106115,-0.53433275,-0.10490394
VINEYARDS_freedom_cab_san_joaquin_y2018_4877,0.26209065,0.017683286,-0.63604003,-0.03642484
WOLFSKILL_Trollinger_5152,0.0016949158,0.11407493,-0.02784857,-0.27242392
WOLFSKILL_Olmo_034-29_3270,-0.0064256256,-0.35782206,-0.028505994,0.7617242
WOLFSKILL_Siar_1761,-0.032097872,-0.42616165,0.03870727,0.9194213
VINEYARDS_1103P_chard_san_joaquin_y2019_1390,0.36287445,0.01425067,-0.8796177,-0.01830205
WOLFSKILL_Kandhari_254,0.005059662,0.10327013,-0.038689166,-0.25137296
WOLFSKILL_Queen_Of_The_Vineyard_1624,-0.022411164,-0.38631463,0.018661426,0.836048
WOLFSKILL_UNKNOWN_CULTIVAR_9664,-0.01645977,-0.4027733,-0.012742657,0.84905076
WOLFSKILL_Chalian_De_Drome_626,0.15013708,-0.16074714,-0.39277703,0.3391613
VINEYARDS_1103P_chard_madera_y2018_4147,0.3529774,0.011994321,-0.85591054,-0.015279215
WOLFSKILL_Merlot_6455,-0.027955092,-0.43999603,0.014320089,0.93241096
WOLFSKILL_Dabouki_2516,-0.11593046,-0.15972789,0.33586532,0.43816918
WOLFSKILL_Milton_1416,-0.01294127,-0.33540714,-0.00041027926,0.7253084
WOLFSKILL_Unknown_Cultivar_7688,-0.00883316,-0.4033137,-0.037150554,0.8478789
WOLFSKILL_Nebbiolo_6702,-0.15314728,-0.17004596,0.44403633,0.4980726
WOLFSKILL_Thiako_7169,-0.022333976,-0.42275327,0.0053793285,0.9009628
WOLFSKILL_Asprorombola_5346,-0.03066457,-0.39315283,0.045749865,0.8599897
WOLFSKILL_Favorita_Segaria_8517,0.23092534,0.034043577,-0.55863285,-0.07335639
WOLFSKILL_Dumbrehnah_Mavri_5720,-0.0751947,-0.3218364,0.21531573,0.78427905
VINEYARDS_5C_cab_madera_y2018_2738,0.36900917,0.013998095,-0.8947841,-0.018207949
WOLFSKILL_Tavriz_9102,-0.024149012,-0.39205712,0.01911197,0.8359225
WOLFSKILL_Unknown_Cultivar_7689,-0.014469772,-0.32819855,0.0036454964,0.70798075
WOLFSKILL_Nebbiolo_6703,-0.023090068,-0.4096893,0.0071993154,0.8713571
WOLFSKILL_Thiako_7168,-0.028754637,0.34236127,0.023621744,-0.7626131
WOLFSKILL_Kara_Lakana_6136,-0.023580741,0.35879856,0.0042374823,-0.78903663
WOLFSKILL_Favorita_Segaria_8516,-0.05812666,-0.036158282,0.15277354,0.08383415
WOLFSKILL_Asprorombola_5347,-0.08983833,-0.3078711,0.25521258,0.7765105
WOLFSKILL_Guydouriha_5885,-0.00053791096,0.30547154,-0.04858955,-0.6697958
WOLFSKILL_Dabouki_2517,-0.13816462,-0.1739952,0.4010809,0.49423936
WOLFSKILL_Milton_1417,-0.10543611,-0.0132894665,0.28767067,0.06981003
WOLFSKILL_Tavriz_9103,-0.02716754,-0.3825925,0.035027236,0.82839
VINEYARDS_freedom_chard_san_joaquin_y2018_2891,0.36431393,0.014443632,-0.88183486,-0.016389493
VINEYARDS_5C_cab_madera_y2018_2739,0.38374004,0.015214633,-0.9306039,-0.016823258
WOLFSKILL_Taifi_551,-0.039998733,0.30912417,0.049819194,-0.6944251
WOLFSKILL_Grignolino_5997,-0.035342515,-0.37943804,0.06385388,0.83454084
VINEYARDS_freedom_chard_merced_y2018_3556,0.38045713,0.012571074,-0.92071706,-0.007763464
WOLFSKILL_Valdepenas_8134,-0.02555316,-0.3856992,0.027810557,0.8329119
WOLFSKILL_Dehbina_8510,-0.05829645,0.36208832,0.08803775,-0.8178668
WOLFSKILL_Mathilde_3068,-0.019010331,-0.4096995,-0.0030863788,0.8709849
WOLFSKILL_Poet_Matabon_186,-0.18212451,0.022794127,0.4803006,0.026263718
WOLFSKILL_Mondeuse_6513,-0.019282926,-0.4113978,-0.0016148034,0.8748811
WOLFSKILL_Valdepenas_8135,-0.023634259,-0.3905195,0.020309357,0.8461623
WOLFSKILL_Platirahah_7067,-0.028291233,-0.37006658,0.04460401,0.81263137
WOLFSKILL_Criyicless_crujicless_4992,-0.17587641,-0.10755786,0.48472834,0.3556625
WOLFSKILL_Taifi_550,0.09616793,-0.11407058,-0.25111756,0.24957138
WOLFSKILL_Grignolino_5996,-0.025768481,-0.30299395,0.05219228,0.6652982
WOLFSKILL_Mathilde_3069,-0.040214412,-0.3379466,0.101001225,0.75892484
WOLFSKILL_Dehbina_8511,0.16289753,0.14677058,-0.41480476,-0.3159569
WOLFSKILL_Poet_Matabon_187,-0.025857553,-0.39959356,0.023745084,0.853258
WOLFSKILL_Kurutaktas_2121,-0.014576814,-0.38788682,-0.009857884,0.8325014
WOLFSKILL_Mondeuse_6512,-0.037937574,0.38282713,0.04007957,-0.85157347
WOLFSKILL_Sultana_2397,0.008356956,0.30047628,-0.06420598,-0.6528282
WOLFSKILL_Furmint_5867,-0.025975898,-0.38247842,0.03052683,0.82586145
WOLFSKILL_Trieste-pirovano_299_491,-0.18720424,-0.12160525,0.5044817,0.39785224
VINEYARDS_5C_cab_san_joaquin_y2018_4358,0.37120733,0.012695976,-0.8978884,-0.009636227
WOLFSKILL_Semillon_7310,-0.024668805,-0.40932047,0.016967187,0.877481
WOLFSKILL_Affenthaler_5202,0.0015388858,-0.35805866,-0.047958925,0.7679144
WOLFSKILL_Muscat_Blanc_524,-0.043179784,-0.32941332,0.105428,0.743184
WOLFSKILL_Barbableu_2470,-0.019132055,-0.38266072,0.0056797788,0.82087433
WOLFSKILL_Sultana_2396,-0.013918632,-0.3705672,-0.010933837,0.782109
WOLFSKILL_Furmint_5866,-0.023548998,0.34583217,0.0063520763,-0.7625319
WOLFSKILL_Tavriz_9099,-0.010834887,-0.40233085,-0.033883292,0.8375775
WOLFSKILL_Semillon_7311,-0.027510427,0.3663943,0.014621643,-0.8060103
WOLFSKILL_Affenthaler_5203,0.10533144,-0.19538946,-0.28277797,0.4181733
WOLFSKILL_Muscat_Blanc_525,-0.054037623,-0.3544109,0.13758445,0.8145894
VINEYARDS_5C_cab_san_joaquin_y2018_4359,0.33339518,0.009574458,-0.8060707,-0.009722676
VINEYARDS_5C_chard_san_joaquin_y2019_2197,0.36849383,0.012705404,-0.8916192,-0.010097239
WOLFSKILL_Rambola_1635,0.022989232,-0.34656084,-0.101634145,0.7363221
WOLFSKILL_Muscat_De_L_adda_495,-0.0055149877,0.31958354,-0.036042713,-0.6980728
VINEYARDS_5C_chard_san_joaquin_y2019_182,0.36861503,0.012900773,-0.8926225,-0.012137473
WOLFSKILL_Tarrango_I_3664,-0.020406812,-0.40277347,0.0038597118,0.8535325
VINEYARDS_5C_chard_merced_y2019_1210,0.3514494,0.003549654,-0.84905714,0.0105460435
WOLFSKILL_Monukka_1455,-0.031773195,-0.3942011,0.045052923,0.8515266
WOLFSKILL_Appley_Towers_31,-0.038339287,-0.32573473,0.09157077,0.72961307
WOLFSKILL_Cipro_Nero_1048,-0.02941158,-0.43553382,0.021847872,0.9252027
WOLFSKILL_Sultanina_Rose_1812,-0.06614286,0.2825877,0.11571396,-0.65170574
WOLFSKILL_Baidh_Ul_Haman_950,-0.012229216,0.2744138,-0.009426583,-0.6114087
WOLFSKILL_Troja_7614,-0.031050108,-0.41257346,0.03901191,0.888683
WOLFSKILL_Olivette_Noire_2483,-0.017965566,-0.34641832,0.009551713,0.74728787
VINEYARDS_1103P_chard_madera_y2019_317,0.3635899,0.010800194,-0.8791123,-0.008702427
WOLFSKILL_Macaroli_6285,0.3523301,0.006080676,-0.850359,0.0047851093
WOLFSKILL_Fresno_35-75_483,-0.03453735,-0.43552428,0.043466948,0.9387281
WOLFSKILL_Black_Ferrara_3096,0.15242375,0.1463889,-0.38864443,-0.31280833
WOLFSKILL_Ciminnita_8755,-0.038390648,-0.35932285,0.08330131,0.797935
VINEYARDS_5C_chard_san_joaquin_y2019_183,0.3581188,0.01666439,-0.86995995,-0.030153807
WOLFSKILL_Muscat_De_L_adda_494,-0.05562493,0.37347963,0.0838817,-0.84411806
WOLFSKILL_Tarrango_I_3665,-0.018652216,-0.35594916,0.012915028,0.75803506
VINEYARDS_freedom_chard_madera_y2019_1139,0.39292634,0.012408577,-0.9514461,-0.0069111586
WOLFSKILL_Rambola_1634,-0.030423842,-0.42421275,0.03340093,0.911896
WOLFSKILL_Fresno_35-75_482,-0.027433835,-0.424146,0.019074952,0.9012801
WOLFSKILL_Olivette_Noire_2482,-0.03188487,-0.3803467,0.051292248,0.8311573
WOLFSKILL_Black_Ferrara_3097,-0.025017876,0.34438673,0.009471303,-0.7567553
WOLFSKILL_Ciminnita_8754,-0.020987414,-0.3493384,0.021342283,0.75798583
WOLFSKILL_Baidh_Ul_Haman_951,0.18932265,-0.07835871,-0.4724247,0.17285669
WOLFSKILL_Sultanina_Rose_1813,-0.029292807,0.33717865,0.019872447,-0.7469007
WOLFSKILL_Troja_7615,-0.027648937,-0.39765674,0.029524913,0.85198677
WOLFSKILL_Zinfandel_Heritage_Sel._14_4553,-0.018929824,0.25543404,0.007348325,-0.5753937
WOLFSKILL_Appley_Towers_30,-0.020740692,-0.38663357,0.009299463,0.83151877
WOLFSKILL_Cipro_Nero_1049,-0.05889669,-0.3501845,0.16276024,0.8232373
WOLFSKILL_Aspruda_Halkidos_7842,-0.02650557,-0.3446309,0.04783435,0.76071715
WOLFSKILL_Koptcha_8586,0.03137901,-0.29589576,-0.11699071,0.623323
WOLFSKILL_Cardinal_4x_3777,-0.0014806623,-0.27201697,-0.023420593,0.58227944
WOLFSKILL_White_Elbling_7749,-0.02664226,0.34823546,0.014518751,-0.76972467
VINEYARDS_1103P_chard_madera_y2018_3493,0.3490839,0.012102954,-0.8450544,-0.01466522
WOLFSKILL_Xylomaherudah_7788,0.37773347,0.017659068,-0.9169831,-0.0304063
WOLFSKILL_Staphythostaphylo_7382,-0.059750147,-0.36967987,0.15883853,0.8627217
WOLFSKILL_Oeillade_Noire_3143,-0.027247988,-0.40087256,0.031153092,0.8690364
WOLFSKILL_Prince_Of_Wales_1611,-0.028155651,-0.36059657,0.043702573,0.7869987
ALGERIA_Ahmeur Bou Ahmeur_63,-0.01625999,-0.38186935,-0.0025220271,0.81817967
WOLFSKILL_Koptcha_8587,-0.05566126,-0.31676087,0.14675559,0.7386317
WOLFSKILL_Cardinal_4x_3776,-0.05551545,-0.27970165,0.14531314,0.6528057
VINEYARDS_5C_cab_san_joaquin_y2019_1418,0.35233304,0.01414904,-0.8537838,-0.016236719
VINEYARDS_5C_chard_san_joaquin_y2018_2476,0.36997983,0.012989759,-0.898788,-0.016896527
WOLFSKILL_Aspruda_Halkidos_7843,-0.010783597,-0.3104805,-0.002481455,0.67424095
WOLFSKILL_Staphythostaphylo_7383,-0.03139047,-0.39153537,0.050450243,0.85445654
WOLFSKILL_Oeillade_Noire_3142,-0.007074468,-0.42976597,-0.047287256,0.90276235
ALGERIA_Ahmeur Bou Ahmeur_62,-0.02440305,-0.398306,0.021048615,0.8551936
WOLFSKILL_Prince_Of_Wales_1610,-0.02856195,-0.25679615,0.068818666,0.5725393
VINEYARDS_1103P_chard_madera_y2018_3492,0.38723454,0.014157433,-0.93842244,-0.015440833
WOLFSKILL_Sidezitis_1959,-0.025262333,0.32512143,0.014237961,-0.72046876
WOLFSKILL_Parnicko_7074,-0.022819895,-0.37277263,0.022069355,0.80650455
WOLFSKILL_Pinot_Blanc_8115,-0.023633093,-0.3322194,0.034745477,0.72794753
WOLFSKILL_Black_Hamburg_986,-0.03305745,-0.43799776,0.03752909,0.9397987
WOLFSKILL_Chasselas_Zulauf_4463,-0.050066374,-0.36188766,0.12973008,0.8267348
WOLFSKILL_Champanel_3989,-0.12055007,-0.18776633,0.35941902,0.516122
WOLFSKILL_Chardonay_7036,0.006482764,-0.33164647,-0.058718406,0.7014824
WOLFSKILL_Pinot_Noir_7012,-0.039425597,-0.36604044,0.08715415,0.8143368
WOLFSKILL_Hassaine_8875,0.13254575,0.15359314,-0.34487858,-0.3334964
VINEYARDS_5C_chard_merced_y2018_3800,0.39710346,0.017240021,-0.9647321,-0.025386628
WOLFSKILL_Koret_4135,-0.023118757,-0.34153914,0.034961544,0.74895465
WOLFSKILL_Black_Hamburg_987,-0.20499772,0.06203683,0.5255568,-0.062208716
WOLFSKILL_Pinot_Blanc_8114,-0.022729233,-0.41003516,0.013080353,0.8827565
WOLFSKILL_Champanel_3988,-0.03645065,-0.4205849,0.058025725,0.9148919
WOLFSKILL_Chasselas_Zulauf_4462,-0.03344466,-0.35292843,0.076279305,0.77682585
VINEYARDS_freedom_chard_madera_y2018_2571,0.38124478,0.016988073,-0.9270109,-0.0272323
WOLFSKILL_Sidezitis_1958,-0.036418337,0.1685536,0.05802512,-0.39890754
WOLFSKILL_Parnicko_7075,-0.037538722,-0.40462497,0.066814564,0.88888276
WOLFSKILL_Pinot_Noir_7013,-0.037776005,-0.3815872,0.07379862,0.8438276
WOLFSKILL_Chardonay_7037,0.007964927,0.24392949,-0.053033628,-0.5444123
WOLFSKILL_Koret_4134,-0.012255835,-0.38264307,-0.01230053,0.82625043
WOLFSKILL_Hassaine_8874,-0.025042556,0.3813732,0.0041047074,-0.83220255
WOLFSKILL_Agadia_893,-0.03212549,-0.34266484,0.061649717,0.75604236
WOLFSKILL_Fernao_Pires_5800,-0.05561173,0.3344735,0.08666285,-0.76193076
WOLFSKILL_Bonarda_8427,-0.09651898,-0.26682848,0.2848324,0.68514353
VINEYARDS_5C_chard_san_joaquin_y2019_159,0.3606558,0.014102794,-0.8739644,-0.019205637
VINEYARDS_5C_chard_san_joaquin_y2018_4812,0.3837131,0.012066048,-0.9307525,-0.01161157
WOLFSKILL_Frankenthal_2799,-0.015874937,-0.42174995,-0.01631882,0.89717555
WOLFSKILL_Magno_6293,-0.035171896,-0.3945204,0.06290061,0.86265767
WOLFSKILL_Fernao_Pires_5801,-0.05988224,0.22447155,0.1054774,-0.52584016
VINEYARDS_5C_chard_merced_y2019_25,0.36295027,0.013328321,-0.8787708,-0.013228897
WOLFSKILL_Agadia_892,-0.012704928,-0.40495718,-0.022617571,0.8587423
WOLFSKILL_San_Juanina_Rosada_4377,-0.020790797,-0.39116877,0.009595314,0.8382093
WOLFSKILL_Bonarda_8426,-0.12581477,-0.26516938,0.36906195,0.7095927
VINEYARDS_5C_chard_san_joaquin_y2019_158,0.3220565,0.0105848275,-0.780089,-0.016128398
WOLFSKILL_Sultana_Moschata_3653,-0.024958018,-0.41011703,0.020108854,0.8842946
WOLFSKILL_Kishmish_Sorkh_2881,-0.14223577,0.013414457,0.38032693,0.028094906
WOLFSKILL_Dermatas_2046,-0.028721523,-0.3955211,0.034332618,0.8582965
WOLFSKILL_Bien_Donnie_3742,0.13033855,0.08871606,-0.33083558,-0.1966131
WOLFSKILL_UNKNOWN_CULTIVAR_6991,0.06274383,-0.25544116,-0.18858728,0.53597575
WOLFSKILL_Cabernet_Sauvignon_5569,-0.034293164,-0.29812813,0.077368714,0.66521424
WOLFSKILL_Gamay_Hatif_Des_Vosges_8525,-0.030036658,0.38650525,0.018316759,-0.8489709
WOLFSKILL_Optima_9251,-0.083657295,-0.29133016,0.2466374,0.73003125
WOLFSKILL_Tamarez_7456,-0.021774556,-0.39655346,0.010697907,0.84768546
WOLFSKILL_Marengo_P._205_1394,0.3267971,0.014193978,-0.79185534,-0.024639618
WOLFSKILL_Kashiri_3889,-0.018939313,-0.39770854,0.00014862046,0.847427
WOLFSKILL_Moscato_Mavro_6577,-0.028110728,-0.33150542,0.054111235,0.72856575
WOLFSKILL_Nebbiolo_Tronero_6729,0.35246098,0.01491968,-0.85419536,-0.020294677
WOLFSKILL_Askari_Khari_938,-0.07105351,-0.17652325,0.20072472,0.4275768
WOLFSKILL_Nocera_2926,0.2733709,0.006112803,-0.65706474,-0.007930405
WOLFSKILL_Gamay_Hatif_Des_Vosges_8524,0.09041581,0.20289294,-0.24928422,-0.4341023
WOLFSKILL_UNKNOWN_CULTIVAR_6990,-0.013222911,-0.3547245,-0.009564007,0.75673866
UCDAVIS_5BB_560,-0.037888587,0.39646733,0.04335641,-0.8803947
WOLFSKILL_Kishmish_Sorkh_2880,-0.008869491,0.24284713,-0.01642063,-0.5482696
WOLFSKILL_Bien_Donnie_3743,-0.032630265,-0.3260153,0.0709242,0.7230858
WOLFSKILL_Dermatas_2047,0.13875936,0.10570611,-0.35356313,-0.23190492
WOLFSKILL_Mourisco_Branco_9781,-0.021918964,-0.40233237,0.009335501,0.85967124
WOLFSKILL_Askari_Khari_939,0.045284458,0.26990578,-0.1482493,-0.5847479
WOLFSKILL_Nocera_2927,0.3374007,-0.044007435,-0.82144725,0.107888475
WOLFSKILL_Marengo_P._205_1395,0.16376872,0.09122111,-0.40591377,-0.19593105
WOLFSKILL_Tamarez_7457,-0.07013223,-0.34262204,0.1933878,0.82524246
WOLFSKILL_Moscato_Mavro_6576,-0.034859236,0.34308305,0.0327271,-0.7651975
WOLFSKILL_Nebbiolo_Tronero_6728,-0.12616007,0.0523022,0.3280478,-0.076895684
WOLFSKILL_Kashiri_3888,-0.20578231,0.10468985,0.51524067,-0.18029478
WOLFSKILL_UNKNOWN_CULTIVAR_9724,0.26926714,-0.060591523,-0.6573144,0.13629174
VINEYARDS_freedom_cab_san_joaquin_y2019_673,0.39576086,0.015500829,-0.95897305,-0.015907232
WOLFSKILL_Vustolethi_2267,0.32263047,0.004181199,-0.780195,0.0060858987
VINEYARDS_1103P_cab_san_joaquin_y2018_4370,0.33077636,0.012913678,-0.80209935,-0.020501193
ALGERIA_Amer Bouamar_83,-0.016098183,-0.43297917,-0.022801455,0.90856326
WOLFSKILL_Carvalheira_8438,0.3178176,-0.035961203,-0.77375436,0.09594909
WOLFSKILL_UNKNOWN_CULTIVAR_9542,-0.022512339,0.35178852,0.0024933368,-0.7701168
WOLFSKILL_Victoria_s_Choice_1_3193,-0.07446457,0.30867797,0.13289548,-0.7120411
WOLFSKILL_Cabernet_Franc_5566,-0.05733048,-0.2599627,0.15758333,0.61194897
WOLFSKILL_Dolcetto_5708,-0.008908047,-0.37628534,-0.025435675,0.7992034
WOLFSKILL_Keknyelu_6145,-0.024942309,-0.4097454,0.018136414,0.8799821
WOLFSKILL_Teltfurtu_3995,-0.025467485,0.30620396,0.01579268,-0.683892
WOLFSKILL_Black_Prince_2694,-0.03535864,-0.46924883,0.039641388,1.0002953
VINEYARDS_1103P_cab_san_joaquin_y2019_2271,0.3312092,0.010777734,-0.80032897,-0.011364616
WOLFSKILL_UNKNOWN_CULTIVAR_9543,0.027262367,-0.10346946,-0.08777621,0.20605296
WOLFSKILL_Olmo_6F_V19_9199,-0.16833624,0.00040973723,0.43814093,0.068697855
ALGERIA_Amer Bouamar_82,-0.026974611,-0.37140745,0.03696578,0.80750763
WOLFSKILL_Carvalheira_8439,-0.021138571,-0.40127534,0.010589546,0.8682711
WOLFSKILL_Cabernet_Franc_5567,-0.035947777,-0.3816359,0.068503566,0.83892643
WOLFSKILL_Negru_Virtos_8905,-0.026881903,-0.39025965,0.03015822,0.8428528
WOLFSKILL_Victoria_s_Choice_1_3192,-0.034349814,0.3498538,0.03321018,-0.7790971
WOLFSKILL_Vustolethi_2266,-0.022097837,-0.36470306,0.019916123,0.7867242
VINEYARDS_1103P_cab_san_joaquin_y2018_4371,0.4034174,0.01712196,-0.9791254,-0.020250846
WOLFSKILL_UNKNOWN_CULTIVAR_9725,-0.052155998,-0.3228807,0.13604122,0.74876195
VINEYARDS_freedom_cab_san_joaquin_y2019_672,0.3465196,0.011373702,-0.84000015,-0.008485705
WOLFSKILL_Teltfurtu_3994,-0.17025681,-0.089502595,0.46607113,0.30259228
WOLFSKILL_Black_Prince_2695,-0.067560904,-0.38017923,0.18965769,0.90715325
VINEYARDS_1103P_cab_san_joaquin_y2019_2270,0.36775646,0.011137914,-0.89147127,-0.006508749
WOLFSKILL_Berzemina_4589,0.041038718,-0.32220137,-0.14443381,0.6810229
WOLFSKILL_Dolcetto_5709,-0.104452424,0.11626242,0.23666528,-0.2706528
WOLFSKILL_Colombard_8484,0.11414889,-0.2522614,-0.31430435,0.5222366
WOLFSKILL_Yaghotti_No._1_3011,-0.009209043,0.25155607,-0.01493356,-0.5676828
WOLFSKILL_Rangspray_162,-0.019463103,-0.3943085,0.005928872,0.851156
WOLFSKILL_Boal_Doce_5506,0.327764,0.015216142,-0.7951456,-0.028869968
WOLFSKILL_Kishmish_Of_Vir_213,-0.021451436,-0.41490024,0.0051811617,0.88662595
WOLFSKILL_Viognier_5156,-0.000303193,-0.38374013,-0.051271975,0.8163436
ALGERIA_Ichmoul_Bacha_288,-0.027294464,-0.42266458,0.025197668,0.9097122
WOLFSKILL_Alvarelhao_8062,-0.010671162,-0.37674224,-0.021944044,0.8002715
VINEYARDS_1103P_cab_merced_y2019_2097,0.3559616,0.009922218,-0.86304665,-0.010046598
WOLFSKILL_Madeleine_Angervine_153,-0.03293523,-0.42340803,0.0432671,0.91259485
WOLFSKILL_Zerk_2276,-0.027043,-0.3803276,0.032310992,0.8240266
WOLFSKILL_Zinfandel_8253,0.32809094,0.014505338,-0.7954074,-0.023760643
WOLFSKILL_Rangspray_163,-0.019449346,-0.38920432,0.004348045,0.82924855
WOLFSKILL_Viognier_5157,-0.02297178,-0.426559,0.0068829674,0.911414
WOLFSKILL_Boal_Doce_5507,0.29353982,-0.0064163804,-0.7122265,0.03312232
WOLFSKILL_Kishmish_Of_Vir_212,0.056176685,0.23670913,-0.17158642,-0.516433
WOLFSKILL_Colombard_8485,-0.03508764,-0.3729057,0.071620904,0.8208547
WOLFSKILL_Yaghotti_No._1_3010,0.08633197,0.16752686,-0.2368365,-0.3684073
WOLFSKILL_Zerk_2277,-0.037581287,0.29228145,0.045136712,-0.6612028
VINEYARDS_1103P_cab_merced_y2019_2096,0.36483872,0.008563798,-0.8816775,-0.0009791069
WOLFSKILL_Madeleine_Angervine_152,-0.019091696,-0.33160013,0.015448341,0.716038
WOLFSKILL_Zinfandel_8252,-0.14603414,0.17724489,0.33786288,-0.39383012
ALGERIA_Ichmoul_Bacha_289,-0.028294511,-0.42846203,0.017366199,0.9065712
WOLFSKILL_Magliasina_4537,-0.017813183,-0.43150383,-0.011904864,0.91544044
WOLFSKILL_Alvarelhao_8063,-0.022891466,-0.39047545,0.017248759,0.84499836
WOLFSKILL_Corbu_Blanc_5033,-0.005715941,-0.357363,-0.029562091,0.76308787
WOLFSKILL_Petrolianos_6919,0.1844355,0.040613662,-0.44516498,-0.08944222
VINEYARDS_freedom_chard_merced_y2019_19,0.35255432,0.009894032,-0.8544729,-0.009831447
WOLFSKILL_Fresno_32-68_4081,-0.13897102,0.106656045,0.33667064,-0.21950808
WOLFSKILL_Lal_Sorkh_1322,-0.015344937,-0.35991246,0.00080625527,0.7755059
WOLFSKILL_Buaki_5539,-0.1615582,-0.0038952157,0.43392807,0.084939495
WOLFSKILL_Bias_Kukuzeti_773,-0.018434308,-0.38579032,0.0038702749,0.83097494
WOLFSKILL_Van_Der_Laan_1884,-0.020185068,-0.32193398,0.028530953,0.7002034
WOLFSKILL_b_39-59a_Mlc_3817,-0.03210912,-0.40268874,0.04546632,0.8687781
WOLFSKILL_b_39-59_Mlc_3808,-0.016762678,-0.39035243,-0.009480804,0.8229248
WOLFSKILL_Olmo_030-44_3222,0.25866958,0.028562117,-0.6280384,-0.05756397
WOLFSKILL_Refosco_7137,-0.028866932,-0.38489816,0.039927565,0.8362623
WOLFSKILL_Fresno_32-68_4080,-0.08512581,0.24709623,0.16525641,-0.5825656
WOLFSKILL_Princess_4269,-0.023270875,-0.36955112,0.02383476,0.8022101
VINEYARDS_freedom_chard_merced_y2019_18,0.35137716,0.009450119,-0.84927547,-0.005488079
WOLFSKILL_Petrolianos_6918,0.25593552,0.005085569,-0.6146159,-0.0046432205
WOLFSKILL_b_39-59a_Mlc_3816,-0.030215003,-0.39531875,0.03983412,0.85229385
WOLFSKILL_Bias_Kukuzeti_772,-0.03195379,-0.39967018,0.046352476,0.8628075
WOLFSKILL_Van_Der_Laan_1885,0.021058572,0.32148135,-0.096648335,-0.6958598
WOLFSKILL_Refosco_7136,0.18880512,0.08148527,-0.46520966,-0.17618333
WOLFSKILL_Olmo_030-44_3223,-0.0117911035,-0.3677556,-0.014564952,0.7874329
WOLFSKILL_b_39-59_Mlc_3809,-0.021237243,-0.3747543,0.012031989,0.7973609
WOLFSKILL_Lal_Sorkh_1323,-0.026275985,-0.28754577,0.05434458,0.6324965
VINEYARDS_freedom_chard_merced_y2018_3778,0.3632023,0.014595438,-0.8819214,-0.024480332
WOLFSKILL_Buaki_5538,0.3141042,0.017189931,-0.7581601,-0.026875425
WOLFSKILL_Olmo_034-26_3281,0.048755676,-0.31381556,-0.15905988,0.6651906
WOLFSKILL_Malvasia_Roxa_6362,-0.030368324,0.3938521,0.024094576,-0.866077
VINEYARDS_5C_chard_san_joaquin_y2019_2045,0.36322525,0.014897063,-0.88197213,-0.02307551
WOLFSKILL_Clairette_De_Limoux_5018,-0.05965828,-0.32710814,0.16348091,0.76714516
WOLFSKILL_Uzbekistanian_Muscat_4909,-0.018644966,-0.3588434,0.010570122,0.7707974
WOLFSKILL_Yellow_Ortlieber_7796,-0.03216503,0.40605024,0.022625202,-0.8914479
VINEYARDS_freedom_chard_san_joaquin_y2018_3681,0.37393025,0.015643727,-0.9065016,-0.02380475
WOLFSKILL_Heroldrebe_9015,0.034100655,-0.3496284,-0.13217153,0.7368986
VINEYARDS_freedom_cab_merced_y2019_1178,0.39454272,0.012287978,-0.9555605,-0.007862415
WOLFSKILL_Triplett_30-47_9286,-0.03614727,-0.44423622,0.048860922,0.95779955
VINEYARDS_freedom_chard_madera_y2018_2785,0.37540218,0.014981858,-0.91224116,-0.021133948
WOLFSKILL_Clairette_De_Limoux_5019,-0.043192804,-0.38189366,0.09535109,0.8521417
WOLFSKILL_Malvasia_Roxa_6363,-0.031944692,-0.4394453,0.0330446,0.9416441
WOLFSKILL_Olmo_034-26_3280,0.019681506,0.2511976,-0.08407339,-0.5563864
WOLFSKILL_Kolokithian_6184,-0.03983333,0.38603806,0.044300534,-0.8591379
VINEYARDS_freedom_chard_san_joaquin_y2018_3680,0.3965957,0.017127223,-0.96447957,-0.025917415
WOLFSKILL_Uzbekistanian_Muscat_4908,-0.0149706425,-0.40773904,-0.0143531,0.86911386
VINEYARDS_5C_cab_san_joaquin_y2018_2939,0.36240938,0.012269344,-0.8783387,-0.0133981295
WOLFSKILL_Muscat_Hamburg_1450,-0.06454072,-0.33573693,0.17882338,0.7988241
WOLFSKILL_Pinot_St.george_7042,-0.026475064,-0.4185415,0.022615472,0.8995092
VINEYARDS_1103P_cab_merced_y2019_382,0.3642893,0.011567146,-0.88155496,-0.009572182
ALGERIA_Ahmeur Bou Ahmeur_14,-0.02110266,-0.42354482,-0.003921045,0.8960987
VINEYARDS_freedom_cab_san_joaquin_y2019_1470,0.36123925,0.00543553,-0.8731762,0.008027516
WOLFSKILL_Chenin_Blanc_8478,-0.03061533,-0.38523483,0.048018634,0.84503806
WOLFSKILL_Zinfandel_Heritage_Sel._17_4571,-0.06711554,-0.35021585,0.18495335,0.8327961
WOLFSKILL_Pirovano_5_2580,-0.019483875,-0.37944418,0.0060631596,0.81399846
WOLFSKILL_Cereza_9164,-0.025474362,-0.37913132,0.02859565,0.8196614
VINEYARDS_freedom_cab_san_joaquin_y2018_2927,0.35510442,0.013140939,-0.86119723,-0.019056555
VINEYARDS_freedom_cab_san_joaquin_y2019_1471,0.3430914,0.01049481,-0.82984376,-0.011388384
WOLFSKILL_Chenin_Blanc_8479,-0.038080137,0.37204474,0.039125495,-0.8253328
WOLFSKILL_Pirovano_5_2581,0.2164468,-0.016432982,-0.52327937,0.047668353
WOLFSKILL_Zinfandel_Heritage_Sel._17_4570,-0.03778178,0.36868638,0.03928087,-0.81819206
WOLFSKILL_Muscat_Hamburg_1451,-0.026592217,-0.36466092,0.03805452,0.7912588
WOLFSKILL_Pinot_St.george_7043,-0.02227087,-0.2998441,0.047021292,0.66492915
VINEYARDS_1103P_cab_merced_y2019_383,0.3636075,0.009277958,-0.8794054,-0.0039055161
ALGERIA_Ahmeur Bou Ahmeur_15,-0.022509973,-0.4194824,0.0053089913,0.89475715
WOLFSKILL_Audibert_9431,-0.07529905,-0.29248583,0.21726124,0.71449256
WOLFSKILL_Cereza_9165,-0.020472102,-0.37121403,0.015565233,0.80246305
WOLFSKILL_Diamond_Muscat_4261,-0.023470242,-0.38306078,0.020462511,0.8254593
WOLFSKILL_Korghianitis_7888,-0.014386804,-0.39443517,-0.01811203,0.8317456
WOLFSKILL_Perlette_1588,-0.07087029,-0.34200156,0.19736636,0.8238881
WOLFSKILL_Canaiolo_Nero_5592,-0.11946995,-0.08400752,0.32876712,0.24571589
WOLFSKILL_Vernaccia_Bianca_4663,-0.03598595,-0.31920415,0.08210466,0.7137662
VINEYARDS_1103P_chard_san_joaquin_y2018_2850,0.34636888,0.011063743,-0.8398831,-0.0127555765
WOLFSKILL_Olivette_Noir_2596,-0.0131337615,-0.38124448,-0.016162267,0.80610394
WOLFSKILL_Ajmi_4390,-0.032559603,-0.42951202,0.039290294,0.9244042
VINEYARDS_5C_chard_merced_y2019_4,0.33312693,0.012143392,-0.80722284,-0.016286585
WOLFSKILL_Korghianitis_7889,-0.0024186755,-0.38054547,-0.047004517,0.7997391
WOLFSKILL_Perlette_1589,-0.02231434,-0.36824617,0.023840861,0.80216
WOLFSKILL_Ajmi_4391,-0.028125022,-0.44345492,0.019285848,0.9476828
VINEYARDS_5C_chard_merced_y2019_5,0.39064485,0.014643732,-0.94745314,-0.017012436
VINEYARDS_1103P_chard_san_joaquin_y2018_2851,0.3467602,0.011110362,-0.84025145,-0.013903383
WOLFSKILL_Olivette_Noir_2597,-0.026802033,-0.39672625,0.026486123,0.8541225
VINEYARDS_5C_cab_madera_y2019_1161,0.38200223,0.014216423,-0.9271147,-0.017666012
WOLFSKILL_Alburla_8389,0.07114442,0.1632104,-0.19648913,-0.3631847
VINEYARDS_5C_cab_san_joaquin_y2019_1964,0.36109877,0.011331271,-0.87662375,-0.014339838
WOLFSKILL_Pias_6508,-0.06637249,0.34952068,0.11049805,-0.7985231
WOLFSKILL_Zimsko_Belo_3688,-0.0691427,-0.3469022,0.19762531,0.83464754
WOLFSKILL_Alburla_8388,-0.045062266,0.34809187,0.059165753,-0.78290224
WOLFSKILL_Charmont_9158,-0.022162098,-0.3977997,0.013352724,0.8588661
VINEYARDS_5C_cab_madera_y2019_1160,0.37522277,0.0018373765,-0.905221,0.021234319
WOLFSKILL_Pias_6509,-0.02111118,-0.43430012,-0.0070488323,0.91765153
WOLFSKILL_Zimsko_Belo_3689,0.014087152,-0.36981237,-0.086670235,0.78189087
VINEYARDS_freedom_chard_san_joaquin_y2019_915,-0.025856592,-0.41930252,0.01883622,0.90422213
WOLFSKILL_Reichensteiner_9261,-0.038615957,-0.3962418,0.08397468,0.87310016
WOLFSKILL_Salomani_2213,0.020501543,-0.33714938,-0.092981845,0.71436703
WOLFSKILL_Sauvignon_Vert_7285,-0.11549202,0.23352002,0.25005317,-0.5622306
VINEYARDS_freedom_chard_san_joaquin_y2019_1861,0.38434222,0.010793585,-0.929183,-0.004622955
WOLFSKILL_B5_4152,-0.014433642,-0.39081904,-0.013029059,0.8305348
WOLFSKILL_Russian_Seedless_3384,0.3882332,0.013022207,-0.9419068,-0.01521958
WOLFSKILL_Roussaitis_8004,-0.023221683,-0.4068923,0.013726616,0.8748728
WOLFSKILL_Karadzhandal_641,-0.038647026,0.4301751,0.03625954,-0.9458669
WOLFSKILL_Grenache_8550,-0.008634315,-0.38123465,-0.027198069,0.8113788
WOLFSKILL_Royal_Thompson_164,-0.035968285,-0.3969486,0.06193941,0.8688444
WOLFSKILL_Boyalsing_II_8800,-0.015349199,0.089376226,0.01834547,-0.2236231
WOLFSKILL_Malmsey_8611,-0.0148320915,-0.37261754,-0.009349471,0.7969949
WOLFSKILL_Tokay_1861,-0.059383042,0.29525465,0.09453837,-0.6771194
WOLFSKILL_Kishmish-charni_652,-0.056684278,-0.25726458,0.1575561,0.60701364
WOLFSKILL_Russian_Seedless_3385,0.18998428,0.07640155,-0.4645288,-0.16188881
WOLFSKILL_B5_4153,-0.031070713,-0.42272982,0.036218785,0.9147261
WOLFSKILL_Roussaitis_8005,0.0022209184,-0.38859257,-0.064920455,0.8108393
WOLFSKILL_Karadzhandal_640,-0.14888404,0.20933692,0.3396001,-0.46643174
WOLFSKILL_Grenache_8551,0.09245954,0.2422988,-0.26234335,-0.51514107
WOLFSKILL_Reichensteiner_9260,-0.07984165,-0.33346176,0.23412317,0.8201767
WOLFSKILL_Sauvignon_Vert_7284,-0.18910085,-0.07472495,0.5085027,0.2812663
VINEYARDS_freedom_chard_san_joaquin_y2019_1860,0.38132247,0.010864761,-0.9222183,-0.006020669
WOLFSKILL_Kishmish-charni_653,-0.09464813,-0.07547128,0.25558287,0.2031517
WOLFSKILL_Royal_Thompson_165,-0.019240033,-0.40070164,-0.0034714509,0.84890795
WOLFSKILL_Tokay_1860,-0.051087655,-0.3461712,0.12887612,0.7958088
WOLFSKILL_Malmsey_8610,-0.015716136,-0.3136847,0.012624038,0.6792782
WOLFSKILL_Pinot_Musque_4788,-0.027705163,-0.41575557,0.029419946,0.8983145
WOLFSKILL_Early_Muscat_4191,-0.031856723,-0.44858038,0.03019523,0.9550384
WOLFSKILL_Muscat_Noir_2924,0.0106395995,-0.2437412,-0.055308618,0.521888
WOLFSKILL_Barbara_5683,0.011756649,-0.34500813,-0.07592699,0.7295023
ALGERIA_Babari_147,-0.0032559335,-0.37227607,-0.038367327,0.7948625
WOLFSKILL_UNKNOWN_CULTIVAR_9535,-0.046613254,-0.33843714,0.11233715,0.7650533
WOLFSKILL_Sev_Lernatu_PRG_2224_9047,0.20369215,-0.13438469,-0.5202011,0.28544837
VINEYARDS_freedom_cab_madera_y2019_327,0.38796166,0.011002649,-0.93989414,-0.0072896853
WOLFSKILL_Karrithato_6114,-0.026538048,0.34757054,0.015153402,-0.76852214
WOLFSKILL_UNKNOWN_CULTIVAR_9753,-0.028002687,-0.43359333,0.023865798,0.9334146
WOLFSKILL_Muscat_Noir_2925,0.38101286,0.008546025,-0.9220111,-0.0015271865
WOLFSKILL_Early_Muscat_4190,-0.023822248,-0.42029762,0.0065440554,0.8886552
WOLFSKILL_Monakka_1422,-0.03363642,0.33525646,0.031533264,-0.7467777
WOLFSKILL_Mariposa_Muscat_4505,-0.017276008,-0.28429595,0.029896075,0.631426
WOLFSKILL_Barbara_5682,-0.0021498995,-0.34661525,-0.037996374,0.7376585
WOLFSKILL_Korfiatis_6200,0.011256228,0.30398774,-0.074128784,-0.6624584
WOLFSKILL_Karrithato_6115,-0.02186548,-0.38946018,0.011018364,0.8293259
WOLFSKILL_UNKNOWN_CULTIVAR_9752,-0.03773737,-0.33702126,0.08553072,0.7512605
WOLFSKILL_UNKNOWN_CULTIVAR_9534,-0.14852546,-0.07578166,0.40112188,0.24413009
ALGERIA_Babari_146,-0.025567245,-0.3565375,0.03833791,0.7766264
WOLFSKILL_Sev_Lernatu_PRG_2224_9046,-0.03125055,-0.4315722,0.034462646,0.9292288
VINEYARDS_freedom_cab_madera_y2019_326,0.367923,0.011395473,-0.89122236,-0.011103239
WOLFSKILL_Kadarka_6104,-0.0069839396,0.3142546,-0.029181462,-0.69056404
VINEYARDS_freedom_cab_merced_y2019_614,0.37445033,0.012520175,-0.90677196,-0.011134651
WOLFSKILL_Esperia_1172,-0.00637276,-0.41283053,-0.04404137,0.8663876
WOLFSKILL_Gewurztraminer_5928,0.021248378,0.25605547,-0.09120301,-0.5641413
WOLFSKILL_Malvasia_Del_Chianti_6350,-0.046220228,-0.3096073,0.118386276,0.7038065
ALGERIA_Louali_348,-0.12468567,-0.119237065,0.3420667,0.3315883
WOLFSKILL_Magliasina_4541,-0.026397742,-0.38698304,0.030202689,0.8407757
VINEYARDS_freedom_chard_san_joaquin_y2018_2934,0.37515077,0.013577484,-0.91048336,-0.016665827
VINEYARDS_5C_chard_merced_y2018_2727,-0.031056289,0.36731213,0.022020603,-0.8095792
WOLFSKILL_Olmo_030-51_3226,-0.01975127,-0.36411703,0.013529109,0.78913224
WOLFSKILL_Spin_Ugad_3548,-0.016363237,-0.4137511,-0.014368175,0.87811244
WOLFSKILL_Lagrein_6906,0.012802146,-0.28193206,-0.06578095,0.5990788
WOLFSKILL_Tsoumbrena_Mavri_8040,-0.046381213,-0.2952812,0.1163047,0.6729548
WOLFSKILL_Stravaganza_Vidor_596,0.12964891,0.07572065,-0.32436886,-0.16365868
WOLFSKILL_Magliasina_4540,-0.029619351,0.35409886,0.021956244,-0.78304243
WOLFSKILL_Esperia_1173,-0.017891113,-0.42288807,-0.01192024,0.9001962
WOLFSKILL_Gewurztraminer_5929,-0.018242192,-0.35559493,0.015018618,0.7773359
WOLFSKILL_Malvasia_Del_Chianti_6351,0.19352877,0.009688955,-0.46766418,-0.018202446
WOLFSKILL_Spin_Ugad_3549,0.36392772,0.011689667,-0.8805097,-0.011563614
WOLFSKILL_Olmo_030-51_3227,0.018694121,-0.31845212,-0.081787065,0.6864759
VINEYARDS_1103P_cab_san_joaquin_y2019_1996,0.33625546,0.0013679229,-0.80864704,0.015790394
WOLFSKILL_Lagrein_6907,-0.028495014,-0.35471627,0.049728908,0.7804576
WOLFSKILL_Tsoumbrena_Mavri_8041,-0.0563434,-0.32443392,0.14490072,0.75114846
WOLFSKILL_Gamay_Burgoyne_5916,-0.03318146,0.36963162,0.031639144,-0.8217268
WOLFSKILL_Stravaganza_Vidor_597,-0.037233904,-0.40472332,0.06531854,0.88820696
VINEYARDS_freedom_chard_san_joaquin_y2018_2935,0.3933549,0.015729796,-0.953909,-0.018656757
VINEYARDS_5C_chard_merced_y2018_2726,-0.011363012,0.2792346,-0.020319033,-0.6219288
WOLFSKILL_Pardinia_1569,-0.035141677,-0.34866166,0.0772768,0.77020544
WOLFSKILL_Opale_1551,-0.022428144,-0.40965527,0.0075783823,0.8764859
WOLFSKILL_Refosco_7140,-0.033993676,0.32552034,0.03594259,-0.7278536
WOLFSKILL_Perbos_139_415,-0.027406942,-0.39973325,0.032750815,0.86235636
VINEYARDS_freedom_cab_merced_y2018_3838,0.36616966,0.010893855,-0.88528645,-0.008236211
WOLFSKILL_Vernatschia_Alternatures_8174,-0.01912171,-0.43243122,-0.016957356,0.9007702
WOLFSKILL_Syrian_477,-0.017638978,-0.40156594,-0.00970757,0.846028
WOLFSKILL_Stophiliatico_7406,-0.007841069,-0.28155643,-0.004016485,0.6045103
WOLFSKILL_Johanna_Mathiasz_1267,-0.058046214,-0.26361144,0.16653046,0.62373805
WOLFSKILL_Pardinia_1568,-0.053582005,-0.37139153,0.1394512,0.8572611
VINEYARDS_1103P_chard_san_joaquin_y2018_3255,0.37798133,0.011263788,-0.91592646,-0.0091766715
WOLFSKILL_Refosco_7141,-0.02089766,-0.42705208,0.0013665017,0.91353303
WOLFSKILL_Solferino_1767,-0.040312678,-0.47012973,0.061343916,1.0173131
WOLFSKILL_Perbos_139_414,-0.0056979125,0.34824884,-0.035128362,-0.75721776
VINEYARDS_freedom_chard_merced_y2018_3569,0.36043918,0.011969451,-0.8711527,-0.012193289
WOLFSKILL_Johanna_Mathiasz_1266,-0.02432577,-0.34482503,0.03658256,0.7433771
WOLFSKILL_Vernatschia_Alternatures_8175,-0.20986411,0.018109009,0.5541345,0.06253326
WOLFSKILL_Mavrodaphne_6422,0.009888476,-0.32021436,-0.06448868,0.6785335
WOLFSKILL_Stophiliatico_7407,-0.038632628,0.37466806,0.044533998,-0.8355416
VINEYARDS_freedom_cab_merced_y2018_2661,-0.013428359,0.3793165,-0.020532768,-0.821916
WOLFSKILL_Syrian_476,0.013358023,-0.35107526,-0.07801523,0.7492057
VINEYARDS_5C_chard_merced_y2018_3613,0.35248116,0.005346779,-0.85159755,0.0045913793
WOLFSKILL_Kozma_Pal_Muskotaly_9034,-0.018113993,-0.3606875,0.004256349,0.7650601
WOLFSKILL_Muscat_Ottonel_6677,0.31789407,0.012357555,-0.7719394,-0.020502236
WOLFSKILL_Wengerka_2658,-0.021863569,-0.36201882,0.020976478,0.780396
WOLFSKILL_Antibo_5287,-0.06863329,-0.30794114,0.19709209,0.7476369
WOLFSKILL_Sovereign_Coronation_433,-0.073371835,0.311731,0.1284567,-0.7170928
VINEYARDS_5C_chard_merced_y2019_587,0.32873586,0.023115765,-0.8002995,-0.04758742
WOLFSKILL_Pinot_Vert_Dore_7047,-0.02912194,-0.41435003,0.03402128,0.893188
WOLFSKILL_UNKNOWN_CULTIVAR_6618,-0.02854766,-0.38789886,0.038425736,0.83835316
WOLFSKILL_Tallian_1823,-0.012619999,-0.37288034,-0.018309318,0.78669125
UCDAVIS_VESPOLINA_28,-0.025474094,-0.4069146,0.02064907,0.8767594
WOLFSKILL_Gewurtztraminer_1802,-0.026524365,-0.37631708,0.03527581,0.8212666
WOLFSKILL_Prokupac_9443,-0.08926783,-0.28311828,0.26129305,0.7161484
VINEYARDS_5C_chard_merced_y2018_3612,0.34013876,0.006743323,-0.8227644,0.00058496743
WOLFSKILL_Muscat_Ottonel_6676,0.036065247,-0.27279904,-0.120830916,0.58526695
WOLFSKILL_Ughetta_8954,0.005672319,-0.2908787,-0.04885629,0.61566836
WOLFSKILL_Pinot_Vert_Dore_7046,-0.091410674,-0.3125127,0.2666005,0.79002094
WOLFSKILL_Sovereign_Coronation_432,0.005044316,-0.37889475,-0.06586124,0.79836065
WOLFSKILL_UNKNOWN_CULTIVAR_6619,0.04831115,0.24084203,-0.1522308,-0.5209633
WOLFSKILL_Antibo_5286,0.21115287,-0.0055297613,-0.5107242,0.016998503
WOLFSKILL_Thiakon_7521,-0.044892736,-0.3527766,0.10445177,0.7926564
WOLFSKILL_Valdepenas_7654,-0.027975239,-0.37289727,0.041576423,0.8160274
WOLFSKILL_Itchkimar_3713,-0.12797596,-0.13190427,0.35963917,0.37118253
WOLFSKILL_Negrette_5076,-0.05952526,-0.32289165,0.16192314,0.7502122
WOLFSKILL_Trousseau_7621,-0.08664119,-0.3072603,0.24888647,0.7653812
WOLFSKILL_Matum_Margoon_5166,-0.031026833,-0.4237524,0.036414236,0.91302264
WOLFSKILL_Nimrang_4491,-0.063302405,-0.35509837,0.17783216,0.83552384
WOLFSKILL_Mueller-thurgau_6627,-0.024256025,-0.399792,0.017873613,0.85985374
WOLFSKILL_Itchkimar_3712,0.037380394,-0.27208227,-0.12200364,0.58131623
WOLFSKILL_Valdepenas_7655,-0.05174309,-0.35353196,0.1303395,0.8078425
WOLFSKILL_Verdelho_7669,-0.04391168,-0.36867028,0.102016255,0.8268851
WOLFSKILL_Thiakon_7520,-0.03122864,-0.40155226,0.040274493,0.8702768
WOLFSKILL_Riesling_Muscat_5121,-0.016694572,-0.41952443,-0.013336405,0.894179
WOLFSKILL_Mueller-thurgau_6626,-0.06691336,-0.2696371,0.1837941,0.6455092
WOLFSKILL_Matum_Margoon_5167,-0.09070907,-0.25415286,0.25726426,0.6372189
WOLFSKILL_Negrette_5077,-0.10410891,-0.25709277,0.30450332,0.6621255
WOLFSKILL_Nimrang_4490,-0.06083148,-0.3618371,0.1647665,0.84646475
WOLFSKILL_Prokupac_8163,0.03849387,0.2509692,-0.13105105,-0.54682016
WOLFSKILL_White_Tokay_1916,-0.016269263,-0.3644545,0.00054640323,0.7858318
WOLFSKILL_Rofar_Vidor_592,-0.01637867,-0.40727735,-0.009623647,0.86941725
WOLFSKILL_Frankenthal_Blanc_4966,-0.041702587,-0.3684128,0.0933958,0.8198684
WOLFSKILL_Nebbiolo_Fino_6721,-0.025793947,-0.37731636,0.031956315,0.8192446
WOLFSKILL_Royal_2207,-0.021657683,-0.3856163,0.012829827,0.82876253
WOLFSKILL_Moscato_Jesus_8318,-0.019025076,-0.3927258,0.0011333637,0.84135485
WOLFSKILL_Trieste_4x_3165,-0.023574837,-0.3634855,0.02602896,0.7845963
WOLFSKILL_Budrilay_8804,0.009722859,-0.3490163,-0.06735912,0.7469431
WOLFSKILL_Primiera_1600,0.0062306216,-0.3183081,-0.05569285,0.67826295
WOLFSKILL_Red_Ohanez_2940,-0.026225802,-0.4458919,0.007367475,0.9438262
WOLFSKILL_Kepraico_6219,-0.02270136,0.34705272,0.0057526417,-0.7623502
WOLFSKILL_Schiradzouli_Violet_1738,-0.030497454,0.29781574,0.026703259,-0.6675696
WOLFSKILL_Rofar_Vidor_593,-0.028178811,-0.39655244,0.0356033,0.8588058
WOLFSKILL_Frankenthal_Blanc_4967,-0.0039426805,-0.099349424,0.0012083072,0.20598361
WOLFSKILL_Nebbiolo_Fino_6720,-0.024545647,-0.36952606,0.027921645,0.8034626
WOLFSKILL_Royal_2206,-0.19716306,0.081799746,0.5052289,-0.11676316
WOLFSKILL_Prokupac_8162,-0.17749032,-0.011841694,0.46385866,0.10761069
WOLFSKILL_White_Tokay_1917,0.004574186,0.37113738,-0.06504142,-0.7990798
WOLFSKILL_Budrilay_8805,-0.01203582,0.014309604,0.02727476,-0.040603545
WOLFSKILL_Red_Ohanez_2941,-0.019241888,0.31992188,-0.00014954805,-0.70957065
WOLFSKILL_Primiera_1601,-0.026585545,-0.36782777,0.037078924,0.79931223
ALGERIA_Ichmoul_225,-0.0020049643,-0.38687974,-0.057644315,0.8001555
WOLFSKILL_Kepraico_6218,0.047387436,0.24549545,-0.15304947,-0.53215855
WOLFSKILL_Moscato_Jesus_8319,-0.019676648,-0.36514342,0.014601788,0.786765
WOLFSKILL_Trieste_4x_3164,0.35431126,0.014766727,-0.85972995,-0.024682399
WOLFSKILL_Shtur_Angur_511,-0.020308156,-0.41142294,0.0032052007,0.8803352
WOLFSKILL_Treixadura_Blanca_4068,-0.018743437,0.34179464,-0.0035711508,-0.7485658
ALGERIA_Tizi Ouinine_435,-0.026584346,-0.4197419,0.015770478,0.89160615
WOLFSKILL_Negro_Amaro_6736,0.17359564,0.11327988,-0.4325612,-0.24453077
WOLFSKILL_Victoria_s_Choice_3680,0.039617203,-0.26571202,-0.13313286,0.5611318
WOLFSKILL_Naboda_6690,-0.0051347185,0.31854978,-0.03281353,-0.699884
WOLFSKILL_Precoce_De_Malingre_1594,-0.064093225,-0.3376437,0.18013549,0.80411553
VINEYARDS_1103P_chard_san_joaquin_y2018_3641,0.36801487,0.014067307,-0.8929634,-0.019073896
ALGERIA_Amer Bouamar_130,-0.020097502,-0.42957404,-0.015550695,0.89473915
WOLFSKILL_Olmo_035-11_3306,-0.026627362,-0.38325107,0.03357829,0.8354623
WOLFSKILL_Khalchili_1292,-0.029707454,-0.33295256,0.058112636,0.7327844
WOLFSKILL_Neeli_3947,-0.0009330907,-0.363634,-0.04279214,0.779999
ALGERIA_Tizi Ouinine_434,-0.023262098,-0.40581277,0.012625257,0.8700479
WOLFSKILL_Harslevelu_6017,-0.030783355,-0.39114517,0.045522027,0.85570884
WOLFSKILL_Negro_Amaro_6737,-0.016539898,0.39850396,-0.017234765,-0.86144674
WOLFSKILL_Victoria_s_Choice_3681,0.024675239,-0.30135417,-0.099281035,0.64235723
UCDAVIS_8B_315,0.38166276,0.012233879,-0.9249933,-0.013372667
WOLFSKILL_Treixadura_Blanca_4069,-0.023901846,0.39343482,0.0011944734,-0.8573692
WOLFSKILL_Shtur_Angur_510,-0.029734556,-0.43684238,0.029295826,0.9390458
WOLFSKILL_Berurargoon_3470,0.09097297,0.11466655,-0.23538548,-0.25970978
WOLFSKILL_Neeli_3946,-0.013285267,-0.35019475,-0.0034155603,0.75339454
WOLFSKILL_Precoce_De_Malingre_1595,-0.021789398,-0.42023483,0.0058384445,0.89759207
WOLFSKILL_Naboda_6691,-0.020337969,-0.34704465,0.0188902,0.7518839
WOLFSKILL_Olmo_035-11_3307,-0.023383401,-0.39696878,0.013661979,0.84526175
WOLFSKILL_Khalchili_1293,-0.035541415,-0.32908076,0.081424884,0.7315897
VINEYARDS_1103P_chard_san_joaquin_y2018_3640,0.37092045,0.015129887,-0.90040755,-0.019331817
WOLFSKILL_UNKNOWN_CULTIVAR_9612,-0.053790327,-0.21789907,0.14474463,0.50842476
WOLFSKILL_Rish_Baba_4322,-0.022784129,-0.45573083,-0.011021635,0.95309067
WOLFSKILL_Hondromavroudo_7859,-0.08553555,-0.2716356,0.2448219,0.6798506
WOLFSKILL_Unknown_Cultivar_8072,-0.041001275,-0.42385405,0.08178631,0.931352
WOLFSKILL_Terra_Promessa_376,-0.0203004,-0.42713603,-0.008793009,0.8973573
WOLFSKILL_Olivette_Vendemien_1545,-0.015279683,-0.33720967,0.0054942276,0.7311679
VINEYARDS_1103P_cab_merced_y2018_2991,0.34877357,0.008496534,-0.84355414,-0.0056030564
WOLFSKILL_Ak_Schekerek_2313,-0.086920954,0.16156973,0.1820262,-0.3742794
WOLFSKILL_Terra_Promessa_377,0.006881115,0.27495745,-0.050869495,-0.6072543
WOLFSKILL_Unknown_Cultivar_8073,-0.064965,-0.35143232,0.18217815,0.83430636
WOLFSKILL_UNKNOWN_CULTIVAR_9613,-0.15719895,-0.052803304,0.43168634,0.20318615
WOLFSKILL_Rish_Baba_4323,0.3110803,0.006718736,-0.75236547,-0.007005241
WOLFSKILL_Hondromavroudo_7858,-0.09168948,-0.24434812,0.26573116,0.6183434
WOLFSKILL_Kontehgalo_2113,-0.017713062,-0.36386058,0.008703379,0.78694797
WOLFSKILL_Khorestini_3561,-0.014956106,-0.3818199,-0.008938899,0.81428564
VINEYARDS_1103P_cab_merced_y2018_2990,0.37206247,0.011001505,-0.9013638,-0.0075309463
WOLFSKILL_Ak_Schekerek_2312,-0.050357886,-0.34937158,0.13136002,0.8006058
WOLFSKILL_Olivette_Vendemien_1544,-0.03233034,-0.40204757,0.04779566,0.8768653
WOLFSKILL_Pinot_5901,-0.023242008,-0.34683305,0.032860883,0.75910044
VINEYARDS_5C_cab_madera_y2019_288,0.30523273,0.011556793,-0.73963594,-0.020896506
WOLFSKILL_Seedless_Tokay_2400,-0.02977201,-0.33742225,0.057781108,0.7431091
WOLFSKILL_Madeleine_Celine_2911,-0.013420069,-0.39277607,-0.019411797,0.82747877
WOLFSKILL_UNKNOWN_CULTIVAR_5136,-0.03816794,0.33837527,0.041531034,-0.7569039
WOLFSKILL_UNKNOWN_CULTIVAR_6651,-0.03475488,-0.41637295,0.051976465,0.9096409
WOLFSKILL_Barlinka_4721,-0.029384706,-0.388651,0.040443353,0.8455536
WOLFSKILL_Sylvaner_742_9453,0.036979396,-0.26128715,-0.11888377,0.56277
VINEYARDS_freedom_chard_madera_y2019_304,0.34224737,0.013992671,-0.8290218,-0.019267526
VINEYARDS_5C_cab_madera_y2018_3917,0.338733,0.006645791,-0.819477,-0.00023919716
WOLFSKILL_Marsanne_6383,-0.010523316,-0.3738439,-0.020896506,0.7947133
WOLFSKILL_Unknown_Cultivar_7809,-0.031234711,-0.40848196,0.045450307,0.8808836
WOLFSKILL_Olmo_18-226_D_4082,-0.049955443,-0.3390953,0.12780109,0.7802844
WOLFSKILL_Lakemont_4760,-0.011011069,-0.41633475,-0.034163438,0.86451215
VINEYARDS_5C_chard_san_joaquin_y2019_831,0.3291458,0.006119374,-0.79548943,0.0015160106
VINEYARDS_freedom_chard_madera_y2019_305,0.36479834,0.014123984,-0.8843539,-0.018291589
WOLFSKILL_Barlinka_4720,-0.036497347,-0.299274,0.09082345,0.68059003
WOLFSKILL_Madeleine_Celine_2910,-0.0035767853,-0.38973704,-0.045034714,0.82091254
WOLFSKILL_UNKNOWN_CULTIVAR_6650,-0.05686868,0.3979168,0.08449454,-0.89602447
WOLFSKILL_Seedless_Tokay_2401,0.072557665,-0.2593089,-0.20919617,0.5464647
WOLFSKILL_Olmo_18-226_D_4083,-0.033132546,-0.3581662,0.06621245,0.7890454
WOLFSKILL_Unknown_Cultivar_7808,-0.009161067,-0.38696796,-0.026816437,0.8242192
VINEYARDS_5C_chard_san_joaquin_y2019_830,0.38548926,0.015308987,-0.93607175,-0.020414148
WOLFSKILL_Lakemont_4761,-0.023072436,-0.39395845,0.019199843,0.846667
WOLFSKILL_Autumn_Seedless_4293,-0.064729415,0.2767872,0.1136396,-0.640273
WOLFSKILL_UNKNOWN_CULTIVAR_8286,-0.0868356,-0.33946997,0.25028604,0.84683037
WOLFSKILL_UNKNOWN_CULTIVAR_9680,-0.025045805,-0.3640413,0.031987853,0.79038215
WOLFSKILL_Muscat_Szauter_1474,0.04054659,-0.2588196,-0.12706017,0.5583226
WOLFSKILL_Alicante_Vermelho_5248,-0.038996257,0.42525893,0.04092425,-0.9372505
ALGERIA_Bouabane des Aures_186,-0.031636115,-0.4057822,0.03587342,0.8698805
WOLFSKILL_Early_Red_Malvasia_5742,0.3370755,-0.018352034,-0.8157574,0.061519302
WOLFSKILL_English_Colossal_1161,0.3129957,-0.016543096,-0.75811493,0.057311773
WOLFSKILL_Exotic_1194,-0.048001833,0.37210917,0.06777472,-0.83604074
WOLFSKILL_Chardonnay_5615,-0.07839155,0.26530784,0.14889815,-0.62231475
WOLFSKILL_Aurora_944,-0.023606203,-0.35294756,0.026119204,0.7602167
WOLFSKILL_Volarova_2252,-0.027091138,-0.35413867,0.047620885,0.78071177
VINEYARDS_1103P_chard_madera_y2019_1730,0.3482147,0.0065844394,-0.84221625,0.0011655353
WOLFSKILL_Golden_Champion_2807,0.17657821,-0.17616235,-0.45776173,0.3653962
VINEYARDS_freedom_cab_san_joaquin_y2018_4665,0.3503932,0.015302565,-0.8483696,-0.02281415
WOLFSKILL_English_Colossal_1160,0.2792391,-0.015570987,-0.6802147,0.054185245
ALGERIA_Bouabane des Aures_187,-0.019434266,-0.35306346,0.012569552,0.7595664
WOLFSKILL_Early_Red_Malvasia_5743,-0.007104479,-0.3415494,-0.021701224,0.72712743
WOLFSKILL_UNKNOWN_CULTIVAR_8287,-0.046886113,-0.380269,0.12030394,0.86068237
WOLFSKILL_UNKNOWN_CULTIVAR_9681,-0.009677284,-0.34511042,-0.01709778,0.73682606
WOLFSKILL_Muscat_Szauter_1475,-0.06999756,-0.27355385,0.20202084,0.6622434
WOLFSKILL_Aurora_945,-0.032926884,0.39317888,0.02823312,-0.86714363
VINEYARDS_freedom_cab_san_joaquin_y2018_4664,0.32211334,0.0017298274,-0.7775758,0.013103768
WOLFSKILL_Exotic_1195,-0.027594216,-0.42028737,0.0227187,0.9010509
WOLFSKILL_Chardonnay_5614,0.21587688,0.02898587,-0.5244473,-0.06433143
WOLFSKILL_Ruby_Cabernet_7206,-0.030812506,0.37635818,0.022563389,-0.83151615
WOLFSKILL_Chasselas_Des_Bouches-du-rhone_367,-0.013767422,-0.36828148,-0.0069176294,0.78554213
WOLFSKILL_Mataro_6404,0.09085744,-0.15733096,-0.24232219,0.33823115
WOLFSKILL_Prosecco_Lungo_8668,0.0013609147,-0.35465193,-0.04527786,0.76272607
ALGERIA_Louali_301,-0.021124758,-0.42978916,-0.009190079,0.8977095
WOLFSKILL_Askari_4405,-0.04210186,-0.3833168,0.10215951,0.8563082
WOLFSKILL_Aswad_285,-0.011974336,-0.3911839,-0.022648493,0.82676286
VINEYARDS_freedom_chard_san_joaquin_y2018_4482,0.37482646,0.013454184,-0.90924436,-0.014099639
WOLFSKILL_Pirobelle_4013,-0.1084395,-0.25046933,0.31628412,0.6573198
WOLFSKILL_Chasselas_Des_Bouches-du-rhone_366,0.031827092,-0.3241282,-0.11946174,0.68494225
WOLFSKILL_Mataro_6405,-0.014976411,-0.37733737,-0.006403232,0.807686
WOLFSKILL_Ruby_Cabernet_7207,-0.030475639,0.37461254,0.022861412,-0.82818174
WOLFSKILL_Aswad_284,0.19041042,0.050696474,-0.4644249,-0.113265425
WOLFSKILL_Pirobelle_4012,-0.045310404,-0.32169253,0.112013824,0.7301722
WOLFSKILL_Prosecco_Lungo_8669,-0.029443413,-0.45065933,0.021906694,0.9600696
ALGERIA_Louali_300,-0.025731958,-0.37386036,0.031160517,0.81007206
WOLFSKILL_Askari_4404,-0.06240251,-0.32855415,0.1770564,0.7814315
WOLFSKILL_Mureto_6634,-0.006721615,-0.35755593,-0.027858667,0.7603802
WOLFSKILL_Nebbiolo_Bourgu_6711,-0.042966153,-0.3812086,0.102239944,0.85382795
WOLFSKILL_Patrino_8335,0.026869848,0.27645797,-0.105537854,-0.59808475
WOLFSKILL_Midget_Thompson_Seedless_2609,0.28918198,-0.006707266,-0.69940126,0.029566621
WOLFSKILL_Red_Malaga_1642,-0.08011786,-0.278487,0.22331567,0.6845633
ALGERIA_Tizi Ouinine_395,-0.019830551,-0.37787345,0.0030694306,0.79523283
WOLFSKILL_Loin_De_L_oeil_8597,-0.00835237,-0.22417481,0.020175254,0.49747407
WOLFSKILL_Cabernet_Franc_5558,-0.026048172,-0.3727378,0.029536745,0.8018227
WOLFSKILL_Grand_Noir_5968,-0.15571274,0.029784534,0.41198707,-0.006742649
VINEYARDS_freedom_cab_san_joaquin_y2018_4599,0.381018,0.016295832,-0.9236177,-0.024729487
WOLFSKILL_Ajmi_2986,-0.023237832,-0.40792304,0.013624685,0.87056637
WOLFSKILL_Noir_D_automne_862,-0.018528875,-0.3644005,0.008542081,0.780051
VINEYARDS_1103P_chard_madera_y2018_3935,0.36248925,0.012072548,-0.8766102,-0.008825127
WOLFSKILL_Luquaci_Thompson_1371,-0.032157443,-0.2512411,0.07791992,0.56268156
WOLFSKILL_Bonvedro_5536,0.297451,0.0047028176,-0.7189485,-0.004960805
WOLFSKILL_Kandahari_1285,0.124592945,-0.21054496,-0.33598945,0.43568808
WOLFSKILL_Red_Malaga_2_4x_3788,-0.078604236,0.30914712,0.14250177,-0.71477747
ALGERIA_Tizi Ouinine_394,-0.009428452,-0.35886776,-0.021185845,0.76258194
WOLFSKILL_Loin_De_L_oeil_8596,-0.028777935,-0.44340762,0.01764221,0.9349756
WOLFSKILL_Cabernet_Franc_5559,0.030386012,0.25539076,-0.1080026,-0.561376
WOLFSKILL_Muscat_Talebot_1486,0.14856954,0.087426916,-0.3676722,-0.18610886
WOLFSKILL_Patrino_8334,-0.037599087,-0.37659317,0.077694856,0.8335309
WOLFSKILL_Midget_Thompson_Seedless_2608,-0.03840104,-0.32663882,0.09326784,0.732223
WOLFSKILL_Mureto_6635,-0.02393787,0.3874721,0.004115382,-0.8420902
WOLFSKILL_Nebbiolo_Bourgu_6710,0.13446668,0.10628347,-0.3411652,-0.23175082
WOLFSKILL_Red_Malaga_1643,-0.053449564,-0.3381582,0.14490905,0.7882093
WOLFSKILL_Luquaci_Thompson_1370,-0.0015247939,-0.3849445,-0.04991731,0.8108901
WOLFSKILL_Kandahari_1284,0.27870005,-0.028467244,-0.68046224,0.07511544
WOLFSKILL_Vidal_9_9475,-0.103365295,-0.105902955,0.28516576,0.28775385
WOLFSKILL_Red_Malaga_2_4x_3789,0.014548225,0.22431757,-0.068543956,-0.5021349
WOLFSKILL_Noir_D_automne_863,-0.05700562,-0.31013125,0.14830165,0.72807026
WOLFSKILL_Ortega_4778,-0.040149063,0.37724817,0.041047297,-0.83817136
VINEYARDS_freedom_cab_san_joaquin_y2018_4598,0.40014002,0.015708733,-0.96850806,-0.0137901865
WOLFSKILL_Grand_Noir_5969,0.003262218,0.26476997,-0.045357604,-0.58790857
WOLFSKILL_Ajmi_2987,-0.032222465,0.32079804,0.03011263,-0.7177537
WOLFSKILL_Coudsi_1082,-0.012945331,-0.31036586,0.0046854895,0.67737055
VINEYARDS_5C_chard_merced_y2019_1305,0.36688992,0.01170256,-0.88836217,-0.009591177
WOLFSKILL_Rousanne_5172,-0.13075833,-0.119225025,0.3681417,0.3470857
WOLFSKILL_Skiathopoulo_7332,-0.042671684,0.38819697,0.05215005,-0.8670801
WOLFSKILL_Neiretto_Verzuolo_6765,-0.025265556,-0.39030582,0.025757214,0.8431663
WOLFSKILL_Pinot_Noir_8659,-0.05265245,-0.32837948,0.13831414,0.75476825
WOLFSKILL_Kotzifali_7901,-0.0083585875,-0.3511475,-0.023022603,0.74778104
WOLFSKILL_Muscat_Szauter_8732,-0.014253228,-0.3816809,-0.009995634,0.81838846
WOLFSKILL_UNKNOWN_CULTIVAR_9678,-0.02561931,-0.42425323,0.017889662,0.9054242
WOLFSKILL_Fresno_C_78-53_2X_4335,0.30227926,-0.022475768,-0.7342505,0.06697711
VINEYARDS_freedom_cab_san_joaquin_y2018_2904,0.35534644,0.012022544,-0.86155367,-0.016009357
WOLFSKILL_Fort_Ross_Vine_2450,-0.18874171,-0.07560283,0.52127576,0.28892276
WOLFSKILL_Sauvis_2228,-0.01079026,-0.4158299,-0.034012396,0.87109923
WOLFSKILL_Coudsi_1083,-0.025546096,-0.3667604,0.033235617,0.7979176
ALGERIA_Ahmeur Bou Ahmeur_36,-0.021567117,-0.44496816,-0.014757743,0.9221264
WOLFSKILL_UNKNOWN_CULTIVAR_9679,-0.020796925,-0.40027088,0.003581781,0.8557366
WOLFSKILL_Muscat_Szauter_8733,-0.029839247,-0.38804168,0.041909695,0.84274757
WOLFSKILL_Fresno_C_78-53_2X_4334,-0.023282297,-0.4300849,0.0013667587,0.907337
VINEYARDS_freedom_cab_san_joaquin_y2018_2905,0.3719134,0.011800054,-0.9006357,-0.011451721
WOLFSKILL_Lagrain_6248,0.054538656,0.284442,-0.17160892,-0.6162779
WOLFSKILL_Neiretto_Verzuolo_6764,-0.056507602,-0.28668857,0.14864865,0.6687656
WOLFSKILL_Skiathopoulo_7333,0.21265754,0.05704361,-0.52037317,-0.12533534
WOLFSKILL_Pinot_Noir_8658,-0.09768105,0.032155674,0.2576053,-0.04313902
WOLFSKILL_Kotzifali_7900,-0.03407954,-0.40537736,0.052286,0.8840021
WOLFSKILL_Chaouch_4x_3184,0.014576405,0.22832392,-0.07169808,-0.50727326
WOLFSKILL_Kule_Dary_2364,-0.01943107,-0.3845352,0.004983831,0.82292116
WOLFSKILL_Vidal_804_9467,0.30661622,-0.0042216517,-0.7400004,0.022202466
WOLFSKILL_Chasselas_Dore_2731,-0.07830179,0.24787797,0.14832152,-0.58085537
WOLFSKILL_Yaghotti_No._2_3058,-0.010669106,-0.3853975,-0.025084684,0.8179647
WOLFSKILL_Chaush_White_127,-0.02814503,-0.430448,0.016891101,0.90803635
VINEYARDS_freedom_chard_merced_y2018_3371,0.36984473,0.014620524,-0.896958,-0.019261949
WOLFSKILL_Mouska_6614,-0.19504857,-0.16018294,0.5411837,0.50853443
WOLFSKILL_Souzao_No._809_7358,-0.04032545,-0.42375386,0.08352239,0.9308461
VINEYARDS_5C_cab_madera_y2019_1886,0.34251353,0.0117995925,-0.8304795,-0.015381213
WOLFSKILL_Olmo_19-25_D_4093,-0.02907519,-0.38826013,0.04127855,0.8457755
WOLFSKILL_Refosco_4806,-0.022180844,0.38809687,-0.0013000853,-0.8453492
WOLFSKILL_Pinger_3619,-0.026729602,-0.42294067,0.02163834,0.9080508
WOLFSKILL_Kokour_Rot_2634,-0.029471021,-0.37616748,0.043209575,0.82082224
WOLFSKILL_Ladikinah_4696,0.006067051,-0.33421063,-0.057502963,0.7121146
WOLFSKILL_Triplett_T82-4B_9404,-0.029924847,-0.41640386,0.03622316,0.9011432
WOLFSKILL_Etraire_De_L_adhui_5765,0.3414853,0.014259204,-0.82901525,-0.023807134
WOLFSKILL_Kastour_Rumi_326,-0.035533007,0.11699526,0.06457805,-0.28570682
VINEYARDS_5C_cab_madera_y2019_270,0.36385152,0.011040863,-0.8815596,-0.007153664
WOLFSKILL_Chasselas_Tokay_2743,-0.015595385,-0.4221689,-0.018001035,0.8919765
WOLFSKILL_Mouska_6615,-0.029074628,-0.42487448,0.02974447,0.9112256
VINEYARDS_5C_cab_madera_y2019_1887,0.36527377,0.012119804,-0.8857099,-0.014118668
WOLFSKILL_Souzao_No._809_7359,-0.030973487,-0.43552348,0.031664982,0.93070924
WOLFSKILL_Olmo_19-25_D_4092,-0.02534733,-0.3858806,0.025440654,0.8306251
WOLFSKILL_Kule_Dary_2365,-0.027774636,0.3100848,0.01942827,-0.69061923
WOLFSKILL_Chaouch_4x_3185,0.009276813,-0.3020771,-0.0620393,0.64124125
WOLFSKILL_Yaghotti_No._2_3059,-0.014280443,-0.36064956,-0.009663235,0.7607646
WOLFSKILL_Chaush_White_126,-0.013853113,-0.3822565,-0.02246845,0.7905818
WOLFSKILL_Etraire_De_L_adhui_5764,0.12834209,-0.1705842,-0.33719796,0.3572881
WOLFSKILL_Kastour_Rumi_327,-0.052005924,0.35655928,0.075826615,-0.8063108
VINEYARDS_freedom_chard_merced_y2018_5079,-0.037009507,0.3444812,0.03605403,-0.7651051
VINEYARDS_5C_cab_madera_y2019_271,0.34133244,0.010462139,-0.8260512,-0.010308843
WOLFSKILL_Pinger_3618,-0.024987374,-0.40985146,0.014539445,0.8773428
WOLFSKILL_Refosco_4807,-0.044630215,-0.37760398,0.10707573,0.8490199
VINEYARDS_freedom_cab_merced_y2019_55,0.35077223,0.010676034,-0.8496249,-0.012681041
WOLFSKILL_Ladikinah_4697,-0.18608187,-0.16601318,0.52525216,0.5219414
WOLFSKILL_Triplett_T82-4B_9405,-0.034753945,-0.36439216,0.07010167,0.8049469
WOLFSKILL_Peverella_6932,0.31625676,0.0033645183,-0.76519376,0.0030181222
WOLFSKILL_Royal_E_1682,-0.029571414,-0.39887863,0.03595134,0.86349046
WOLFSKILL_Black_Kishmish_2685,-0.11576303,-0.28694686,0.3413115,0.7595459
WOLFSKILL_UNKNOWN_CULTIVAR_9584,0.005681838,-0.37428322,-0.06948194,0.7837242
VINEYARDS_freedom_chard_san_joaquin_y2019_937,-0.024787419,-0.39481035,0.022612402,0.85348874
WOLFSKILL_Petinos_2173,-0.020268999,-0.37977484,0.0109293405,0.8201597
VINEYARDS_5C_cab_madera_y2019_1325,0.3013268,0.01165418,-0.73022115,-0.020224545
WOLFSKILL_Peverella_6933,-0.018098649,0.3652944,-0.010098779,-0.7968378
WOLFSKILL_Limberger_6277,-0.01545513,-0.41586423,-0.013004042,0.88606256
WOLFSKILL_Black_Kishmish_2684,-0.02983208,-0.43560964,0.026631685,0.9319292
VINEYARDS_freedom_chard_san_joaquin_y2019_936,-0.02471909,-0.42031324,0.012037979,0.8991393
WOLFSKILL_UNKNOWN_CULTIVAR_9585,-0.023588765,-0.3708572,0.02539611,0.8021728
WOLFSKILL_Erbalus_Caluso_5753,-0.009859999,0.2907644,-0.019079864,-0.6458407
WOLFSKILL_Malvasia_Rosavenda_6354,-0.1498084,-0.053181715,0.4029372,0.19106477
VINEYARDS_freedom_chard_madera_y2018_3880,0.33887163,0.012872938,-0.82089186,-0.020644877
WOLFSKILL_L_Arvine_8891,-0.045305885,-0.32749757,0.11646796,0.7449298
WOLFSKILL_Hisakasy_6043,-0.03752727,0.32371384,0.04288525,-0.7265578
WOLFSKILL_Kraljevina_7914,0.25010997,-0.0021030046,-0.60382986,0.015163945
WOLFSKILL_Boal_Branco_5485,0.007241687,0.3128566,-0.06365098,-0.68028486
WOLFSKILL_Fuji_3161,0.32406238,0.007999856,-0.7849249,-0.0061096214
WOLFSKILL_Walsch_Riesling_7745,-0.03406152,0.3667292,0.036175855,-0.81780547
WOLFSKILL_Aspiran_Noir_5337,-0.029822834,0.38473707,0.0219179,-0.847258
WOLFSKILL_Siegerrebe_9275,-0.013485474,-0.37353292,-0.009678969,0.8030939
WOLFSKILL_Hisakasy_6042,0.0550723,-0.30130827,-0.17423686,0.6364361
VINEYARDS_freedom_chard_madera_y2018_3881,0.36609158,0.013600294,-0.88748,-0.017104022
WOLFSKILL_L_Arvine_8890,-0.011574426,0.3234159,-0.021156993,-0.71284866
WOLFSKILL_Kraljevina_7915,-0.15450989,-0.0754364,0.42936608,0.25929236
WOLFSKILL_Boal_Branco_5484,0.0023413375,-0.32013273,-0.041571755,0.6909193
VINEYARDS_freedom_cab_madera_y2018_3941,0.3873743,0.011947308,-0.9385513,-0.007405825
VINEYARDS_freedom_chard_san_joaquin_y2019_1843,0.37326953,0.012495093,-0.9040034,-0.011180766
WOLFSKILL_Malvasia_Rosavenda_6355,-0.11432786,-0.069605365,0.31733733,0.21129502
WOLFSKILL_Prune_De_Cazouls_67,-0.028885059,-0.37199152,0.04248219,0.80590343
WOLFSKILL_Fuji_3160,0.24261591,0.011805233,-0.5858081,-0.022048827
WOLFSKILL_Walsch_Riesling_7744,-0.027667046,-0.39505166,0.034324937,0.85647947
VINEYARDS_5C_chard_san_joaquin_y2018_4444,0.37196657,0.018397223,-0.90233344,-0.02878635
WOLFSKILL_Dalnato_I_3926,0.29684478,-0.0019356534,-0.7194164,0.014010815
WOLFSKILL_Olmo_035-07_3298,-0.16463785,-0.074973926,0.45754403,0.2650403
WOLFSKILL_UNKNOWN_CULTIVAR_9516,-0.020843662,-0.3854106,0.011012426,0.82706624
WOLFSKILL_Teneron_1381,0.1405343,-0.19276385,-0.36478132,0.41328385
ALGERIA_Babari_164,-0.028369002,-0.41491377,0.026151745,0.8891514
WOLFSKILL_UNKNOWN_CULTIVAR_8376,-0.020925853,-0.37994096,0.013168408,0.821094
ALGERIA_Bouabane des Aures_210,-0.00062145386,-0.33598414,-0.04040432,0.7137742
WOLFSKILL_Ciminnita_8748,-0.036325533,-0.3827644,0.06909113,0.84349126
WOLFSKILL_Dalnato_I_3927,0.29775736,0.01817811,-0.7247173,-0.03423841
WOLFSKILL_Olmo_035-07_3299,-0.022912074,-0.35763443,0.028356878,0.7806642
WOLFSKILL_Galea_7348,-0.111453205,-0.26930472,0.318583,0.7026251
WOLFSKILL_UNKNOWN_CULTIVAR_8377,0.038639594,0.31188774,-0.14118947,-0.669786
ALGERIA_Bouabane des Aures_211,-0.017840017,-0.3515456,0.009788228,0.75938636
WOLFSKILL_Ciminnita_8749,-0.0463921,0.33958977,0.063816614,-0.76576865
ALGERIA_Babari_165,-0.024324939,-0.37760097,0.025286159,0.81274426
WOLFSKILL_UNKNOWN_CULTIVAR_9517,-0.001826589,-0.4062565,-0.057857372,0.8446724
WOLFSKILL_Velana_8054,-0.02235249,-0.41909203,-0.0007196218,0.8839419
WOLFSKILL_Stavrohioticoh_7398,-0.024914972,-0.43286887,0.01146633,0.9210193
WOLFSKILL_Coristano_5660,-0.029107042,-0.43413028,0.025240665,0.93094695
UCDAVIS_MUSCAT_OTTONEL_238,-0.03919466,0.3860994,0.046032645,-0.8602182
WOLFSKILL_Retino_Mavro_7143,-0.02441097,-0.4079517,0.01840108,0.87892485
WOLFSKILL_Kokinorobola_6164,-0.039607715,0.31729335,0.048923597,-0.7153229
WOLFSKILL_Olivette_Blanche_1522,-0.014211611,0.38055182,-0.019943655,-0.8230288
WOLFSKILL_Ganjehi_3041,0.04458864,0.25618762,-0.14197242,-0.55785877
WOLFSKILL_Diamente_Nero_2320,-0.028848767,-0.39250553,0.039234534,0.8472935
WOLFSKILL_Pirovano_47_191,0.08469529,-0.27617592,-0.24754135,0.5734526
WOLFSKILL_Zabalkanski_1932,-0.038992025,-0.40067866,0.07544328,0.88090706
WOLFSKILL_Feher_Szagos_5785,-0.04530091,-0.37902543,0.10403081,0.84873784
WOLFSKILL_Coristano_5661,-0.022414457,-0.36264524,0.022374509,0.7875136
WOLFSKILL_Stavrohioticoh_7399,-0.03803243,-0.41757277,0.069385275,0.913754
WOLFSKILL_Retino_Mavro_7142,-0.1389532,0.17732204,0.31516093,-0.41365612
VINEYARDS_freedom_chard_san_joaquin_y2019_1441,0.38558438,0.016592637,-0.93670404,-0.024615098
WOLFSKILL_Velana_8055,-0.032882184,-0.33591777,0.06908688,0.74326324
VINEYARDS_1103P_cab_merced_y2019_400,0.38363352,0.009823304,-0.9281909,-0.0022403523
WOLFSKILL_Kandahar_2847,-0.03513481,0.32492483,0.03598722,-0.7279284
WOLFSKILL_Diamente_Nero_2321,-0.020274825,0.38360897,-0.0060644094,-0.8344822
WOLFSKILL_Unknown_Cultivar_4851,-0.13070713,0.11569981,0.3127842,-0.24850267
WOLFSKILL_Zabalkanski_1933,-0.050698187,0.31708467,0.077718794,-0.72463965
WOLFSKILL_Pirovano_47_190,0.22351578,-0.005679801,-0.5387219,0.017794752
WOLFSKILL_Olivette_Blanche_1523,-0.028655507,-0.45866555,0.01019817,0.9643179
WOLFSKILL_Kokinorobola_6165,-0.08749681,-0.2834052,0.25522512,0.71245813
WOLFSKILL_Chasselas_Jaunce_Cire_380,0.35630837,0.009043548,-0.86019707,-0.004280705
WOLFSKILL_Grillo_8561,-0.012976105,-0.40650612,-0.024201231,0.8587907
WOLFSKILL_Moscato_Di_Terracina_6683,0.12472991,-0.14618854,-0.32737997,0.31200835
VINEYARDS_freedom_cab_merced_y2019_363,0.37020203,0.01225527,-0.89691937,-0.014730558
WOLFSKILL_Olmo_035-07_3302,-0.024230957,-0.37340647,0.029037004,0.8108406
WOLFSKILL_Casculho_8847,0.019520208,0.22819306,-0.07985202,-0.5046687
WOLFSKILL_Olmo_035-07_3303,0.085653365,0.18045576,-0.23407353,-0.39283323
VINEYARDS_freedom_cab_merced_y2019_362,0.39039868,0.013386179,-0.9460006,-0.012957532
WOLFSKILL_Casculho_8846,-0.014211559,0.38917,-0.021636177,-0.840781
WOLFSKILL_Moscato_Di_Terracina_6682,-0.04390402,0.32373276,0.057043143,-0.7300774
WOLFSKILL_Chasselas_Jaunce_Cire_381,0.267163,0.016958512,-0.64803195,-0.033730578
WOLFSKILL_Grillo_8560,-0.036966514,-0.29604796,0.09008864,0.6618601
WOLFSKILL_Ree_3756,-0.01863299,-0.39048705,0.005228663,0.8335049
VINEYARDS_5C_cab_san_joaquin_y2019_949,0.0392639,-0.3254718,-0.13732184,0.6909182
VINEYARDS_freedom_cab_madera_y2019_1921,0.3717551,0.011904646,-0.9017589,-0.013271574
WOLFSKILL_Spanna_7373,-0.046430692,-0.38018864,0.11310392,0.8542017
WOLFSKILL_Schiraz_7293,-0.018727403,0.32485145,0.0010499842,-0.7180457
WOLFSKILL_Triplett_F3-4_9304,-0.04986624,-0.31150416,0.1276474,0.7183261
WOLFSKILL_Sciacarello_4827,-0.02896683,-0.36801517,0.04639712,0.80505073
WOLFSKILL_Red_Hanepoot_2190,-0.063023366,0.3432838,0.10565061,-0.7845564
WOLFSKILL_Mathiasz_Y_Ne_40_4447,-0.04407777,-0.41967463,0.097527884,0.93226385
WOLFSKILL_Zalovitico_7798,0.28739104,-0.010544995,-0.6978539,0.037391715
WOLFSKILL_Teroldego_7492,-0.13355683,-0.2518872,0.38658237,0.68167686
VINEYARDS_freedom_chard_san_joaquin_y2019_207,0.38913175,0.013274509,-0.9429262,-0.013146069
WOLFSKILL_Ferral_De_Izalva_2782,-0.033931337,0.3504065,0.03510493,-0.78363425
WOLFSKILL_Victoria_s_Choice_3678,-0.002945899,-0.32823473,-0.030551556,0.70397407
WOLFSKILL_Taminga_8939,-0.04943119,-0.37521112,0.12039735,0.846472
WOLFSKILL_Chasselas_Tompa_2756,0.08593666,-0.1694036,-0.23512676,0.3578666
WOLFSKILL_Fresia_5859,-0.014107537,-0.41075122,-0.020337684,0.869243
WOLFSKILL_Ezerjo_8308,-0.113666356,-0.036677703,0.31536874,0.13420753
VINEYARDS_1103P_cab_san_joaquin_y2018_4886,0.33829427,0.0104272105,-0.818754,-0.009679783
WOLFSKILL_Red_Hanepoot_2191,-0.025854759,-0.375388,0.0325844,0.8167985
WOLFSKILL_Triplett_F3-4_9305,-0.06921336,-0.26966885,0.19778274,0.652774
WOLFSKILL_Atzala_5384,-0.14401148,-0.11145201,0.408726,0.3406
WOLFSKILL_Zalovitico_7799,0.20594881,-0.09155585,-0.5156099,0.20185979
WOLFSKILL_Mathiasz_Y_Ne_40_4446,-0.015448642,-0.44060284,-0.028587764,0.91995585
WOLFSKILL_Spanna_7372,-0.024071466,-0.3981349,0.019903572,0.85757756
WOLFSKILL_Schiraz_7292,-0.034985453,-0.42640483,0.052680172,0.9253113
WOLFSKILL_Ezerjo_8309,-0.08193859,-0.231295,0.23622161,0.56894875
WOLFSKILL_Fresia_5858,-0.024851017,-0.39883757,0.0176028,0.85132086
VINEYARDS_1103P_cab_san_joaquin_y2018_4887,0.33895501,0.005998563,-0.81992406,0.0015842803
WOLFSKILL_Ferral_De_Izalva_2783,0.06489572,-0.25066122,-0.19316524,0.52801985
WOLFSKILL_Victoria_s_Choice_3679,-0.028178029,-0.37935615,0.038426936,0.8239132
WOLFSKILL_Teroldego_7493,-0.003119954,0.3488255,-0.0446308,-0.7556064
VINEYARDS_freedom_chard_san_joaquin_y2019_206,0.35309234,0.015011594,-0.8574782,-0.025773253
WOLFSKILL_Chasselas_Tompa_2757,0.28972638,0.008407127,-0.7000986,-0.008576777
WOLFSKILL_Kishmishi_2871,-0.11275629,0.12571718,0.25646695,-0.28495622
WOLFSKILL_Fahri_2777,-0.024794523,-0.37810925,0.027474625,0.818548
WOLFSKILL_Olivette_Noir_2600,-0.011354231,-0.41592717,-0.032181434,0.87501466
WOLFSKILL_Daphne_2036,-0.028520755,-0.40676028,0.031061301,0.8739379
WOLFSKILL_Pinot_Noir_8122,-0.03213102,-0.4555029,0.029796684,0.9745474
WOLFSKILL_Cabernet_Sauvignon_5574,-0.010827421,-0.39380518,-0.022323815,0.8405262
WOLFSKILL_Triplett_T194-1_9351,-0.10997462,-0.20338644,0.32294,0.5381916
WOLFSKILL_Badacsony-10_8968,-0.02006349,-0.3878507,0.0070210285,0.83172715
WOLFSKILL_Julius_Caesar_2100,-0.026737727,0.3762879,0.014212089,-0.8260757
WOLFSKILL_Aitah_Ghulaman_902,-0.014338301,-0.32452774,0.0073904116,0.7003253
WOLFSKILL_Gruner_Veltlinger_9000,-0.022868205,-0.37458318,0.02223578,0.8091476
WOLFSKILL_Gewurtztraminer_1797,-0.018693522,-0.38945895,0.0052081067,0.8405602
WOLFSKILL_Kali_Sag_4059,-0.10513399,0.22115009,0.21624318,-0.5261329
WOLFSKILL_Markandi_2143,-0.003133989,0.31331605,-0.04049243,-0.6852591
WOLFSKILL_Cabernet_Sauvignon_5575,0.0046897894,-0.36965382,-0.061496913,0.78583986
WOLFSKILL_Sahibi_Sorkh_1703,-0.04817071,-0.3496887,0.12591282,0.79707557
WOLFSKILL_Pinot_Noir_8123,-0.036206968,-0.41600895,0.057093963,0.9059191
WOLFSKILL_Olivette_Noir_2601,-0.026729256,-0.40690774,0.024550905,0.8745387
WOLFSKILL_Fahri_2776,-0.11000297,-0.08541064,0.30402303,0.24610424
VINEYARDS_5C_cab_san_joaquin_y2019_230,0.3087304,0.0048395023,-0.7487347,0.004329901
WOLFSKILL_Daphne_2037,-0.033646137,0.39394605,0.028808838,-0.8690816
WOLFSKILL_Gruner_Veltlinger_9001,-0.021084446,-0.36832806,0.01427442,0.7909114
WOLFSKILL_Gewurtztraminer_1796,-0.020721626,-0.33744317,0.027636765,0.73843724
WOLFSKILL_Kali_Sag_4058,-0.035468366,0.36781582,0.03469754,-0.81795275
WOLFSKILL_Markandi_2142,-0.05961459,0.33561426,0.09614287,-0.76388615
WOLFSKILL_Badacsony-10_8969,-0.033412427,-0.3817507,0.056620724,0.83487916
VINEYARDS_freedom_cab_madera_y2019_1697,0.2913238,0.020956993,-0.70680404,-0.04257716
WOLFSKILL_Aitah_Ghulaman_903,-0.0042183716,0.24463923,-0.029527333,-0.5546159
WOLFSKILL_Julius_Caesar_2101,-0.020608295,-0.40452933,0.0023692902,0.8591316
WOLFSKILL_Seedless_Tokay_2383,-0.03116142,0.35769737,0.027529864,-0.79261744
VINEYARDS_5C_cab_san_joaquin_y2019_809,0.3836271,0.01329992,-0.9301741,-0.014505979
WOLFSKILL_Arcathinoh_5305,-0.057267703,-0.3516482,0.14659697,0.8145888
WOLFSKILL_Uva_Romano_1877,-0.18878736,-0.05740787,0.50864935,0.23881486
VINEYARDS_5C_chard_merced_y2019_39,0.35363874,0.008335322,-0.85501134,0.00057000667
WOLFSKILL_Tabyrn_4x_8760,0.023710191,-0.1930591,-0.08121845,0.41485423
WOLFSKILL_Perruno_4637,-0.026819278,-0.37302902,0.034752414,0.807582
WOLFSKILL_Tinta_Francisca_7537,-0.055924185,-0.3408655,0.14671235,0.7904758
WOLFSKILL_Sylvaner_749_9465,-0.018554647,-0.36610526,0.0120603945,0.79355115
WOLFSKILL_Uva_Romano_1876,-0.013871717,-0.34919327,-0.0023221914,0.7534691
WOLFSKILL_Sultana_Crimson_3645,-0.0667976,-0.1745615,0.18624185,0.42239302
WOLFSKILL_Lagorthi_6239,-0.032512218,-0.35988614,0.06295694,0.79462284
WOLFSKILL_Seedless_Tokay_2382,-0.021267232,-0.33531916,0.028428724,0.727515
VINEYARDS_5C_cab_san_joaquin_y2019_808,0.373839,0.01588488,-0.9068867,-0.025142368
WOLFSKILL_Tabyrn_4x_8761,-0.017674789,0.33997512,-0.009125296,-0.747205
WOLFSKILL_Tinta_Francisca_7536,-0.015571629,-0.38915706,-0.008312665,0.83117115
WOLFSKILL_Perruno_4636,-0.02198879,-0.38032538,0.015626213,0.81867236
WOLFSKILL_Charbono_5607,0.28890875,-0.00082080066,-0.69880676,0.010850873
WOLFSKILL_Sochal_173,-0.030026507,-0.3496898,0.053615056,0.76728064
WOLFSKILL_Fayoumi_8866,-0.020863049,0.39355707,-0.0051183607,-0.85450697
WOLFSKILL_Unkown_Cultivar_5646,-0.014207165,-0.41687173,-0.019669835,0.88512963
ALGERIA_Tizi Ouinine_416,0.018729772,-0.31493154,-0.08602244,0.6676625
WOLFSKILL_Voltzicki_7726,-0.029497605,-0.3824097,0.041514225,0.8337672
WOLFSKILL_Aitah_Ghulaman_898,-0.043941684,-0.3324174,0.106610455,0.7502227
WOLFSKILL_Keshmesh_2107,-0.024966512,-0.40433854,0.015284045,0.85595757
WOLFSKILL_Chasselas_Rose_2739,-0.0369915,-0.30783463,0.0913774,0.69002223
ALGERIA_Tizi Ouinine_417,-0.0247882,-0.39514506,0.02106203,0.85076904
WOLFSKILL_Voltzicki_7727,-0.017879415,-0.3641999,0.005238129,0.7831855
WOLFSKILL_Montils_6519,-0.023585048,-0.36609772,0.026026348,0.79390603
WOLFSKILL_Sochal_172,-0.020743012,-0.37148517,0.013601592,0.79885036
WOLFSKILL_Charbono_5606,0.21932243,-0.012933645,-0.5325915,0.033566363
WOLFSKILL_Fayoumi_8867,-0.0053104516,-0.39441627,-0.043418124,0.8265631
WOLFSKILL_Unkown_Cultivar_5647,-0.005286061,-0.38671547,-0.04120118,0.8167958
WOLFSKILL_Keshmesh_2106,0.2140461,0.030278053,-0.5198727,-0.06955981
ALGERIA_Amer Bouamar_112,-0.018517815,-0.4343208,-0.023575313,0.89969075
WOLFSKILL_Aitah_Ghulaman_899,0.20079261,0.08040561,-0.49557906,-0.17508325
WOLFSKILL_Esparte_9174,-0.07697863,0.3069169,0.14064547,-0.7110468
WOLFSKILL_UNKNOWN_CULTIVAR_9631,-0.028860137,0.33704004,0.021465799,-0.7474444
VINEYARDS_5C_cab_madera_y2019_491,0.3433806,0.009348523,-0.8315989,-0.006274406
WOLFSKILL_Terret_Noir_8031,-0.017095901,-0.3009516,0.023539392,0.66236216
WOLFSKILL_Rhazaki_Arhanon_2963,-0.02229083,-0.36157686,0.022117479,0.7814778
WOLFSKILL_White_Elbling_7754,-0.024494708,-0.40802628,0.017162105,0.87321204
WOLFSKILL_Ohanes_1517,0.30691174,0.00379562,-0.742743,-0.00093498826
WOLFSKILL_Ab_Jusht_887,-0.02145869,-0.41565004,0.0062443335,0.88808
WOLFSKILL_Peagudo_6838,0.020415714,-0.3082843,-0.08360744,0.67127305
WOLFSKILL_Fresno_32-139_520,0.27912268,-0.0065224543,-0.6743426,0.02387273
WOLFSKILL_Aromatico_5321,-0.022551194,-0.4415847,-0.0042993147,0.92553955
WOLFSKILL_Esparte_9175,-0.036949962,-0.39640182,0.066197835,0.87164915
WOLFSKILL_UNKNOWN_CULTIVAR_9630,-0.16482306,0.22472315,0.38263333,-0.5129662
WOLFSKILL_Mission_Jalama_6495,-0.020536002,-0.35088482,0.021268709,0.7638609
WOLFSKILL_Terret_Noir_8030,-0.043512966,-0.35800058,0.09901133,0.8031905
WOLFSKILL_Ohanes_1516,0.012497191,-0.3794183,-0.09097692,0.78913987
WOLFSKILL_Ab_Jusht_886,-0.0013303915,0.24002217,-0.029157162,-0.538613
WOLFSKILL_Fresno_32-139_521,0.32782033,0.0045264214,-0.7916958,0.00062827393
WOLFSKILL_Peagudo_6839,-0.016696993,-0.32934302,0.013837071,0.7191854
WOLFSKILL_White_Elbling_7755,-0.025669951,-0.44414923,0.0075670984,0.94307137
WOLFSKILL_Rhazaki_Arhanon_2962,-0.11756926,-0.13699792,0.33412006,0.3784814
WOLFSKILL_Hosargoon_3902,-0.0016312562,-0.3369671,-0.03348923,0.7282039
WOLFSKILL_Boyalsing_II_8794,-0.053719796,0.26894364,0.08475607,-0.6182003
WOLFSKILL_Pfeffer_8651,-0.048752565,0.32213703,0.07088243,-0.73375183
WOLFSKILL_Seedless_Tokay_2423,-0.037046745,-0.38041067,0.07794919,0.8382689
WOLFSKILL_Stravaganza_Vidor_600,-0.021566164,-0.39459327,0.012037283,0.8446722
WOLFSKILL_Adjem_Misquet_7,-0.04974227,-0.2418813,0.13644767,0.56114525
WOLFSKILL_Shuwarti_3506,-0.030606184,-0.40951386,0.038471155,0.8818058
WOLFSKILL_Araclinos_5293,-0.015493765,-0.3777929,-0.0053797476,0.80815065
WOLFSKILL_Olmo_035-47_3326,-0.030869253,-0.44568044,0.03137643,0.9561167
WOLFSKILL_Chrisostaphylo_2018,0.0013642581,-0.37822145,-0.054886237,0.8013272
WOLFSKILL_Smederevka_4718,-0.09576347,-0.2319934,0.27397475,0.5938467
WOLFSKILL_Adjem_Misquet_6,-0.045099836,-0.30253512,0.11362339,0.6868073
WOLFSKILL_Araclinos_5292,-0.03318751,-0.39142746,0.053370893,0.8586652
WOLFSKILL_Stravaganza_Vidor_601,-0.014199975,-0.34238067,0.0012765322,0.7429596
WOLFSKILL_Hosargoon_3903,0.037239715,0.2958581,-0.13187042,-0.63885975
WOLFSKILL_Boyalsing_II_8795,0.005408299,-0.38440847,-0.07892098,0.7883248
WOLFSKILL_Seedless_Tokay_2422,-0.03282345,0.39906394,0.026655054,-0.87789106
WOLFSKILL_Pfeffer_8650,-0.029478595,-0.3908068,0.041688897,0.85060346
WOLFSKILL_Chrisostaphylo_2019,-0.016077202,-0.4230783,-0.018113367,0.8903289
VINEYARDS_5C_chard_san_joaquin_y2019_1396,0.4066367,0.019305822,-0.98866826,-0.029656392
WOLFSKILL_Olmo_035-47_3327,-0.19263758,-0.08590596,0.5268737,0.31712478
VINEYARDS_1103P_cab_merced_y2019_1611,0.38549408,0.010033976,-0.93258697,-0.0019249283
WOLFSKILL_Cannon_Hall_1023,-0.04398203,-0.33707803,0.1032101,0.7588823
VINEYARDS_5C_chard_merced_y2019_345,0.3689423,0.014548447,-0.8943342,-0.020260122
WOLFSKILL_Primitivo_De_Gioia_473_5117,-0.027855486,-0.4004172,0.03391844,0.85992175
WOLFSKILL_Argant_4995,0.036013436,0.26107323,-0.12382812,-0.564029
WOLFSKILL_Sylvaner_7426,-0.045150794,-0.33420712,0.1074548,0.75441504
WOLFSKILL_Neiretta_6748,-0.040698554,-0.41228488,0.07942448,0.9075346
WOLFSKILL_Princess_4275,-0.011404713,-0.30187023,0.0008273404,0.65542305
VINEYARDS_freedom_cab_merced_y2018_3852,0.33229387,0.0059941523,-0.8030405,0.0031822436
WOLFSKILL_Korfiatis_6197,0.19356073,0.026949782,-0.46942872,-0.060439263
WOLFSKILL_Malbec_6305,-0.008700333,-0.37902862,-0.02597966,0.8082301
VINEYARDS_freedom_cab_san_joaquin_y2019_1818,0.34847152,0.008489158,-0.8418921,-0.0042271875
WOLFSKILL_Cinsaut_8687,-0.023070589,-0.41185325,0.010675805,0.88147545
WOLFSKILL_Chenin_Blanc_8480,-0.13930556,-0.20146838,0.40896845,0.5631095
VINEYARDS_freedom_cab_madera_y2019_1350,0.36459932,0.012567941,-0.88538885,-0.017911706
VINEYARDS_freedom_cab_san_joaquin_y2018_4646,0.3414064,0.011885751,-0.8268782,-0.013553582
WOLFSKILL_Sylvaner_7427,0.011805957,0.30164295,-0.07080287,-0.66071004
WOLFSKILL_Argant_4994,0.2918701,-0.002216678,-0.7040677,0.014358776
WOLFSKILL_Princess_4274,-0.033541612,-0.26960272,0.0752706,0.5978211
WOLFSKILL_Neiretta_6749,0.022756573,0.29696715,-0.09674551,-0.64714265
WOLFSKILL_Cannon_Hall_1022,-0.012803693,-0.33904275,-0.0017448086,0.73221016
VINEYARDS_1103P_cab_merced_y2019_1610,0.34042463,0.009818304,-0.8257836,-0.010222357
WOLFSKILL_Precoce_D_astrachan_2635,0.2976943,-0.048775345,-0.7259881,0.11525653
VINEYARDS_freedom_cab_madera_y2019_1351,0.35613117,0.009276241,-0.86362493,-0.008765589
VINEYARDS_1103P_chard_madera_y2019_1712,0.37630346,0.012290176,-0.9111357,-0.010479916
VINEYARDS_freedom_cab_san_joaquin_y2018_4647,0.34060824,0.015127961,-0.82594454,-0.02172507
WOLFSKILL_Malbec_6304,-0.10173543,0.34474587,0.20504975,-0.80824274
VINEYARDS_freedom_cab_merced_y2018_3853,0.3815354,0.012818921,-0.92235667,-0.010591455
WOLFSKILL_Korfiatis_6196,-0.01912785,-0.39413214,0.0044956673,0.8447363
WOLFSKILL_Pirovano_5_2579,0.29816446,0.013071198,-0.720985,-0.021495145
WOLFSKILL_Cinsaut_8686,-0.01664817,-0.3871645,-0.0027772207,0.82880265
WOLFSKILL_Chenin_Blanc_8481,-0.018726345,-0.40070772,0.0026638526,0.8644172
WOLFSKILL_Hibron_Blanc_6040,-0.023496803,-0.36487094,0.029439745,0.7974043
WOLFSKILL_Talia_7450,-0.045073804,-0.39590925,0.105845876,0.8869071
WOLFSKILL_Tannat_7462,-0.03287665,-0.42345226,0.04114809,0.9135512
WOLFSKILL_Orange_Muscat_502,-0.016585171,-0.41196245,-0.015005093,0.86937785
WOLFSKILL_Limberger_4764,-0.035762914,-0.38917527,0.06600515,0.85331094
VINEYARDS_1103P_cab_merced_y2019_73,0.32520142,0.005976852,-0.7860693,-0.0029131994
WOLFSKILL_Gamay_Freaux_9235,0.05374204,-0.29724592,-0.1701694,0.62884104
VINEYARDS_freedom_chard_merced_y2018_3056,0.3414633,0.012577724,-0.82738984,-0.018189255
WOLFSKILL_Triplett_181-7A_9383,-0.03811288,-0.410388,0.06738856,0.90292025
WOLFSKILL_Raisin_De_Palestine_4708,-0.06102442,-0.35820442,0.17047703,0.8462305
WOLFSKILL_Gewurztraminer_5942,0.0270725,0.26427194,-0.103745915,-0.58151877
WOLFSKILL_Mavro_Spetzon_6446,0.3084828,0.016859848,-0.75206304,-0.03240415
WOLFSKILL_Tannat_7463,-0.030571971,-0.4068619,0.039460547,0.8773779
WOLFSKILL_Orange_Muscat_503,-0.0073647546,-0.34691718,-0.01918725,0.7497212
WOLFSKILL_Limberger_4765,0.025223814,0.25614148,-0.09635674,-0.56022537
VINEYARDS_1103P_cab_merced_y2019_72,0.3767349,0.012407705,-0.9131192,-0.010344904
WOLFSKILL_Talia_7451,-0.038083263,-0.39259997,0.075798936,0.86573684
WOLFSKILL_Raisin_De_Palestine_4709,-0.023410894,-0.4322377,0.00047454424,0.9146917
WOLFSKILL_Gewurztraminer_5943,-0.01897278,-0.3382544,0.019185951,0.73513323
ALGERIA_Louali_323,-0.017941408,-0.38334033,0.002636684,0.8218714
VINEYARDS_freedom_chard_merced_y2018_3057,0.3894446,0.01509672,-0.94528246,-0.0171966
WOLFSKILL_b_39-63_Mlc_3822,-0.013541768,-0.4343204,-0.030943146,0.909829
WOLFSKILL_UNKNOWN_CULTIVAR_9739,-0.043034382,-0.27415925,0.107285716,0.6190535
VINEYARDS_5C_chard_merced_y2018_5024,-0.02811379,0.3617904,0.019515624,-0.7971322
WOLFSKILL_Unknown_Cultivar_6326,-0.102014475,0.14001642,0.22112058,-0.33225992
WOLFSKILL_Husseine_1250,-0.01671758,-0.40690884,-0.007286826,0.8706255
WOLFSKILL_Muscat_Caillaba_699,0.03188147,0.2402891,-0.11271509,-0.5265292
WOLFSKILL_Berzemina_4595,-0.04711712,-0.34437442,0.11722242,0.7862005
WOLFSKILL_Orange_Muskat_6782,-0.02645459,-0.37016603,0.03775339,0.80829656
WOLFSKILL_Husseine_1251,0.26375476,0.009264834,-0.63815075,-0.018987369
WOLFSKILL_Unknown_Cultivar_6327,-0.016303878,-0.4047809,-0.011629272,0.85899055
WOLFSKILL_b_39-63_Mlc_3823,-0.01848945,0.37041295,-0.006859377,-0.8047358
WOLFSKILL_UNKNOWN_CULTIVAR_9738,-0.0150629645,-0.33155102,0.008823419,0.7232747
VINEYARDS_freedom_chard_san_joaquin_y2019_2309,0.37771964,0.010720722,-0.9148595,-0.008590706
WOLFSKILL_Orange_Muskat_6783,-0.029793017,-0.38866317,0.04505407,0.8458563
WOLFSKILL_Muscat_Caillaba_698,0.0021568546,-0.3495384,-0.048741996,0.7494453
WOLFSKILL_Berzemina_4594,-0.035748385,-0.33815026,0.07962184,0.7521008
WOLFSKILL_Gros_Maroc_4444,-0.011519385,-0.02823234,0.020434042,0.041638967
WOLFSKILL_Dan_Ben_Chana_3571,-0.02446305,-0.42302656,0.011541037,0.898686
WOLFSKILL_Dan_Ben_Hanna_3700,-0.0022108173,0.36366636,-0.04596589,-0.78316593
WOLFSKILL_Vaftra_vaspa_7647,0.0938284,-0.17556845,-0.25710574,0.37044892
WOLFSKILL_Eftakilo_2070,0.2765356,0.013309646,-0.666038,-0.021912199
VINEYARDS_freedom_chard_san_joaquin_y2018_4622,0.37842867,0.014178216,-0.91723645,-0.015403446
WOLFSKILL_Thompson_Seedless_1844,-0.04159133,-0.40872246,0.09255885,0.90656465
WOLFSKILL_Violento_4678,-0.05150856,-0.32445288,0.13120133,0.7474188
ALGERIA_Ichmoul_Bacha_270,-0.0213449,-0.42502433,-0.0019105803,0.8964584
WOLFSKILL_Gamay_Toma_4947,-0.03242663,0.36725512,0.029132547,-0.8156357
VINEYARDS_5C_cab_madera_y2018_2613,0.35571644,0.007177662,-0.8606394,-0.0018280111
VINEYARDS_freedom_chard_merced_y2019_2073,0.37599042,0.014891069,-0.9118668,-0.02070899
WOLFSKILL_Fakdi_2052,0.028423108,-0.27404472,-0.09573014,0.5953882
WOLFSKILL_UNKNOWN_CULTIVAR_241,-0.020488407,-0.40162277,0.002771495,0.85879636
WOLFSKILL_Selection_360_4051,0.19282694,0.087499246,-0.47752762,-0.18955992
WOLFSKILL_Leanoy_8897,-0.0066222707,-0.33292758,-0.02272907,0.7097183
WOLFSKILL_Eftakilo_2071,-0.12189374,0.21121171,0.26391205,-0.50290173
VINEYARDS_freedom_chard_san_joaquin_y2018_4623,0.3934624,0.016444936,-0.954249,-0.021630656
WOLFSKILL_Thompson_Seedless_1845,-0.022527952,-0.4009185,0.013500122,0.8626503
ALGERIA_Ichmoul_Bacha_271,-0.029780935,-0.4278342,0.02851058,0.9193903
WOLFSKILL_Vaftra_vaspa_7646,-0.028838228,0.24200256,0.032830045,-0.5543065
WOLFSKILL_Dan_Ben_Chana_3570,-0.029094301,-0.40295166,0.031352796,0.86052954
WOLFSKILL_Selection_360_4050,-0.019763615,-0.37043238,0.015866494,0.8052219
WOLFSKILL_UNKNOWN_CULTIVAR_240,-0.010951729,-0.37486866,-0.020544894,0.79603314
WOLFSKILL_Fakdi_2053,0.29384324,0.013224248,-0.7138687,-0.022635754
WOLFSKILL_Gamay_Toma_4946,-0.069908544,0.15182428,0.13986784,-0.37089065
VINEYARDS_freedom_chard_merced_y2019_2072,0.3898841,0.01840951,-0.94539165,-0.024810698
VINEYARDS_5C_cab_madera_y2018_2612,0.3706965,0.012254566,-0.8995427,-0.01371878
VINEYARDS_UNKNOWN_ID_4471,0.30260515,0.013324808,-0.7322201,-0.020851318
WOLFSKILL_Perruno_4640,-0.020391341,-0.35850948,0.020692544,0.7833774
WOLFSKILL_French_Colombard_5852,-0.020731058,0.38677877,-0.008107087,-0.83970106
WOLFSKILL_Arhaniotico_Kokino_5313,-0.025508009,-0.38958496,0.02581351,0.8406266
WOLFSKILL_UNKNOWN_CULTIVAR_2565,-0.06661834,-0.31569183,0.18365806,0.7550695
WOLFSKILL_Khalili_2861,0.04894179,-0.21135332,-0.14815077,0.44375977
WOLFSKILL_Unkown_Cultivar_5365,-0.06286431,-0.30107987,0.17447403,0.7179893
WOLFSKILL_Beli_Potok_4900,-0.01570497,-0.40911928,-0.020794384,0.84731096
VINEYARDS_freedom_chard_san_joaquin_y2019_909,0.36736366,0.013879612,-0.89059246,-0.018409096
WOLFSKILL_Perruno_4641,-0.0012212778,-0.33978683,-0.036331274,0.7333143
WOLFSKILL_UNKNOWN_CULTIVAR_2564,-0.07702704,0.30194145,0.13555063,-0.6969049
WOLFSKILL_Khalili_2860,-0.03223576,0.20075105,0.045116603,-0.46781647
VINEYARDS_freedom_chard_san_joaquin_y2019_908,0.3583232,0.015709396,-0.8701276,-0.027608227
WOLFSKILL_Beli_Potok_4901,-0.04161811,-0.33507615,0.104367696,0.7543932
WOLFSKILL_Unkown_Cultivar_5364,-0.009260521,-0.38724694,-0.033457376,0.8121587
WOLFSKILL_Kali_Sahehi_1282,-0.14761198,-0.10582954,0.40539032,0.32288337
WOLFSKILL_Littorio_i.p._90_1343,0.0442476,-0.26566827,-0.13947628,0.56881845
WOLFSKILL_Barmak_Isium_760,0.11804084,-0.046533693,-0.2974911,0.09573412
WOLFSKILL_Triplett_F101-4_9323,-0.10707347,0.2183386,0.21907078,-0.5117107
WOLFSKILL_Red_Roumi_265,-0.0071829343,0.3264812,-0.028388545,-0.71513
VINEYARDS_1103P_cab_san_joaquin_y2018_2945,0.34516162,0.011606615,-0.83673024,-0.017366719
WOLFSKILL_Bombino_Bianco_5521,-0.053527877,0.34160554,0.08264498,-0.7772509
WOLFSKILL_Pizzutello_65,-0.043532204,-0.37978324,0.09974728,0.8503278
WOLFSKILL_Olmo_034-26_3279,-0.027156532,-0.41434538,0.028751345,0.8925631
WOLFSKILL_Red_Roumi_264,0.015279528,-0.33278048,-0.08304777,0.69791496
WOLFSKILL_Triplett_F101-4_9322,-0.015970342,-0.42173287,-0.019633843,0.8865704
WOLFSKILL_Kali_Sahehi_1283,-0.16159846,-0.109351456,0.4542694,0.34757215
WOLFSKILL_Littorio_i.p._90_1342,-0.009997626,-0.32983154,-0.010065544,0.7073489
WOLFSKILL_Barmak_Isium_761,-0.023335278,0.18621434,0.027096955,-0.43622696
WOLFSKILL_Olmo_034-26_3278,0.009288439,0.3245871,-0.068739526,-0.7060307
WOLFSKILL_Pizzutello_64,-0.03262377,0.4181816,0.022704033,-0.91517186
WOLFSKILL_Meslier_6463,-0.11264777,-0.08483331,0.3164044,0.24765976
WOLFSKILL_Stambul_Ali_stambulari_833,-0.050143156,-0.29347402,0.12938182,0.6719351
VINEYARDS_1103P_cab_merced_y2018_2733,-0.036541216,0.3456138,0.037481017,-0.771719
WOLFSKILL_CG_1481_3396,-0.027318317,-0.4117068,0.02269596,0.87603843
WOLFSKILL_Fresno_32-68_4079,-0.030525673,0.37656522,0.021976387,-0.8295047
WOLFSKILL_UNKNOWN_CULTIVAR_9646,-0.115554474,-0.15679082,0.3232907,0.4181699
UCDAVIS_AIREN_843,0.0016205339,0.29787442,-0.039659232,-0.6557218
WOLFSKILL_Olmo_030-37_3217,0.31942037,-0.0061617475,-0.7716072,0.029630842
VINEYARDS_1103P_cab_merced_y2018_2732,-0.00927214,0.327422,-0.028940363,-0.717857
UCDAVIS_SYRAH_839,-0.020187777,0.3631737,-0.0041374937,-0.79085445
WOLFSKILL_Stambul_Ali_stambulari_832,-0.028677613,-0.41110215,0.033189557,0.8823966
WOLFSKILL_Sahibi_1695,-0.059754275,-0.33719334,0.16248384,0.78807473
WOLFSKILL_UNKNOWN_CULTIVAR_9647,-0.014958772,-0.38659823,-0.0118221585,0.8217796
WOLFSKILL_Olmo_030-37_3216,0.29079217,-0.010490194,-0.7048726,0.0357659
VINEYARDS_1103P_chard_madera_y2018_2630,0.38441268,0.013112478,-0.9316821,-0.013004407
WOLFSKILL_Fresno_32-68_4078,-0.03307018,-0.30766279,0.07420935,0.6831277
WOLFSKILL_CG_1481_3397,0.09289623,-0.26022732,-0.26551473,0.53931475
WOLFSKILL_Kozma_Pal_Muskotaly_9029,-0.021643113,-0.40330097,0.003511034,0.8529188
WOLFSKILL_Barbera_5396,-0.0037014233,-0.3767491,-0.04854253,0.783396
WOLFSKILL_Buraburi_3498,0.10582272,0.15447544,-0.27833876,-0.34070006
VINEYARDS_5C_cab_san_joaquin_y2019_2186,0.33834994,0.015338264,-0.8208926,-0.020299044
WOLFSKILL_Kabajink_6082,-0.031445324,-0.4273397,0.034301937,0.91615546
WOLFSKILL_White_Cabernet_8193,-0.094179116,-0.12898862,0.26376614,0.33277947
WOLFSKILL_Palomino_6861,-0.09099636,-0.31125125,0.2714721,0.79069376
WOLFSKILL_Mrs_Pince_Black_Muscat_463,-0.047575485,-0.32339802,0.122434,0.7384509
WOLFSKILL_Ughetta_8948,-0.03124364,-0.4383759,0.02911277,0.9387053
WOLFSKILL_Muscat_Bowood_3126,-0.033404037,-0.3675747,0.06255261,0.80811876
WOLFSKILL_Stambulari_stambul_Ali_876,-0.036636487,-0.43496627,0.05714959,0.9444879
WOLFSKILL_Kabajink_6083,-0.03369474,0.3727556,0.027742138,-0.82587147
WOLFSKILL_White_Cabernet_8192,-0.12663811,-0.06258794,0.34203926,0.19691804
WOLFSKILL_Palomino_6860,-0.04021687,-0.36528242,0.0906859,0.8121145
WOLFSKILL_Barbera_5397,-0.02779615,-0.28690034,0.061890982,0.6354606
WOLFSKILL_Kozma_Pal_Muskotaly_9028,-0.043923035,-0.41873914,0.10151742,0.9350836
WOLFSKILL_Karistino_6124,0.06737652,0.18147732,-0.1901762,-0.40153736
VINEYARDS_5C_cab_san_joaquin_y2019_2187,0.3515204,0.015836198,-0.8533599,-0.025365334
VINEYARDS_1103P_chard_madera_y2018_4165,0.36082986,0.007982932,-0.8730883,0.0038894191
WOLFSKILL_Ughetta_8949,-0.0262512,-0.36394334,0.038022608,0.79625106
WOLFSKILL_Stambulari_stambul_Ali_877,-0.019373007,-0.39340243,0.0039688926,0.84230065
WOLFSKILL_Muscat_Bowood_3127,-0.02525181,-0.35890573,0.03652619,0.7820648
WOLFSKILL_Black_Hamburg_2618,-0.024547309,-0.42346758,0.0070354734,0.89585453
WOLFSKILL_Mrs_Pince_Black_Muscat_462,-0.020909932,-0.3524099,0.018997623,0.76257885
WOLFSKILL_Pardinia_1574,-0.024635859,-0.38471556,0.021947274,0.8259457
WOLFSKILL_Catarratto_8299,-0.031230964,-0.3215505,0.06315008,0.7091478
VINEYARDS_1103P_chard_san_joaquin_y2018_3249,0.3758863,0.012388196,-0.91104794,-0.01480962
WOLFSKILL_Husseine_2072,-0.0016622292,-0.36616445,-0.04197093,0.7802019
VINEYARDS_freedom_chard_san_joaquin_y2018_3225,0.40021443,0.016118411,-0.9701193,-0.017218072
WOLFSKILL_Hongjixin_299,-0.0007247329,-0.39408362,-0.052367914,0.83541703
VINEYARDS_freedom_chard_merced_y2019_405,0.37668267,0.012149047,-0.91239893,-0.010776319
VINEYARDS_5C_chard_san_joaquin_y2018_3647,0.37943706,0.0118605085,-0.9174833,-0.0059596263
WOLFSKILL_Hibron_Blanc_6036,0.102751486,0.17281695,-0.27540225,-0.3757562
WOLFSKILL_Aspruda_Santorinih_7845,-0.0014240742,-0.36132938,-0.04473968,0.76300013
VINEYARDS_1103P_chard_san_joaquin_y2019_894,0.33790448,0.015772905,-0.81962,-0.02794468
VINEYARDS_5C_chard_merced_y2019_332,0.36747053,0.013474345,-0.8894825,-0.01468971
VINEYARDS_5C_chard_san_joaquin_y2018_3646,0.3798162,0.011247773,-0.919994,-0.0083203465
WOLFSKILL_Chasselas_Violet_4468,-0.025304392,-0.4226995,0.013252476,0.9003907
WOLFSKILL_Carignane_5593,-0.032535654,0.32130796,0.036169507,-0.7230017
WOLFSKILL_Hibron_Blanc_6037,-0.023636963,-0.37051344,0.026599986,0.8035271
WOLFSKILL_Catarratto_8298,-0.043743044,-0.36660236,0.10104001,0.82073116
WOLFSKILL_Hongjixin_298,-0.02695889,-0.4369297,0.018335534,0.936686
WOLFSKILL_Husseine_2073,0.05993028,0.23887287,-0.1829415,-0.512993
VINEYARDS_freedom_chard_san_joaquin_y2018_3224,0.37492275,0.015949197,-0.9105096,-0.02572186
WOLFSKILL_Murma_Isium_20,-0.037660744,-0.38803226,0.07334613,0.85594326
VINEYARDS_1103P_chard_san_joaquin_y2019_895,0.36360368,0.006287474,-0.8797634,0.0056951903
WOLFSKILL_Precoce_D_astrachan_2642,-0.02519802,-0.4162922,0.015706578,0.894358
VINEYARDS_5C_chard_merced_y2019_333,0.37602654,0.014003284,-0.9124626,-0.019823592
WOLFSKILL_Tsoumbrena_Lefki_7639,-0.02024012,-0.37642744,0.012372514,0.80716807
WOLFSKILL_Gewurztraminer_5935,-0.04607728,-0.24625866,0.1254383,0.5738683
VINEYARDS_freedom_chard_san_joaquin_y2018_4846,0.3023294,0.0011368692,-0.7302925,0.010596719
WOLFSKILL_Rodites_2305,-0.06543525,0.3366304,0.109752394,-0.77014947
VINEYARDS_freedom_cab_san_joaquin_y2018_4365,0.34502128,0.009379435,-0.8332958,-0.0041601695
WOLFSKILL_Olho_De_Pargo_2164,0.13347028,0.18211626,-0.3501825,-0.38749802
VINEYARDS_1103P_chard_san_joaquin_y2019_150,0.36110827,0.014303494,-0.8750652,-0.018800754
WOLFSKILL_Folle_Blanche_7055,-0.09952169,-0.2460426,0.29209968,0.6347129
WOLFSKILL_Black_Queen_727,-0.056900367,-0.29861397,0.15347493,0.69749284
WOLFSKILL_Rish_Baba_3771,-0.03820139,-0.34341085,0.086949095,0.7651352
WOLFSKILL_Daphnata_daphnia_5698,-0.02148312,0.3346385,0.0032363608,-0.73822534
WOLFSKILL_Seedless_Emperor_4123,-0.07228245,-0.27302715,0.20132014,0.6630384
WOLFSKILL_Kastour_Rumi_210,-0.025679838,-0.373407,0.031920575,0.8069545
WOLFSKILL_Kishmish_Sorkh_2879,-0.023772638,-0.35425338,0.029251376,0.76186705
VINEYARDS_freedom_cab_merced_y2019_2121,0.3510645,0.012574885,-0.8509121,-0.014993455
WOLFSKILL_Alulu_22,-0.04421386,-0.3644621,0.10399326,0.8184265
ALGERIA_Louali_354,-0.018819,-0.41931194,-0.013878902,0.87783766
WOLFSKILL_Rodites_2304,-0.07471147,-0.31720865,0.21283066,0.7755488
VINEYARDS_freedom_cab_san_joaquin_y2018_4364,0.34546548,0.017487057,-0.83828425,-0.032050375
WOLFSKILL_Tsoumbrena_Lefki_7638,0.08191934,0.20890315,-0.23206082,-0.45141253
UCDAVIS_ALICANTE_BOUSCHET_107,0.060801595,0.22404246,-0.18498084,-0.48722947
WOLFSKILL_Gewurztraminer_5934,-0.010637623,0.31022227,-0.0215506,-0.68680155
WOLFSKILL_Kastour_Rumi_211,-0.0022340147,-0.36902928,-0.041124128,0.78420776
WOLFSKILL_Alulu_23,-0.019626591,-0.3582117,0.01562026,0.7796723
WOLFSKILL_Rish_Baba_3770,0.14516203,0.14239772,-0.3730581,-0.30578524
WOLFSKILL_Seedless_Emperor_4122,-0.045356937,-0.3557598,0.112761624,0.804959
WOLFSKILL_Daphnata_daphnia_5699,-0.06642742,0.26745808,0.11671496,-0.61880934
VINEYARDS_1103P_chard_san_joaquin_y2019_151,0.36327705,0.01478057,-0.88077515,-0.019582827
WOLFSKILL_Folle_Blanche_7054,-0.08747008,-0.27475697,0.2580958,0.6937008
WOLFSKILL_Black_Queen_726,-0.12787561,-0.14671387,0.36453152,0.4093555
WOLFSKILL_Muscat_Of_Alexandria_3133,-0.029750522,-0.33887744,0.06043292,0.7447398
WOLFSKILL_Humagne_4233,-0.023141727,-0.4155686,0.009741044,0.88801557
WOLFSKILL_Chasselas_Rouge_4226,0.34803814,0.008319911,-0.84174263,-0.0032862872
VINEYARDS_freedom_cab_madera_y2018_4215,0.35068557,0.01602589,-0.8520794,-0.028937388
VINEYARDS_1103P_chard_madera_y2018_3961,-0.048715323,0.38205916,0.074036896,-0.858351
WOLFSKILL_Kozanitis_6207,0.047230367,-0.34814328,-0.16641575,0.72915584
WOLFSKILL_UNKNOWN_CULTIVAR_9528,0.17835322,0.10947831,-0.44511497,-0.23490721
WOLFSKILL_Takhani_pink_T.s._1819,-0.02808725,-0.41857305,0.027036926,0.9038212
VINEYARDS_5C_chard_san_joaquin_y2018_2515,0.3869407,0.012643877,-0.9364812,-0.009737793
WOLFSKILL_Gustolidi_5950,-0.032717705,-0.36996353,0.058562383,0.8146429
WOLFSKILL_Kozanitis_6206,-0.060235113,-0.307795,0.16607821,0.7248702
VINEYARDS_1103P_chard_madera_y2018_3960,-0.04534474,0.3782063,0.06621296,-0.8488188
WOLFSKILL_Muscat_Of_Alexandria_3132,-0.01919977,-0.39365983,0.0021295901,0.8386271
VINEYARDS_freedom_cab_madera_y2018_4214,0.36730435,0.011187602,-0.890643,-0.00890502
WOLFSKILL_Chasselas_Rouge_4227,-0.002649162,-0.39904463,-0.04749329,0.8497889
WOLFSKILL_Pinot_Musque_4794,-0.030793786,0.41783613,0.016707862,-0.9125016
WOLFSKILL_Gustolidi_5951,-0.12050057,-0.25459543,0.3547536,0.6846191
WOLFSKILL_UNKNOWN_CULTIVAR_9529,-0.023748044,0.13963775,0.029080441,-0.33126706
WOLFSKILL_Takhani_pink_T.s._1818,-0.03147681,-0.39303753,0.04621166,0.85769296
WOLFSKILL_G4-74_Seedless_Calmeria_4196,-0.046102583,-0.35906768,0.11438339,0.8145992
WOLFSKILL_Ithani_Mavro_8382,0.12993954,0.18476738,-0.34175578,-0.3909608
VINEYARDS_freedom_cab_madera_y2018_4132,0.3238037,0.009469543,-0.78284055,-0.008211177
VINEYARDS_5C_cab_madera_y2018_4261,0.378038,0.009433661,-0.9152228,-0.002544161
WOLFSKILL_Khalili_274,-0.009484977,-0.34548488,-0.016631274,0.73450994
WOLFSKILL_Bixby_8201,0.044265807,-0.31320134,-0.1490095,0.6637805
WOLFSKILL_Mermark_7945,-0.030854397,0.3849762,0.020710444,-0.84976774
ALGERIA_Ahmeur Bou Ahmeur_40,-0.024218176,-0.43170974,-6.1653554e-07,0.9004034
WOLFSKILL_Ithani_Mavro_8383,0.03648632,0.24773474,-0.12542479,-0.5388639
WOLFSKILL_G4-74_Seedless_Calmeria_4197,-0.039245985,0.3678031,0.048427247,-0.82260734
WOLFSKILL_Alicante_Ganzin_9430,-0.03565751,-0.43466115,0.04662537,0.9355196
WOLFSKILL_Mermark_7944,0.14593942,-0.12251651,-0.37557337,0.2647366
WOLFSKILL_Rozovii_Kishmish_1689,-0.03409262,-0.32414666,0.075083554,0.71814597
ALGERIA_Ahmeur Bou Ahmeur_41,-0.013897746,-0.40277833,-0.01989169,0.8482364
WOLFSKILL_Sereksiya_Rosavi_3644,-0.034700744,-0.41341993,0.051816836,0.8958219
WOLFSKILL_Khalili_275,-0.037238687,-0.4063744,0.06898515,0.8891635
WOLFSKILL_Bixby_8200,-0.029745791,-0.3828671,0.04212386,0.83057743
VINEYARDS_freedom_cab_madera_y2018_4133,0.21195535,0.08443646,-0.5223165,-0.1845205
VINEYARDS_5C_cab_madera_y2018_4260,0.36005577,0.011178024,-0.873173,-0.01335996
WOLFSKILL_Millishun_3449,-0.028823353,-0.3809883,0.04128828,0.8285338
VINEYARDS_freedom_chard_madera_y2018_2553,0.36017948,0.007085588,-0.8717526,0.003653016
WOLFSKILL_Montils_6526,-0.027849939,-0.3823279,0.03540811,0.8301277
WOLFSKILL_5-15_2507,-0.030923918,0.36493835,0.024696296,-0.8076389
WOLFSKILL_Chasselas_Michel_Tompa_401,-0.031940978,-0.37844476,0.055816285,0.8220906
VINEYARDS_5C_chard_merced_y2019_541,0.36538318,0.012255717,-0.884965,-0.010143697
ALGERIA_Tizi Ouinine_428,-0.0266332,-0.3922516,0.024790505,0.8373658
WOLFSKILL_Dschan_Im_Isium_15,-0.079760484,-0.24479286,0.22593124,0.60220236
WOLFSKILL_Henab_2827,0.09243028,-0.21381691,-0.2602446,0.44411302
WOLFSKILL_Bermestia_Violacea_5431,-0.015986502,-0.345158,0.007445339,0.75236666
VINEYARDS_1103P_cab_merced_y2018_5013,0.018053606,0.2533892,-0.08189387,-0.56133926
WOLFSKILL_Niaropes_6766,-0.0063794414,-0.40565568,-0.038432576,0.8604269
WOLFSKILL_Futuna_699_223,-0.100525595,-0.22106427,0.29089355,0.57179517
WOLFSKILL_Psevthosirico_2183,-0.012858677,-0.3395143,-0.0023861546,0.7348348
WOLFSKILL_b_40-4_Mlc_3831,0.30812865,0.020631228,-0.7469218,-0.04069831
WOLFSKILL_Triplett_T182-4_9407,-0.03160312,-0.3268875,0.06654816,0.7240224
VINEYARDS_1103P_chard_madera_y2019_1117,0.36471835,0.0104389,-0.88483244,-0.01011955
WOLFSKILL_Arnsburger_8962,-0.005084251,-0.37927246,-0.04314047,0.7920295
WOLFSKILL_Dschan_Im_Isium_14,-0.059118174,-0.27825382,0.15898007,0.6530195
WOLFSKILL_Montils_6527,0.29799005,0.008596122,-0.7208849,-0.006829217
WOLFSKILL_5-15_2506,0.0193711,0.31749853,-0.09647897,-0.68545294
WOLFSKILL_Millishun_3448,-0.015929889,-0.35919315,0.0027641319,0.7762596
VINEYARDS_freedom_chard_madera_y2018_2552,0.38039225,0.01236213,-0.92098147,-0.009745989
WOLFSKILL_Chasselas_Michel_Tompa_400,0.21393977,0.00021583214,-0.5129767,0.005986564
VINEYARDS_1103P_chard_madera_y2019_1116,0.3280985,0.011870522,-0.7965733,-0.020832535
WOLFSKILL_Bermestia_Violacea_5430,-0.031798564,0.3993339,0.021782292,-0.87686825
VINEYARDS_1103P_cab_merced_y2018_5012,0.026057515,0.27518022,-0.10314402,-0.60042536
WOLFSKILL_Niaropes_6767,0.02866425,-0.29451954,-0.10380179,0.63112295
WOLFSKILL_Futuna_699_222,-0.022784296,-0.35481322,0.025714291,0.7712041
WOLFSKILL_Psevthosirico_2182,-0.026075821,0.3665672,0.009425068,-0.80408335
WOLFSKILL_b_40-4_Mlc_3830,-0.011391361,-0.42067492,-0.028680373,0.89264494
WOLFSKILL_Anatolitico_5272,-0.029071227,-0.38115954,0.04287424,0.83485794
WOLFSKILL_Korente_3717,-0.15402213,-0.027230904,0.4143701,0.1339235
VINEYARDS_5C_chard_merced_y2019_2127,0.29359165,0.008160021,-0.7108284,-0.008729469
WOLFSKILL_Rubired_7237,0.07596537,-0.23771279,-0.22023761,0.5008792
WOLFSKILL_Diamond_Jubilee_1127,-0.028114535,-0.37848827,0.039886408,0.8243701
WOLFSKILL_Chasselas_Rose_Royal_446,0.20431885,0.041723814,-0.49533045,-0.08979499
WOLFSKILL_Nasa_Veltliner_6699,-0.03332889,0.3990928,0.025437402,-0.8774631
WOLFSKILL_Carignane_8705,-0.029471878,-0.36300385,0.049059793,0.79470265
VINEYARDS_5C_cab_san_joaquin_y2018_4998,0.3533406,0.009610977,-0.8552865,-0.0059488937
WOLFSKILL_Muscat_Of_Hungary_705,-0.030750953,-0.34673423,0.058966435,0.7662551
WOLFSKILL_CG_1481_4x_3422,-0.016593568,-0.35293043,0.0011853892,0.7539316
WOLFSKILL_Pinot_Fin_6962,-0.12984087,-0.07819183,0.36652386,0.24865444
ALGERIA_Ichmoul_239,-0.025298454,-0.42551225,0.0050868075,0.8961163
VINEYARDS_1103P_chard_san_joaquin_y2018_3308,0.37975976,0.010170132,-0.9193003,-0.005748462
WOLFSKILL_Boyalsing_I_8790,0.33336398,0.004535239,-0.8094724,-2.9560179e-05
WOLFSKILL_Nasa_Veltliner_6698,-0.03696404,-0.37594354,0.07585821,0.83223283
WOLFSKILL_Pleven_Mychat_4413,0.094347455,-0.22317524,-0.25779906,0.47810122
WOLFSKILL_Carignane_8704,-0.033148766,-0.34218135,0.06788402,0.75720614
VINEYARDS_5C_cab_san_joaquin_y2018_4999,0.29680616,0.014449459,-0.71913564,-0.02759048
WOLFSKILL_Feteasca_Neagra_5793,0.28513315,-0.0049222894,-0.68815273,0.020862347
WOLFSKILL_Chasselas_Rose_Royal_447,0.06719882,0.22364624,-0.19756447,-0.48407292
WOLFSKILL_Rubired_7236,0.35152557,0.013678849,-0.8523314,-0.020718958
WOLFSKILL_Diamond_Jubilee_1126,-0.029996332,-0.42735374,0.032244436,0.9202531
WOLFSKILL_Boyalsing_I_8791,0.0046903966,-0.2765991,-0.041254185,0.59207594
ALGERIA_Ichmoul_238,-0.028898157,-0.41825205,0.023869535,0.8918748
WOLFSKILL_Muscat_Of_Hungary_704,-0.013092426,-0.3454581,-0.004892599,0.74314135
WOLFSKILL_CG_1481_4x_3423,-0.014990461,-0.3280686,0.004703738,0.70134026
WOLFSKILL_Pinot_Fin_6963,-0.054243,0.095418975,0.130873,-0.21286297
WOLFSKILL_Aspiran_Noir_5340,-0.018212326,-0.38432938,-0.0009388719,0.8147307
WOLFSKILL_Tokay_1835,0.039668493,0.25595054,-0.13489096,-0.555271
WOLFSKILL_Verdelho_7675,-0.0755487,-0.30413356,0.2217646,0.74558437
WOLFSKILL_Mourvedre_Famellestadt_812,-0.007478225,-0.38851038,-0.030506391,0.826628
WOLFSKILL_Lombardia_2903,0.16450182,-0.055098735,-0.41039735,0.1241031
VINEYARDS_freedom_chard_madera_y2018_3467,0.3759255,0.013217617,-0.9113556,-0.011366855
WOLFSKILL_Sylvaner_8169,-0.05108832,0.34154934,0.071946494,-0.772313
WOLFSKILL_Verdelho_7674,-0.059197955,-0.29954207,0.16267782,0.7038677
WOLFSKILL_Tokay_1834,-0.019672498,0.40639764,-0.01070835,-0.8784747
VINEYARDS_1103P_cab_san_joaquin_y2019_1950,0.37234035,0.010667991,-0.9004182,-0.005390484
WOLFSKILL_Aspiran_Noir_5341,0.15294759,-0.10283747,-0.39345166,0.22206222
WOLFSKILL_Sylvaner_8168,-0.07948535,0.016046047,0.2145089,-0.012010545
WOLFSKILL_Mourvedre_Famellestadt_813,-0.024068575,-0.3751912,0.02647951,0.81363773
WOLFSKILL_Lombardia_2902,-0.01935305,-0.39923948,0.00011229329,0.8508763
VINEYARDS_freedom_chard_merced_y2019_1192,0.35767016,0.00648712,-0.86480474,0.0014855601
VINEYARDS_1103P_cab_san_joaquin_y2018_4353,0.38786107,0.014771655,-0.93843853,-0.013270341
WOLFSKILL_UNKNOWN_CULTIVAR_9707,0.29587546,-0.0003403388,-0.7131076,0.01073873
WOLFSKILL_UNKNOWN_CULTIVAR_9561,0.045069955,-0.28426513,-0.1449052,0.6026859
WOLFSKILL_Tinta_Amarella_7529,-0.028621454,-0.3718253,0.04401823,0.81302345
ALGERIA_Tizi Ouinine_388,-0.018135525,-0.3958686,-0.0035352837,0.84253824
WOLFSKILL_Demir_Kara_793,0.049517013,0.30017906,-0.16504887,-0.6457052
WOLFSKILL_Blue_Trollinger_5478,0.04890258,0.20806254,-0.15438439,-0.4568957
WOLFSKILL_Vital_8186,-0.13321462,0.14134496,0.31788737,-0.3035283
VINEYARDS_5C_chard_san_joaquin_y2018_4433,0.38330773,0.014247872,-0.92702055,-0.013773933
WOLFSKILL_Tinta_Amarella_7528,-0.041029643,-0.43575794,0.07313936,0.9535644
ALGERIA_Tizi Ouinine_389,-0.03388751,-0.38455582,0.057483725,0.8393544
WOLFSKILL_UNKNOWN_CULTIVAR_9560,-0.054094423,-0.30055517,0.14604428,0.69769746
WOLFSKILL_Demir_Kara_792,-0.021002222,-0.39495355,0.009941695,0.8467971
WOLFSKILL_UNKNOWN_CULTIVAR_9706,-0.021857642,-0.4010123,0.011360178,0.85440916
VINEYARDS_1103P_cab_san_joaquin_y2018_4352,0.3437853,0.013105888,-0.8332268,-0.016321026
WOLFSKILL_Blue_Trollinger_5479,0.016207434,0.07813941,-0.053738527,-0.18586795
WOLFSKILL_Vital_8187,-0.08587627,0.24337344,0.16560403,-0.5734987
VINEYARDS_5C_chard_san_joaquin_y2018_4432,0.38945165,0.01761714,-0.94571996,-0.028608214
WOLFSKILL_Victoria_s_Choice_4432,-0.049212582,-0.3755446,0.12430576,0.8545033
WOLFSKILL_Helena_6027,-0.008907358,0.22015218,-0.014665159,-0.49791718
WOLFSKILL_Kishmish_Of_Vir_230,-0.02444015,-0.40261936,0.019732365,0.86805755
WOLFSKILL_Gamay_5895,-0.0055345176,-0.36188626,-0.029644165,0.7800838
VINEYARDS_freedom_chard_madera_y2018_3865,0.3903453,0.015274212,-0.9484166,-0.020353984
WOLFSKILL_Clotilde_Prosperi_2026,-0.020284154,-0.3878964,0.0070417337,0.8284565
WOLFSKILL_Karvouniariz_6106,-0.022650912,0.38121212,-0.0019267946,-0.8317151
WOLFSKILL_Zinfandel_8270,-0.12948953,0.16459204,0.29342455,-0.36930197
VINEYARDS_freedom_chard_san_joaquin_y2019_1437,0.357359,0.011209998,-0.86584395,-0.011960212
WOLFSKILL_Kishmish_Of_Vir_231,-0.20077907,0.006839741,0.52868605,0.08018299
WOLFSKILL_Helena_6026,-0.007940061,0.30250847,-0.023663722,-0.6635011
WOLFSKILL_Ganjehi_3037,-0.12408463,0.06905812,0.30154765,-0.13619193
WOLFSKILL_Aspruda_Ariloghi_5353,-0.023999736,-0.37287718,0.022661092,0.80390346
WOLFSKILL_Victoria_s_Choice_4433,-0.037607364,-0.35175318,0.080848955,0.78015125
WOLFSKILL_Clotilde_Prosperi_2027,-0.032249283,0.41206938,0.025985515,-0.903399
VINEYARDS_freedom_chard_san_joaquin_y2019_1436,0.37887606,0.014189798,-0.9193951,-0.01968154
WOLFSKILL_Karvouniariz_6107,0.12735023,0.18458119,-0.33698243,-0.3929298
WOLFSKILL_Zinfandel_8271,-0.048032455,0.0026350617,0.11738715,-0.009330437
WOLFSKILL_Gamay_5894,0.13848089,0.11164598,-0.35017338,-0.23923689
WOLFSKILL_Kini_Yatch_3431,-0.113172814,0.25638205,0.23106211,-0.60520816
WOLFSKILL_Sylvaner_7418,-0.028907653,-0.40389004,0.03590908,0.8784225
WOLFSKILL_Silver_Frontignan_391,-0.030930758,-0.38231912,0.048761077,0.83411014
WOLFSKILL_Ghula_Dari_2520,-0.0973255,0.29085213,0.19441284,-0.6849613
VINEYARDS_5C_chard_merced_y2018_4348,0.34448546,0.008275911,-0.8343982,-0.007962137
WOLFSKILL_Sovereign_Rose_421,-0.03120622,0.31837907,0.030515524,-0.7126359
VINEYARDS_5C_chard_san_joaquin_y2019_1767,0.38143137,0.014058318,-0.92454857,-0.016678628
WOLFSKILL_Caus_X_Perle_Of_Csaba_623,-0.017812192,-0.3517514,0.010357199,0.76109874
WOLFSKILL_Tabyrn_7430,-0.030058812,-0.43142772,0.0314733,0.9287746
WOLFSKILL_Satino_8348,-0.04681973,0.2567834,0.07257635,-0.58907545
WOLFSKILL_Tadone_7440,-0.028102506,-0.40246826,0.033701852,0.8717904
WOLFSKILL_Khawngi_4224,-0.034328952,-0.46900535,0.03499867,1.0007616
WOLFSKILL_Sylvaner_7419,-0.018221214,-0.36677396,0.010319723,0.79265594
WOLFSKILL_Silver_Frontignan_390,-0.061006956,-0.0132511705,0.1500858,0.030123796
WOLFSKILL_Kini_Yatch_3430,0.12461843,-0.15232763,-0.3233232,0.32980722
WOLFSKILL_Satino_8349,-0.10083299,0.19337724,0.21004477,-0.44911408
WOLFSKILL_Tadone_7441,-0.030040972,-0.39749652,0.037834592,0.8608722
WOLFSKILL_Sovereign_Rose_420,0.0037456024,-0.344375,-0.053765394,0.7273921
WOLFSKILL_Ghula_Dari_2521,-0.01709212,0.36536592,-0.010586624,-0.7987588
WOLFSKILL_Chardonnay_5609,-0.042246148,-0.4095798,0.0868564,0.9068969
WOLFSKILL_Tabyrn_7431,-0.03254136,-0.35650113,0.061184533,0.7839991
VINEYARDS_5C_chard_san_joaquin_y2019_1766,0.34146467,0.014350828,-0.8274681,-0.019821655
WOLFSKILL_Caus_X_Perle_Of_Csaba_622,-0.047425084,0.30035946,0.06916577,-0.68415606
WOLFSKILL_Red_Fujii_4325,-0.03385048,-0.38761374,0.05735878,0.84887505
WOLFSKILL_Ghula_Dari_1221,0.29479465,0.010451637,-0.71258694,-0.011358134
WOLFSKILL_Triplett_T34-1_9393,-0.027036935,-0.42186046,0.022849506,0.90588355
VINEYARDS_5C_cab_madera_y2018_2752,0.37256467,0.009682298,-0.90127367,-0.0024436004
WOLFSKILL_Black_Rose_2706,-0.031223852,-0.40845278,0.039122783,0.8821191
WOLFSKILL_Zinfandel_Heritage_Sel._76_9500,-0.021459486,-0.40477854,0.004403202,0.8560314
VINEYARDS_freedom_cab_merced_y2018_3032,0.32690436,-0.024946434,-0.78974164,0.0742278
WOLFSKILL_Centennial_4X_4361,-0.015012209,0.3201484,-0.00954977,-0.7043376
WOLFSKILL_Ghula_Dari_1220,-0.1260921,-0.18090774,0.36464512,0.49563885
UCDAVIS_TANNAT_185,0.35360935,0.019356024,-0.8586825,-0.034925465
WOLFSKILL_Triplett_T34-1_9392,-0.04949177,-0.37999812,0.118687145,0.85761553
VINEYARDS_freedom_cab_merced_y2018_3033,0.32710835,0.0003119558,-0.7889571,0.016650677
VINEYARDS_freedom_chard_madera_y2019_1897,0.33094615,0.007985659,-0.80167735,-0.0061379336
WOLFSKILL_Zinfandel_Heritage_Sel._76_9501,0.06989597,0.21482219,-0.20066462,-0.4614495
WOLFSKILL_Yaghotti_No._1_3006,-0.027947586,0.35257822,0.016841935,-0.7804018
WOLFSKILL_Morrastel_8624,-0.030450657,-0.4056443,0.038166568,0.8681515
WOLFSKILL_Boal_Doce_5511,-0.048249424,-0.36455283,0.117365725,0.82737523
WOLFSKILL_Red_Roumi_310,-0.015214943,-0.38010728,-0.007501105,0.81351477
VINEYARDS_1103P_chard_san_joaquin_y2018_3760,0.33448568,0.016385518,-0.81113887,-0.030439232
ALGERIA_Louali_328,-0.023790464,-0.37222725,0.021305444,0.8003068
WOLFSKILL_Sauvignon_Vert_7277,-0.13540988,0.19364263,0.30278414,-0.45314398
WOLFSKILL_Gewurztraminer_5948,-0.054964256,0.25532252,0.09074104,-0.58848715
VINEYARDS_1103P_chard_madera_y2018_4083,-0.048886403,0.36378518,0.07219093,-0.8194735
WOLFSKILL_Tsoumbrena_Lefki_7644,-0.06452627,0.25148976,0.114041306,-0.5851243
WOLFSKILL_Muscat_of_Alexandria_6546,0.07413715,-0.2520363,-0.2154697,0.53056616
WOLFSKILL_Triplett_181-7A_9389,-0.025562763,-0.39948115,0.024852334,0.858737
VINEYARDS_freedom_cab_san_joaquin_y2019_2218,0.35374764,0.008187372,-0.8556406,-0.0016822256
WOLFSKILL_Boal_Doce_5510,-0.032346886,-0.35110345,0.062253743,0.7747102
WOLFSKILL_Yaghotti_No._1_3007,-0.026122589,-0.44862294,0.010307973,0.95152104
WOLFSKILL_Morrastel_8625,-0.030287948,0.30163556,0.02765566,-0.6758068
WOLFSKILL_Sauvignon_Vert_7276,0.045668792,0.23111625,-0.1406476,-0.5024679
WOLFSKILL_Triplett_181-7A_9388,-0.029775463,-0.407574,0.036318317,0.8805559
WOLFSKILL_Raisin_De_Palestine_4703,-0.03619286,-0.3525066,0.07583993,0.7820114
WOLFSKILL_Red_Roumi_311,-0.07545263,0.27689075,0.14202991,-0.6455537
VINEYARDS_freedom_chard_madera_y2019_1939,0.37645188,0.016763456,-0.9139277,-0.025431987
VINEYARDS_5C_cab_san_joaquin_y2019_1760,0.32828924,0.009184632,-0.7948773,-0.009091254
WOLFSKILL_UNKNOWN_CULTIVAR_9733,0.05263522,-0.021564728,-0.14222817,0.035249505
WOLFSKILL_b_39-63_Mlc_3828,-0.019014828,-0.43108174,-0.009516444,0.91101193
WOLFSKILL_Zinfandel_Heritage_Sel._15_4562,-0.16245344,-0.13801156,0.45582628,0.42251104
WOLFSKILL_Bermestia_Bianca_8417,-0.04901634,0.27939573,0.075632386,-0.63706714
WOLFSKILL_Negru_Virtos_8913,-0.018311162,-0.38922393,0.0014931336,0.83351064
WOLFSKILL_UNKNOWN_CULTIVAR_9555,-0.016186666,-0.36060286,-0.0015681926,0.76325786
WOLFSKILL_Erlihane_3706,-0.0018907897,-0.39567488,-0.051312838,0.83275664
WOLFSKILL_Orange_Muskat_6788,-0.10245264,0.16949867,0.21895215,-0.39169943
WOLFSKILL_Keknyelu_6152,-0.08474182,-0.27917683,0.2467326,0.7000665
WOLFSKILL_Bermestia_Bianca_8416,0.0033428818,0.33852395,-0.057640076,-0.73033285
WOLFSKILL_Negru_Virtos_8912,-0.002760307,-0.38920975,-0.056471102,0.80086803
WOLFSKILL_UNKNOWN_CULTIVAR_9554,-0.140417,-0.0005377382,0.37626922,0.06038474
ALGERIA_Amer Bouamar_95,-0.025944091,-0.4263661,0.007371662,0.8951916
VINEYARDS_5C_cab_san_joaquin_y2019_1761,0.36433223,0.0130646415,-0.883047,-0.017143555
WOLFSKILL_UNKNOWN_CULTIVAR_9732,0.0933422,-0.1594925,-0.25429207,0.33446074
WOLFSKILL_b_39-63_Mlc_3829,-0.035516813,0.39736483,0.036150724,-0.8805718
WOLFSKILL_Zinfandel_Heritage_Sel._15_4563,-0.1166225,-0.17168091,0.3294207,0.4587126
WOLFSKILL_Orange_Muskat_6789,0.03988192,0.1571125,-0.12699065,-0.35308602
WOLFSKILL_Erlihane_3707,-0.037085228,-0.4179852,0.06233757,0.91269106
WOLFSKILL_Oddball_9198,-0.08759148,0.056940254,0.23136944,-0.10028544
WOLFSKILL_UNKNOWN_CULTIVAR_4519,-0.031841964,-0.43990958,0.033988886,0.94287515
WOLFSKILL_Hosargoon_3908,-0.026546158,-0.35385323,0.043631755,0.77965736
VINEYARDS_freedom_chard_madera_y2018_2793,0.36858746,0.013911102,-0.8938084,-0.01951648
VINEYARDS_freedom_cab_merced_y2019_85,0.36043575,0.008496325,-0.87002033,-0.00023668632
VINEYARDS_1103P_chard_san_joaquin_y2019_1793,0.39210793,0.014979236,-0.9490607,-0.016408827
WOLFSKILL_Catarratto_4734,-0.08386085,0.21667595,0.16318092,-0.5139402
WOLFSKILL_Trebbiano_Bianco_8359,-0.078663275,-0.28930637,0.2202653,0.71378696
WOLFSKILL_Traminer_7595,-0.050357416,0.20185423,0.084627666,-0.47256178
VINEYARDS_freedom_cab_merced_y2018_3006,0.33414248,0.010273498,-0.81058955,-0.014555287
WOLFSKILL_Kabuli_3442,0.25995523,-0.01757783,-0.6349126,0.05163854
WOLFSKILL_Smederevka_4712,-0.04323844,-0.3540218,0.10451964,0.7932552
WOLFSKILL_Chrisostaphylo_2012,-0.028929755,-0.46118894,0.015226847,0.9761018
VINEYARDS_freedom_cab_merced_y2019_84,0.3837314,0.013549659,-0.92827106,-0.012181122
VINEYARDS_freedom_chard_madera_y2018_2792,0.38830844,0.015017252,-0.94083565,-0.018067777
WOLFSKILL_Hosargoon_3909,0.1642317,-0.078738414,-0.4118067,0.17802149
WOLFSKILL_UNKNOWN_CULTIVAR_4518,-0.022520598,0.35257238,0.001194818,-0.7740023
WOLFSKILL_Traminer_7594,0.18885258,0.043781694,-0.4644463,-0.10284218
WOLFSKILL_Trebbiano_Bianco_8358,0.040890865,-0.26887804,-0.13795312,0.5626521
WOLFSKILL_Chrisostaphylo_2013,-0.16893002,-0.15952805,0.48678517,0.4898283
WOLFSKILL_Smederevka_4713,-0.034665067,-0.39388943,0.05863019,0.86091197
WOLFSKILL_Cornichon_1068,-0.025474299,-0.40448865,0.017193748,0.8648032
WOLFSKILL_Buckland_s_Sweetwater_2713,-0.033388395,-0.42094713,0.0463577,0.9133093
WOLFSKILL_Neiretta_6742,-0.03698749,-0.38393548,0.07188929,0.8476081
VINEYARDS_freedom_cab_san_joaquin_y2019_1812,0.37068552,0.01238269,-0.8984873,-0.01369714
WOLFSKILL_Mission_6489,-0.028451715,-0.40646023,0.031073945,0.8780043
WOLFSKILL_Blanc_Rame_8423,0.009210164,0.20491585,-0.052295357,-0.46173823
WOLFSKILL_Neiretta_6743,0.14204219,0.087092,-0.3541506,-0.18750237
VINEYARDS_freedom_chard_san_joaquin_y2019_2299,0.3816395,0.012056205,-0.92369735,-0.008780163
WOLFSKILL_Cornichon_1069,-0.012231597,-0.36028656,-0.010686731,0.7698877
WOLFSKILL_Buckland_s_Sweetwater_2712,0.08258519,-0.27373567,-0.24262895,0.5673369
WOLFSKILL_Mission_6488,-0.024658132,-0.38761884,0.025809882,0.83776134
WOLFSKILL_Blanc_Rame_8422,-0.01593306,-0.41046667,-0.015685176,0.8622266
WOLFSKILL_Neelilay_3921,-0.05186327,-0.3535815,0.13229045,0.8091258
VINEYARDS_freedom_chard_merced_y2019_1606,0.3696615,0.011010025,-0.89522964,-0.010523427
VINEYARDS_1103P_chard_madera_y2018_3887,0.35690653,0.011725735,-0.8647975,-0.012444742
WOLFSKILL_Muscat_Hamburg_2331,0.012558628,-0.36039555,-0.08315016,0.75736326
WOLFSKILL_Malvasia_Bianca_4970,-0.015368109,-0.44083035,-0.02921136,0.9175886
WOLFSKILL_Rhazaki_3621,-0.021731261,-0.39467657,0.006370837,0.83490545
WOLFSKILL_Prosecco_Tondo_7104,-0.051421158,-0.34386402,0.12950866,0.78446007
WOLFSKILL_Chasselas_Hs_14-33_4_5010,-0.01501117,-0.36100274,0.001916999,0.7805385
WOLFSKILL_Suputinsky_Bietyz_8279,-0.039249647,0.36370584,0.047542192,-0.8136964
WOLFSKILL_Arnsburger_8957,0.20845415,0.015549339,-0.50015604,-0.031792488
WOLFSKILL_Chaouch_2725,-0.007281822,-0.38998973,-0.034847625,0.8258467
VINEYARDS_freedom_cab_madera_y2019_1706,0.3424052,0.01180597,-0.8307543,-0.018081043
WOLFSKILL_Olmo_030-53_3235,-0.017309736,-0.3872984,-0.0005715806,0.8300798
WOLFSKILL_Honigber_6054,-0.04677727,0.35813665,0.06404102,-0.80606437
WOLFSKILL_Pinot_Noir_7005,-0.052933168,-0.3219909,0.13658446,0.7405264
WOLFSKILL_July_Early_Amber_4482,-0.084349275,-0.31839234,0.24993199,0.7947922
WOLFSKILL_Asma_197,-0.019232329,-0.3761217,0.0038790144,0.7985929
WOLFSKILL_Muscat_Rouge_Fouce_2471,-0.01822627,-0.38868767,0.00073148496,0.83238864
WOLFSKILL_Arnsburger_8956,0.008906769,-0.41847104,-0.097160615,0.8573954
WOLFSKILL_Suputinsky_Bietyz_8278,-0.030184519,-0.43933874,0.02530258,0.9350332
WOLFSKILL_Chaouch_2724,-0.025266573,-0.37386012,0.028969293,0.80401003
WOLFSKILL_Malvasia_Bianca_4971,-0.06617888,0.2530386,0.11908121,-0.58900565
WOLFSKILL_Muscat_Hamburg_2330,-0.0394127,-0.36011592,0.09090926,0.8036727
VINEYARDS_freedom_chard_madera_y2018_2566,0.37288442,0.012920897,-0.9041135,-0.014407527
WOLFSKILL_Chasselas_Hs_14-33_4_5011,0.06588993,0.24028914,-0.19450182,-0.51771283
WOLFSKILL_July_Early_Amber_4483,-0.026579037,-0.39615053,0.029158937,0.8547644
WOLFSKILL_Triplett_T793-1_9374,-0.039595958,-0.4155898,0.07265926,0.91311634
WOLFSKILL_Asma_196,-0.007807548,-0.36652893,-0.030947706,0.77047366
WOLFSKILL_Olmo_030-53_3234,0.09134989,-0.18234515,-0.24058467,0.4016997
WOLFSKILL_Honigber_6055,-0.05005467,-0.28257832,0.12776676,0.6503874
ALGERIA_Amer Bouamar_118,-0.021792538,-0.4428748,-0.015147092,0.9171468
WOLFSKILL_Pinot_Noir_7004,-0.037200194,-0.33811432,0.0863722,0.756205
WOLFSKILL_Agoumastos_7821,-0.024243772,-0.3615948,0.03541659,0.7920489
VINEYARDS_5C_cab_madera_y2018_4255,0.38270727,0.014615994,-0.92740667,-0.016861517
WOLFSKILL_Rhazaki_Arhanon_2969,0.17423488,-0.06526927,-0.4381649,0.14188196
WOLFSKILL_Jurancon_Blanc_4752,-0.010763296,-0.3502049,-0.010797052,0.7561054
VINEYARDS_5C_cab_san_joaquin_y2018_2959,0.372152,0.008863293,-0.8993854,-0.00066642836
WOLFSKILL_Meunier_6471,0.3278605,-0.0020726547,-0.792109,0.023992509
WOLFSKILL_Prince_Of_Wales_1607,-0.037201896,-0.3887962,0.06941459,0.856591
VINEYARDS_5C_cab_san_joaquin_y2018_2958,0.34608272,0.011055455,-0.83932143,-0.01381791
VINEYARDS_5C_cab_madera_y2018_4254,0.34374592,0.012364056,-0.8339089,-0.016713493
WOLFSKILL_Rhazaki_Arhanon_2968,0.0086340485,-0.3642495,-0.074913226,0.76330066
WOLFSKILL_Jurancon_Blanc_4753,-0.013877357,-0.40097797,-0.01743588,0.85202855
WOLFSKILL_Tarrango_II_3672,-0.004082068,-0.37167624,-0.040995736,0.78214014
WOLFSKILL_Doral_8975,-0.026704017,-0.4199816,0.018167323,0.8906318
WOLFSKILL_Patrino_8740,-0.013208815,-0.3993199,-0.01963154,0.8483968
VINEYARDS_freedom_cab_merced_y2018_5061,-0.0400778,0.33776996,0.04662464,-0.7565211
WOLFSKILL_Sahibi_Sorkh_1708,-0.04314828,-0.33773872,0.101136126,0.7586712
WOLFSKILL_Kakourdess_Weis_806,-0.0110038025,-0.3811923,-0.020739006,0.81008077
WOLFSKILL_Thompson_Seedless_1839,0.012765886,0.30295736,-0.078722544,-0.6593276
WOLFSKILL_Schwin_8829,-0.024226878,-0.33711305,0.040845983,0.7391782
WOLFSKILL_Asprocoritho_8399,0.001861874,0.30919766,-0.04783036,-0.6734637
WOLFSKILL_Patrino_8741,-0.044419564,0.3136264,0.058538787,-0.7070727
WOLFSKILL_Sahibi_Sorkh_1709,-0.036274694,-0.38559404,0.07260314,0.8469851
WOLFSKILL_Tarrango_II_3673,0.19503169,0.07458381,-0.47726324,-0.16097122
WOLFSKILL_Doral_8974,-0.019550726,-0.38192225,0.0030776989,0.81060493
WOLFSKILL_Markandi_2148,0.0015342226,0.27652526,-0.043751605,-0.6143555
WOLFSKILL_Schwin_8828,0.030718386,0.25938687,-0.114742644,-0.5670104
WOLFSKILL_Asprocoritho_8398,-0.016439937,-0.3401231,0.010216391,0.7355107
WOLFSKILL_Badacsony-10_8963,0.07214268,-0.2019492,-0.20491332,0.4227625
WOLFSKILL_Kakourdess_Weis_807,-0.026344717,-0.3975916,0.026665853,0.8562759
WOLFSKILL_Asma_Sohwars_757,0.34631002,0.006008934,-0.8369369,-0.00052548945
WOLFSKILL_Korente_3723,-0.12201708,0.09162696,0.292566,-0.19315463
WOLFSKILL_Nimrang_58_1504,-0.08618336,-0.26601985,0.25182617,0.67250943
VINEYARDS_freedom_cab_merced_y2018_2708,-0.024409425,0.29822624,0.012206951,-0.6632264
WOLFSKILL_Al_Borla_738,0.15964805,0.013802934,-0.3927347,-0.042363267
WOLFSKILL_Tschilaci_1855,-0.031032212,-0.40811807,0.041902147,0.88428456
WOLFSKILL_Bonarda_8430,-0.025197323,-0.42818677,0.0116754975,0.9088273
WOLFSKILL_Vorosmarthy_1903,0.05276244,0.17782606,-0.15812987,-0.38931367
VINEYARDS_5C_chard_san_joaquin_y2018_4805,0.3689042,0.0134941,-0.8952986,-0.019789081
WOLFSKILL_Cabernet_Sauvignon_8266,-0.010440749,-0.36596623,-0.01847507,0.7850968
WOLFSKILL_Probella_4141,-0.011141068,-0.3812381,-0.02465916,0.80561554
WOLFSKILL_White_Riesling_4686,-0.025841445,-0.2685662,0.05826974,0.60101485
WOLFSKILL_Nimrang_58_1505,-0.1375871,0.26228607,0.30047673,-0.61840767
VINEYARDS_freedom_cab_merced_y2018_2709,-0.038902752,0.31318286,0.048541345,-0.70645475
WOLFSKILL_Al_Borla_739,-0.016693864,-0.4026695,-0.011906149,0.8500601
WOLFSKILL_Asma_Sohwars_756,-0.01849746,-0.3248124,0.022917101,0.70720243
WOLFSKILL_Korente_3722,-0.062334783,0.31001732,0.103264965,-0.71226406
WOLFSKILL_Lagorthi_6233,0.02374772,0.28479642,-0.098754205,-0.6204927
WOLFSKILL_Cabernet_Sauvignon_8267,-0.03513562,-0.38869104,0.06197635,0.85439014
WOLFSKILL_Perla_Di_Csaba_1582,-0.028348923,-0.32661924,0.054344498,0.7159288
WOLFSKILL_Probella_4140,-0.011885819,-0.40909415,-0.026990527,0.8661633
WOLFSKILL_Tschilaci_1854,-0.016494688,-0.32534146,0.015097911,0.7095276
WOLFSKILL_Vorosmarthy_1902,-0.0521408,0.35202166,0.07508735,-0.79565984
WOLFSKILL_Bonarda_8431,-0.033706166,-0.4279496,0.045209773,0.92191607
VINEYARDS_freedom_chard_san_joaquin_y2018_3211,0.37425932,0.012406811,-0.9057016,-0.010483485
WOLFSKILL_Terret_Blanc_8676,-0.045657404,-0.41079026,0.10200182,0.91527563
WOLFSKILL_Cirmisi_Sap_De_Sudak_785,-0.025728706,-0.37576145,0.033290572,0.8175024
VINEYARDS_freedom_cab_merced_y2019_369,0.3717328,0.012244429,-0.9017418,-0.011193763
WOLFSKILL_Hycales_41,-0.02671301,-0.3260419,0.046478473,0.71700084
WOLFSKILL_Dehbina_8507,-0.044952027,-0.2887728,0.1175349,0.660069
WOLFSKILL_Baharat_Early_616,-0.051086128,-0.31029814,0.1356225,0.712262
WOLFSKILL_Aurora_2437,-0.029344779,-0.39746964,0.034516275,0.8589051
WOLFSKILL_Khusaine_Red_235,-0.027184382,0.32645917,0.018401911,-0.7235587
WOLFSKILL_Verdea_7667,-0.0976521,-0.28728345,0.28779072,0.73798513
WOLFSKILL_Gemeroh_7878,0.18230392,-0.1148365,-0.46198863,0.24952658
WOLFSKILL_Terret_Blanc_8677,-0.028835747,-0.42678687,0.027938237,0.91867065
WOLFSKILL_Cirmisi_Sap_De_Sudak_784,-0.012051747,-0.35770103,-0.010784538,0.76513374
WOLFSKILL_Servant_75,-0.026101451,-0.43905914,0.009666549,0.93044794
VINEYARDS_freedom_chard_san_joaquin_y2018_3210,0.37860245,0.013090618,-0.9172738,-0.012965761
WOLFSKILL_Criyicless_crujicless_4985,-0.009795149,-0.39942673,-0.038632113,0.82798576
WOLFSKILL_Khusaine_Red_234,0.027088016,-0.33917058,-0.111042745,0.7176912
WOLFSKILL_Verdea_7666,-0.050108537,-0.40396288,0.12441275,0.9139873
WOLFSKILL_Gemeroh_7879,0.004789944,-0.3171212,-0.046560124,0.6872947
WOLFSKILL_Aurora_2436,-0.051913887,0.37063545,0.07192921,-0.8350774
WOLFSKILL_Dehbina_8506,-0.042752832,-0.36550182,0.09837634,0.8180238
WOLFSKILL_Baharat_Early_617,0.028402627,0.2100413,-0.100624226,-0.4646014
VINEYARDS_freedom_chard_merced_y2019_1280,0.37561488,0.012213465,-0.9078486,-0.0067133233
WOLFSKILL_Triplett_F1-13_9288,-0.025230847,-0.3607707,0.03523621,0.7853329
WOLFSKILL_Palomino_6855,-0.05840254,0.25150478,0.0994717,-0.583081
WOLFSKILL_Asprorombola_5351,-0.034588628,-0.38236633,0.062250204,0.8394116
WOLFSKILL_Robin_Noir_7163,-0.021649498,-0.42503148,0.001453422,0.9071921
WOLFSKILL_Mrs_Pince_Black_Muscat_457,-0.035973907,-0.42310968,0.06303733,0.9198934
WOLFSKILL_Mortagua_8628,-0.016587537,-0.3649121,0.001843987,0.7826158
WOLFSKILL_Ezerjo_8302,-0.05396785,-0.3450141,0.14174797,0.7969587
WOLFSKILL_Fresia_5853,-0.027943466,-0.42187315,0.026003791,0.90623164
WOLFSKILL_Red_Ohanez_4119,-0.15139197,-0.21679614,0.43584567,0.6140818
WOLFSKILL_Asprorombola_5350,-0.042288784,-0.40219206,0.08893318,0.8924392
WOLFSKILL_Triplett_F1-13_9289,-0.027076218,-0.38225684,0.03576897,0.8317199
WOLFSKILL_Guydouriha_5892,0.01938925,0.26292983,-0.08677463,-0.5762891
WOLFSKILL_Palomino_6854,-0.02167328,-0.38567784,0.012632506,0.8281615
VINEYARDS_freedom_chard_merced_y2019_1281,0.37313402,0.0131137,-0.9045564,-0.015561286
WOLFSKILL_Mortagua_8629,-0.027325727,-0.4359062,0.017039595,0.930256
WOLFSKILL_Red_Ohanez_4118,-0.09664021,-0.3006804,0.28202155,0.7659316
WOLFSKILL_Ezerjo_8303,0.33690903,0.007801749,-0.8173442,-0.007890265
WOLFSKILL_Mrs_Pince_Black_Muscat_456,-0.09017888,0.33027804,0.17531896,-0.7681368
WOLFSKILL_Robin_Noir_7162,-0.033304006,0.40165842,0.029501157,-0.887133
VINEYARDS_freedom_cab_madera_y2018_4221,0.31611907,0.010099571,-0.76578313,-0.010907512
WOLFSKILL_Souzao_7350,-0.050421905,-0.3898388,0.13014835,0.88894486
WOLFSKILL_Doradillo_8860,-0.025639445,-0.40309238,0.020760203,0.86590743
WOLFSKILL_Criolla_Negra_4737,-0.029434815,-0.397311,0.039097972,0.86009896
WOLFSKILL_Angulata_935,-0.02651941,0.37445277,0.012279602,-0.8216653
WOLFSKILL_Rosaki_1952,-0.026733387,-0.37379825,0.038442865,0.8171967
VINEYARDS_5C_chard_san_joaquin_y2018_4628,0.35958865,0.014313329,-0.87192386,-0.022090252
WOLFSKILL_Donzelinho_De_Castelo_7865,-0.12330023,-0.2495493,0.36214575,0.6701645
WOLFSKILL_Delight_1121,-0.034022015,-0.32297277,0.07140469,0.7160652
WOLFSKILL_Steinschiller_7396,-0.03135429,-0.40007478,0.0448071,0.86840785
WOLFSKILL_Tinta_Cao_7562,-0.008751291,0.3473382,-0.026895484,-0.75320375
WOLFSKILL_Chasselas_Ciotat_3101,-0.0044710822,-0.15259814,-0.000673553,0.32121605
WOLFSKILL_Macaroli_6292,0.107277066,-0.1840352,-0.28584757,0.39472663
WOLFSKILL_Rosaki_1953,-0.02978665,0.32426366,0.027400227,-0.72517645
WOLFSKILL_Angulata_934,0.012346862,-0.25605837,-0.05970435,0.5461857
VINEYARDS_5C_chard_san_joaquin_y2018_4629,0.3856357,0.014830705,-0.9341652,-0.01762091
WOLFSKILL_Doradillo_8861,-0.03341892,0.34165657,0.0351322,-0.76436114
WOLFSKILL_Souzao_7351,-0.03598599,-0.43692327,0.06309689,0.94726956
WOLFSKILL_Criolla_Negra_4736,-0.0133772055,0.2238809,-0.0004174579,-0.5113827
WOLFSKILL_Steinschiller_7397,0.02745074,0.28445408,-0.10931719,-0.61881363
WOLFSKILL_Tinta_Cao_7563,-0.035316877,0.37932318,0.03603749,-0.8425703
WOLFSKILL_Chasselas_Ciotat_3100,-0.06186595,-0.2531637,0.17130367,0.6042147
WOLFSKILL_Delight_1120,-0.020093773,-0.42088276,0.0018487554,0.90313435
WOLFSKILL_Donzelinho_De_Castelo_7864,-0.1348507,-0.23925893,0.39574277,0.6577566
WOLFSKILL_Carignane_6594,-0.01274952,-0.36893532,-0.012878677,0.7894698
WOLFSKILL_Furmint_5870,-0.010823035,0.3353959,-0.021960799,-0.7357807
WOLFSKILL_Flame_Seedless_143,0.016464278,-0.38208348,-0.10039248,0.7937027
WOLFSKILL_Retino_Mavro_7149,0.01086764,0.29999173,-0.06739111,-0.65451163
ALGERIA_Louali_361,-0.03464327,-0.4183442,0.048775643,0.9012023
WOLFSKILL_Schonburger_4819,-0.013856099,-0.3879881,-0.013054026,0.83065397
WOLFSKILL_Olivette_Blanche_1528,-0.025579728,-0.376087,0.029503936,0.8137991
WOLFSKILL_Folle_Blanche_7061,-0.02813277,-0.39436787,0.03661935,0.8580019
WOLFSKILL_Semillon_7307,-0.03159354,-0.4269315,0.0319869,0.9070066
WOLFSKILL_Zabalkanski_1938,-0.02730216,-0.38604897,0.034943998,0.840588
WOLFSKILL_Barbableu_2467,-0.025706641,-0.3775099,0.030262461,0.8164764
WOLFSKILL_Maria_Pirovano_2150,-0.00178615,0.2990682,-0.039483376,-0.65722775
VINEYARDS_freedom_cab_merced_y2019_2115,0.3563501,0.010364078,-0.8630425,-0.0113143325
WOLFSKILL_Flame_Seedless_142,-0.034866095,-0.42452914,0.04881707,0.91593814
WOLFSKILL_Furmint_5871,-0.004466162,-0.3587528,-0.03171154,0.7701121
WOLFSKILL_Retino_Mavro_7148,-0.025441281,-0.40891856,0.02199593,0.88275486
WOLFSKILL_Maria_Pirovano_2151,-0.0147156315,-0.39680165,-0.016881881,0.83782315
WOLFSKILL_Zabalkanski_1939,0.0061173565,0.24245064,-0.049455717,-0.54255486
WOLFSKILL_Barbableu_2466,0.0059978003,-0.39090598,-0.06801325,0.8323659
WOLFSKILL_Folle_Blanche_7060,-0.052927002,-0.33612144,0.14344963,0.7776014
WOLFSKILL_Olivette_Blanche_1529,-0.020338245,-0.3859225,0.0028299894,0.813343
WOLFSKILL_Semillon_7306,-0.02389738,-0.3986166,0.01405636,0.8490856
WOLFSKILL_Ezerjo_5774,-0.104546435,-0.0960034,0.2928667,0.2664234
VINEYARDS_5C_cab_madera_y2019_1148,0.3804957,0.0110192485,-0.9227547,-0.008967821
VINEYARDS_freedom_cab_merced_y2018_3589,0.3488345,0.012181953,-0.84581673,-0.017624412
WOLFSKILL_Khalili_2855,-0.032098766,-0.3652281,0.05924643,0.8001268
WOLFSKILL_UNKNOWN_CULTIVAR_2551,0.2901145,-0.035342775,-0.7095759,0.09187354
WOLFSKILL_Mavroudi_School_Of_Patras_8311,-0.044944692,0.31011432,0.061421283,-0.7008488
VINEYARDS_5C_cab_san_joaquin_y2018_4713,0.38097245,0.016689401,-0.9244382,-0.025447842
WOLFSKILL_Sangioveto_8341,-0.011722044,0.3420739,-0.017744573,-0.7501587
WOLFSKILL_Petinos_2179,-0.05788681,0.27126098,0.09731235,-0.6255319
WOLFSKILL_Olmo_034-16_3262,0.15373155,0.08439405,-0.38149515,-0.18148828
WOLFSKILL_Victoria_s_Choice_4x_4358,-0.032151982,-0.41809344,0.0411459,0.9018117
WOLFSKILL_Ezerjo_5775,-0.10662045,-0.20254427,0.31498426,0.53393775
VINEYARDS_5C_cab_madera_y2019_1149,0.36195064,0.008042816,-0.8740604,6.495789e-05
WOLFSKILL_Sangioveto_8340,-0.029137753,0.3737888,0.017253159,-0.82622457
WOLFSKILL_Mavroudi_School_Of_Patras_8310,-0.019056085,-0.4133541,-0.008337287,0.8701316
WOLFSKILL_Petinos_2178,-0.020895138,-0.4093245,0.0061727744,0.87062943
WOLFSKILL_Olmo_034-16_3263,-0.025415245,-0.38192496,0.02951256,0.82772547
WOLFSKILL_Victoria_s_Choice_4x_4359,-0.03653697,-0.3703167,0.073826246,0.8191135
WOLFSKILL_Olivette_Bauthelet_2169,-0.025761425,-0.36634338,0.0346971,0.79446006
WOLFSKILL_Erbalus_Caluso_5759,0.034968257,-0.2934975,-0.12458848,0.62061524
WOLFSKILL_Gamay_Teinturier_8527,-0.027506564,-0.42797697,0.022928568,0.92004126
VINEYARDS_5C_chard_san_joaquin_y2019_959,-0.012382866,-0.40020317,-0.020830026,0.85386014
WOLFSKILL_Parianoh_6817,0.19043462,0.07600346,-0.46785182,-0.16611919
VINEYARDS_1103P_chard_san_joaquin_y2019_1824,0.39857742,0.016262304,-0.9683007,-0.02012581
WOLFSKILL_Veronese_7697,-0.01945728,-0.4113854,-0.0012071468,0.87648785
VINEYARDS_freedom_chard_merced_y2019_391,0.3738659,0.0123905055,-0.90628314,-0.013967179
VINEYARDS_freedom_cab_merced_y2018_5028,-0.03978488,0.30350506,0.049284786,-0.68707496
UCDAVIS_GRN_3_641,-0.025646877,0.403497,0.0035657734,-0.8744281
WOLFSKILL_Veronese_7696,0.12124593,-0.1457033,-0.31981057,0.31486115
WOLFSKILL_Hisakasy_6048,-0.012009104,-0.35954922,-0.012910547,0.7676096
VINEYARDS_freedom_chard_merced_y2019_390,0.37376288,0.015285891,-0.9069773,-0.022577148
WOLFSKILL_Erbalus_Caluso_5758,-0.035735622,-0.44329458,0.04691433,0.9564912
WOLFSKILL_Olivette_Bauthelet_2168,-0.027641512,0.3655296,0.013157124,-0.8053622
VINEYARDS_freedom_chard_san_joaquin_y2019_1849,0.37983903,0.015373018,-0.92326576,-0.02229729
WOLFSKILL_Gamay_Teinturier_8526,-0.065803364,-0.37121624,0.1832669,0.87903446
WOLFSKILL_Parianoh_6816,-0.028393745,-0.41235164,0.031775765,0.8944878
VINEYARDS_freedom_cab_merced_y2018_5029,-0.037520114,0.3971439,0.039391883,-0.8810792
WOLFSKILL_Kurtelaska_45,-0.024337143,-0.37098408,0.026353536,0.8059012
WOLFSKILL_Rougitza_Rouge_3972,-0.07257713,0.051958364,0.18370453,-0.10380696
WOLFSKILL_Sereksiya_Rosavi_3638,-0.019094344,-0.40650254,-0.0026639681,0.8613547
WOLFSKILL_Olmo_034-29_3266,-0.033908464,-0.32715884,0.078030385,0.72669864
VINEYARDS_freedom_cab_san_joaquin_y2018_3756,0.3929265,0.01594757,-0.9530815,-0.017347544
WOLFSKILL_Sauvis_2223,-0.024119604,-0.39786506,0.020945223,0.8552136
VINEYARDS_freedom_cab_san_joaquin_y2019_1459,0.33520415,0.009668041,-0.81201977,-0.011394408
VINEYARDS_1103P_chard_madera_y2019_1934,0.3929548,0.013813,-0.9510946,-0.0122339465
VINEYARDS_1103P_cab_san_joaquin_y2018_3181,0.32149538,0.0048699193,-0.7749465,0.008193083
WOLFSKILL_Gocseji_Zamatos_8989,0.03647272,-0.25630343,-0.11478261,0.5581846
WOLFSKILL_Chalian_De_Drome_630,-0.030576281,0.34188628,0.024667626,-0.7600316
WOLFSKILL_Folle_Blanche_5830,0.12324457,0.1632482,-0.32706308,-0.3518691
ALGERIA_Bouabane des Aures_174,-0.030222692,-0.3459506,0.05401043,0.759168
WOLFSKILL_Tscharas_84,0.20740692,0.04465684,-0.5098469,-0.104341164
WOLFSKILL_Michurinetz_9159,-0.018954758,-0.35215604,0.016108168,0.75832
VINEYARDS_5C_cab_san_joaquin_y2018_4689,0.36303672,0.015376303,-0.8807714,-0.021989282
WOLFSKILL_Lagrain_6243,-0.013265454,-0.41096961,-0.020515045,0.87688255
WOLFSKILL_Vranac_4943,-0.020403948,-0.41273034,-0.0034694243,0.87351716
WOLFSKILL_UNKNOWN_CULTIVAR_9672,-0.029493764,-0.4028843,0.035667412,0.86951923
WOLFSKILL_Sauvis_2222,0.10616693,-0.19575752,-0.28733087,0.41779256
VINEYARDS_1103P_chard_madera_y2019_1935,0.36184663,0.011464458,-0.87701,-0.013030559
VINEYARDS_freedom_cab_san_joaquin_y2019_1458,0.32669595,0.004613567,-0.7903573,0.0072462074
WOLFSKILL_Sereksiya_Rosavi_3639,-0.024588123,-0.4095394,0.013983773,0.87179834
WOLFSKILL_Rougitza_Rouge_3973,-0.09495141,0.038946394,0.25692064,-0.056594606
WOLFSKILL_Trollinger_5145,-0.021374732,-0.40241447,0.009144841,0.8665854
WOLFSKILL_Olmo_034-29_3267,-0.017484196,-0.3908441,-0.0057519283,0.82714427
WOLFSKILL_Lagrain_6242,-0.033352006,0.37890172,0.027329205,-0.83798903
WOLFSKILL_Vranac_4942,0.24394329,0.039141033,-0.59189904,-0.08796725
VINEYARDS_5C_cab_san_joaquin_y2018_4688,0.37775078,0.014713109,-0.9150467,-0.017842535
WOLFSKILL_UNKNOWN_CULTIVAR_9673,-0.004224685,-0.316938,-0.025046062,0.676863
WOLFSKILL_Chalian_De_Drome_631,0.02435708,0.2558142,-0.09431005,-0.56654185
WOLFSKILL_Folle_Blanche_5831,0.32021514,0.010606628,-0.7763623,-0.017406572
VINEYARDS_1103P_cab_san_joaquin_y2018_3180,0.3514159,0.008819483,-0.8499428,-0.0059762634
WOLFSKILL_Gocseji_Zamatos_8988,-0.024047315,0.34206724,0.0069537107,-0.7553225
WOLFSKILL_Tscharas_85,-0.017275348,-0.3729558,0.0023918357,0.8011377
ALGERIA_Bouabane des Aures_175,-0.010692722,-0.3363421,-0.011139791,0.71936667
WOLFSKILL_Kandhar_4214,-0.050366845,0.3390998,0.07544412,-0.7691885
WOLFSKILL_Zinfandel_Heritage_Sel._18_4573,-0.015359948,0.34137645,-0.010799679,-0.7448981
VINEYARDS_1103P_cab_merced_y2018_3367,0.39417568,0.012293637,-0.95571625,-0.00768074
WOLFSKILL_Chasselas_Tokay_2749,-0.022750653,-0.39863738,0.014435967,0.85435927
WOLFSKILL_Olmo_34F_9131,-0.024461329,-0.42756456,0.010121422,0.90866405
WOLFSKILL_Kandhar_4215,-0.024157468,0.33972484,0.010990115,-0.75024295
VINEYARDS_freedom_cab_madera_y2018_3441,0.3496495,0.0072599873,-0.84715444,0.00068892166
WOLFSKILL_Chasselas_Tokay_2748,-0.03940393,-0.3569954,0.08807891,0.79597574
WOLFSKILL_Perle_9146,-0.06579509,-0.2751914,0.19192058,0.66133344
VINEYARDS_1103P_cab_merced_y2018_3366,0.33058587,0.013444919,-0.8010749,-0.019784015
WOLFSKILL_UNKNOWN_CULTIVAR_9697,-0.016465437,-0.25871956,0.030104307,0.56528926
WOLFSKILL_Cannon_Hall_1017,-0.016608592,-0.37594527,-0.0010889191,0.8088595
WOLFSKILL_Dattier_4185,0.024826754,0.24070378,-0.092544384,-0.5325605
WOLFSKILL_Syrah_8024,-0.03664735,-0.39285725,0.06308758,0.8605138
ALGERIA_Bouabane des Aures_191,-0.047315203,0.14617027,0.08357083,-0.35097265
VINEYARDS_1103P_cab_san_joaquin_y2018_3164,0.34656528,0.008826707,-0.83876795,-0.004902076
WOLFSKILL_Aurora_2440,-0.04549304,-0.3175584,0.10751047,0.7143906
WOLFSKILL_Moscato_Bianco_6564,-0.1461886,0.2402393,0.32230255,-0.55689156
VINEYARDS_5C_chard_merced_y2018_4342,0.36281693,0.008376893,-0.87664187,-0.00030613318
VINEYARDS_1103P_chard_madera_y2019_1727,0.34121612,0.010341946,-0.8260418,-0.012345254
WOLFSKILL_Golden_Champion_2810,0.018862646,0.27511704,-0.08703693,-0.60208046
WOLFSKILL_Yugoslavia_360_3361,-0.045153268,0.3647446,0.05780576,-0.816916
WOLFSKILL_Angelo_Pirovano_1995,-0.03273104,0.37963462,0.025460845,-0.83825696
WOLFSKILL_Volarova_2245,-0.023904707,-0.40560776,0.014824135,0.8719038
ALGERIA_Bouabane des Aures_190,0.0010288153,-0.33098078,-0.044848993,0.70152915
WOLFSKILL_Aurora_2441,-0.010237132,-0.34355175,-0.015125295,0.7357571
WOLFSKILL_UNKNOWN_CULTIVAR_9696,0.0023056641,-0.3166122,-0.03884398,0.6782621
WOLFSKILL_Cannon_Hall_1016,0.0030486914,-0.33457655,-0.050149694,0.7056931
WOLFSKILL_Dattier_4184,0.004656898,0.26044473,-0.05208686,-0.5777117
WOLFSKILL_Syrah_8025,-0.019469324,-0.40976414,-0.004644463,0.8693669
WOLFSKILL_Yugoslavia_360_3360,0.26118788,0.020406492,-0.6337966,-0.042422358
WOLFSKILL_Zinfandel_Heritage_Sel._09_4548,0.013757133,0.31076807,-0.07624203,-0.66909033
WOLFSKILL_Golden_Champion_2811,0.28008777,-0.0039277487,-0.6768779,0.023385983
WOLFSKILL_Angelo_Pirovano_1994,-0.043161966,0.35859352,0.056559138,-0.8048142
VINEYARDS_freedom_cab_madera_y2019_1103,0.3601925,0.007853601,-0.8699526,0.0014321133
WOLFSKILL_Moscato_Bianco_6565,0.021145761,-0.3610158,-0.103368156,0.75875866
WOLFSKILL_Himrisnky_2662,-0.040319808,-0.3893082,0.087290995,0.86615455
WOLFSKILL_UNKNOWN_CULTIVAR_4527,-0.03098496,-0.36981428,0.055607967,0.8157763
VINEYARDS_freedom_cab_san_joaquin_y2019_168,0.34188035,0.008679386,-0.8277282,-0.0071319677
WOLFSKILL_Taminga_8944,0.02248402,-0.34762672,-0.105306044,0.7276218
WOLFSKILL_Grignolino_6000,-0.031715967,-0.36279345,0.055734932,0.79528123
WOLFSKILL_White_Riesling_x_Sauvignon_Blanc_9486,0.16239536,0.011646863,-0.40035352,-0.03350861
VINEYARDS_freedom_chard_madera_y2019_313,0.3507139,0.007745471,-0.84658766,-0.0006061606
WOLFSKILL_Alicante_Branca_7836,-0.039880466,-0.19335775,0.107847534,0.44902715
VINEYARDS_freedom_cab_merced_y2018_3038,0.30809838,0.012859717,-0.7468915,-0.02361497
WOLFSKILL_Oubeidy_541,-0.07317795,-0.3199407,0.20974632,0.78121626
WOLFSKILL_Taminga_8945,0.009290552,-0.354204,-0.07230252,0.74794436
WOLFSKILL_Triplett_T34-1_9398,-0.012833566,-0.3838604,-0.013982223,0.8234025
VINEYARDS_freedom_chard_madera_y2019_312,0.37544033,0.010933183,-0.9100568,-0.0057987086
WOLFSKILL_Himrisnky_2663,-0.055460274,-0.30172753,0.14954014,0.69997776
WOLFSKILL_UNKNOWN_CULTIVAR_4526,-0.020406969,0.36657795,-0.0064427163,-0.7999513
VINEYARDS_freedom_cab_merced_y2018_3039,0.3666521,0.0154540315,-0.8893398,-0.022839498
WOLFSKILL_Oubeidy_540,-0.019339826,-0.39058006,0.0028802808,0.83371615
WOLFSKILL_Migdali_6483,-0.09510881,0.13825487,0.21307379,-0.31380525
WOLFSKILL_Torgoon_3514,-0.05039645,-0.34811038,0.12812364,0.7942653
WOLFSKILL_Lambrusco_8714,0.029720742,-0.33250594,-0.115978844,0.70661664
WOLFSKILL_Calmeria_1012,-0.022659007,-0.43485186,-0.0031405818,0.9166024
VINEYARDS_1103P_cab_merced_y2018_3820,0.41247293,0.014792979,-1.0006206,-0.014812883
WOLFSKILL_Raboso_Piave_7117,-0.03701879,-0.3483662,0.08365734,0.77327335
WOLFSKILL_Demir_Kara_799,-0.009520591,-0.3868745,-0.027737694,0.82369775
WOLFSKILL_Carriere_7301,-0.003007521,0.34377596,-0.045464315,-0.74756855
ALGERIA_Tizi Ouinine_382,-0.022376101,-0.42034656,0.0012408439,0.88471663
WOLFSKILL_Tinta_Amarella_7523,-0.02319764,-0.39785722,0.015244463,0.8559544
WOLFSKILL_Waltham_Cross_695,0.013670077,0.2722571,-0.073255256,-0.5965662
VINEYARDS_1103P_cab_merced_y2018_2678,-0.029628806,0.3421563,0.021161461,-0.75963247
WOLFSKILL_La_Reinha_6252,-0.021677192,-0.4349181,-0.009126505,0.91111815
VINEYARDS_5C_chard_san_joaquin_y2019_1801,0.3765352,0.012489941,-0.911312,-0.011258345
WOLFSKILL_Aricaras_2982,-0.021727517,-0.3817605,0.014922043,0.8194566
WOLFSKILL_Luquaci_Thompson_1366,0.22036149,-0.016676256,-0.53478813,0.04857203
WOLFSKILL_Criolla_Negra_4740,0.04082287,0.19724114,-0.1260522,-0.43580228
WOLFSKILL_Raboso_Piave_7116,-0.020840675,-0.39822778,0.0052102637,0.8537369
WOLFSKILL_Demir_Kara_798,-0.02231663,-0.35375756,0.024617342,0.7697271
WOLFSKILL_Calmeria_1013,-0.026606157,-0.45136607,0.006877927,0.953048
WOLFSKILL_Lambrusco_8715,-0.012101349,-0.35942373,-0.009988409,0.77193403
VINEYARDS_1103P_cab_merced_y2018_3821,0.37782273,0.012662992,-0.9164753,-0.01402837
WOLFSKILL_Carriere_7300,-0.05743511,0.22214533,0.10347206,-0.5211195
ALGERIA_Tizi Ouinine_383,-0.02540246,-0.39135918,0.022724101,0.84059477
WOLFSKILL_Waltham_Cross_694,-0.036731724,-0.361129,0.07896621,0.8007162
WOLFSKILL_Tinta_Amarella_7522,-0.031032883,-0.41462696,0.038933307,0.89798915
WOLFSKILL_Migdali_6482,-0.010610868,-0.38274175,-0.021126384,0.8145176
VINEYARDS_freedom_cab_san_joaquin_y2018_2870,0.36641228,0.011977818,-0.88750905,-0.01155002
WOLFSKILL_Aricaras_2983,0.019102927,0.23064606,-0.0807125,-0.5141962
VINEYARDS_5C_cab_madera_y2018_4104,0.05151502,0.22765033,-0.15873319,-0.4981662
VINEYARDS_5C_chard_san_joaquin_y2019_1800,0.4082758,0.016825866,-0.99124634,-0.022247981
WOLFSKILL_La_Reinha_6253,-0.03369475,-0.41165698,0.04920789,0.8901037
WOLFSKILL_Luquaci_Thompson_1367,-0.0018403726,-0.35491788,-0.037787803,0.7618065
WOLFSKILL_Sovereign_Noir_4977,-0.101986244,-0.23105375,0.30136514,0.59439623
WOLFSKILL_Criolla_Negra_4741,0.13173187,0.034773637,-0.32064372,-0.07718758
WOLFSKILL_Blue_Trollinger_5473,-0.035263374,-0.40860102,0.05797337,0.89618456
VINEYARDS_1103P_cab_merced_y2018_2679,0.025391322,0.16809529,-0.093170844,-0.38324434
WOLFSKILL_Ruby_Cabernet_7211,0.21090879,0.021785915,-0.50652236,-0.046094123
UCDAVIS_VITIS_ROMANETII_771,0.22441886,0.10649946,-0.55271983,-0.22118777
WOLFSKILL_Aspruda_Ariloghi_5358,-0.005833286,-0.38339046,-0.037212532,0.811756
VINEYARDS_freedom_cab_san_joaquin_y2019_2041,0.3760274,0.00857006,-0.9094468,0.00064307824
VINEYARDS_1103P_chard_san_joaquin_y2019_113,0.35370693,0.008398537,-0.8557372,-0.003642235
WOLFSKILL_Chasselas_Des_Bouches-du-rhone_370,0.011685024,0.2813913,-0.06883446,-0.6125821
WOLFSKILL_Black_Monukka_989,-0.052001555,-0.32364637,0.14278877,0.74959123
WOLFSKILL_5-30_3867,-0.00974721,-0.41841578,-0.038093857,0.87555796
WOLFSKILL_Teinturier_Male_7472,0.026851505,0.2823096,-0.10734929,-0.6110769
WOLFSKILL_Cornifesto_5668,-0.027704138,-0.40005207,0.03383845,0.8606376
ALGERIA_Louali_316,-0.024188954,-0.39822888,0.013044024,0.84689564
WOLFSKILL_Goyura_3581,-0.026701823,-0.37541777,0.032389812,0.8133983
VINEYARDS_1103P_chard_san_joaquin_y2019_112,0.3567988,0.012360368,-0.86466146,-0.013695706
VINEYARDS_5C_chard_merced_y2019_624,0.3719325,0.0124199875,-0.90216,-0.01286206
WOLFSKILL_Black_Monukka_988,0.24488963,-0.05546991,-0.6009481,0.12625365
WOLFSKILL_5-30_3866,-0.017719109,-0.38355005,-0.00017829426,0.81677663
WOLFSKILL_Chasselas_Des_Bouches-du-rhone_371,-0.022855338,-0.41513318,0.007424189,0.88654196
WOLFSKILL_Aspruda_Ariloghi_5359,-0.037720785,-0.3710868,0.07750692,0.8229208
WOLFSKILL_Ruby_Cabernet_7210,0.038635895,-0.28730926,-0.1386407,0.589377
VINEYARDS_freedom_cab_san_joaquin_y2019_2040,0.361607,0.0107252225,-0.874117,-0.004749093
WOLFSKILL_Prokupao_9211,-0.002914017,-0.37562102,-0.043882336,0.79371166
WOLFSKILL_Teinturier_Male_7473,-0.024383806,0.37595534,0.0037339423,-0.82136893
WOLFSKILL_Cornifesto_5669,0.23966463,0.04739405,-0.58156854,-0.10259834
WOLFSKILL_Goyura_3580,-0.028454006,-0.35824198,0.049210437,0.7809831
ALGERIA_Louali_317,-0.010324919,-0.41778126,-0.04627274,0.85907876
WOLFSKILL_Fantasy_Seedless_4313,-0.014566013,-0.36864778,-0.0104899015,0.7789179
WOLFSKILL_Netter_1493,-0.020283796,0.3643701,-0.0041564237,-0.79139173
WOLFSKILL_Royal_2210,-0.033061773,-0.38058674,0.05656056,0.83438766
WOLFSKILL_Rothgipfler_4649,-0.036864948,-0.43919516,0.059278734,0.9500228
WOLFSKILL_Itonychi_Mavro_1985,-0.11640781,-0.24828465,0.34148836,0.66070354
WOLFSKILL_Pleven_Mychat_4418,-0.025110763,-0.3632682,0.03348673,0.7870441
WOLFSKILL_Kokinelia_6173,-0.027410153,-0.41282672,0.022851443,0.87807125
WOLFSKILL_Trieste_4x_3172,-0.0022385195,-0.3526762,-0.040598497,0.74991375
WOLFSKILL_Robin_3631,-0.023689047,-0.37549058,0.020727465,0.79784715
VINEYARDS_1103P_cab_san_joaquin_y2019_776,0.29110265,0.006195642,-0.7043774,-0.008393735
WOLFSKILL_Reflex_RF5_4022,-0.091683365,0.34061006,0.1781132,-0.7917659
ALGERIA_Ichmoul_233,-0.01702723,-0.39443687,-0.0126048755,0.8288729
WOLFSKILL_Chasselas_Napoleon_1042,-0.040106613,-0.382042,0.08897324,0.8507996
VINEYARDS_1103P_cab_san_joaquin_y2019_980,-0.013593004,-0.337748,-0.002315199,0.7309363
VINEYARDS_5C_cab_madera_y2018_4197,0.37703133,0.015416808,-0.91278636,-0.019350696
WOLFSKILL_Fokianoh_5821,-0.029098798,0.34875834,0.018913465,-0.7715113
WOLFSKILL_Moscato_Di_Terracina_4497,-0.048975565,-0.3467192,0.124665536,0.7912977
WOLFSKILL_Rothgipfler_4648,-0.032878473,-0.44282025,0.033451572,0.9448209
WOLFSKILL_Itonychi_Mavro_1984,-0.1421831,-0.07131168,0.391053,0.23514885
WOLFSKILL_Royal_2211,-0.0026092129,-0.3757679,-0.04060939,0.8016298
WOLFSKILL_Pleven_Mychat_4419,-0.006673837,-0.36598092,-0.026730703,0.78548557
WOLFSKILL_Fantasy_Seedless_4312,-0.030864824,-0.38644162,0.045134567,0.83776796
WOLFSKILL_Netter_1492,-0.030115597,0.36422795,0.02484121,-0.80457103
WOLFSKILL_Reflex_RF5_4023,-0.040918667,0.42468694,0.04944922,-0.94028103
ALGERIA_Ichmoul_232,-0.013973686,-0.38947076,-0.022826606,0.81529164
WOLFSKILL_Chasselas_Napoleon_1043,-0.027598482,-0.39571983,0.02980136,0.8491789
VINEYARDS_5C_cab_madera_y2018_4196,0.36478007,0.012708787,-0.88421035,-0.014674183
WOLFSKILL_Kokinelia_6172,0.0810125,0.1924995,-0.22613415,-0.41818362
WOLFSKILL_Trieste_4x_3173,0.28062984,0.036108453,-0.6842728,-0.07814059
VINEYARDS_1103P_chard_madera_y2018_3521,0.38488606,0.009616513,-0.9314784,-0.0019195713
VINEYARDS_1103P_cab_san_joaquin_y2019_777,0.37379473,0.010970313,-0.9046737,-0.006749399
WOLFSKILL_Robin_3630,-0.029317044,-0.42091972,0.025114054,0.89492357
WOLFSKILL_Grosse_Blaue_6013,-0.025422484,-0.38002223,0.0241973,0.81744576
WOLFSKILL_Bargoon_3454,-0.01960101,-0.35821578,0.011459621,0.76694256
WOLFSKILL_Feher_Som_5779,-0.015311667,-0.3374868,0.00436865,0.7284742
WOLFSKILL_Wittberger_9068,-0.018226806,-0.4101464,-0.008119954,0.8689412
WOLFSKILL_Nimrang_4486,-0.03912583,-0.40192455,0.07384506,0.88587236
WOLFSKILL_Lombardia_2909,-0.02670981,-0.3979858,0.026103036,0.85978675
WOLFSKILL_Mueller-thurgau_6630,0.28399298,0.024360616,-0.69167507,-0.04710878
VINEYARDS_1103P_chard_san_joaquin_y2018_2505,0.38916877,0.014640048,-0.94610924,-0.01825688
WOLFSKILL_Bargoon_3455,-0.056421354,-0.21235543,0.14936441,0.4936027
WOLFSKILL_Feher_Som_5778,-0.0322156,0.34953368,0.028344775,-0.7760868
WOLFSKILL_Grosse_Blaue_6012,0.118867755,0.13195533,-0.30661058,-0.28238958
WOLFSKILL_Mueller-thurgau_6631,-0.04760347,-0.34654742,0.11521489,0.7840078
WOLFSKILL_Nimrang_4487,-0.021931402,-0.4138862,0.010001613,0.888898
WOLFSKILL_Wittberger_9069,-0.03537057,-0.41729522,0.052917145,0.9054699
WOLFSKILL_Lombardia_2908,-0.06651404,-0.32681727,0.18355289,0.7810332
VINEYARDS_1103P_chard_san_joaquin_y2019_2258,0.3742074,0.0152635425,-0.90686285,-0.017841648
WOLFSKILL_Vranac_4934,-0.018809184,-0.39696282,-0.004490858,0.8346366
WOLFSKILL_UNKNOWN_CULTIVAR_9605,-0.006736125,0.21161006,-0.014421943,-0.48289686
WOLFSKILL_Aramon_5300,-0.010436702,0.38025084,-0.03175949,-0.81911147
WOLFSKILL_Lacturario_2129,-0.030039027,-0.4104517,0.03765995,0.8883332
WOLFSKILL_Bakari_Mavro_5421,0.005838995,0.30153602,-0.05962269,-0.65533376
VINEYARDS_5C_cab_san_joaquin_y2019_1430,0.37874576,0.01602425,-0.91867435,-0.025057208
WOLFSKILL_Khalili_2528,-0.020037562,-0.45153707,-0.009861527,0.95499074
WOLFSKILL_Pavai_6833,-0.036907703,0.33178028,0.042274706,-0.7437242
UCDAVIS_CINSAULT_401,0.040178385,0.28781325,-0.13980354,-0.62281495
WOLFSKILL_Rousseau_7179,0.041061644,-0.27195993,-0.13172947,0.5851117
WOLFSKILL_Blauer_Fruheburgunder_5006,-0.05873514,-0.29446027,0.16347232,0.6881818
WOLFSKILL_Royalty_7184,-0.05609384,0.29626706,0.095965154,-0.6823608
WOLFSKILL_Fraula_Kihi_2060,-0.015213699,-0.39108017,-0.013891788,0.8241235
VINEYARDS_5C_cab_san_joaquin_y2018_2967,0.36628273,0.011430591,-0.8882059,-0.009973623
VINEYARDS_5C_cab_san_joaquin_y2019_1431,0.36833444,0.011797179,-0.89380527,-0.016748898
WOLFSKILL_Khalili_2529,-0.028814167,-0.4050629,0.032123305,0.8676774
WOLFSKILL_Bakari_Mavro_5420,-0.009255917,-0.35178694,-0.015720746,0.75607324
WOLFSKILL_Pavai_6832,-0.027578983,0.36182174,0.014954666,-0.79682875
WOLFSKILL_Vranac_4935,-0.044911496,0.36449024,0.06222482,-0.81922215
VINEYARDS_1103P_chard_san_joaquin_y2019_2259,0.3766835,0.014423825,-0.9111296,-0.013211008
WOLFSKILL_Aramon_5301,-0.036811374,-0.39122912,0.0676223,0.8607615
WOLFSKILL_UNKNOWN_CULTIVAR_9604,-0.11273172,-0.021369379,0.2977616,0.08367969
WOLFSKILL_Royalty_7185,-0.056869857,0.26058525,0.09973057,-0.60580105
WOLFSKILL_Rozovii_Kishmish_1683,-0.021292105,-0.38726196,0.014368249,0.832811
WOLFSKILL_Blauer_Fruheburgunder_5007,0.21815012,0.01222261,-0.5272605,-0.027336504
VINEYARDS_5C_cab_san_joaquin_y2018_2966,0.36721733,0.0069468245,-0.8873104,0.002188284
WOLFSKILL_Fraula_Kihi_2061,-0.02695904,0.34621838,0.015370758,-0.76650584
VINEYARDS_freedom_chard_san_joaquin_y2018_3093,0.36127412,0.017240867,-0.87682605,-0.02947465
WOLFSKILL_Kristalli_6216,-0.07842868,0.21727262,0.1526157,-0.5145904
WOLFSKILL_Rousseau_7178,0.20357962,-0.14579248,-0.5136801,0.31449896
WOLFSKILL_Millishun_3443,-0.024719816,-0.36859787,0.028756509,0.79939896
WOLFSKILL_5-17_3848,-0.03591441,-0.36195832,0.07347158,0.80393326
WOLFSKILL_Late_Edessa_2896,-0.12544046,-0.29990864,0.3643586,0.7956455
VINEYARDS_freedom_cab_madera_y2018_2809,0.3761718,0.012731452,-0.91133034,-0.013636991
WOLFSKILL_Anna_Maria_4398,-0.06387108,-0.298326,0.17851509,0.706931
VINEYARDS_5C_chard_merced_y2018_2671,0.12705286,0.047092374,-0.3178319,-0.10818738
ALGERIA_Tizi Ouinine_422,-0.023229811,-0.41997933,0.010590224,0.90015846
WOLFSKILL_Zweigelt-rebe_9077,-0.02180374,-0.40513417,0.009380063,0.8712754
WOLFSKILL_Olmo_035-11_3311,-0.0029753437,-0.38018447,-0.039198957,0.81292975
WOLFSKILL_Ezerfuertu_8985,-0.07066269,-0.34389153,0.19759272,0.83094174
WOLFSKILL_Naboda_6687,-0.012147534,-0.38370275,-0.021306532,0.8112197
WOLFSKILL_Kulidzhinski_4376,-0.027155515,-0.43261367,0.018387517,0.92905605
VINEYARDS_freedom_cab_madera_y2018_3437,0.33969435,0.008946713,-0.82381266,-0.010248199
VINEYARDS_freedom_cab_madera_y2018_2808,0.36996257,0.016706564,-0.8988513,-0.023189094
WOLFSKILL_Late_Edessa_2897,0.33525482,0.010292646,-0.8122012,-0.01321369
ALGERIA_Tizi Ouinine_423,-0.006888629,-0.37048945,-0.02932732,0.7906676
WOLFSKILL_Anna_Maria_4399,-0.057443306,-0.35333192,0.14760914,0.81442773
WOLFSKILL_Berurargoon_3467,-0.022301447,-0.38194698,0.02184411,0.82745993
WOLFSKILL_5-17_3849,-0.019297339,-0.39786616,0.0015174802,0.85215837
WOLFSKILL_Shando_Khari_1751,-0.015550367,-0.36781543,-0.003967112,0.7792969
VINEYARDS_freedom_cab_madera_y2018_3436,0.35448626,0.00852159,-0.8578401,-0.0043869615
VINEYARDS_5C_cab_san_joaquin_y2019_2156,0.32779658,0.0100074075,-0.7939166,-0.011115041
WOLFSKILL_Olmo_035-11_3310,-0.014367507,-0.37192982,-0.0026377123,0.80759025
WOLFSKILL_Ezerfuertu_8984,-0.032989226,-0.4034173,0.05002033,0.88078374
WOLFSKILL_Psevthosirico_2188,0.34136704,0.0104835965,-0.8255435,-0.008690074
WOLFSKILL_Zweigelt-rebe_9076,-0.022595223,-0.36328503,0.02653853,0.79169685
ALGERIA_Amer Bouamar_126,-0.018662054,-0.38195008,-0.002507398,0.807814
VINEYARDS_1103P_cab_merced_y2018_5018,-0.02602576,0.34406242,0.008682715,-0.75799716
WOLFSKILL_Naboda_6686,-0.021674942,-0.39040223,0.00943548,0.8358151
WOLFSKILL_Velana_8060,-0.022855558,-0.31067893,0.040675037,0.6811948
WOLFSKILL_Choultu_White_4174,0.031170826,-0.29571807,-0.11625937,0.61891747
WOLFSKILL_Zinfandel_8233,-0.023859773,-0.3801851,0.023290394,0.820589
WOLFSKILL_Malvasia_Del_Chianti_6347,-0.032957166,0.3400799,0.029691504,-0.75591725
WOLFSKILL_Terret_Gris_7512,-0.04436447,-0.40725327,0.09907686,0.9055168
VINEYARDS_5C_chard_san_joaquin_y2018_3319,0.34448186,0.0006906502,-0.8328172,0.017815247
WOLFSKILL_Otscha_Bala_5190,-0.018970989,-0.34313446,0.020184627,0.7527064
WOLFSKILL_Malvasia_Rosario_6343,-0.021519408,-0.37836105,0.01467392,0.81518495
UCDAVIS_CARIGNANE_544,-0.030080326,0.34539393,0.021819161,-0.7672771
WOLFSKILL_Seedless_Emperor_4129,-0.027166843,-0.37519005,0.03693457,0.8178431
WOLFSKILL_UNKNOWN_CULTIVAR_4692,-0.010950626,-0.3248888,-0.0023391005,0.7053063
VINEYARDS_freedom_chard_san_joaquin_y2018_2923,0.40803686,0.014306739,-0.98951995,-0.014048953
WOLFSKILL_Dunkelfelder_9225,0.33205602,-0.0012903474,-0.80120385,0.020509142
WOLFSKILL_Alulu_28,0.16397819,0.060015876,-0.40607125,-0.13513508
WOLFSKILL_Olmo_030-51_3231,-0.01775065,-0.36477417,0.008681877,0.78717685
WOLFSKILL_Otscha_Bala_5191,0.0035064686,-0.3252936,-0.04923475,0.6925747
WOLFSKILL_Malvasia_Rosario_6342,-0.013853266,-0.3186347,0.0040166453,0.68664575
WOLFSKILL_Choultu_White_4175,0.3378877,-0.0011005439,-0.81711686,0.018568896
WOLFSKILL_Malvasia_Del_Chianti_6346,-0.013826742,-0.3479765,-0.0009459127,0.75264823
WOLFSKILL_Zinfandel_8232,0.070100985,-0.29823342,-0.20751157,0.63176525
WOLFSKILL_Velana_8061,-0.057406954,-0.3003699,0.1495246,0.69825876
WOLFSKILL_Terret_Gris_7513,0.0027859816,-0.40052438,-0.06273562,0.8474067
WOLFSKILL_Olmo_030-51_3230,-0.032218948,-0.35094544,0.06265522,0.7748356
UCDAVIS_DOG_RIDGE_114,-0.03022404,0.35156888,0.023024729,-0.7764883
WOLFSKILL_UNKNOWN_CULTIVAR_4693,-0.021261808,-0.40083593,0.00977925,0.86102355
WOLFSKILL_Seedless_Emperor_4128,-0.029045217,-0.41396278,0.033579126,0.8931966
WOLFSKILL_Daphnata_daphnia_5693,-0.00062543526,-0.342353,-0.04093482,0.7285973
WOLFSKILL_Schonburger_4826,0.00055204146,0.36665446,-0.058021963,-0.7906776
WOLFSKILL_Dunkelfelder_9224,0.0153065985,-0.41580465,-0.10764904,0.86054075
VINEYARDS_freedom_chard_san_joaquin_y2018_2922,0.35821187,0.013919737,-0.8681952,-0.017438356
VINEYARDS_freedom_chard_madera_y2019_1111,0.37903404,0.011374027,-0.91815555,-0.007589165
WOLFSKILL_Bellino_982,-0.028286312,0.28329477,0.02728892,-0.6396317
WOLFSKILL_Humagne_4239,0.34596843,0.0093014315,-0.8388815,-0.011683341
WOLFSKILL_Negrara_Gattinara_5055,0.00872496,-0.3770989,-0.072811075,0.802194
WOLFSKILL_Greco_Bianco_5976,-0.022310026,-0.3780648,0.015042307,0.8106121
WOLFSKILL_Dornfelder_4029,-0.010860804,0.32952827,-0.024304438,-0.7257446
WOLFSKILL_Early_Muscat_4186,-0.014086568,-0.4032787,-0.023271795,0.84756374
WOLFSKILL_Sev_Lernatu_PRG_2224_9050,0.16227193,0.06623271,-0.39718956,-0.14459531
ALGERIA_Babari_150,-0.028369002,-0.41491377,0.026151745,0.8891514
WOLFSKILL_UNKNOWN_CULTIVAR_9522,-0.015415004,-0.3707178,-0.004439218,0.7924278
WOLFSKILL_Duc_De_Malakoff_1143,-0.023856815,-0.4307251,0.003605226,0.9100559
WOLFSKILL_Malvasia_Bianca_6330,-0.018077172,-0.31831333,0.020588735,0.68840575
WOLFSKILL_Pinot_Noir_Espinett_5092,-0.07075522,-0.3468014,0.20354618,0.83405113
WOLFSKILL_UNKNOWN_CULTIVAR_9744,-0.009912665,-0.41035223,-0.032064322,0.86693025
WOLFSKILL_Rodites_1668,-0.031003661,-0.39644915,0.044688456,0.86026776
WOLFSKILL_Greco_Bianco_5977,-0.042075254,-0.3979898,0.090534605,0.88188434
WOLFSKILL_Dornfelder_4028,-0.02028102,0.3816304,-0.00814401,-0.8309685
WOLFSKILL_Mariposa_Muscat_4512,-0.002395194,-0.36794788,-0.039795436,0.7826724
WOLFSKILL_Negrara_Gattinara_5054,-0.017160483,-0.4187998,-0.010658247,0.88887
VINEYARDS_freedom_chard_merced_y2019_594,0.37862095,0.016157698,-0.91892797,-0.024275374
WOLFSKILL_Early_Muscat_4187,-0.024582762,0.37220818,0.007448934,-0.81433296
VINEYARDS_freedom_chard_madera_y2019_1110,0.37027302,0.010502074,-0.89754,-0.01090591
WOLFSKILL_Bellino_983,-0.020554326,-0.4044755,9.157322e-05,0.8506399
WOLFSKILL_Humagne_4238,-0.015094771,-0.41426784,-0.01668796,0.88060355
WOLFSKILL_Rodites_1669,-0.05041758,-0.35993108,0.12963402,0.8242416
WOLFSKILL_UNKNOWN_CULTIVAR_9745,-0.027052164,-0.4164482,0.025290782,0.89641374
WOLFSKILL_Seedless_Emperor_1746,-0.02301364,-0.41334647,0.0101930965,0.88395226
VINEYARDS_freedom_chard_madera_y2019_469,0.32209632,0.0143780075,-0.77958095,-0.024405632
WOLFSKILL_UNKNOWN_CULTIVAR_9523,-0.04941942,-0.284861,0.12669802,0.65070224
WOLFSKILL_Malvasia_Bianca_6331,0.13984157,-0.1369327,-0.36220935,0.29423025
WOLFSKILL_Pinot_Noir_Espinett_5093,-0.014189855,-0.3930608,-0.019552445,0.82586354
WOLFSKILL_Boal_Cachudo_5496,0.07892078,-0.1651029,-0.2128752,0.3588556
WOLFSKILL_Duc_De_Malakoff_1142,0.036374826,-0.34086138,-0.13806047,0.7133277
ALGERIA_Babari_151,-0.018324986,-0.38921085,-0.003749365,0.82392204
WOLFSKILL_Buraburi_3492,0.047013436,0.23671211,-0.14612566,-0.51853335
WOLFSKILL_Kabuli_3435,-0.019233227,-0.3659322,0.012182044,0.7942747
WOLFSKILL_Peloursin_5736,-0.037174433,-0.39620426,0.07169884,0.86973727
WOLFSKILL_Tsambato_7636,-0.060119577,-0.35174122,0.15898539,0.82335347
WOLFSKILL_Nebbiolo_Michet_9189,-0.019635338,-0.4204458,-0.007972943,0.8886814
WOLFSKILL_Kabajink_6088,-0.027751062,0.33910143,0.018935947,-0.75276625
WOLFSKILL_Blauer_Spatburgunder_5460,-0.02835016,-0.37338865,0.04411503,0.81477666
WOLFSKILL_Muscat_Crime_6665,-0.008662253,-0.4033832,-0.036063902,0.84809464
WOLFSKILL_Olmo_035-41_3316,0.24173278,-0.06030202,-0.5950911,0.13457793
WOLFSKILL_Black_Hamburg_2613,-0.028755583,-0.42240933,0.021481028,0.8960967
WOLFSKILL_Black_Muscat_Alexandria_358,-0.1442958,-0.0757229,0.38938615,0.24268161
WOLFSKILL_Alicante_Bouschet_4585,-0.11625538,-0.26219395,0.34558195,0.70053494
WOLFSKILL_Pardala_8646,-0.026597165,-0.42190996,0.017503379,0.8999014
WOLFSKILL_Pinot_Vert_Dore_7050,-0.1051673,-0.2396856,0.3042159,0.62054765
WOLFSKILL_Ruby_Okuyama_4349,-0.031904988,-0.37823653,0.052440837,0.82862353
WOLFSKILL_Nebbiolo_Michet_9188,0.07757188,0.17572193,-0.21433187,-0.37793624
WOLFSKILL_Buraburi_3493,-0.03369032,-0.40392685,0.05131183,0.8782164
WOLFSKILL_Pardala_8647,-0.029981472,0.39293587,0.020218624,-0.8625021
WOLFSKILL_Alicante_Bouschet_4584,-0.090000235,-0.21568082,0.26663178,0.5501399
WOLFSKILL_Pinot_Vert_Dore_7051,0.33099714,0.0011306293,-0.7998706,0.01727892
WOLFSKILL_Muscat_Crime_6664,-0.0407013,-0.32006288,0.09541095,0.7185214
WOLFSKILL_Blauer_Spatburgunder_5461,-0.054177687,-0.33429483,0.14198992,0.7714884
WOLFSKILL_Black_Hamburg_2612,-0.032514956,-0.38116118,0.054754905,0.83356345
WOLFSKILL_Black_Muscat_Alexandria_359,0.2122491,-0.029764798,-0.5166991,0.075167514
WOLFSKILL_Olmo_035-41_3317,-0.011665628,-0.22308885,0.020568965,0.49047005
WOLFSKILL_Husseine_2078,-0.023763169,-0.37117368,0.028209506,0.8076547
WOLFSKILL_Solferino_1771,-0.034092728,-0.43397972,0.0475597,0.9371119
WOLFSKILL_Vertzami_7704,-0.066864364,-0.2889819,0.1895123,0.693745
WOLFSKILL_Carignane_5598,-0.007994655,-0.34130222,-0.024347203,0.7216034
WOLFSKILL_Stophiliatico_7411,-0.025451858,-0.41387868,0.019785402,0.8879299
VINEYARDS_1103P_chard_san_joaquin_y2019_668,0.3744299,0.014606137,-0.9102026,-0.022553403
WOLFSKILL_Siewiernyi_9055,-0.030730724,0.25398147,0.03534954,-0.57770216
VINEYARDS_5C_chard_san_joaquin_y2018_2485,0.3314288,0.008875098,-0.8029542,-0.009164523
WOLFSKILL_Turkish_Grape_1875,-0.02251115,0.38467818,-0.002972059,-0.83398867
UCDAVIS_AXR1_595,-0.017943356,-0.3995819,2.2232533e-05,0.8536252
WOLFSKILL_Ladyfinger_Mutant_of_Thompson_Seedless4X_3400,0.13299651,-0.0036560744,-0.32971722,0.0031645112
WOLFSKILL_Mosho_Patata_7955,-0.1308846,0.15106483,0.30003914,-0.33887735
WOLFSKILL_Clevner_Mariafeld_5029,-0.04112446,-0.4013893,0.082407735,0.8875595
WOLFSKILL_Olmo_6F_V19_9204,-0.094614394,-0.21250951,0.26915032,0.5362706
WOLFSKILL_Spin_Kwar_4039,-0.02730871,-0.44093847,0.017033795,0.9413641
WOLFSKILL_Purpurea_4453,0.27444735,0.0014410093,-0.66364306,0.008058276
WOLFSKILL_Carignane_5599,-0.05657717,0.2764141,0.09296349,-0.63522303
WOLFSKILL_Frankenthal_2806,-0.08890342,0.29003164,0.17170836,-0.67780197
WOLFSKILL_Solferino_1770,-0.032075007,-0.45224774,0.029238665,0.96363103
WOLFSKILL_Husseine_2079,-0.016386054,0.38925368,-0.017196339,-0.84151095
WOLFSKILL_Olmo_6F_V19_9205,-0.15553853,0.06598419,0.3922168,-0.1032815
VINEYARDS_5C_chard_merced_y2019_339,0.34888864,0.018370997,-0.84772897,-0.034782242
WOLFSKILL_Mosho_Patata_7954,-0.07445789,0.2609442,0.1328564,-0.60639083
WOLFSKILL_Clevner_Mariafeld_5028,0.004150196,-0.3648504,-0.060304224,0.77454555
WOLFSKILL_Spin_Kwar_4038,-0.03663748,-0.45752892,0.051037528,0.98252493
WOLFSKILL_Stophiliatico_7410,-0.026828684,-0.40068263,0.025564948,0.8647499
WOLFSKILL_Kadarka_6089,-0.018466506,-0.38066864,0.006133491,0.81964856
WOLFSKILL_Ladyfinger_Mutant_of_Thompson_Seedless4X_3401,-0.13461967,0.048617866,0.33736938,-0.07800558
WOLFSKILL_Turkish_Grape_1874,0.0022908892,-0.37800407,-0.058964096,0.7971649
WOLFSKILL_Siewiernyi_9054,-0.019782268,-0.40566468,-0.002340505,0.8588986
WOLFSKILL_Kolokithian_6177,-0.02860193,-0.39800513,0.036092915,0.86761594
WOLFSKILL_Marzemino_6391,-0.016586378,-0.35986602,0.0021857638,0.7701916
WOLFSKILL_Barlinka_2682,-0.017291844,-0.42106503,-0.0119942855,0.89416903
WOLFSKILL_Fahri_Kalamak_1203,0.0315887,-0.32612714,-0.120161034,0.6898545
WOLFSKILL_Boal_Da_Figueira_5503,0.2359304,-0.014196988,-0.5727804,0.037759244
WOLFSKILL_Triplett_T203-1_9361,-0.021226797,-0.35221016,0.022768402,0.76822996
WOLFSKILL_Canaiolo_Nero_5585,-0.15200408,0.091967285,0.3705371,-0.17733607
WOLFSKILL_Petite_Verdot_6915,-0.018067867,-0.40498915,-0.005382387,0.86118746
WOLFSKILL_Abla_Aganin_Isium_735,-0.157764,-0.16996087,0.4486363,0.5006706
WOLFSKILL_Petit_Manseng_7026,-0.032337893,-0.40925956,0.047147878,0.8860513
WOLFSKILL_Meslier_6468,-0.00805569,0.30283022,-0.023749135,-0.6658343
WOLFSKILL_Red_Veltliner_7118,-0.036728512,-0.37723804,0.074153475,0.8308314
WOLFSKILL_Petite_Verdot_6914,-0.04825721,0.33059227,0.07363203,-0.75101304
WOLFSKILL_Fahri_Kalamak_1202,0.34002087,0.009075165,-0.82277817,-0.0045510493
WOLFSKILL_Boal_Da_Figueira_5502,-0.087839805,-0.30240855,0.25495088,0.75907934
WOLFSKILL_Triplett_T203-1_9360,-0.067124784,-0.293468,0.19074881,0.7045789
WOLFSKILL_Abla_Aganin_Isium_734,0.32971737,0.0056838803,-0.79654586,0.0007756986
WOLFSKILL_Aleatico_5236,-0.02406342,-0.41926306,0.01211079,0.89531255
WOLFSKILL_Red_Veltliner_7119,-0.03298618,-0.3701874,0.066041924,0.80988383
WOLFSKILL_Petit_Manseng_7027,-0.12780072,-0.19059126,0.37469727,0.5248501
WOLFSKILL_Meslier_6469,0.0353266,-0.27160785,-0.1199273,0.57263064
WOLFSKILL_Stambul_Ali_stambulari_839,-0.034797948,-0.42038566,0.05109323,0.9122597
WOLFSKILL_Muscat_Hamburg_1447,-0.037770107,-0.3108558,0.09049212,0.69544053
WOLFSKILL_Mezes_4632,-0.024636049,-0.3626815,0.033770442,0.79353213
WOLFSKILL_Asma_748,0.012746398,-0.25736636,-0.058261745,0.5568286
WOLFSKILL_Peagudo_6845,-0.022328157,-0.379304,0.01675718,0.8177137
WOLFSKILL_Mavroliatis_7928,-0.046818256,-0.33028087,0.11840061,0.75074923
WOLFSKILL_Vidal_99T_9482,-0.049210668,-0.3573767,0.121810175,0.8130331
WOLFSKILL_Zlahtina_2285,-0.024015047,0.37639868,0.0054734107,-0.8211617
WOLFSKILL_Zinfandel_Heritage_Sel._17_4566,0.019239116,0.23543258,-0.0771615,-0.52167594
WOLFSKILL_Cardinal_1024,-0.030192278,-0.4216786,0.03191699,0.9034008
WOLFSKILL_Malta_Seedless_663,-0.01455908,-0.39476386,-0.01972971,0.8284108
WOLFSKILL_Plavac_Mali_4795,-0.027993616,-0.42311633,0.0235102,0.90264535
WOLFSKILL_Vuthomato_7715,-0.03188175,-0.44375065,0.032241583,0.950292
WOLFSKILL_Beli_Potok_4890,-0.03385424,-0.3331889,0.06929197,0.73687506
WOLFSKILL_Gold_1229,-0.19428672,-0.0050034225,0.52961236,0.11760785
WOLFSKILL_Ferdinand_De_Lesseps_1212,-0.02578307,-0.3660748,0.03194782,0.7907473
VINEYARDS_5C_chard_san_joaquin_y2018_2887,0.38472754,0.01642957,-0.93445003,-0.025667753
VINEYARDS_1103P_chard_madera_y2019_236,0.3978103,0.01473828,-0.9635984,-0.015020456
WOLFSKILL_Cardinal_1025,-0.02371873,-0.35668647,0.027308313,0.77165914
WOLFSKILL_Malta_Seedless_662,0.36940965,0.010913912,-0.8946075,-0.010760341
WOLFSKILL_Zlahtina_2284,-0.02822014,-0.4482043,0.013001399,0.9494026
WOLFSKILL_Zinfandel_Heritage_Sel._17_4567,-0.016972575,0.23618315,0.004853353,-0.5328908
WOLFSKILL_Asma_749,-0.013567132,0.25531137,-0.004659688,-0.5757965
WOLFSKILL_Peagudo_6844,0.036470853,-0.3037579,-0.13041349,0.6420438
WOLFSKILL_Mezes_4633,-0.020402964,-0.36338213,0.01370983,0.78271425
WOLFSKILL_Stambul_Ali_stambulari_838,-0.027293809,-0.39590186,0.031345233,0.85669357
WOLFSKILL_Mavroliatis_7929,-0.035536036,-0.40825814,0.05653981,0.88903046
VINEYARDS_1103P_chard_madera_y2019_237,0.38272753,0.010448229,-0.92979383,-0.010228928
WOLFSKILL_Beli_Potok_4891,-0.018211797,-0.40352544,-0.010271331,0.846461
WOLFSKILL_Gold_1228,-0.16205649,-0.1429757,0.46669105,0.43965358
WOLFSKILL_Ferdinand_De_Lesseps_1213,-0.014396715,-0.39395252,-0.010561688,0.8439235
WOLFSKILL_Vuthomato_7714,-0.023151234,-0.39121333,0.01716643,0.8409209
WOLFSKILL_Malvasia_Rosavenda_6360,0.06342397,0.22242929,-0.1890226,-0.48041707
WOLFSKILL_Kominato_6188,0.04162882,0.30804488,-0.14584838,-0.6641362
WOLFSKILL_Boal_Da_Figueira_5499,-0.045232933,-0.34411174,0.10943379,0.77719915
WOLFSKILL_Setzlinge_Dodreliabi_868,-0.02487161,-0.328312,0.04747323,0.72865987
VINEYARDS_freedom_chard_madera_y2018_3424,0.37644306,0.0165696,-0.91282904,-0.026366007
WOLFSKILL_Violento_4672,-0.03678956,-0.35896167,0.075721,0.79595464
WOLFSKILL_Austrian_Seedless_2408,-0.039806172,-0.36302817,0.08739159,0.80722255
WOLFSKILL_Malmsey_8606,-0.023390006,-0.4065873,0.012059523,0.87084734
WOLFSKILL_Patrino_8737,-0.03897988,0.35658526,0.041963764,-0.79435086
WOLFSKILL_Fuji_3155,-0.08564185,0.2516332,0.16531013,-0.5923143
VINEYARDS_freedom_chard_merced_y2019_2079,0.37065116,0.011035331,-0.89814776,-0.009028535
WOLFSKILL_Kwar_II_3409,-0.035498045,-0.34610546,0.07924374,0.7753613
WOLFSKILL_Askathari_5334,0.19012123,0.10698606,-0.47482443,-0.23568839
VINEYARDS_1103P_chard_madera_y2019_504,0.3527615,0.012287013,-0.8558151,-0.018042859
VINEYARDS_1103P_chard_madera_y2018_4201,0.34379378,0.010170896,-0.83325666,-0.013108034
WOLFSKILL_Boal_Da_Figueira_5498,0.1715926,0.071579814,-0.42341444,-0.16035059
WOLFSKILL_Setzlinge_Dodreliabi_869,0.0019506263,-0.32997572,-0.043327816,0.71051896
WOLFSKILL_Austrian_Seedless_2409,-0.027324859,-0.3695073,0.038671926,0.79708636
WOLFSKILL_Violento_4673,-0.051142402,-0.301866,0.13391182,0.69895965
VINEYARDS_1103P_cab_san_joaquin_y2018_2444,0.36162826,0.00697406,-0.87346435,0.0021899976
WOLFSKILL_Blaue_Elbe_5456,-0.029219154,0.3555492,0.023634555,-0.78824776
WOLFSKILL_Kominato_6189,-0.048138797,-0.32565802,0.1175764,0.7384525
VINEYARDS_1103P_chard_madera_y2019_505,0.37454605,0.014263593,-0.9088487,-0.018178012
WOLFSKILL_Patrino_8736,0.054210465,0.27060896,-0.16983598,-0.5841797
WOLFSKILL_Malmsey_8607,-0.0146922255,0.35094443,-0.014677341,-0.7689067
VINEYARDS_freedom_chard_merced_y2019_2078,0.35958186,0.010916878,-0.8698213,-0.01016764
WOLFSKILL_Fuji_3154,0.0022364724,-0.40953535,-0.06858344,0.85572886
WOLFSKILL_Kwar_II_3408,-0.03455438,0.37200975,0.029859496,-0.82522786
WOLFSKILL_Askathari_5335,-0.02074413,0.2031763,0.015218655,-0.472165
WOLFSKILL_Fileri_7958,-0.021022394,-0.41199312,0.0047231,0.8843955
WOLFSKILL_Saint_Emilion_7225,0.010431429,-0.25693023,-0.053346537,0.5536591
WOLFSKILL_Psarotherico_7987,-0.009817646,-0.4105671,-0.03765538,0.85891527
WOLFSKILL_Arhaniotico_Kokino_5319,-0.013799657,-0.40095067,-0.021148363,0.84085625
VINEYARDS_5C_chard_san_joaquin_y2018_4684,0.37483498,0.016524583,-0.91202235,-0.028387498
WOLFSKILL_White_Riesling_7759,0.19289863,-0.083930746,-0.48516548,0.18664715
WOLFSKILL_Kleinberger_6157,-0.025000848,-0.4046364,0.020913502,0.8679246
WOLFSKILL_Retino_Lefko_8129,-0.020155825,-0.3820177,0.0064079165,0.8169146
VINEYARDS_1103P_chard_san_joaquin_y2019_1045,-0.020503193,-0.4065733,0.0026043653,0.8702332
WOLFSKILL_Arhaniotico_Kokino_5318,-0.013635186,-0.3505124,9.63863e-05,0.754816
WOLFSKILL_Psarotherico_7986,-0.027232733,-0.4578448,0.0074509587,0.9651062
WOLFSKILL_White_Riesling_7758,0.0010708543,-0.29561734,-0.03298705,0.6458874
WOLFSKILL_Saint_Emilion_7224,0.0073198243,-0.30451685,-0.055601716,0.6420748
WOLFSKILL_Fileri_7959,-0.021497015,-0.418342,0.0069112647,0.8981913
VINEYARDS_freedom_chard_san_joaquin_y2019_902,0.37790224,0.012726437,-0.91781497,-0.015932608
WOLFSKILL_Retino_Lefko_8128,-0.027870152,-0.37101153,0.04114616,0.81099087
WOLFSKILL_Kleinberger_6156,-0.014848351,0.34348646,-0.0118296305,-0.754284
WOLFSKILL_Pirovano_47_188,-0.030287541,-0.3941771,0.043115146,0.85497427
WOLFSKILL_Furmint_5863,-0.12951986,0.23662819,0.27532127,-0.5543425
ALGERIA_Louali_372,-0.024007697,-0.40717524,0.017006898,0.87584263
WOLFSKILL_Sultana_2393,-0.032705605,0.22333638,0.044715524,-0.516021
WOLFSKILL_Pirovano_47_189,-0.0017308416,-0.38156715,-0.048533052,0.8051583
VINEYARDS_1103P_cab_merced_y2019_419,0.37029305,0.012990739,-0.89989966,-0.017753288
WOLFSKILL_Furmint_5862,-0.1179461,-0.24340768,0.34230608,0.6491977
WOLFSKILL_Sultana_2392,-0.072922744,-0.292611,0.20748508,0.71090734
WOLFSKILL_Ciminnita_8751,0.090792894,0.18652765,-0.251602,-0.40105188
WOLFSKILL_Black_Ferrara_3092,0.15176173,0.066331655,-0.37223473,-0.14485979
WOLFSKILL_Fresno_35-75_487,-0.11019422,0.24417688,0.23196083,-0.58374876
ALGERIA_Bouabane des Aures_209,-0.023979586,-0.38375193,0.01870695,0.8234747
VINEYARDS_5C_cab_san_joaquin_y2018_3653,0.38824347,0.01115571,-0.9385899,-0.004124388
WOLFSKILL_Baidh_Ul_Haman_954,-0.007409975,-0.3269202,-0.020259611,0.69308
WOLFSKILL_Zinfandel_Heritage_Sel._14_4556,-0.025044061,-0.40512002,0.014976444,0.8568789
VINEYARDS_freedom_chard_madera_y2019_445,0.35656172,0.009933684,-0.8631247,-0.0070024244
WOLFSKILL_Appley_Towers_35,-0.042287953,0.37227863,0.049447916,-0.8304097
WOLFSKILL_Emperor_1158,-0.012869502,-0.39004397,-0.015834263,0.833624
WOLFSKILL_Monakka_1419,-0.028012544,-0.3599911,0.045362182,0.7803241
WOLFSKILL_Rambola_1631,-0.014702787,-0.40455478,-0.02217662,0.84552526
VINEYARDS_freedom_chard_madera_y2019_444,0.3880315,0.017092813,-0.94219303,-0.026515659
WOLFSKILL_Appley_Towers_34,-0.014437557,-0.38461372,-0.009348553,0.8244271
WOLFSKILL_Baidh_Ul_Haman_955,-0.03843642,-0.31012946,0.09037825,0.69272316
WOLFSKILL_Zinfandel_Heritage_Sel._14_4557,-0.00010323338,0.29660168,-0.043105967,-0.648043
WOLFSKILL_Carignane_6587,0.13903145,-0.15377831,-0.36261797,0.326118
WOLFSKILL_Ciminnita_8750,0.33148572,0.00978237,-0.8032329,-0.011522654
WOLFSKILL_Black_Ferrara_3093,-0.052262865,0.20990212,0.08913418,-0.49383855
VINEYARDS_5C_cab_san_joaquin_y2018_3652,0.323466,0.0032277517,-0.7803141,0.006251354
WOLFSKILL_Olivette_Noire_2486,-0.037094526,-0.34686917,0.08005478,0.77176595
WOLFSKILL_Fresno_35-75_486,-0.0074203983,0.33699125,-0.034344606,-0.7301824
ALGERIA_Bouabane des Aures_208,-0.022725876,-0.37541258,0.017445078,0.8074912
WOLFSKILL_Tarrango_I_3661,-0.02047607,-0.43765724,-0.010594884,0.92063594
WOLFSKILL_Emperor_1159,0.048043475,-0.33681118,-0.16499522,0.7053946
WOLFSKILL_Mourisco_6595,-0.036125552,-0.3925249,0.06321976,0.8637598
WOLFSKILL_Unknown_Cultivar_6622,-0.026736058,-0.3981033,0.029832182,0.8628528
WOLFSKILL_Damas_Rose_1099,-0.02204626,-0.36281794,0.020995615,0.7832706
WOLFSKILL_Sangiovese_7246,-0.022745878,0.3975085,-0.00076991506,-0.86337733
WOLFSKILL_Tavriz_9106,-0.04632081,0.31987077,0.06611732,-0.7255519
WOLFSKILL_Muscat_Noir_De_Hongrie_1465,-0.024443343,-0.37209558,0.028641602,0.8008944
WOLFSKILL_Askary_1997,-0.025171012,0.36642492,0.00778958,-0.8035017
WOLFSKILL_Emile_Royal_1145,-0.0641561,0.3323692,0.107115276,-0.76147044
WOLFSKILL_Citronelle_1058,-0.016124189,-0.42645425,-0.030275367,0.88333726
WOLFSKILL_Kara_Lakana_6133,0.009153006,-0.39337468,-0.08202141,0.82495284
WOLFSKILL_Nebbiolo_6706,-0.1131011,-0.22815819,0.33388114,0.60615325
WOLFSKILL_Bacchus_8285,-0.019780356,-0.407066,-0.0019818041,0.86065376
WOLFSKILL_Palomino_6846,-0.020805683,-0.42009383,0.0009923503,0.89710206
WOLFSKILL_Semillon_8239,-0.027736783,-0.3134309,0.053508647,0.69141114
WOLFSKILL_Red_Hanepoot_2189,-0.018781122,-0.37172443,0.0077442955,0.79998004
WOLFSKILL_Zweigelt-rebe_9081,-0.029032897,-0.39767507,0.035337396,0.86247075
WOLFSKILL_Dabouki_2512,-0.20903096,-0.0712136,0.5670239,0.2925264
WOLFSKILL_Milton_1412,-0.0063085854,0.3193319,-0.029712074,-0.6990535
WOLFSKILL_Roussico_8021,-0.097863704,-0.24323656,0.28433734,0.6239921
VINEYARDS_1103P_cab_merced_y2019_2140,0.3566778,0.013744373,-0.86560935,-0.020606648
WOLFSKILL_Emile_Royal_1144,0.018043693,-0.3336702,-0.08627633,0.7087355
WOLFSKILL_Citronelle_1059,-0.018190429,-0.42817873,-0.023815066,0.88770795
WOLFSKILL_Askary_1996,-0.035360493,-0.15425025,0.08933425,0.34729698
WOLFSKILL_Damas_Rose_1098,-0.027508482,-0.3607786,0.04145793,0.7887784
WOLFSKILL_Unknown_Cultivar_6623,0.008966582,-0.32055858,-0.06039256,0.6878662
WOLFSKILL_Sangiovese_7247,-0.034440458,0.38894415,0.031146562,-0.8596339
WOLFSKILL_Muscat_Noir_De_Hongrie_1464,-0.035264976,-0.355329,0.08288025,0.7874367
VINEYARDS_freedom_cab_san_joaquin_y2019_1017,-0.018347893,-0.3258063,0.020891516,0.71188617
WOLFSKILL_Roussico_8020,-0.022884,-0.4033809,0.007571088,0.8569035
WOLFSKILL_Dabouki_2513,-0.069155574,-0.31009293,0.19856003,0.7533096
WOLFSKILL_Milton_1413,-0.00900272,-0.358735,-0.020837527,0.76386994
VINEYARDS_1103P_cab_merced_y2019_2141,0.36501238,0.014716063,-0.8844545,-0.021108296
WOLFSKILL_Palomino_6847,-0.026363723,0.32087964,0.014291251,-0.7130747
WOLFSKILL_Nebbiolo_6707,-0.060509615,-0.32909593,0.16876303,0.7750468
WOLFSKILL_Bacchus_8284,-0.05900474,-0.29679185,0.16066895,0.6944069
WOLFSKILL_Zweigelt-rebe_9080,-0.0146796005,-0.3613816,-0.003122976,0.78096914
WOLFSKILL_Semillon_8238,-0.016821206,-0.38824546,-0.0036856122,0.8323873
WOLFSKILL_Black_Hamburg_107,-0.028333157,-0.3974458,0.031802222,0.847634
WOLFSKILL_Poet_Matabon_182,-0.0318397,-0.38197023,0.055475213,0.83646584
WOLFSKILL_Kurutaktas_2124,-0.028582975,0.33549047,0.020927215,-0.7443497
WOLFSKILL_Mondeuse_6517,-0.0143631315,-0.3981769,-0.01242529,0.8543399
WOLFSKILL_Mavrodaphne_6419,0.097995564,-0.25333744,-0.27129766,0.53971684
VINEYARDS_freedom_chard_madera_y2018_4268,0.37737325,0.011794105,-0.91366935,-0.009926911
WOLFSKILL_Chasselas_Napoleon_3029,-0.02302311,-0.38900396,0.01916659,0.84120905
WOLFSKILL_Platirahah_7062,-0.017656662,-0.39282185,-0.00370422,0.83408415
WOLFSKILL_Lattuario_1335,0.08650323,0.18369226,-0.23983583,-0.39555615
WOLFSKILL_Grignolino_5993,-0.020141829,-0.33426523,0.021777285,0.7237962
WOLFSKILL_Taifi_555,-0.08552914,0.32904768,0.16093567,-0.762744
WOLFSKILL_Kurutaktas_2125,0.011269307,-0.36353797,-0.07802974,0.76918435
WOLFSKILL_Poet_Matabon_183,-0.012044112,-0.38816568,-0.01914898,0.82800734
WOLFSKILL_Mondeuse_6516,-0.022912048,0.3533631,0.0046384763,-0.7780622
WOLFSKILL_Mavrodaphne_6418,-0.06581347,-0.26570016,0.19034688,0.64214826
VINEYARDS_5C_cab_san_joaquin_y2019_950,-0.006718443,-0.3753761,-0.030880326,0.80200255
WOLFSKILL_Black_Hamburg_106,-0.02988102,-0.43345478,0.025430536,0.9241977
WOLFSKILL_Gouveio_5957,-0.005203587,-0.38672414,-0.04073257,0.81589735
WOLFSKILL_Taifi_554,-0.061057158,-0.3008439,0.17037904,0.7130281
WOLFSKILL_Lattuario_1334,0.40754673,0.013524119,-0.98640525,-0.009052146
WOLFSKILL_Chasselas_Napoleon_3028,-0.044522226,-0.3934782,0.10245902,0.8813679
WOLFSKILL_Syrah_6895,-0.09431369,-0.26034254,0.28406623,0.6689453
WOLFSKILL_Muscat_St._Laurent_2339,0.031064454,-0.31848848,-0.11868563,0.67213094
WOLFSKILL_Rodiares_7990,-0.008039777,-0.38388735,-0.032358885,0.81145287
VINEYARDS_1103P_chard_san_joaquin_y2018_3632,0.36003307,0.0134968385,-0.874439,-0.022485014
WOLFSKILL_Futuna_700_242,0.1529003,-0.1750942,-0.4006434,0.3654076
WOLFSKILL_Katta_Kurgan_6138,-0.064224295,0.27427864,0.10920287,-0.63360965
WOLFSKILL_Olmo_034-55_3293,0.017943542,-0.26517832,-0.07461176,0.5640744
WOLFSKILL_Malvasia_del_Chianti_6262,-0.026159719,-0.39047247,0.024285274,0.8399731
WOLFSKILL_Aswad_3874,0.08201511,-0.25722063,-0.23545875,0.53853834
WOLFSKILL_Long_Emperor_1356,-0.035832215,-0.2839651,0.08377997,0.63392806
WOLFSKILL_Rodiares_7991,0.024278145,-0.24717572,-0.087059565,0.5310393
WOLFSKILL_Syrah_6894,-0.032069936,-0.40785158,0.041603424,0.8792366
WOLFSKILL_Muscat_St._Laurent_2338,-0.016850866,-0.277436,0.029683517,0.6074207
WOLFSKILL_Olmo_034-55_3292,-0.0031817807,-0.32118034,-0.02764858,0.692438
WOLFSKILL_Malvasia_del_Chianti_6263,-0.025117826,-0.37205616,0.030440604,0.80776846
WOLFSKILL_Aswad_3875,0.3614072,0.015643463,-0.8771152,-0.025562543
WOLFSKILL_Futuna_700_243,-0.065049574,-0.275145,0.18349293,0.6629164
WOLFSKILL_Katta_Kurgan_6139,-0.030635342,-0.3579189,0.055802874,0.7870145
WOLFSKILL_Jampal_6065,-0.027891267,-0.41808653,0.024445167,0.8932586
WOLFSKILL_Fort_Ross_Vine_2449,-0.04109485,0.18094324,0.06748227,-0.42617112
WOLFSKILL_UNKNOWN_CULTIVAR_9661,-0.0060755806,-0.33860332,-0.024744105,0.7246708
WOLFSKILL_Rizamat_678,-0.03361148,-0.40220636,0.051795058,0.8774454
VINEYARDS_1103P_chard_madera_y2019_1927,0.3449659,0.013257828,-0.8362241,-0.020356867
WOLFSKILL_Mavrovomaico_6431,-0.02907725,-0.40519053,0.032624006,0.8734967
WOLFSKILL_Siar_1764,0.3930616,0.016016241,-0.953377,-0.022606697
WOLFSKILL_Fort_Ross_Vine_2448,-0.047132917,0.2889987,0.06681939,-0.65803766
WOLFSKILL_UNKNOWN_CULTIVAR_9660,-0.028714713,-0.39506477,0.034633547,0.8554915
WOLFSKILL_Siar_1765,-0.034391984,-0.45825773,0.039444752,0.9836846
WOLFSKILL_Rizamat_679,-0.020517439,-0.39710155,0.005399199,0.8476503
WOLFSKILL_Serphiotico_7322,-0.16226597,0.17935856,0.38382548,-0.38914326
VINEYARDS_5C_chard_merced_y2018_2979,0.40491262,0.016510073,-0.983655,-0.02300052
WOLFSKILL_Durif_5722,0.21417928,-0.0077184457,-0.5172578,0.020920588
WOLFSKILL_Perbos_205_407,-0.13941325,-0.20816542,0.4151616,0.5867698
WOLFSKILL_Goyura_3577,-0.02894735,-0.37712085,0.04307942,0.8175954
WOLFSKILL_Montanaccio_8618,-0.015353364,-0.42270523,-0.0147388,0.9002286
VINEYARDS_freedom_chard_san_joaquin_y2018_4605,0.38166124,0.016170893,-0.92595863,-0.024251413
WOLFSKILL_Tourigan_National_5257,-0.040736903,-0.43298793,0.07207167,0.9461577
VINEYARDS_5C_chard_merced_y2019_1648,0.38659033,0.014645394,-0.9375446,-0.018339235
WOLFSKILL_White_Veltliner_7765,-0.02585297,-0.39276648,0.025699245,0.8483616
WOLFSKILL_Durif_5723,0.19047756,-0.045088097,-0.47137067,0.098075286
WOLFSKILL_Serphiotico_7323,-0.13186027,-0.21015204,0.38508224,0.5805212
VINEYARDS_5C_chard_merced_y2018_2978,0.36130995,0.0126661435,-0.8753946,-0.013942447
VINEYARDS_5C_chard_merced_y2019_1649,0.3758229,0.0141212605,-0.9134979,-0.020882737
WOLFSKILL_Chaouchi_Politico_2236,-0.03965487,0.07017346,0.080657385,-0.17268729
WOLFSKILL_Montanaccio_8619,-0.019185837,-0.40069816,0.00070611015,0.8567126
WOLFSKILL_Perbos_205_406,-0.042867627,-0.3947909,0.10218569,0.88217425
WOLFSKILL_L_Arvine_8889,-0.027367875,-0.38953426,0.035230093,0.84643924
WOLFSKILL_Shingargoon_3555,0.22968514,-0.061295003,-0.5662619,0.13746516
VINEYARDS_5C_chard_merced_y2018_2341,0.39990088,0.018153194,-0.96997297,-0.02352589
WOLFSKILL_Black_Morocco_995,-0.032403328,-0.38725477,0.052550547,0.8427426
VINEYARDS_5C_cab_san_joaquin_y2018_2409,0.24971327,0.027259167,-0.60556513,-0.058625337
WOLFSKILL_San_Martino_P._215_1716,-0.019225638,-0.34563738,0.014679575,0.7452996
WOLFSKILL_Sovereign_Noir_4980,-0.039981216,0.24163814,0.06098125,-0.5568181
WOLFSKILL_Hassaine_1242,-0.029138662,-0.4445107,0.019899627,0.9460312
WOLFSKILL_Gros_Manzenc_6008,-0.013158797,0.34137386,-0.020724948,-0.74209285
WOLFSKILL_Shingargoon_3554,0.0033258959,-0.34043795,-0.050577268,0.72402066
WOLFSKILL_Black_Morocco_994,-0.07002812,-0.27846056,0.19891056,0.6772524
VINEYARDS_5C_cab_san_joaquin_y2018_2408,0.32241988,0.0006624684,-0.7798432,0.01730221
ALGERIA_Ichmoul_256,-0.0020049643,-0.38687974,-0.057644315,0.8001555
WOLFSKILL_San_Martino_P._215_1717,-0.02716916,-0.3707145,0.03801745,0.8065796
WOLFSKILL_Sovereign_Noir_4981,-0.06239266,-0.3755957,0.16927265,0.884898
WOLFSKILL_Hassaine_1243,-0.05588743,-0.33412713,0.15213132,0.7781756
VINEYARDS_1103P_chard_san_joaquin_y2018_3101,0.34369406,0.008365963,-0.8301936,0.0027215593
WOLFSKILL_Muscadelle_De_Bordelais_6648,-0.075883396,-0.2927502,0.22094633,0.7215044
WOLFSKILL_Van_Der_Laan_1880,0.0044486905,0.30115664,-0.05289866,-0.65814435
VINEYARDS_freedom_cab_madera_y2019_1349,0.34284672,0.0106480345,-0.83125055,-0.012270357
VINEYARDS_1103P_cab_san_joaquin_y2019_653,0.35935727,0.011977617,-0.8700018,-0.013208251
WOLFSKILL_Olmo_n4-59_3348,0.25893405,0.0007470101,-0.6238154,0.008811872
WOLFSKILL_Juracon_Noir_5065,-0.004209726,-0.34956503,-0.03294547,0.745649
WOLFSKILL_Rondinella_8938,-0.02918569,-0.3883049,0.037419006,0.84395766
WOLFSKILL_Olmo_n4-59_3349,0.29961705,0.0026065335,-0.7235243,0.005162392
VINEYARDS_1103P_cab_san_joaquin_y2019_652,0.35805055,0.014299806,-0.86709315,-0.021093603
WOLFSKILL_Muscadelle_De_Bordelais_6649,-0.008695466,-0.32351983,-0.010577327,0.70091426
WOLFSKILL_Folle_Blanche_4857,-0.024380576,-0.2745051,0.056294315,0.6082375
WOLFSKILL_Van_Der_Laan_1881,0.17720282,0.052222926,-0.43094355,-0.111708835
VINEYARDS_1103P_cab_merced_y2019_1609,0.34983674,0.010533389,-0.8469838,-0.009861965
WOLFSKILL_Corbu_Blanc_5036,-0.034445506,-0.4291607,0.048801817,0.92812395
WOLFSKILL_Chasselas_Dore_5632,-0.047291648,0.2805,0.07105804,-0.64068276
VINEYARDS_freedom_cab_san_joaquin_y2018_3136,0.27983028,0.0032265,-0.6726748,0.004594866
WOLFSKILL_Catarratto_4727,-0.053428084,0.36615187,0.081099875,-0.8281282
WOLFSKILL_Yellow_Ortlieber_7792,-0.048021987,-0.4172367,0.11380965,0.93692654
WOLFSKILL_Malvasia_Roxa_6366,-0.01933055,-0.41004944,-0.004967572,0.86521626
WOLFSKILL_Triplett_30-47_9283,-0.06354911,-0.34507978,0.17405254,0.8131542
WOLFSKILL_Pfeffer_8648,0.29810366,-0.0001376085,-0.7201713,0.012240933
WOLFSKILL_Yellow_Ortlieber_7793,0.36766198,0.01580159,-0.89168084,-0.022402894
WOLFSKILL_Gaschochi_8817,-0.002669938,-0.42051584,-0.0580901,0.8832187
WOLFSKILL_Barlinka_2675,-0.12959358,-0.22867645,0.3788712,0.62235993
VINEYARDS_freedom_cab_san_joaquin_y2018_3137,0.34266925,0.010618683,-0.82986087,-0.012315754
WOLFSKILL_Kolokithian_6180,-0.029412389,-0.38684738,0.042110495,0.8407881
WOLFSKILL_Emerald_Riesling_5752,0.3393239,-0.004271202,-0.8230678,0.032573808
WOLFSKILL_Pfeffer_8649,-0.04371227,-0.3770216,0.10147588,0.84370756
VINEYARDS_5C_chard_san_joaquin_y2019_2226,0.3981113,0.014534973,-0.96562386,-0.016811717
WOLFSKILL_Triplett_30-47_9282,-0.023100916,-0.42972237,0.00400356,0.9134671
WOLFSKILL_Teltfurtu_3991,-0.022650588,-0.34794742,0.029172773,0.76417875
WOLFSKILL_Carignane_5600,-0.0427936,0.31115323,0.05356448,-0.70170546
WOLFSKILL_Chenin_Noir_5634,-0.013755024,-0.39469957,-0.017463775,0.835863
WOLFSKILL_Noir_D_automne_858,-0.009494458,-0.37388217,-0.02388789,0.79584646
VINEYARDS_freedom_chard_madera_y2019_1313,0.38207078,0.012850128,-0.92910445,-0.016152482
WOLFSKILL_Cabernet_Franc_5562,-0.09456063,-0.24208568,0.2791326,0.61782753
VINEYARDS_1103P_chard_madera_y2018_2757,0.37821832,0.01316255,-0.9166936,-0.014338467
WOLFSKILL_Husseine_1249,-0.007686196,-0.34291446,-0.015059596,0.7492341
WOLFSKILL_UNKNOWN_CULTIVAR_9546,-0.015674684,-0.40447706,-0.018602798,0.8442881
WOLFSKILL_Madam_Matijas_3585,-0.019806847,-0.3884267,0.0070831906,0.83180183
WOLFSKILL_Vustolethi_2263,0.19838022,0.05971771,-0.48665166,-0.13135132
VINEYARDS_5C_cab_san_joaquin_y2019_1773,0.34133294,0.0068858527,-0.8250134,0.0005761348
WOLFSKILL_UNKNOWN_CULTIVAR_9720,0.022006221,-0.30897173,-0.09548633,0.6483172
WOLFSKILL_Tinta_Cao_7538,-0.058885343,-0.35379565,0.15782997,0.83154
WOLFSKILL_Chenin_Noir_5635,-0.049635913,-0.34069288,0.12930208,0.779585
UCDAVIS_TREBBIANO_153,-0.045489654,0.30014694,0.067016475,-0.68377674
VINEYARDS_freedom_chard_madera_y2019_1312,0.37062535,0.013365604,-0.8981776,-0.012226313
WOLFSKILL_Noir_D_automne_859,-0.0011988198,-0.2865521,-0.027347699,0.61870956
WOLFSKILL_Black_Prince_2691,-0.026076652,-0.42800456,0.013085941,0.91092
WOLFSKILL_Teltfurtu_3990,-0.029333666,-0.43189842,0.026061395,0.92505723
VINEYARDS_5C_cab_san_joaquin_y2019_1772,0.37017322,0.012987848,-0.89538264,-0.010736275
WOLFSKILL_UNKNOWN_CULTIVAR_9721,0.28230262,0.008334171,-0.6847534,-0.012962546
WOLFSKILL_Vustolethi_2262,-0.01809422,-0.37510663,0.005757641,0.8062346
WOLFSKILL_Tinta_Cao_7539,-0.061186664,-0.35009596,0.16685487,0.825762
WOLFSKILL_Husseine_1248,-0.04246416,0.3742839,0.055516697,-0.8388121
WOLFSKILL_Cabernet_Franc_5563,-0.04298085,-0.3401428,0.104801275,0.76641536
ALGERIA_Amer Bouamar_86,-0.008230076,-0.40299454,-0.036835868,0.84582996
WOLFSKILL_UNKNOWN_CULTIVAR_9547,0.0046771904,-0.32191265,-0.050834805,0.68437
WOLFSKILL_Zinfandel_8257,0.047664538,0.22916673,-0.15052241,-0.49882853
VINEYARDS_freedom_chard_madera_y2018_4775,0.37902725,0.016435582,-0.92038655,-0.02358615
VINEYARDS_freedom_chard_san_joaquin_y2019_1410,0.36095062,0.013532374,-0.87639564,-0.020918798
WOLFSKILL_Gros_Maroc_1232,-0.036233127,0.43109453,0.03369336,-0.94672406
WOLFSKILL_Muscat_of_Alexandria_6555,0.32834473,0.007692486,-0.79308456,-0.0027116314
WOLFSKILL_Alvarelhao_8066,-0.02573049,-0.4059016,0.022694094,0.8746437
WOLFSKILL_Psara_7974,-0.02298133,-0.42811882,0.0040254313,0.90764
WOLFSKILL_Kishmish_Of_Vir_217,-0.030554429,-0.40212128,0.042822815,0.8749365
WOLFSKILL_Niunai_304,-0.03004707,-0.41560465,0.03760335,0.8971181
WOLFSKILL_Talia_7449,-0.041618988,-0.39956093,0.09073336,0.88768303
WOLFSKILL_Alvarelhao_8067,-0.021194927,-0.4377072,-0.00797222,0.92373717
VINEYARDS_freedom_chard_madera_y2018_4774,0.40545377,0.016405307,-0.98312193,-0.018481757
VINEYARDS_freedom_chard_san_joaquin_y2019_1411,0.33574855,0.017846089,-0.8155617,-0.034488138
WOLFSKILL_Zinfandel_8256,-0.124143936,0.27956006,0.26245123,-0.6633979
WOLFSKILL_Raisin_De_Palestine_4710,-0.029089738,-0.42716873,0.02433809,0.9096494
WOLFSKILL_Gros_Maroc_1233,-0.020843644,0.33794904,0.0034337956,-0.74307346
WOLFSKILL_Talia_7448,-0.04376409,-0.3481226,0.10285606,0.78187394
WOLFSKILL_Kishmish_Of_Vir_216,-0.046384707,-0.3185282,0.116508015,0.7251607
WOLFSKILL_Psara_7975,-0.057729013,-0.32670185,0.15697312,0.7669853
WOLFSKILL_Viognier_5153,-0.024913583,-0.39691755,0.022953304,0.85547376
WOLFSKILL_Niunai_305,0.12811212,-0.24603893,-0.3428821,0.5196337
WOLFSKILL_Kepraico_6223,-0.022415556,-0.37086928,0.023300463,0.8039545
WOLFSKILL_Magno_6297,-0.03273442,-0.39416987,0.052303113,0.8541005
VINEYARDS_5C_chard_san_joaquin_y2018_4816,0.3683165,0.013572823,-0.89438105,-0.018655542
WOLFSKILL_Fosters_White_Seedling_467,-0.011869178,0.3093605,-0.018594857,-0.68130517
WOLFSKILL_Grey_Riesling_8545,-0.06280381,0.25289375,0.11132429,-0.589798
WOLFSKILL_Sultana_Moschata_3656,0.009947842,-0.3790455,-0.07881546,0.7946974
WOLFSKILL_Greco_Bianco_5980,-0.01856045,-0.4224531,-0.012487743,0.88888013
WOLFSKILL_Moscato_Jesus_8322,-0.018001087,-0.412101,-0.005665131,0.8805982
WOLFSKILL_CG_1481_4x_3895,0.3080187,0.006180275,-0.74313736,0.0017279424
WOLFSKILL_Fernao_Pires_5804,-0.03472174,0.38719842,0.030337078,-0.8554884
WOLFSKILL_Preto_Manteudo_7092,-0.061187707,-0.350879,0.16745387,0.8239786
VINEYARDS_5C_cab_san_joaquin_y2019_810,0.32289138,0.01029386,-0.78200203,-0.014784191
WOLFSKILL_Prokupac_8159,-0.06566317,0.37063795,0.11299569,-0.8441435
WOLFSKILL_De_Hero_Di_St._Vallier_1112,-0.017413005,-0.40559664,-0.006930355,0.86675656
WOLFSKILL_Sultana_Moschata_3657,-0.015121219,-0.38494116,-0.0057309847,0.82910776
WOLFSKILL_Grey_Riesling_8544,0.15769543,0.068718806,-0.3902331,-0.15160573
WOLFSKILL_Moscato_Jesus_8323,0.087838,-0.257792,-0.24589421,0.5469625
WOLFSKILL_CG_1481_4x_3894,-0.019179367,-0.39557138,6.075017e-05,0.8381412
WOLFSKILL_Magno_6296,-0.03194077,-0.3944006,0.046933696,0.85475636
VINEYARDS_5C_chard_san_joaquin_y2018_4817,0.38947544,0.017030764,-0.9454093,-0.025683355
WOLFSKILL_Kepraico_6222,0.2335974,0.042303707,-0.56751084,-0.09322223
WOLFSKILL_Fosters_White_Seedling_466,-0.012058062,0.32861286,-0.019387465,-0.719194
WOLFSKILL_Prokupac_8158,-0.032459527,-0.40295786,0.04898607,0.8769187
WOLFSKILL_De_Hero_Di_St._Vallier_1113,-0.052536048,-0.34111607,0.13165268,0.7855012
WOLFSKILL_Preto_Manteudo_7093,-0.03723315,-0.39984035,0.067622356,0.8784529
VINEYARDS_freedom_cab_madera_y2019_1879,0.34115306,0.011275273,-0.82590437,-0.011404019
WOLFSKILL_Moscato_Mavro_6573,-0.020352658,-0.39695913,0.0035844855,0.8449454
WOLFSKILL_Himrisnky_561,0.0024171327,-0.3506533,-0.05274549,0.7401928
WOLFSKILL_Olivette_Rose_1541,-0.05844161,-0.32124156,0.1547292,0.7493346
WOLFSKILL_Optima_9255,-0.058164872,-0.29780468,0.16141263,0.69802666
WOLFSKILL_UNKNOWN_CULTIVAR_6995,-0.0018777,-0.3299215,-0.034274377,0.69533503
WOLFSKILL_Kishmish_Sorkh_2885,-0.0401259,0.21942665,0.058274373,-0.5062137
WOLFSKILL_Bien_Donnie_3746,0.17110173,0.1204202,-0.42996958,-0.25977844
WOLFSKILL_Dermatas_2042,-0.0373089,-0.39508474,0.06766973,0.86960196
VINEYARDS_5C_cab_san_joaquin_y2019_228,0.3425304,0.012725323,-0.831288,-0.019796107
WOLFSKILL_Cola_Tamburo_4596,-0.028568655,-0.3854673,0.03732293,0.8373563
WOLFSKILL_Volta_2545,0.0025314307,-0.31110084,-0.03993029,0.6731546
WOLFSKILL_Moscato_Mavro_6572,0.2314453,0.029408637,-0.56224436,-0.062494922
WOLFSKILL_Himrisnky_560,-0.040614493,-0.37385854,0.093592145,0.83573663
WOLFSKILL_Olivette_Rose_1540,-0.00542478,-0.33137327,-0.023217501,0.7171953
WOLFSKILL_Badacsony-10_8970,0.011889068,-0.37315315,-0.08868044,0.7766464
VINEYARDS_5C_cab_san_joaquin_y2019_229,0.39726558,0.012607448,-0.9604934,-0.005430784
WOLFSKILL_Kishmish_Sorkh_2884,-0.027228046,0.33472884,0.018573964,-0.74257016
WOLFSKILL_Dermatas_2043,-0.014192379,0.35374784,-0.017143024,-0.7683927
WOLFSKILL_Bien_Donnie_3747,0.053650633,-0.21410863,-0.15402105,0.4685665
WOLFSKILL_Volta_2544,-0.029870268,-0.39345756,0.03946103,0.8517371
WOLFSKILL_Cola_Tamburo_4597,-0.09442476,-0.2677355,0.28288525,0.6877035
WOLFSKILL_UNKNOWN_CULTIVAR_6994,-0.039030742,-0.34073985,0.08893655,0.7612663
WOLFSKILL_Optima_9254,-0.053800266,-0.34077388,0.14611149,0.7932404
ALGERIA_Ahmeur Bou Ahmeur_67,-0.03702555,-0.3836623,0.073031984,0.846669
WOLFSKILL_Staphythostaphylo_7386,-0.0637218,-0.27254128,0.17793411,0.64777267
VINEYARDS_freedom_cab_madera_y2018_4115,-0.02801169,0.3520128,0.017470608,-0.7784257
VINEYARDS_1103P_chard_madera_y2018_3497,0.3696836,0.009835638,-0.8957466,-0.0045481026
WOLFSKILL_Koptcha_8582,0.0018978762,-0.39786518,-0.066092856,0.8291886
WOLFSKILL_Cardinal_4x_3773,-0.0040202187,-0.32186657,-0.027840521,0.68442345
WOLFSKILL_UNKNOWN_CULTIVAR_9628,0.36217734,0.007930391,-0.8770137,-0.0048258975
WOLFSKILL_Rish_Baba_4318,-0.03028914,-0.43095216,0.028764905,0.9248902
WOLFSKILL_Lakemont_8219,0.0027947277,-0.37918755,-0.05699861,0.8037591
VINEYARDS_freedom_cab_madera_y2018_4114,-0.033990897,0.3381061,0.034125574,-0.75514835
WOLFSKILL_Prince_Of_Wales_1614,-0.023498863,-0.3643148,0.025357893,0.7838193
ALGERIA_Ahmeur Bou Ahmeur_66,-0.028107285,-0.4425914,0.010368282,0.9274201
WOLFSKILL_Staphythostaphylo_7387,-0.033351544,-0.40027386,0.053708233,0.8740964
WOLFSKILL_UNKNOWN_CULTIVAR_9629,0.3673596,0.0101386905,-0.8898649,-0.008870814
WOLFSKILL_Rish_Baba_4319,-0.044659737,-0.4238829,0.10621553,0.9476268
UCDAVIS_FOLLE_BLANCE_162,-0.041114736,0.39042616,0.04580289,-0.8658962
WOLFSKILL_Koptcha_8583,-0.018264376,-0.39917833,-0.006564308,0.8472415
WOLFSKILL_Cardinal_4x_3772,-0.016858373,-0.3428568,0.007488761,0.7381058
VINEYARDS_1103P_cab_merced_y2019_559,0.36659956,0.0073225945,-0.88574374,0.0009601675
WOLFSKILL_Koret_4131,-0.008942737,-0.3810066,-0.024504518,0.81575924
WOLFSKILL_Pinot_Noir_7016,-0.026251756,-0.3901631,0.029590538,0.8433974
WOLFSKILL_Chardonay_7032,-0.09346107,0.26765656,0.18117449,-0.6252502
VINEYARDS_freedom_cab_madera_y2018_2824,0.3600916,0.014056344,-0.872831,-0.018272381
WOLFSKILL_Pinot_Blanc_8111,-0.030549482,-0.38570917,0.04510562,0.84289277
WOLFSKILL_Parnicko_7070,-0.0071704974,-0.29754412,-0.010610642,0.64760983
UCDAVIS_MERLOT_21,-0.0107151335,0.2956205,-0.01854072,-0.65354013
VINEYARDS_5C_chard_merced_y2018_3805,0.33526996,0.011635944,-0.8118341,-0.01656431
WOLFSKILL_Olmo_035-58_3336,0.26943946,-0.015395848,-0.6541499,0.042139843
WOLFSKILL_Koret_4130,-0.034215584,-0.4045198,0.05276239,0.8826439
VINEYARDS_1103P_cab_merced_y2018_5035,0.017953899,0.3076185,-0.08934107,-0.6697725
WOLFSKILL_Chardonay_7033,0.19987203,0.041365933,-0.48793596,-0.09527391
WOLFSKILL_Pinot_Noir_7017,-0.077471964,-0.35937792,0.2178099,0.870911
VINEYARDS_1103P_cab_merced_y2019_558,0.3367324,0.009249449,-0.8152727,-0.010861065
WOLFSKILL_Triplett_T793-1_9367,-0.029438123,-0.40648574,0.03875249,0.8854527
WOLFSKILL_Parnicko_7071,-0.0052522887,-0.32287085,-0.017491663,0.70465994
VINEYARDS_freedom_cab_madera_y2018_2825,0.3779218,0.013645206,-0.9144749,-0.012794632
WOLFSKILL_Pinot_Blanc_8110,-0.026982006,-0.41777223,0.025566434,0.8990823
WOLFSKILL_Gruner_Veltlinger_8996,0.23815344,-0.034172185,-0.5823096,0.079970144
WOLFSKILL_Kontocladi_7904,0.0101439115,-0.4325207,-0.09933039,0.8923378
WOLFSKILL_Johanna_Mathiasz_1263,0.012547812,0.077868715,-0.053848315,-0.18888877
VINEYARDS_freedom_cab_merced_y2018_2402,0.3811033,0.011881806,-0.9225394,-0.009676985
WOLFSKILL_B7-7_Thompson_mutant_4515,-0.016940944,-0.39705908,-0.008093853,0.84226525
WOLFSKILL_Marvel_Of_Vaucluse_1403,-0.22212595,0.0053672604,0.58615047,0.1050553
WOLFSKILL_Syrian_473,-0.029992238,0.34609193,0.02354748,-0.76774544
WOLFSKILL_Ladyfinger_Mutant_Of_Thompson_Seedless_3378,-0.024792813,-0.40669575,0.018670646,0.87286925
WOLFSKILL_Opale_1555,-0.03995943,-0.33582455,0.09355941,0.75094795
VINEYARDS_1103P_chard_san_joaquin_y2018_3250,0.38122064,0.016984936,-0.9267281,-0.02811439
WOLFSKILL_Kritico_3003,-0.033559263,-0.38065565,0.05734534,0.8345375
WOLFSKILL_Syrian_472,-0.015689202,-0.40035295,-0.014316689,0.8463229
WOLFSKILL_Marvel_Of_Vaucluse_1402,-0.040125497,0.3938378,0.04511647,-0.87573504
WOLFSKILL_Affenthaler_9415,-0.05654999,-0.37543434,0.15016192,0.8667947
WOLFSKILL_Ladyfinger_Mutant_Of_Thompson_Seedless_3379,-0.09924527,0.253861,0.19769102,-0.59926844
WOLFSKILL_Kontocladi_7905,0.16811055,0.056393083,-0.4086236,-0.12271771
WOLFSKILL_Gruner_Veltlinger_8997,-0.0053055184,-0.38109612,-0.044111125,0.7936954
WOLFSKILL_Gros_Colman_2815,-0.019137628,-0.3764524,0.008631164,0.81544125
WOLFSKILL_B7-7_Thompson_mutant_4514,-0.022243794,0.3652935,0.0009728391,-0.79612696
WOLFSKILL_Johanna_Mathiasz_1262,0.30761796,0.012486234,-0.74249023,-0.019063372
VINEYARDS_freedom_cab_merced_y2018_2403,0.34824863,0.0035612918,-0.83888656,0.011196125
WOLFSKILL_Opale_1554,-0.034901083,-0.3627568,0.07338526,0.800575
VINEYARDS_1103P_chard_san_joaquin_y2018_3251,0.28579265,0.014430992,-0.6911268,-0.025191408
WOLFSKILL_Kritico_3002,-0.020177376,-0.35210925,0.020050118,0.76405525
WOLFSKILL_Petite_Noir_7320,-0.028115012,-0.41514802,0.03026524,0.9001528
WOLFSKILL_Ughetta_8951,-0.024004925,-0.4084898,0.010272773,0.86719733
WOLFSKILL_Antibo_5283,-0.016095947,-0.37057668,0.00080640055,0.7971366
VINEYARDS_freedom_cab_madera_y2018_4758,0.37158874,0.0092346445,-0.898669,-0.0029726736
WOLFSKILL_Fernao_Pires_8095,-0.01962661,-0.3642932,0.012539456,0.7872807
WOLFSKILL_Tallian_1826,-0.07217819,0.33538818,0.12634476,-0.76961887
WOLFSKILL_Husseine_2835,-0.0146016395,-0.37550962,-0.005889397,0.8040485
WOLFSKILL_Kozma_Pal_Muskotaly_9030,-0.029583417,-0.41218257,0.032585792,0.8856442
WOLFSKILL_Prokupac_9446,-0.10788364,-0.21208446,0.30944854,0.55293024
VINEYARDS_freedom_cab_san_joaquin_y2018_3141,0.3783071,0.011226427,-0.91461635,-0.0045793317
WOLFSKILL_Antibo_5282,-0.019198079,0.38892764,-0.0096850535,-0.8428916
WOLFSKILL_Petite_Noir_7321,-0.080601804,0.04750521,0.19958597,-0.10357988
WOLFSKILL_Ughetta_8950,-0.05082693,-0.3308697,0.13276458,0.7612525
VINEYARDS_freedom_cab_san_joaquin_y2018_3140,0.39051738,0.013601016,-0.9452832,-0.010632604
WOLFSKILL_Prokupac_9447,-0.14145125,-0.033659715,0.37697375,0.14030865
WOLFSKILL_Fernao_Pires_8094,-0.03073975,-0.43333676,0.030647302,0.933588
WOLFSKILL_Husseine_2834,-0.04071736,-0.32488877,0.09666615,0.7288176
WOLFSKILL_Pinot_Gris_4647,-0.012848775,-0.38241506,-0.012718214,0.8219287
WOLFSKILL_Triplett_158-8B_9379,-0.10961433,-0.23716366,0.32183522,0.6244553
WOLFSKILL_UNKNOWN_CULTIVAR_9757,-0.025787715,-0.4124232,0.020970112,0.8856537
WOLFSKILL_Gustolidi_5949,-0.046721544,-0.36205754,0.111434944,0.816018
WOLFSKILL_Pinot_Noir_6999,-0.06932471,-0.3002441,0.20203388,0.7257941
WOLFSKILL_Kadarka_6101,0.22005545,0.029201698,-0.53417546,-0.066440105
WOLFSKILL_Sev_Lernatu_PRG_2224_9043,-0.014846298,-0.37309235,-0.008085877,0.7971951
WOLFSKILL_UNKNOWN_CULTIVAR_9531,0.10527836,0.091013744,-0.26882562,-0.20629221
ALGERIA_Babari_143,-0.028097875,-0.41703653,0.025385035,0.89632547
WOLFSKILL_Barbara_5687,0.16533996,0.10910997,-0.4123629,-0.22920835
VINEYARDS_5C_chard_merced_y2018_3343,0.375752,0.013898496,-0.91236126,-0.020674717
WOLFSKILL_Muscat_Noir_2920,0.37006828,0.0062507354,-0.8927783,0.0065744407
WOLFSKILL_Kadarka_6100,-0.027737606,-0.3836671,0.039155528,0.83573985
WOLFSKILL_Pinot_Noir_6998,-0.09466171,0.28422254,0.18015468,-0.66367126
ALGERIA_Babari_142,-0.024324939,-0.37760097,0.025286159,0.81274426
WOLFSKILL_UNKNOWN_CULTIVAR_9530,0.071739644,0.21901836,-0.2056278,-0.4742843
WOLFSKILL_UNKNOWN_CULTIVAR_9756,-0.017876908,-0.4361939,-0.021073075,0.9093652
WOLFSKILL_Triplett_158-8B_9378,-0.0510301,-0.26058516,0.13645643,0.602924
WOLFSKILL_Pinot_Gris_4646,-0.02119337,-0.38273707,0.015865626,0.83085847
WOLFSKILL_Luglienga_1363,-0.05863329,-0.29686403,0.15861976,0.7035368
WOLFSKILL_Barbara_5686,0.20895119,0.060888056,-0.51098907,-0.1303113
WOLFSKILL_Muscat_Noir_2921,0.35652685,0.0082110055,-0.8626079,-0.0040626302
WOLFSKILL_Tsoumbrena_Mavri_8044,-0.03514541,-0.29198262,0.0816243,0.6547758
WOLFSKILL_Gamay_Burgoyne_5913,-0.033088822,-0.45346674,0.03383304,0.9713466
WOLFSKILL_Lagrein_6902,-0.04132849,0.33126527,0.050360776,-0.74166924
WOLFSKILL_Kastour_Rumi_209,-0.038340274,-0.4144879,0.07166169,0.9079218
VINEYARDS_1103P_cab_merced_y2018_3024,0.3648223,0.0090031475,-0.8833381,-0.003780704
WOLFSKILL_Flame_Tokay_4343,-0.015238493,-0.4060963,-0.015230974,0.860096
WOLFSKILL_Rish_Baba_3768,-0.015040842,-0.35892424,-0.0019117054,0.7729494
WOLFSKILL_Olmo_033-50_3249,-0.022735707,-0.37083,0.0245511,0.8060289
WOLFSKILL_Volta_1899,-0.03907544,0.38936818,0.0403589,-0.862705
WOLFSKILL_Rish_Baba_3769,0.1875811,0.016993228,-0.4572907,-0.042484637
WOLFSKILL_Flame_Tokay_4342,-0.027041715,-0.42130542,0.020402836,0.9027871
WOLFSKILL_Tsoumbrena_Mavri_8045,-0.022534333,-0.3906305,0.015548022,0.84495115
WOLFSKILL_Gamay_Burgoyne_5912,-0.027676068,-0.4417978,0.017762667,0.9421874
VINEYARDS_1103P_cab_san_joaquin_y2019_1502,0.35896137,0.008856986,-0.8677045,-0.0035722964
WOLFSKILL_Lagrein_6903,-0.03783695,-0.39185596,0.07207406,0.8648008
WOLFSKILL_Kastour_Rumi_208,-0.030110665,0.35161078,0.021068847,-0.77613556
WOLFSKILL_Volta_1898,-0.03760129,0.34146088,0.040858142,-0.7651031
WOLFSKILL_Magliasina_4544,-0.024985384,-0.40781182,0.023335492,0.88540745
WOLFSKILL_Olmo_033-50_3248,0.117821,-0.16091378,-0.31157815,0.3457175
VINEYARDS_freedom_chard_merced_y2018_3602,0.36801568,0.014093284,-0.8928485,-0.01657359
VINEYARDS_freedom_cab_san_joaquin_y2019_1788,0.33632424,0.0073937066,-0.8118913,-0.0026563667
WOLFSKILL_Schiradzouli_Blanc_1725,-0.17110486,0.10174225,0.4275722,-0.1859132
WOLFSKILL_Osteiner_5088,-0.07058873,-0.27734172,0.20755936,0.6702982
WOLFSKILL_Schiradzouli_Blanc_1724,-0.07172675,-0.3214079,0.20337373,0.7768494
VINEYARDS_freedom_chard_merced_y2018_3603,0.35961303,0.012633029,-0.8712988,-0.014909718
WOLFSKILL_Criolla_Mesa_1084,-0.024538387,-0.42009386,0.014618037,0.8987968
WOLFSKILL_Kishmish-charni_656,-0.07554639,0.21338792,0.14772575,-0.508259
VINEYARDS_1103P_chard_madera_y2019_2174,0.34829465,0.010081027,-0.8433083,-0.0010829382
VINEYARDS_1103P_chard_madera_y2019_517,0.34668905,0.014137562,-0.8387058,-0.02043106
WOLFSKILL_Tokay_1865,-0.043551683,-0.35320196,0.10213827,0.79386556
WOLFSKILL_Fuji_3146,-0.020065006,0.33487773,-0.0010674167,-0.7385748
UCDAVIS_TEROLDEGO_705,-0.05883894,0.3230819,0.091579586,-0.73536223
ALGERIA_Ichmoul_Bacha_269,-0.023153458,-0.37577415,0.018762195,0.80631334
WOLFSKILL_Roussaitis_8000,-0.028751574,-0.416604,0.027574575,0.89507484
WOLFSKILL_Grenache_8554,-0.05905819,-0.30759144,0.16069445,0.7207346
WOLFSKILL_Karadzhandal_645,0.36410925,0.012438424,-0.88250005,-0.014816992
WOLFSKILL_Blue_Affenthaler_5466,-0.019464508,-0.40027848,0.0031529497,0.86303735
WOLFSKILL_Eftakilo_2069,0.010542299,0.31094247,-0.06878567,-0.6786548
WOLFSKILL_Olivette_Rose_1536,-0.039409794,-0.31416568,0.088925704,0.7008894
VINEYARDS_1103P_cab_san_joaquin_y2018_2456,0.33384052,0.01403838,-0.80943704,-0.022520047
VINEYARDS_freedom_chard_san_joaquin_y2019_1865,0.3780943,0.015153948,-0.9168613,-0.020634335
WOLFSKILL_Sauvignon_Vert_7281,0.050382413,-0.25924763,-0.16202778,0.5340359
WOLFSKILL_Salomani_2217,-0.03131185,-0.3990062,0.04691019,0.8640672
WOLFSKILL_Reichensteiner_9265,-0.07378084,-0.33473772,0.213502,0.8110089
WOLFSKILL_Tokay_1864,-0.02940682,-0.3854204,0.038644575,0.83365506
WOLFSKILL_Fuji_3147,-0.08565865,0.16381703,0.17606418,-0.38618493
WOLFSKILL_Criolla_Mesa_1085,-0.021259092,-0.34003532,0.029537292,0.7444612
VINEYARDS_1103P_chard_madera_y2019_2175,0.34767058,0.010679465,-0.84260154,-0.0135482885
WOLFSKILL_Kishmish-charni_657,-0.009711438,-0.36112726,-0.019978762,0.7713206
WOLFSKILL_Dan_Ben_Chana_3569,-0.010500743,-0.35912028,-0.017108124,0.76679766
WOLFSKILL_Sauvignon_Vert_7280,0.0030440344,-0.41135597,-0.06762373,0.8667933
WOLFSKILL_Reichensteiner_9264,-0.045993637,-0.35492295,0.12015272,0.8052715
WOLFSKILL_Salomani_2216,0.3303241,0.0047412813,-0.79932404,0.004254844
WOLFSKILL_Roussaitis_8001,-0.037605405,-0.3250013,0.08245883,0.72317564
WOLFSKILL_Blue_Affenthaler_5467,0.0806205,0.2466953,-0.23362276,-0.527351
WOLFSKILL_Grenache_8555,-0.07789048,-0.2939469,0.22294764,0.72664255
WOLFSKILL_Karadzhandal_644,0.001591336,0.33298516,-0.05027361,-0.7241008
ALGERIA_Ichmoul_Bacha_268,-0.029849056,-0.40973422,0.03245391,0.8757742
WOLFSKILL_Olivette_Rose_1537,-0.005448987,-0.3433041,-0.025638802,0.73709464
VINEYARDS_1103P_cab_san_joaquin_y2018_2457,0.38520533,0.011354342,-0.93103874,-0.0041827597
WOLFSKILL_Eftakilo_2068,0.1217232,0.21396713,-0.3275386,-0.45252973
WOLFSKILL_UNKNOWN_CULTIVAR_4347,-0.012146798,-0.39443636,-0.02745093,0.8256606
VINEYARDS_1103P_chard_madera_y2018_2628,0.36138308,0.016264822,-0.8767675,-0.026135352
WOLFSKILL_Pirovano_5_2584,0.3702302,0.014393546,-0.8992889,-0.01909266
WOLFSKILL_b_40-6_Mlc_3839,0.16907525,-0.1436948,-0.43731165,0.3025309
ALGERIA_Ahmeur Bou Ahmeur_10,-0.025074795,-0.40672252,0.014535936,0.8657965
WOLFSKILL_Muscat_Hamburg_1454,-0.04328027,-0.36188722,0.10026204,0.8108815
WOLFSKILL_Audibert_9434,0.27013192,-0.000559479,-0.65441394,0.00664429
VINEYARDS_1103P_chard_madera_y2018_2629,0.3691653,0.010306191,-0.89437914,-0.008395929
VINEYARDS_1103P_chard_san_joaquin_y2019_2065,0.35772964,0.012159802,-0.8688084,-0.01547328
WOLFSKILL_UNKNOWN_CULTIVAR_4346,-0.022455808,-0.41188014,0.0037883967,0.8712027
WOLFSKILL_Pirovano_5_2585,0.3761666,0.015159573,-0.91070724,-0.020264585
WOLFSKILL_b_40-6_Mlc_3838,0.36382002,0.011735361,-0.87929165,-0.012011759
WOLFSKILL_Muscat_Hamburg_2355,-0.021529745,-0.3845168,0.014384082,0.8220419
WOLFSKILL_Tinta_Mole_7572,-0.048712082,-0.28576514,0.1229778,0.652416
WOLFSKILL_Ajmi_4394,-0.053241275,-0.3785644,0.13920452,0.86707056
VINEYARDS_1103P_cab_san_joaquin_y2018_3704,0.37741366,0.011772629,-0.9126786,-0.0074872114
WOLFSKILL_Vernaccia_Bianca_4667,-0.03858412,-0.31105506,0.09316564,0.7039295
WOLFSKILL_Olmo_035-58_3340,-0.018108003,-0.36577347,0.007093029,0.78547394
WOLFSKILL_Diamond_Muscat_4265,-0.053326495,0.32501203,0.084797926,-0.74098194
WOLFSKILL_Ithani_Lefko_5219,-0.011337568,-0.38676178,-0.019136162,0.8258047
WOLFSKILL_Terret_Blanc_6078,-0.06450865,-0.23828404,0.17998418,0.5727882
VINEYARDS_1103P_cab_san_joaquin_y2018_3705,0.3431823,0.011968795,-0.8305346,-0.013706312
WOLFSKILL_Muscat_Hamburg_2354,0.00252763,-0.3404764,-0.04956317,0.7217016
WOLFSKILL_Triplett_F101-3_9318,-0.06035036,-0.36263275,0.16332212,0.8481146
WOLFSKILL_Ajmi_4395,-0.029086675,-0.45265934,0.019610496,0.9603249
WOLFSKILL_Ithani_Lefko_5218,0.068753354,0.22862758,-0.20190442,-0.48988104
WOLFSKILL_Terret_Blanc_6079,-0.073192716,-0.17135899,0.20704359,0.42846158
WOLFSKILL_Olmo_035-58_3341,-0.035775468,-0.37697756,0.069236435,0.8306124
WOLFSKILL_Vernaccia_Bianca_4666,-0.0824211,-0.32633552,0.23518082,0.8117843
WOLFSKILL_Diamond_Muscat_4264,-0.020531565,-0.41229683,0.0018250402,0.8818066
VINEYARDS_5C_cab_madera_y2019_1716,0.33412066,0.017801993,-0.81161326,-0.03313378
WOLFSKILL_Sauvignon_Blanc_7264,-0.05290802,0.31821692,0.08115045,-0.72195685
WOLFSKILL_Aswad_281,-0.100172564,-0.339558,0.28768355,0.8656815
WOLFSKILL_Askari_4401,-0.0062190033,-0.38810715,-0.040314622,0.8132103
WOLFSKILL_Venus_seedless_177,-0.0354094,-0.42743453,0.05612225,0.9217253
WOLFSKILL_Muscato_Vidor_575,-0.032248415,-0.4140399,0.044201165,0.8972081
VINEYARDS_5C_chard_san_joaquin_y2018_3125,0.36544552,0.011044104,-0.8849882,-0.007503476
WOLFSKILL_Fresno_35-33_535,-0.017369326,-0.3914494,-0.004886484,0.8307708
ALGERIA_Louali_305,-0.025232654,-0.39774698,0.013144223,0.8433198
UCDAVIS_MALVASIA_BIANCA_93,-0.15603165,-0.06805571,0.42336094,0.23445407
WOLFSKILL_Mataro_6400,-0.01765414,-0.4050806,-0.0032663327,0.86838365
WOLFSKILL_Kishmish_Of_Vir_229,-0.015304436,-0.32811427,0.011502681,0.71633285
WOLFSKILL_Karabournov_4016,-0.03544813,-0.38486874,0.06308348,0.8452469
WOLFSKILL_Mammolo_Toscano_6379,-0.023207959,-0.41170162,0.009048061,0.87906754
WOLFSKILL_Muscato_Vidor_574,-0.014443104,-0.40587234,-0.016721582,0.86571306
VINEYARDS_5C_chard_san_joaquin_y2018_3124,0.35456404,0.0074345954,-0.8569093,0.002684135
WOLFSKILL_Fresno_35-33_534,-0.025479067,0.3805134,0.0069122,-0.83182836
WOLFSKILL_Venus_seedless_176,-0.030619495,-0.42226917,0.03487415,0.90008175
VINEYARDS_5C_cab_madera_y2019_1717,0.33561075,0.009950925,-0.8128669,-0.008702654
WOLFSKILL_Sauvignon_Blanc_7265,-0.031055342,-0.41209108,0.03982479,0.8927501
WOLFSKILL_Aswad_280,-0.048807587,-0.36207658,0.1282867,0.8296763
WOLFSKILL_Mammolo_Toscano_6378,-0.025793273,0.36777616,0.010856943,-0.8069432
WOLFSKILL_Karabournov_4017,-0.03858235,0.38836586,0.03910978,-0.8610941
WOLFSKILL_Mataro_6401,-0.025823269,-0.4209298,0.018707225,0.9043701
WOLFSKILL_Kishmish_Of_Vir_228,-0.041883446,-0.3585301,0.10104607,0.80472845
WOLFSKILL_Rangspray_159,0.06968753,-0.266355,-0.20409617,0.5632897
WOLFSKILL_Italia_IP_65_3113,-0.1474517,0.08271028,0.35723191,-0.16015711
WOLFSKILL_Rosa_Reveliotti_827,-0.046527755,-0.32410187,0.11502353,0.7340182
WOLFSKILL_Bonvedro_5532,0.034522947,0.14006485,-0.10783999,-0.32017744
WOLFSKILL_Alicante_Bouschet_5243,-0.028480299,-0.40100163,0.02756765,0.85487914
WOLFSKILL_Loin_De_L_oeil_8593,-0.02189231,-0.4131502,0.0006829556,0.8615331
WOLFSKILL_UNKNOWN_CULTIVAR_9578,-0.0029190956,-0.32615766,-0.030062387,0.6990216
ALGERIA_Tizi Ouinine_391,-0.016084615,-0.3417184,0.0037384648,0.72937334
WOLFSKILL_Red_Malaga_1646,-0.114633165,-0.1753455,0.3201183,0.46222037
WOLFSKILL_Muscat_Talebot_1483,-0.005448751,-0.40316617,-0.043672994,0.8468474
WOLFSKILL_Torgoon_3507,-0.032052036,-0.35769436,0.06155125,0.7846803
WOLFSKILL_Nebbiolo_Bourgu_6715,-0.18089297,-0.060703225,0.48476636,0.23671909
VINEYARDS_freedom_cab_san_joaquin_y2018_2862,0.33261827,0.009231139,-0.8059826,-0.011186633
WOLFSKILL_Queen_1615,-0.028690804,-0.40367377,0.03500981,0.87440205
WOLFSKILL_Alicante_Bouschet_5242,-0.18088348,-0.13600802,0.5045203,0.4352352
WOLFSKILL_Rosa_Reveliotti_826,0.002193051,-0.29274943,-0.029779118,0.63866115
WOLFSKILL_Italia_IP_65_3112,0.046477184,0.07941842,-0.13440013,-0.19319046
WOLFSKILL_Bonvedro_5533,-0.111289956,0.18226431,0.23549241,-0.43159902
WOLFSKILL_Nicolas_Horthy_39_1502,-0.018815845,-0.344657,0.018605834,0.7517358
WOLFSKILL_Nebbiolo_Bourgu_6714,-0.15285444,-0.14418022,0.42816025,0.42678759
VINEYARDS_freedom_cab_san_joaquin_y2018_2863,0.3868377,0.010722205,-0.93619967,-0.0028702654
WOLFSKILL_Loin_De_L_oeil_8592,-0.06321801,-0.23716249,0.17129987,0.5605677
ALGERIA_Tizi Ouinine_390,-0.024774116,-0.39564583,0.019054843,0.8522714
WOLFSKILL_UNKNOWN_CULTIVAR_9579,-0.05336847,0.3246949,0.08250617,-0.7398378
WOLFSKILL_Chaouch_4x_3178,0.09770646,-0.12280345,-0.26110595,0.26467234
WOLFSKILL_Olmo_18-226_D_4086,-0.033367492,-0.43909907,0.039088443,0.9395864
WOLFSKILL_Mourisco_Branco_6605,0.1235092,-0.18173459,-0.3283872,0.3884895
VINEYARDS_freedom_chard_madera_y2019_1679,0.40339178,0.017244618,-0.9793506,-0.024730902
WOLFSKILL_Aglianico_5207,0.04033261,-0.24320696,-0.124316715,0.5275026
WOLFSKILL_Autumn_Seedless_4296,-0.07347409,-0.33398035,0.2112625,0.80812544
WOLFSKILL_Marsanne_6387,0.1551293,0.10817352,-0.39098805,-0.2366443
VINEYARDS_5C_cab_madera_y2018_3913,0.35737598,0.013844311,-0.86825,-0.021820646
WOLFSKILL_Clairette_De_Limoux_5022,-0.024398431,-0.39324248,0.022381904,0.84769213
WOLFSKILL_Barlinka_4725,-0.030042373,-0.36575502,0.049907736,0.79669875
WOLFSKILL_UNKNOWN_CULTIVAR_6655,-0.025016628,-0.39343476,0.02251411,0.851531
WOLFSKILL_UNKNOWN_CULTIVAR_5132,-0.0043296395,0.30164805,-0.034581605,-0.65993786
WOLFSKILL_Madeleine_Celine_2915,-0.027674194,0.3789753,0.014995309,-0.8319235
WOLFSKILL_Seedless_Tokay_2404,-0.052622106,-0.32500377,0.13898852,0.75134635
WOLFSKILL_Aglianico_5206,-0.027987234,0.3140875,0.02020968,-0.7005072
WOLFSKILL_Autumn_Seedless_4297,-0.044204403,-0.38589358,0.10242254,0.86279
WOLFSKILL_Vernaccia_Di_San_Gimignano_4657,-0.055642493,-0.3742347,0.1489642,0.86640775
WOLFSKILL_Marsanne_6386,0.06394093,0.25303373,-0.18749793,-0.54990876
VINEYARDS_5C_cab_madera_y2018_3912,0.3626409,0.009365734,-0.87853694,-0.00621574
WOLFSKILL_Chaouch_4x_3179,0.3271011,0.010488026,-0.7922547,-0.013717823
WOLFSKILL_Mourisco_Branco_6604,0.23470062,-0.052795514,-0.5772853,0.122642666
WOLFSKILL_Olmo_18-226_D_4087,-0.038069606,0.38771942,0.046518162,-0.8637593
WOLFSKILL_Seedless_Tokay_2405,-0.054182567,0.24170749,0.089741044,-0.55942076
WOLFSKILL_UNKNOWN_CULTIVAR_5133,-0.07015889,-0.30462414,0.19795161,0.7346389
WOLFSKILL_UNKNOWN_CULTIVAR_6654,-0.0363987,0.40956825,0.031811006,-0.90235996
WOLFSKILL_Madeleine_Celine_2914,-0.014438198,-0.39571673,-0.016520517,0.8365792
VINEYARDS_freedom_chard_merced_y2018_5085,-0.0309105,0.37920055,0.023930537,-0.8357474
WOLFSKILL_Clairette_De_Limoux_5023,-0.0045212014,-0.32551867,-0.022080524,0.70795864
WOLFSKILL_Barlinka_4724,-0.034160707,-0.40371972,0.054359935,0.8798072
WOLFSKILL_Sylvaner_742_9456,-0.047404703,-0.36775595,0.11312566,0.82844824
WOLFSKILL_Yugoslavia_360_3372,-0.015143377,-0.41015285,-0.023108324,0.8552601
WOLFSKILL_Olmo_030-44_3218,-0.0542205,0.32645223,0.08478979,-0.74368083
WOLFSKILL_Neo-Muscat_3608,-0.037917845,-0.321523,0.090498485,0.71900237
WOLFSKILL_Satino_8351,-0.003247221,-0.3088323,-0.02549744,0.6569314
WOLFSKILL_Aurora_940,-0.048900787,0.2505349,0.077012636,-0.5756894
WOLFSKILL_Foster_s_Seedling_2798,0.12556766,-0.2179511,-0.33450827,0.4629102
WOLFSKILL_Beba_5405,-0.109876916,-0.14645724,0.3201498,0.40102124
WOLFSKILL_Kara_Dzhidzhigi_639,-0.010843805,-0.3465518,-0.012052422,0.74450934
WOLFSKILL_Lal_Sorkh_1318,-0.01908733,-0.3655186,0.0048495773,0.77114743
WOLFSKILL_Chardonnay_5611,-0.05828704,-0.41398042,0.15262897,0.9495008
WOLFSKILL_Beclan_5414,-0.02693303,-0.36421233,0.039823033,0.79402256
WOLFSKILL_Tinta_Madeira_7546,-0.024721667,-0.4079905,0.019952727,0.87980133
WOLFSKILL_English_Colossal_1165,7.844716e-05,0.35856438,-0.051650472,-0.77703357
WOLFSKILL_Silver_Frontignan_388,0.28344846,-0.010423703,-0.68789816,0.040345687
ALGERIA_Bouabane des Aures_182,-0.026659902,-0.40095657,0.024113802,0.8585401
WOLFSKILL_Nicolas_Horthy_39_1499,-0.02760901,-0.36367399,0.042550743,0.7942019
WOLFSKILL_Petrolianos_6923,-0.07126386,-0.3119737,0.19616807,0.75813514
WOLFSKILL_UNKNOWN_CULTIVAR_9684,-0.033850215,-0.37466198,0.06058544,0.8224808
WOLFSKILL_Kini_Yatch_3428,-0.015802082,-0.37518114,-0.0051971357,0.7994691
WOLFSKILL_Beclan_5415,-0.018787663,-0.35465813,0.013566764,0.7673774
WOLFSKILL_Kara_Dzhidzhigi_638,0.3142437,-0.008374944,-0.7582511,0.03471408
WOLFSKILL_Lal_Sorkh_1319,-0.04818602,0.14954415,0.08708612,-0.36193538
WOLFSKILL_Chardonnay_5610,0.18182468,-0.15629001,-0.46749547,0.33040646
WOLFSKILL_Yugoslavia_360_3373,0.22365509,0.02003837,-0.5411422,-0.04388578
WOLFSKILL_Olmo_030-44_3219,-0.039736927,-0.3657387,0.08652982,0.81246483
WOLFSKILL_Aurora_941,-0.018598333,0.33414745,-0.0017309878,-0.7317258
WOLFSKILL_Satino_8350,-0.025423903,-0.37494242,0.0297111,0.8109448
WOLFSKILL_Muscat_Szauter_1471,-0.021912292,-0.3688424,0.021121735,0.7989265
WOLFSKILL_Petrolianos_6922,-0.052973002,-0.33468997,0.13977307,0.7731364
WOLFSKILL_UNKNOWN_CULTIVAR_9685,-0.0011019288,-0.35203367,-0.04180623,0.7463177
WOLFSKILL_Nicolas_Horthy_39_1498,0.014417986,0.29997945,-0.078706205,-0.65335584
WOLFSKILL_Kini_Yatch_3429,-0.03755397,-0.38217115,0.075903445,0.8435328
VINEYARDS_5C_cab_san_joaquin_y2019_927,0.043725014,-0.3407166,-0.15431783,0.7172463
WOLFSKILL_Kala_Kostan_3538,-0.06534745,-0.32417876,0.1787316,0.7724045
WOLFSKILL_Silver_Frontignan_389,-0.035970103,0.35899603,0.038130768,-0.80179024
ALGERIA_Bouabane des Aures_183,-0.0015135342,-0.34838974,-0.040297024,0.74085194
WOLFSKILL_Tinta_Madeira_7547,-0.021058146,-0.39135635,0.011686323,0.8437454
VINEYARDS_5C_cab_san_joaquin_y2018_4418,0.35369137,0.011167228,-0.8579591,-0.00949952
WOLFSKILL_English_Colossal_1164,0.29525104,-0.00450423,-0.7147888,0.02610301
VINEYARDS_1103P_cab_merced_y2018_3538,0.32450363,0.0036072657,-0.7826729,0.0044463165
WOLFSKILL_Teinturier_7478,-0.024467353,-0.39979613,0.02042509,0.8634058
WOLFSKILL_Neeli_3943,-0.014993046,-0.37055355,-0.006222585,0.7864017
WOLFSKILL_Khalchili_1296,-0.00065606926,-0.02640619,-0.008425971,0.03552247
WOLFSKILL_Atzala_5379,-0.064588584,-0.30638456,0.1847717,0.73148596
WOLFSKILL_Bermestia_Violacea_5428,-0.019383285,0.39175987,-0.0128942905,-0.84816957
VINEYARDS_1103P_chard_madera_y2019_1368,0.4070237,0.015521836,-0.98790336,-0.017424997
WOLFSKILL_Victoria_s_Choice_3684,-0.003899686,-0.3659034,-0.03439313,0.78488904
ALGERIA_Tizi Ouinine_431,-0.030310676,-0.4478401,0.023297282,0.9507617
WOLFSKILL_Millishun_3450,-0.0008280934,-0.3120132,-0.034211814,0.66686046
WOLFSKILL_Shtur_Angur_515,-0.053042687,-0.32830492,0.1340157,0.7535753
WOLFSKILL_Sidezitis_1963,0.1071207,0.20161958,-0.29093173,-0.43281314
ALGERIA_Amer Bouamar_135,-0.018517815,-0.4343208,-0.023575313,0.89969075
WOLFSKILL_Atzala_5378,-0.03221753,-0.40415615,0.04615514,0.87709904
WOLFSKILL_Khalchili_1297,-0.17666368,-0.05470067,0.47970945,0.22091384
WOLFSKILL_Bermestia_Violacea_5429,-0.024477381,-0.36675972,0.029066334,0.7975297
VINEYARDS_1103P_chard_madera_y2019_1369,0.38571075,0.012904197,-0.9355316,-0.014564436
WOLFSKILL_Precoce_De_Malingre_1591,-0.02994233,-0.31955487,0.06764499,0.70420897
WOLFSKILL_Teinturier_7479,-0.026605077,-0.42563102,0.019064283,0.9109057
WOLFSKILL_Neeli_3942,-0.019633684,-0.33749145,0.018093621,0.72703254
WOLFSKILL_Shtur_Angur_514,0.15032911,-0.07327707,-0.38095427,0.16370924
WOLFSKILL_Sidezitis_1962,-0.22568573,0.063626796,0.5899129,-0.044526514
ALGERIA_Tizi Ouinine_430,-0.0171934,-0.41448405,-0.015701726,0.8676337
WOLFSKILL_Pinot_Noir_2a_5097,-0.01819142,-0.41364425,-0.008205876,0.8823812
WOLFSKILL_Khorestini_3564,-0.05022725,-0.37799317,0.12758723,0.86065733
WOLFSKILL_Kontehgalo_2116,-0.0051498422,0.35344207,-0.03821837,-0.7655345
WOLFSKILL_Alicante_Ganzin_9428,-0.027324926,-0.4340552,0.013989689,0.919384
VINEYARDS_5C_chard_merced_y2018_3064,0.36162055,0.013358619,-0.8790226,-0.018974219
WOLFSKILL_Fogarina_5818,0.02558998,-0.35066652,-0.11218725,0.7373096
WOLFSKILL_Servant_82,-0.003756323,0.31060022,-0.034005966,-0.6822047
WOLFSKILL_Pinot_5904,-0.020307992,-0.34456575,0.021443581,0.747051
UCDAVIS_V._DOANIANA_904,0.042703725,0.29903972,-0.14094405,-0.6438249
WOLFSKILL_Terra_Promessa_372,-0.071729355,0.09887566,0.15459266,-0.23995942
WOLFSKILL_Bondola_8768,-0.041988038,-0.42192775,0.090144664,0.9326103
WOLFSKILL_Unknown_Cultivar_8076,-0.067978136,-0.3452901,0.19133894,0.8295406
WOLFSKILL_UNKNOWN_CULTIVAR_9616,-0.016525254,-0.1798371,0.03314054,0.38829088
WOLFSKILL_Flora_5806,-0.017938916,-0.3672294,0.0062358044,0.7919092
WOLFSKILL_Pinot_5905,-0.05118956,-0.25830445,0.14587328,0.6091294
WOLFSKILL_Fogarina_5819,0.2341034,-0.013104597,-0.5702158,0.03975228
WOLFSKILL_Rozovii_Kishmish_1690,-0.032164123,-0.36857212,0.058295213,0.805639
WOLFSKILL_Khorestini_3565,-0.024416395,-0.4377204,0.0052111093,0.9251268
ALGERIA_Ahmeur Bou Ahmeur_58,-0.02508448,-0.40085012,0.017489864,0.85179675
WOLFSKILL_Kontehgalo_2117,-0.034507364,-0.37878484,0.06543379,0.834901
VINEYARDS_5C_chard_merced_y2018_3065,0.35818306,0.016191121,-0.8708062,-0.028964464
WOLFSKILL_Alicante_Ganzin_9429,-0.027791627,-0.42329097,0.018302632,0.89708984
WOLFSKILL_Flora_5807,-0.029559031,0.37755674,0.018926663,-0.83161736
WOLFSKILL_UNKNOWN_CULTIVAR_9617,-0.10977254,0.090291515,0.26797295,-0.186769
WOLFSKILL_Unknown_Cultivar_8077,-0.08003067,-0.32355022,0.22504267,0.7994941
WOLFSKILL_Terra_Promessa_373,-0.12988655,-0.26947337,0.37873232,0.72370076
WOLFSKILL_Muscat_Of_Alexandria_1438,-0.05445029,-0.29722416,0.15203509,0.69651973
WOLFSKILL_Sylvaner_8170,-0.06298541,-0.29847828,0.17709419,0.70712703
WOLFSKILL_Riesling_Muscat_5124,-0.08864588,0.25129503,0.17441955,-0.59495485
WOLFSKILL_Vuthomato_3015,-0.018084526,-0.3896625,0.0034224782,0.8413156
WOLFSKILL_Matum_Margoon_5162,-0.014450555,0.27632058,-0.0064814966,-0.62046206
WOLFSKILL_Trousseau_7625,-0.028982412,-0.34175307,0.054677017,0.7545639
WOLFSKILL_Blanc_De_Crimei_782,-0.019384768,-0.344423,0.024002215,0.7554732
WOLFSKILL_Anacelatta_5278,-0.073744535,0.2477941,0.1407575,-0.58146876
WOLFSKILL_Salvador_7243,0.027679794,-0.2936241,-0.09543313,0.6390517
WOLFSKILL_Longyan_8364,0.008144876,-0.28823757,-0.05259631,0.6233648
WOLFSKILL_Ter_Gulmer_7484,0.013001308,-0.34341806,-0.07715786,0.72853434
WOLFSKILL_Vuthomato_3014,-0.019507583,0.35823768,-0.0018094536,-0.78525054
WOLFSKILL_Trousseau_7624,-0.045731805,-0.27327064,0.1174195,0.6234088
WOLFSKILL_Matum_Margoon_5163,-0.09538428,0.20929627,0.18923363,-0.49695504
VINEYARDS_freedom_cab_san_joaquin_y2018_3267,0.38370204,0.016653959,-0.9306427,-0.019146696
WOLFSKILL_Sylvaner_8171,0.11254097,0.13510765,-0.29022464,-0.29162994
WOLFSKILL_Riesling_Muscat_5125,-0.026394792,-0.37624192,0.03316637,0.8202837
WOLFSKILL_Hungarian_Millenium_6057,0.19422722,0.027822431,-0.46624184,-0.054431107
VINEYARDS_1103P_cab_san_joaquin_y2019_1949,0.38066325,0.00955613,-0.92000115,-0.0007449202
VINEYARDS_1103P_cab_merced_y2019_1197,0.37212464,0.00983477,-0.9010501,-0.0045672096
WOLFSKILL_Ter_Gulmer_7485,-0.022540908,-0.3668068,0.023043064,0.79541886
WOLFSKILL_Longyan_8365,-0.016490344,-0.36916584,0.0009987745,0.7968919
WOLFSKILL_Anacelatta_5279,-0.015658781,0.24821459,0.0006899107,-0.55694246
WOLFSKILL_Blanc_De_Crimei_783,-0.019428112,-0.2879334,0.0412684,0.6461952
WOLFSKILL_Salvador_7242,-0.020874254,-0.44345874,-0.0035280269,0.9435122
WOLFSKILL_Itchkimar_3716,0.28005564,0.0037576295,-0.67813915,-0.003034126
WOLFSKILL_Red_Ohanez_2944,-0.06500367,-0.2992668,0.17931385,0.71479917
WOLFSKILL_Primiera_1604,-0.035658874,-0.39906332,0.060450763,0.8720937
WOLFSKILL_Boyalsing_I_8789,0.16133614,-0.08824697,-0.40967652,0.19154534
VINEYARDS_5C_cab_madera_y2018_4184,0.36754236,0.010223981,-0.8882451,-0.0017319843
VINEYARDS_1103P_cab_san_joaquin_y2019_993,0.14158396,-0.19179538,-0.3717093,0.40713155
WOLFSKILL_5-20_3857,-0.03501594,-0.42473638,0.050868936,0.92046434
WOLFSKILL_Ribier_1662,-0.005936876,-0.4181483,-0.048418157,0.87592065
WOLFSKILL_Nebbiolo_Fino_6725,-0.0146477865,-0.38382,-0.009931343,0.8223677
WOLFSKILL_Frankenthal_Blanc_4962,-0.008217188,-0.39190888,-0.032567926,0.8285744
WOLFSKILL_Canner_2716,-0.02208747,-0.2966929,0.0398689,0.6507888
VINEYARDS_5C_chard_merced_y2018_2336,0.4039053,0.017103791,-0.97902495,-0.019634735
WOLFSKILL_Prieska_7094,-0.049488407,-0.3960445,0.1181361,0.89139456
WOLFSKILL_5-20_3856,-0.030322962,0.38872015,0.01920653,-0.85411954
WOLFSKILL_Ribier_1663,-0.045617018,-0.41038918,0.10173886,0.9158721
VINEYARDS_1103P_chard_madera_y2018_3532,0.363843,0.010074709,-0.8819096,-0.008501474
WOLFSKILL_Boyalsing_I_8788,-0.04686326,0.33666813,0.064250685,-0.7600485
WOLFSKILL_Primiera_1605,-0.019475427,-0.41067344,-0.0038734507,0.87460834
WOLFSKILL_Red_Ohanez_2945,-0.102302454,-0.14489743,0.29759744,0.38480818
ALGERIA_Ichmoul_221,-0.014027855,-0.3985381,-0.025293749,0.83133847
VINEYARDS_5C_cab_madera_y2018_4185,0.38172433,0.012930233,-0.92388254,-0.01150148
WOLFSKILL_Budrilay_8801,0.0033486583,-0.38547546,-0.059616655,0.82160074
WOLFSKILL_Prieska_7095,-0.021148246,-0.4075719,0.007305784,0.8688159
VINEYARDS_5C_chard_merced_y2018_2337,0.36822543,0.014889002,-0.8938588,-0.020037424
WOLFSKILL_Nebbiolo_Fino_6724,-0.034905884,-0.43556148,0.04665991,0.9440751
WOLFSKILL_Canner_2717,-0.023181956,-0.40395904,0.010511113,0.85899025
WOLFSKILL_Frankenthal_Blanc_4963,-0.03621188,0.37999222,0.038563944,-0.8462329
VINEYARDS_5C_cab_san_joaquin_y2018_2940,0.38962266,0.012191668,-0.9426671,-0.008611165
WOLFSKILL_Xylomaherudah_7786,-0.007408606,0.35909075,-0.034412485,-0.7760002
WOLFSKILL_b_40-6_Mlc_3844,-0.052500088,-0.33621916,0.13984197,0.78093934
VINEYARDS_freedom_cab_madera_y2019_256,0.3526027,0.010027189,-0.8538451,-0.006129235
WOLFSKILL_Cardinal_4x_3779,-0.045545354,-0.20790009,0.12154534,0.48030248
WOLFSKILL_Koptcha_8588,-0.04561965,-0.33384278,0.11412407,0.7556083
WOLFSKILL_Italia_IP_65_2081,-0.03937123,-0.35711914,0.08966907,0.7944051
VINEYARDS_5C_cab_san_joaquin_y2019_1417,0.32281786,0.010918561,-0.7825244,-0.014303852
WOLFSKILL_UNKNOWN_CULTIVAR_9622,0.08216234,0.13818194,-0.21325338,-0.3026489
WOLFSKILL_b_40-6_Mlc_3845,-0.027944598,0.3838119,0.014971701,-0.84188384
WOLFSKILL_Xylomaherudah_7787,-0.066834494,-0.34257466,0.18598977,0.8191234
VINEYARDS_5C_cab_san_joaquin_y2018_2941,0.37214205,0.010411587,-0.8998572,-0.0063296556
WOLFSKILL_Fachren_Weis_2619,-0.028545782,-0.38725516,0.03905765,0.84238434
WOLFSKILL_Zinfandel_4872,0.08289952,-0.26916105,-0.24334663,0.5577985
WOLFSKILL_UNKNOWN_CULTIVAR_9623,0.06421623,0.1914183,-0.1805525,-0.4134975
VINEYARDS_5C_cab_san_joaquin_y2018_3719,0.3577052,0.0071536116,-0.86247385,0.003555458
WOLFSKILL_Cardinal_4x_3778,-0.05533798,-0.29471534,0.14929904,0.6891019
WOLFSKILL_Koptcha_8589,-0.03355594,-0.40034238,0.053126328,0.87299716
WOLFSKILL_Italia_IP_65_2080,-0.029530607,-0.39609355,0.0386443,0.85237545
VINEYARDS_5C_cab_san_joaquin_y2019_1416,0.35627016,0.010766935,-0.8630531,-0.011229038
UCDAVIS_CORVINA_VERONSE_804,-0.022520363,-0.4007457,0.009863315,0.8575409
WOLFSKILL_Chamo_4045,0.04367168,0.25662443,-0.1430071,-0.55551636
WOLFSKILL_Muscat_Br39_2384,0.004233729,-0.3553022,-0.05817274,0.75093824
WOLFSKILL_Orleans_6790,-0.034200616,-0.41325355,0.05351785,0.8990795
WOLFSKILL_Liatico_6272,-0.029687073,-0.41769314,0.03181006,0.8950149
WOLFSKILL_Moscatel_Ros._De_Blas_672,-0.028716117,-0.36625525,0.04592228,0.80182236
WOLFSKILL_Unknown_Cultivar_6805,-0.015943196,0.34724784,-0.012283134,-0.75681716
VINEYARDS_1103P_chard_san_joaquin_y2018_2829,0.26964006,0.01893321,-0.6560447,-0.04158524
ALGERIA_Tizi Ouinine_405,-0.02639179,-0.42006475,0.012587668,0.88998485
WOLFSKILL_Champanel_3987,-0.12917106,-0.2180141,0.3817746,0.5986919
WOLFSKILL_Sidezitis_1957,0.030440304,-0.31050485,-0.11890912,0.64595497
WOLFSKILL_Marditza_7920,-0.06589381,0.27767372,0.1123208,-0.63979274
WOLFSKILL_Chasselas_Hs_14-33_4_5009,-0.025097221,-0.41710114,0.017305141,0.89322734
WOLFSKILL_Malvasia_Bianca_4969,-0.014883035,-0.39912048,-0.013641551,0.8468796
WOLFSKILL_Sultana_Moscata_1792,-0.049461,0.3646496,0.073536046,-0.8205837
WOLFSKILL_Muscat_Hamburg_2328,-0.025778726,-0.40170127,0.021496387,0.86266553
WOLFSKILL_Husseine_rish_Baba_2842,-0.08120749,0.3271771,0.15679908,-0.7586216
WOLFSKILL_Unkown_Cultivar_5655,0.09614458,0.17610447,-0.25532043,-0.38149822
WOLFSKILL_Orleans_6791,0.2615077,-0.04167974,-0.6400039,0.10345161
WOLFSKILL_Moscatel_Ros._De_Blas_673,-0.03562376,0.25870946,0.044515632,-0.5895843
ALGERIA_Amer Bouamar_101,-0.019057103,-0.42808944,-0.020788258,0.88664913
WOLFSKILL_Liatico_6273,-0.0008784067,-0.32371867,-0.033616,0.69734854
WOLFSKILL_Chamo_4044,0.030899353,0.24877487,-0.10752851,-0.54265845
WOLFSKILL_Muscat_Br39_2385,-0.03487267,0.4037423,0.03206253,-0.89052796
WOLFSKILL_Marditza_7921,-0.05840332,0.368608,0.08780611,-0.83382225
WOLFSKILL_Sidezitis_1956,0.23882145,0.01333778,-0.5747546,-0.025786351
WOLFSKILL_Unkown_Cultivar_5654,0.2455434,-0.04684946,-0.60415065,0.11119565
WOLFSKILL_Muscat_Hamburg_2329,-0.011075185,0.28675735,-0.0135413185,-0.63595915
WOLFSKILL_Sultana_Moscata_1793,-0.18608382,-0.012285104,0.49852967,0.12394534
WOLFSKILL_Husseine_rish_Baba_2843,-0.022375524,-0.3646472,0.021062871,0.78662133
ALGERIA_Tizi Ouinine_404,-0.034233443,-0.4062037,0.05254881,0.88411224
WOLFSKILL_Unknown_Cultivar_6804,-0.030879252,-0.4196017,0.036568247,0.9087913
WOLFSKILL_Champanel_3986,-0.03848338,-0.43487558,0.06453152,0.9472678
WOLFSKILL_Sidezitis_Proimo_2976,-0.017012011,-0.3651051,0.004845552,0.7888378
ALGERIA_Ichmoul_214,-0.01539337,-0.3863421,-0.011994256,0.8170234
WOLFSKILL_San_Juanina_Rosada_4378,-0.02620167,-0.40339407,0.026215738,0.87263566
WOLFSKILL_Bonarda_8429,-0.034582768,-0.4380388,0.04721547,0.9489671
WOLFSKILL_Canner_2722,-0.03900251,-0.40357888,0.07757751,0.88941896
VINEYARDS_5C_chard_san_joaquin_y2018_2973,0.3796509,0.013303414,-0.92146623,-0.015855525
VINEYARDS_1103P_cab_merced_y2018_3405,0.39247182,0.012869868,-0.95026284,-0.00932179
WOLFSKILL_Aligote_5254,-0.16584818,-0.1271297,0.4643908,0.39929873
WOLFSKILL_UNKNOWN_CULTIVAR_9311,-0.04234416,-0.39236706,0.09247136,0.872229
WOLFSKILL_Bonarda_8428,-0.069686435,-0.32668915,0.20032075,0.78991866
WOLFSKILL_Sidezitis_Proimo_2977,0.0764411,-0.20657268,-0.21789055,0.43613523
ALGERIA_Ichmoul_215,-0.01702723,-0.39443687,-0.0126048755,0.8288729
WOLFSKILL_San_Juanina_Rosada_4379,-0.030089468,-0.39995974,0.041093677,0.86948705
WOLFSKILL_Aligote_5255,-0.19965447,-0.023019787,0.54283047,0.16278782
VINEYARDS_1103P_chard_san_joaquin_y2019_2182,0.33958086,0.01243633,-0.8217307,-0.01327816
VINEYARDS_5C_chard_san_joaquin_y2018_2972,0.39644647,0.0123441,-0.96097076,-0.009273373
UCDAVIS_EMERALD_REISLING_778,0.033472206,0.31426445,-0.12461925,-0.67805535
VINEYARDS_1103P_cab_merced_y2018_3404,0.3838872,0.013480231,-0.9309389,-0.015850302
WOLFSKILL_Hungarian_Millenium_6062,-0.027439844,0.38741958,0.012864096,-0.8469442
WOLFSKILL_Askari_Khari_936,0.33130094,0.007899296,-0.8024207,-0.005671639
WOLFSKILL_Nocera_2928,0.2814666,0.01052434,-0.6786016,-0.015962858
VINEYARDS_freedom_cab_madera_y2019_1873,0.34630188,0.010677282,-0.84031993,-0.014386922
WOLFSKILL_Schwin_8830,-0.107734695,0.16452648,0.2294367,-0.38838577
VINEYARDS_freedom_cab_madera_y2019_1685,0.34167472,0.016484383,-0.8300215,-0.029937636
WOLFSKILL_5-12_2493,-0.13642715,0.22593345,0.29859775,-0.5290695
WOLFSKILL_Kashiri_3887,-0.004168759,-0.41556552,-0.052301824,0.8690459
WOLFSKILL_Nebbiolo_Tronero_6727,0.2588229,-0.0019015633,-0.62407064,0.01543214
WOLFSKILL_Vuthomato_3021,-0.021893766,-0.43858796,-0.0026804637,0.9262121
VINEYARDS_freedom_cab_san_joaquin_y2019_221,0.3799669,0.012545127,-0.91854966,-0.009486545
WOLFSKILL_Khaldar_1302,-0.03396021,-0.38981813,0.057883583,0.8532997
VINEYARDS_freedom_cab_san_joaquin_y2019_2292,0.36202303,0.011594936,-0.8749442,-0.008373987
WOLFSKILL_Loose_Perlette_564,-0.050908253,-0.34617233,0.1299991,0.79931825
UCDAVIS_CHARDONNAY_851,-0.047448985,0.37467092,0.064795956,-0.84199274
WOLFSKILL_Nebbiolo_Tronero_6726,-0.20083769,-0.037916116,0.5461978,0.20286824
WOLFSKILL_Moscato_Mavro_6578,-0.015899725,-0.41239113,-0.01635141,0.8747332
WOLFSKILL_Vuthomato_3020,-0.020149317,-0.44021708,-0.011488315,0.92484033
WOLFSKILL_5-12_2492,-0.17960313,-0.09196474,0.48762274,0.3188906
WOLFSKILL_Kashiri_3886,-0.012231645,-0.39515036,-0.021511322,0.84007615
WOLFSKILL_Hungarian_Millenium_6063,0.001107628,-0.33156568,-0.043743797,0.7056557
WOLFSKILL_Schwin_8831,-0.01279154,-0.33579272,-0.003013583,0.7229245
WOLFSKILL_Askari_Khari_937,0.2448913,-0.013263458,-0.5924282,0.040208682
WOLFSKILL_Nocera_2929,-0.068382956,-0.40058982,0.19354859,0.951226
WOLFSKILL_Loose_Perlette_565,-0.019486036,-0.42048815,-0.007165972,0.887185
WOLFSKILL_Sahibi_Sorkh_1710,-0.021845665,-0.40282488,0.003096817,0.85057855
WOLFSKILL_Khaldar_1303,0.009661563,-0.3543138,-0.07288894,0.74740624
WOLFSKILL_Dardari_3542,-0.029582523,-0.34582806,0.058442995,0.7619624
WOLFSKILL_Gros_Sapat_2825,-0.016479071,-0.44251722,-0.020423464,0.934706
WOLFSKILL_Dolcetto_5706,0.21696316,-0.104037955,-0.5434246,0.22517392
WOLFSKILL_Carvalheira_8436,-0.026624333,-0.40833002,0.02922353,0.88125384
WOLFSKILL_Cabernet_Franc_5568,-0.0574549,0.22539629,0.10079855,-0.5287577
WOLFSKILL_Kalamak_3074,-0.048672013,-0.35057485,0.12189434,0.79699683
VINEYARDS_5C_cab_san_joaquin_y2019_1779,0.35522377,0.01185004,-0.8591597,-0.010648493
WOLFSKILL_Gros_Sapat_2824,-0.10990804,-0.2211304,0.32039177,0.5825495
UCDAVIS_RS-9_224,-0.010896453,0.37716073,-0.026254412,-0.8152067
VINEYARDS_5C_chard_san_joaquin_y2018_4679,0.3772302,0.015427176,-0.9161995,-0.02271917
WOLFSKILL_Dolcetto_5707,-0.04368412,-0.36430782,0.10398091,0.8196624
WOLFSKILL_Queen_1621,-0.055103477,-0.38134876,0.14318472,0.8807633
WOLFSKILL_Dardari_3543,-0.010979517,-0.34065026,-0.009777458,0.72698754
WOLFSKILL_Kalamak_3075,-0.025086105,-0.40812957,0.02063272,0.87903804
WOLFSKILL_Carvalheira_8437,-0.026435137,-0.3916694,0.031436086,0.8528047
WOLFSKILL_Madeleine_Royale_4460,-0.038202435,-0.39519894,0.07293131,0.8742013
WOLFSKILL_Zerk_2278,-0.03486099,0.39771295,0.03068938,-0.8804258
WOLFSKILL_Triplett_181-7A_9390,-0.027797416,-0.40181202,0.03081377,0.866679
WOLFSKILL_Castelao_8445,-0.024714075,-0.44155037,0.007912794,0.93711877
WOLFSKILL_Danuque_2762,-0.0613747,-0.3821118,0.16351143,0.894949
ALGERIA_Louali_331,0.010667623,-0.24793483,-0.054150447,0.5210934
WOLFSKILL_Burger_5545,0.106505714,-0.05517809,-0.26642108,0.11865066
ALGERIA_Ichmoul_Bacha_286,-0.014735294,-0.40026754,-0.012706881,0.8545232
VINEYARDS_5C_chard_merced_y2018_3596,0.3661001,0.016072627,-0.8889898,-0.028426792
WOLFSKILL_Magliasina_4538,-0.02518991,0.374796,0.006043818,-0.8191221
WOLFSKILL_Crimson_Seedless_4305,0.33377466,0.0024071932,-0.80695283,0.0079378
WOLFSKILL_Triplett_T61-13_9335,-0.017328158,-0.39568973,-0.0049153008,0.8450743
WOLFSKILL_Ferral_De_Izalva_7872,-0.021024678,-0.40482646,0.00425254,0.8618928
WOLFSKILL_Boal_Doce_5508,0.032329526,-0.31048256,-0.11796654,0.66055053
WOLFSKILL_Primus_2936,0.02901917,-0.2894591,-0.10687216,0.6180303
WOLFSKILL_Viognier_5158,0.3142324,-0.020754434,-0.76283276,0.06558929
WOLFSKILL_Tsoumbrena_Mavri_8039,-0.015667628,-0.3028616,0.019051498,0.6583407
WOLFSKILL_Zinfandel_9095,0.011950181,-0.33476916,-0.078313224,0.6989248
WOLFSKILL_Laubscher_s_Gem_1333,-0.11316497,0.2972832,0.2377078,-0.707543
ALGERIA_Ichmoul_Bacha_287,-0.016456064,-0.38473088,-0.008981746,0.8132493
WOLFSKILL_Danuque_2763,-0.009559265,-0.39445034,-0.031840615,0.82883304
ALGERIA_Louali_330,-0.03464327,-0.4183442,0.048775643,0.9012023
WOLFSKILL_Magliasina_4539,-0.025043182,-0.41543567,0.0194039,0.8966173
WOLFSKILL_Crimson_Seedless_4304,-0.029510345,0.3556896,0.023574503,-0.7905195
VINEYARDS_5C_chard_merced_y2018_3597,0.35838827,0.01210944,-0.8695409,-0.01565712
WOLFSKILL_Castelao_8444,-0.028233483,-0.36950758,0.04186409,0.8043159
WOLFSKILL_Zerk_2279,-0.006043761,-0.3048738,-0.014819721,0.66478264
WOLFSKILL_Laubscher_s_Gem_1332,-0.034760743,-0.41092315,0.05354149,0.89348507
WOLFSKILL_Tsoumbrena_Mavri_8038,-0.06356344,-0.30433816,0.17966065,0.7242388
WOLFSKILL_Zinfandel_9094,-0.031439774,-0.36442682,0.057639785,0.80046636
WOLFSKILL_Ferral_De_Izalva_7873,-0.063071206,-0.3597659,0.16718125,0.8486074
VINEYARDS_freedom_chard_merced_y2019_2084,0.35594857,0.007383365,-0.859336,0.0015825294
WOLFSKILL_Viognier_5159,0.31997588,0.007831793,-0.7744327,-0.008952063
WOLFSKILL_Boal_Doce_5509,-0.027986757,-0.38531053,0.037223846,0.8407222
WOLFSKILL_Primus_2937,-0.020988919,-0.37621352,0.011138702,0.80705667
WOLFSKILL_b_39-59a_Mlc_3819,0.038366485,0.25652468,-0.13117488,-0.55604625
VINEYARDS_5C_chard_san_joaquin_y2018_4584,0.3739204,0.017112408,-0.90755963,-0.02923562
WOLFSKILL_b_39-59_Mlc_3806,-0.023814943,-0.44439566,-0.00046437234,0.93596566
WOLFSKILL_Refosco_7139,-0.017153282,-0.43074003,-0.014136644,0.9151213
WOLFSKILL_Mission_6490,0.037967376,-0.2799549,-0.13212663,0.5842567
VINEYARDS_freedom_chard_san_joaquin_y2018_3241,0.37431523,0.014889609,-0.9092339,-0.023375537
WOLFSKILL_Donzillinho_8853,-0.17137301,-0.15185727,0.4798478,0.46489143
WOLFSKILL_Muscadelle_De_Bordelais_6642,-0.0346427,-0.35418862,0.07195798,0.78423816
WOLFSKILL_Muscat_De_Pantellana_8333,0.10149572,0.22515376,-0.28343976,-0.48087513
VINEYARDS_freedom_chard_merced_y2018_3777,0.38867402,0.0152443275,-0.94290704,-0.01864979
WOLFSKILL_Olmo_n4-59_3342,0.31025407,0.001746472,-0.74827,0.008500408
WOLFSKILL_Cinsaut_8694,-0.031110056,-0.40843225,0.041715108,0.8801159
WOLFSKILL_Buaki_5537,-0.08123807,0.2876016,0.15418865,-0.67061305
WOLFSKILL_Beli_Prokupac_8144,0.338628,0.0072476976,-0.8212388,-0.004680101
WOLFSKILL_Black_Damascus_3761,-0.014820346,-0.40413493,-0.017627437,0.85080516
WOLFSKILL_Rondinella_8932,0.172362,-0.1303494,-0.44121563,0.27429065
WOLFSKILL_Cornichon_1071,-0.018443529,-0.39707,-0.0049340967,0.8417531
WOLFSKILL_Chardonnay_5624,-0.071863316,-0.32881472,0.20176345,0.79261696
WOLFSKILL_Muscat_De_Pantellana_8332,-0.04173783,-0.32722163,0.10314607,0.7374979
VINEYARDS_freedom_chard_merced_y2018_3776,0.35712746,0.015835054,-0.86639714,-0.022571672
WOLFSKILL_Olmo_n4-59_3343,0.07473116,-0.26647034,-0.21526246,0.56318295
WOLFSKILL_Cinsaut_8695,-0.028857067,-0.3805275,0.039227568,0.8242061
WOLFSKILL_b_39-59a_Mlc_3818,-0.0050303685,0.25623557,-0.026786957,-0.5676029
WOLFSKILL_Donzillinho_8852,-0.17716189,-0.029996654,0.48479652,0.16252275
WOLFSKILL_Refosco_7138,-0.032519378,0.356222,0.030245027,-0.7931155
WOLFSKILL_Mission_6491,-0.020795975,-0.429421,-0.0019127708,0.9153511
VINEYARDS_freedom_cab_san_joaquin_y2018_4654,0.3432912,0.01415826,-0.83170456,-0.018193599
WOLFSKILL_Muscadelle_De_Bordelais_6643,0.34134343,0.01365814,-0.8273061,-0.019670445
VINEYARDS_5C_chard_san_joaquin_y2018_4585,0.35660073,0.01939781,-0.8684264,-0.038418483
WOLFSKILL_b_39-59_Mlc_3807,-0.02889777,-0.32082272,0.062138043,0.7076388
WOLFSKILL_Cornichon_1070,0.023997858,-0.2967533,-0.097824425,0.6291067
VINEYARDS_5C_cab_san_joaquin_y2019_1484,0.3686442,0.011063036,-0.8929821,-0.009614218
WOLFSKILL_Black_Damascus_3760,-0.039596505,-0.40954265,0.07489172,0.9019883
WOLFSKILL_Beli_Prokupac_8145,0.28803596,0.031568106,-0.7032748,-0.064618364
WOLFSKILL_Rondinella_8933,0.09834244,-0.24736157,-0.28060538,0.5050467
VINEYARDS_1103P_cab_merced_y2019_2103,0.36795932,0.011101525,-0.8918537,-0.011431221
VINEYARDS_freedom_chard_merced_y2018_4278,0.31165037,0.00739732,-0.7529891,-0.0029498748
VINEYARDS_freedom_cab_merced_y2019_1176,0.35951236,0.010059807,-0.8697114,-0.0077570416
WOLFSKILL_Kecskemet_8884,-0.06756869,-0.28207487,0.1915281,0.6756264
WOLFSKILL_Catarratto_8455,-0.024400223,-0.3813454,0.024992263,0.8262813
WOLFSKILL_Agria_8151,-0.03459346,0.3716581,0.031770073,-0.8252422
VINEYARDS_freedom_cab_madera_y2018_4725,0.3542352,0.013161894,-0.85994625,-0.018010043
WOLFSKILL_Uzbekistanian_Muscat_4907,-0.01809245,-0.33107346,0.018853178,0.72071165
WOLFSKILL_Vernaccia_Di_San_Gimignano_4662,-0.085979,-0.24879043,0.24386275,0.62056065
WOLFSKILL_Angevine_Oberlin_926,-0.009589818,-0.38261983,-0.024205262,0.81610405
WOLFSKILL_Tchilar_9066,0.1398039,0.12843542,-0.35611582,-0.27647632
UCDAVIS_3309C_513,-0.026422855,0.38122538,0.01198774,-0.8352026
WOLFSKILL_Conte_Rosso_1067,-0.00022374373,-0.39278376,-0.054330856,0.8279824
WOLFSKILL_Angevine_Oberlin_927,-0.010200293,-0.3861994,-0.02324981,0.8259982
WOLFSKILL_Agria_8150,-0.1280934,0.22959806,0.27267587,-0.5316007
VINEYARDS_freedom_cab_madera_y2018_4724,0.35994163,0.01671889,-0.8743017,-0.028041389
WOLFSKILL_Uzbekistanian_Muscat_4906,-0.012155441,-0.30764118,0.0056504775,0.66737354
VINEYARDS_freedom_cab_merced_y2019_1177,0.30083677,-0.0010656789,-0.72550905,0.016745709
WOLFSKILL_Kecskemet_8885,-0.022822145,-0.44382107,-0.007258868,0.9302489
VINEYARDS_1103P_cab_merced_y2019_2102,0.36422,0.006925389,-0.880857,0.0036571324
VINEYARDS_freedom_chard_merced_y2018_4279,0.3409544,0.0043918304,-0.8253874,0.009333786
WOLFSKILL_Catarratto_8454,-0.095081456,0.049813118,0.24372274,-0.092157364
WOLFSKILL_Conte_Rosso_1066,-0.011553987,-0.3861849,-0.020410119,0.8220647
WOLFSKILL_Clairette_De_Limoux_5017,-0.054243125,-0.32938012,0.13568392,0.75636554
WOLFSKILL_Serphiotico_7328,0.15542619,-0.122559324,-0.39810047,0.26469937
WOLFSKILL_5-14_2497,-0.02976368,-0.41563445,0.035734072,0.8942556
WOLFSKILL_Rhazaki_Anatolico_2294,-0.016924541,-0.3996197,-0.0045234095,0.8553418
WOLFSKILL_Marvel_Of_Vaucluse_1397,0.08734454,0.15893634,-0.23227608,-0.34417897
WOLFSKILL_Durif_5728,-0.03532341,0.32330942,0.038753763,-0.72454584
WOLFSKILL_Gamay_Rond_5920,-0.15814368,0.22282945,0.3662225,-0.5118679
VINEYARDS_freedom_chard_madera_y2018_3893,0.3873445,0.012483656,-0.9381937,-0.008756246
WOLFSKILL_Muscat_Canelli_8725,-0.019368649,-0.38187027,0.005085403,0.8172185
VINEYARDS_1103P_chard_madera_y2018_4227,0.3839683,0.012954041,-0.93048096,-0.01396792
WOLFSKILL_Poet_Matabon_2451,-0.02205227,-0.41342455,0.0067935456,0.88127863
WOLFSKILL_Balta_4158,-0.07750593,-0.28787297,0.22495045,0.70693815
VINEYARDS_5C_chard_merced_y2019_1642,0.36993828,0.012847502,-0.897503,-0.017196376
WOLFSKILL_Olivette_Bauthelet_2170,0.072868615,0.21104409,-0.2073964,-0.46006453
WOLFSKILL_Prune_De_Cazouls_74,-0.03172294,0.3154058,0.029334767,-0.70513093
VINEYARDS_freedom_cab_merced_y2018_5030,-0.034003973,0.3579948,0.029129626,-0.7922521
WOLFSKILL_5-14_2496,-0.030510467,0.3979963,0.019209174,-0.872759
WOLFSKILL_Rhazaki_Anatolico_2295,-0.10936672,0.16429026,0.24441376,-0.3752771
WOLFSKILL_Serphiotico_7329,-0.03410016,-0.41105795,0.051964328,0.89580214
VINEYARDS_5C_chard_merced_y2019_1643,0.37595853,0.013088409,-0.912881,-0.015689075
WOLFSKILL_Balta_4159,-0.10836934,-0.19159324,0.31781793,0.50701886
WOLFSKILL_Olivette_Bauthelet_2171,-0.020654771,-0.36300874,0.019153448,0.78869855
VINEYARDS_freedom_chard_san_joaquin_y2019_1850,0.38886705,0.012928247,-0.9438931,-0.014931027
WOLFSKILL_Gamay_Rond_5921,-0.036729023,-0.41417408,0.059941113,0.90329486
VINEYARDS_freedom_chard_merced_y2019_389,0.376254,0.014593527,-0.9130449,-0.021087121
WOLFSKILL_Muscat_Canelli_8724,-0.11170839,-0.25561735,0.3247034,0.6726907
UCDAVIS_NERO_DAVOLA_674,-0.020301878,-0.38976565,0.0081765745,0.8406032
WOLFSKILL_Gros_Manzenc_6003,-0.028518625,-0.41471803,0.02924961,0.89137304
WOLFSKILL_Staphythambelo_7375,-0.037461497,-0.3700661,0.07722974,0.81974316
VINEYARDS_5C_cab_san_joaquin_y2019_1954,0.34014854,0.0128020495,-0.8258153,-0.020009402
WOLFSKILL_UNKNOWN_CULTIVAR_9597,0.07454621,0.1841334,-0.2057175,-0.39366803
VINEYARDS_freedom_cab_merced_y2018_3590,0.3506602,0.008901667,-0.8484225,-0.0049676634
WOLFSKILL_Namonia_3486,-0.027650435,-0.35510612,0.04488849,0.77510774
WOLFSKILL_Grec_Rouge_5987,-0.022812929,-0.4055848,0.0124007445,0.87136966
WOLFSKILL_Bixby_8199,-0.024295136,-0.44006088,0.006339757,0.9354884
UCDAVIS_5BB_86,-0.018064596,0.40096933,-0.015121576,-0.8643925
WOLFSKILL_Mavroudi_7934,-0.02796749,-0.31488982,0.054697268,0.69754916
WOLFSKILL_Nerello_Calabrese_6753,0.026079044,0.2757601,-0.10658652,-0.59967434
WOLFSKILL_Red_Ohanez_2939,-0.03724094,-0.40778458,0.075823374,0.893686
WOLFSKILL_Staphythambelo_7374,-0.010637018,-0.37674934,-0.01953852,0.80570406
WOLFSKILL_Gros_Manzenc_6002,-0.07542781,-0.29319155,0.21728888,0.7157182
WOLFSKILL_UNKNOWN_CULTIVAR_9596,-0.14827852,-0.076878145,0.3994178,0.24880788
WOLFSKILL_Bixby_8198,-0.02175261,-0.39220947,0.012261031,0.84335876
WOLFSKILL_Grec_Rouge_5986,-0.006273047,-0.3828742,-0.033661276,0.81665766
WOLFSKILL_Nerello_Calabrese_6752,-0.093476616,0.23330308,0.18848518,-0.55572015
WOLFSKILL_Red_Ohanez_2938,0.26007113,-0.03851784,-0.6355628,0.08960794
UCDAVIS_BARBERA_201,-0.030420598,0.36348215,0.0240162,-0.8036233
WOLFSKILL_Mavroudi_7935,-0.016664386,-0.33958742,0.006870389,0.7363472
VINEYARDS_freedom_cab_merced_y2018_3591,0.36440334,0.011061549,-0.8825666,-0.012687065
WOLFSKILL_Vermentino_Favorita_7682,-0.046790183,-0.30956984,0.12209421,0.70731556
WOLFSKILL_Iviar_Oliver_2095,0.08256935,0.17898169,-0.22542374,-0.388022
WOLFSKILL_Chasselas_Tokay_2750,-0.032248158,-0.3764755,0.05678273,0.8249349
VINEYARDS_5C_cab_madera_y2019_263,0.32766268,0.013601702,-0.7941587,-0.021600869
WOLFSKILL_Kokour_Rot_2627,-0.028153393,-0.23341383,0.07320549,0.52583545
WOLFSKILL_Morio_Muscat_9772,-0.03835067,-0.4280015,0.06691526,0.93567544
VINEYARDS_freedom_cab_merced_y2019_47,0.36681864,0.006283544,-0.8845587,0.0064819306
WOLFSKILL_Futuna_700_248,-0.039830044,-0.2741376,0.105309434,0.6214262
WOLFSKILL_Muscat_Flame_1446,-0.07413819,-0.3272467,0.21327242,0.79704124
WOLFSKILL_Charas_8463,-0.0045799324,-0.34714502,-0.028357822,0.7481749
WOLFSKILL_Chenin_Blanc_8086,-0.049748953,-0.33419558,0.124422856,0.7595698
WOLFSKILL_Vidal_804_9474,-0.012681146,-0.39583203,-0.025414001,0.83141446
WOLFSKILL_Malvasia_del_Chianti_6268,-0.054023877,0.34695232,0.08136643,-0.78621346
VINEYARDS_freedom_cab_merced_y2019_46,0.34053987,0.007835772,-0.8252655,-0.0067002997
VINEYARDS_1103P_cab_merced_y2019_1216,0.32060817,0.0063298307,-0.77444065,-0.00406716
WOLFSKILL_Iviar_Oliver_2094,-0.04237391,0.3049255,0.05692687,-0.6890035
WOLFSKILL_Vermentino_Favorita_7683,-0.042622447,-0.35867563,0.09928436,0.80308914
WOLFSKILL_Pfeffer_4786,-0.02725181,0.39035067,0.010205058,-0.85433304
WOLFSKILL_Chenin_Blanc_8087,-0.07382234,-0.26966676,0.214169,0.6612413
VINEYARDS_1103P_chard_madera_y2019_1172,0.35413823,0.006689165,-0.85551757,0.0010857098
WOLFSKILL_Futuna_700_249,-0.03730461,0.35294086,0.038452037,-0.7864163
WOLFSKILL_Charas_8462,0.062758364,-0.2801594,-0.18736354,0.59537596
VINEYARDS_1103P_chard_san_joaquin_y2018_3639,0.40252534,0.015585553,-0.97764677,-0.019916158
VINEYARDS_5C_cab_san_joaquin_y2018_4690,0.3667256,0.012497552,-0.88721263,-0.0105993
WOLFSKILL_Fort_Ross_Vine_2443,-0.02838824,-0.41975525,0.024770228,0.89540195
WOLFSKILL_Dattier_4179,-0.01525081,0.29647183,-0.009142997,-0.65704703
WOLFSKILL_Gocseji_Zamatos_8990,-0.02179898,-0.35859108,0.02610057,0.7855926
WOLFSKILL_Chalian_De_Drome_629,-0.03189837,0.3460998,0.027200436,-0.7692071
WOLFSKILL_Folle_Blanche_5829,-0.014563643,-0.38556528,-0.013781752,0.819021
WOLFSKILL_Nonno_Giovanni_581,-0.028695572,-0.42104802,0.025284706,0.9018148
VINEYARDS_freedom_cab_san_joaquin_y2018_4878,0.34583938,0.011293024,-0.83957773,-0.0176372
WOLFSKILL_Touriga_7584,0.35565996,0.010062095,-0.85913014,-0.0069171004
ALGERIA_Ahmeur Bou Ahmeur_24,-0.020767558,-0.42057258,-0.006158175,0.88558084
WOLFSKILL_Chalian_De_Drome_628,0.13466842,-0.17030762,-0.3478837,0.37059176
WOLFSKILL_Gocseji_Zamatos_8991,-0.048025213,-0.321011,0.1197922,0.7308748
WOLFSKILL_Dattier_4178,-0.03349646,0.34522226,0.029795641,-0.7671927
WOLFSKILL_Memory_Of_Queen_Elizabeth_1405,-0.05456624,0.33211976,0.0836364,-0.75422233
WOLFSKILL_Touriga_7585,-0.030901711,-0.4346004,0.030523634,0.93172115
ALGERIA_Ahmeur Bou Ahmeur_25,-0.034808576,-0.3856957,0.06156925,0.84100914
WOLFSKILL_Nonno_Giovanni_580,-0.048903283,-0.36102855,0.12326837,0.82047945
WOLFSKILL_Petite_Noir_7314,-0.025371276,-0.39971003,0.022204636,0.86254036
WOLFSKILL_Mortagua_8631,-0.048195384,-0.3810752,0.11850927,0.86208546
WOLFSKILL_Damas_Rose_1093,-0.048866324,-0.30388054,0.123678215,0.6984688
WOLFSKILL_Citronelle_1052,-0.078218915,-0.3494863,0.22086857,0.8574354
VINEYARDS_5C_cab_san_joaquin_y2019_105,0.32997182,0.0035426095,-0.7960883,0.01115616
WOLFSKILL_Sciacarello_4834,-0.14534998,-0.047169305,0.39546472,0.18032782
WOLFSKILL_Unknown_Cultivar_7686,-0.046502985,-0.36073267,0.11520035,0.81724286
WOLFSKILL_Ezerfuertu_8979,0.01090118,-0.37173405,-0.08234355,0.7756636
WOLFSKILL_Triplett_F1-13_9291,-0.047130372,-0.16732313,0.1266927,0.3887241
WOLFSKILL_Favorita_Segaria_8519,-0.06188906,-0.27331495,0.16998485,0.64901173
WOLFSKILL_Asprorombola_5348,0.01338742,-0.3486913,-0.07782374,0.7452897
WOLFSKILL_Thiako_7167,-0.026335593,-0.42364496,0.019311463,0.9096302
WOLFSKILL_Muscat_Pappo_4475,-0.055027913,-0.36513287,0.14994568,0.84262955
VINEYARDS_1103P_chard_madera_y2018_4149,0.38521382,0.015873257,-0.93537194,-0.024189133
WOLFSKILL_Milton_1418,-0.051518925,-0.3379257,0.13011579,0.7730244
WOLFSKILL_Dabouki_2518,0.41570735,0.015673097,-1.006659,-0.014567673
WOLFSKILL_Citronelle_1053,-0.040153712,-0.3739987,0.096278064,0.83463466
VINEYARDS_5C_cab_san_joaquin_y2019_104,0.34584185,0.010488544,-0.83729476,-0.009710588
WOLFSKILL_Mortagua_8630,-0.034188714,-0.3851661,0.05876729,0.8457571
WOLFSKILL_Damas_Rose_1092,-0.051671132,-0.350551,0.12941816,0.80277777
WOLFSKILL_Petite_Noir_7315,0.0039732005,-0.37897336,-0.06058611,0.80388725
WOLFSKILL_Muscat_Pappo_4474,-0.077561446,-0.36084798,0.22155094,0.881866
VINEYARDS_1103P_chard_madera_y2018_4148,0.4327282,0.019848868,-1.0525389,-0.030059647
WOLFSKILL_Unknown_Cultivar_7687,-0.016996555,-0.37705395,-0.0016398579,0.8081319
VINEYARDS_5C_cab_san_joaquin_y2018_5005,0.37289596,0.0030054562,-0.89798677,0.015636954
WOLFSKILL_Asprorombola_5349,-0.051908307,-0.3452502,0.13788772,0.7983825
WOLFSKILL_Favorita_Segaria_8518,-0.095120616,0.1461166,0.21242215,-0.3335297
WOLFSKILL_Thiako_7166,-0.017572328,-0.3440231,0.011886025,0.74896073
WOLFSKILL_Triplett_F1-13_9290,-0.028242398,-0.39650753,0.03486926,0.8600787
WOLFSKILL_Gros_Colman_2820,-0.014030122,0.32186508,-0.012405317,-0.70724225
WOLFSKILL_b_39-52_Mlc_3805,-0.02735867,-0.44311365,0.0123532135,0.9340701
VINEYARDS_1103P_cab_merced_y2018_3544,0.36746088,0.0098151155,-0.8901037,-0.008124959
WOLFSKILL_Affenthaler_9420,-0.06490448,-0.30255014,0.1831344,0.7217417
WOLFSKILL_Mathilde_3066,-0.004258507,-0.2926563,-0.018422058,0.628493
VINEYARDS_freedom_cab_merced_y2019_370,0.35082123,0.005278509,-0.8459929,0.007094387
WOLFSKILL_Chasselas_Napoleon_3023,-0.024743803,0.3188838,0.011969062,-0.70614773
WOLFSKILL_Olmo_033-60_3252,-0.039288763,-0.20712459,0.10193426,0.47292185
WOLFSKILL_Grignolino_5999,-0.022453852,-0.34872913,0.025025578,0.75166386
WOLFSKILL_Platirahah_7068,-0.030374706,-0.38685572,0.045066446,0.84344876
WOLFSKILL_Mathilde_3067,0.114854425,-0.21420616,-0.31222576,0.44593906
VINEYARDS_1103P_cab_merced_y2018_3545,0.33615276,0.0058175214,-0.81425595,-0.0016415454
WOLFSKILL_Affenthaler_9421,-0.03319783,-0.4033201,0.052408837,0.8821241
WOLFSKILL_Gros_Colman_2821,0.01784879,-0.36448604,-0.095832914,0.76746273
WOLFSKILL_b_39-52_Mlc_3804,-0.027367406,-0.40575445,0.023913404,0.86626035
WOLFSKILL_Japanese_Burgundy_4536,-0.040029004,0.22677366,0.060711764,-0.5255827
WOLFSKILL_Platirahah_7069,-0.025190935,-0.4096868,0.01996606,0.8820471
WOLFSKILL_Grignolino_5998,-0.037675045,-0.35943997,0.08123632,0.8001863
VINEYARDS_freedom_chard_san_joaquin_y2018_3209,0.36825413,0.01472174,-0.8941464,-0.022784632
WOLFSKILL_Pearl_of_Zola_3616,0.06309706,-0.34740108,-0.20438485,0.725749
WOLFSKILL_Chasselas_Napoleon_3022,-0.01233725,-0.3733111,-0.014213793,0.7953479
WOLFSKILL_Olmo_033-60_3253,-0.04550763,-0.31602743,0.10953728,0.7134298
WOLFSKILL_Maria_Pirovano_2149,-0.029527247,-0.39580488,0.038482875,0.85194576
WOLFSKILL_UNKNOWN_CULTIVAR_6944,-0.10973482,0.17960662,0.23800004,-0.4128848
WOLFSKILL_Olivette_Blanche_1531,-0.022134941,-0.33533502,0.02620939,0.72685784
VINEYARDS_5C_chard_san_joaquin_y2019_2198,0.3778973,0.018020738,-0.9186442,-0.030502122
VINEYARDS_5C_chard_san_joaquin_y2019_1031,-0.03948718,-0.41543284,0.0708837,0.9138161
ALGERIA_Ahmeur Bou Ahmeur_1,-0.020003993,-0.39495105,0.0015541259,0.83986807
WOLFSKILL_Sultana_2399,-0.013613845,-0.3149805,0.009434788,0.6851708
WOLFSKILL_Corniola_122,-0.024768047,-0.3403571,0.03756471,0.7443316
WOLFSKILL_Furmint_5869,-0.019423276,-0.3652051,0.011379806,0.7891103
WOLFSKILL_Bhokri_2373,-0.054877408,0.3416844,0.0884841,-0.7796488
WOLFSKILL_Petite_Bouschet_6881,-0.032365236,0.38230932,0.022831207,-0.84178734
WOLFSKILL_Estellat_1182,-0.014225229,-0.36123437,-0.0032282174,0.7758511
WOLFSKILL_Nilok_3916,-0.006714399,-0.3633563,-0.030392054,0.7711363
WOLFSKILL_Feher_Som_5784,-0.018213145,-0.37152928,0.003650995,0.7978391
WOLFSKILL_UNKNOWN_CULTIVAR_6945,-0.03394025,-0.42674664,0.04498601,0.9225315
WOLFSKILL_Olivette_Blanche_1530,0.004818614,-0.28174654,-0.04389313,0.60767823
VINEYARDS_5C_chard_san_joaquin_y2019_2199,0.3959414,0.01410865,-0.95956194,-0.011301611
WOLFSKILL_Kandahar_2854,-0.080329664,0.20722751,0.15372874,-0.48795474
WOLFSKILL_Petite_Bouschet_6880,-0.031630967,0.34525102,0.025781436,-0.766158
WOLFSKILL_Bhokri_2372,-0.037012972,-0.3610334,0.08025936,0.80227685
WOLFSKILL_Nilok_3917,-0.03397423,-0.37256718,0.061310537,0.81765974
WOLFSKILL_Estellat_1183,-0.027509455,-0.3658766,0.043344997,0.79764247
WOLFSKILL_Corniola_123,-0.03329835,-0.41442376,0.046590447,0.8967436
WOLFSKILL_Sultana_2398,-0.01383411,-0.37792814,-0.014329532,0.79601854
WOLFSKILL_Furmint_5868,-0.011917406,0.32621014,-0.017097792,-0.71793634
VINEYARDS_5C_cab_san_joaquin_y2018_3659,0.3703963,0.013385475,-0.8967433,-0.014391307
VINEYARDS_1103P_chard_madera_y2019_319,0.37808874,0.014129579,-0.9175506,-0.017928869
ALGERIA_Bouabane des Aures_203,-0.02491261,-0.40449506,0.008960707,0.85006976
WOLFSKILL_UNKNOWN_CULTIVAR_9763,-0.021627594,-0.40169114,0.0027711596,0.84575135
WOLFSKILL_Summer_Muscat_4282,-0.016082995,-0.39282554,-0.007365357,0.84219736
WOLFSKILL_Olmo_030-33_3204,-0.12715803,-0.21302375,0.37197578,0.5802368
WOLFSKILL_UNKNOWN_CULTIVAR_9505,-0.012384309,-0.39500743,-0.018693123,0.8434497
WOLFSKILL_Cipro_Nero_1046,-0.028694995,-0.4344587,0.021660252,0.9276264
WOLFSKILL_Verdal_1940,-0.013896634,-0.3866384,-0.013607385,0.82520604
WOLFSKILL_Garanoir_9242,-0.017331004,-0.40592715,-0.012391133,0.8576163
WOLFSKILL_Emperor_1152,-0.028159946,-0.39417103,0.03530766,0.8573408
WOLFSKILL_Assirtico_8405,-0.035179373,0.31252557,0.039534926,-0.70308197
WOLFSKILL_St._Catherine_s_Old_Vine_4244,-0.089679115,-0.33262342,0.26094532,0.8349247
WOLFSKILL_UNKNOWN_CULTIVAR_9504,0.014068013,-0.26371765,-0.06285192,0.5758201
WOLFSKILL_Olmo_030-33_3205,-0.15472524,-0.10171853,0.4237693,0.31640553
WOLFSKILL_Stein_4835,-0.016746867,-0.3496202,0.01377531,0.75913364
WOLFSKILL_Cipro_Nero_1047,-0.03482957,-0.39152408,0.058299392,0.85717416
ALGERIA_Bouabane des Aures_202,-0.020908806,-0.38427997,0.010274468,0.82525563
VINEYARDS_1103P_chard_madera_y2019_318,0.36674955,0.012189899,-0.88905686,-0.01420873
VINEYARDS_5C_cab_san_joaquin_y2018_3658,0.39014283,0.011831943,-0.94469756,-0.0077847727
WOLFSKILL_Summer_Muscat_4283,-0.025994994,-0.383531,0.03079979,0.83227766
WOLFSKILL_UNKNOWN_CULTIVAR_9762,-0.02883754,-0.40124086,0.035128742,0.8657071
WOLFSKILL_Assirtico_8404,-0.04995256,-0.3465439,0.13100742,0.7952845
WOLFSKILL_St._Catherine_s_Old_Vine_4245,-0.026941318,-0.43071848,0.018349336,0.92056644
VINEYARDS_5C_chard_san_joaquin_y2018_4630,0.36674038,0.013992205,-0.8897146,-0.021481607
WOLFSKILL_Verdal_1941,0.1283155,-0.15782972,-0.3400098,0.33298284
WOLFSKILL_Emperor_1153,-0.060197078,0.3380198,0.09678188,-0.77071106
WOLFSKILL_Garanoir_9243,0.17996298,0.055940237,-0.43685207,-0.11851069
WOLFSKILL_Mueller-thurgau_6629,-0.01869727,-0.38462722,0.0012309998,0.82329583
WOLFSKILL_Zalovitico_7802,-0.022511747,-0.4054548,0.010844713,0.87104464
VINEYARDS_5C_chard_merced_y2019_1635,0.36758506,0.01596823,-0.8919617,-0.023472901
WOLFSKILL_Muscat_Of_Alexandria_1432,-0.070930116,-0.2652949,0.20009387,0.64448124
VINEYARDS_5C_cab_madera_y2018_3481,0.35748824,0.0077714548,-0.8655305,-0.0026493408
WOLFSKILL_Matum_Margoon_5168,-0.06359894,0.27503705,0.10885293,-0.6334754
WOLFSKILL_Wittberger_9071,-0.008801312,-0.3966211,-0.042223386,0.81964505
WOLFSKILL_Gungargoon_3460,-0.026469726,0.36440468,0.010762418,-0.8018525
WOLFSKILL_Sabalkanskoi_4385,-0.009213147,-0.36351737,-0.02085416,0.7783501
WOLFSKILL_Olmo_672_4102,-0.05502408,-0.31822807,0.14240125,0.7349458
WOLFSKILL_Austrian_Seedless_2459,0.36844718,0.011729475,-0.8932158,-0.014513843
WOLFSKILL_Negrette_5079,-0.03138663,-0.38484144,0.050395966,0.8401046
VINEYARDS_5C_cab_madera_y2018_3480,0.38167503,0.013323661,-0.92613447,-0.016676221
WOLFSKILL_Gungargoon_3461,0.013404983,-0.3339818,-0.07597063,0.7096945
WOLFSKILL_Wittberger_9070,-0.022711676,-0.43980154,-0.0005658101,0.9308052
WOLFSKILL_Zalovitico_7803,-0.031515535,-0.41915077,0.038884014,0.9082377
WOLFSKILL_Mueller-thurgau_6628,0.0033137496,0.25889462,-0.048968643,-0.5775703
WOLFSKILL_Muscat_Of_Alexandria_1433,-0.04015585,-0.37081993,0.08694696,0.8248718
WOLFSKILL_Olmo_672_4103,-0.034354694,-0.37285665,0.066919096,0.8225081
WOLFSKILL_Sabalkanskoi_4384,-0.022351094,-0.41199964,0.0065255705,0.8721721
WOLFSKILL_Gamay_Noir_5064,-0.014278158,-0.40135145,-0.017976716,0.84958076
VINEYARDS_5C_cab_san_joaquin_y2018_3273,0.39552787,0.013607737,-0.95775306,-0.011403665
WOLFSKILL_Anacelatta_5273,0.118815355,0.13195315,-0.3044407,-0.2840006
WOLFSKILL_Kepraico_6217,-0.07595115,0.29910046,0.13736033,-0.6919333
WOLFSKILL_Barone_Dell_aterno_965,-0.0129554765,-0.38252765,-0.016837291,0.8095379
WOLFSKILL_Beauty_Seedless_974,0.03331555,-0.18109712,-0.10759749,0.38446045
WOLFSKILL_Schiradzouli_Violet_1737,-0.012381415,-0.39521873,-0.023528993,0.8345515
WOLFSKILL_Frankenthal_Blanc_4968,0.055503927,0.16509537,-0.15501016,-0.3591868
WOLFSKILL_Kokinostaphylo_4612,-0.045431804,-0.36063024,0.110605665,0.8140302
WOLFSKILL_Royal_2209,-0.023616571,-0.38104612,0.023235822,0.8276499
WOLFSKILL_Rothgipfler_4650,-0.033452954,-0.44121307,0.037620924,0.9473655
WOLFSKILL_Dabouki_1100,-0.038085572,-0.40422532,0.07453912,0.88890827
VINEYARDS_5C_chard_merced_y2019_2134,0.36041805,0.013253685,-0.8739753,-0.01760517
WOLFSKILL_Dschan_Im_Isium_9,-0.03827979,-0.32985586,0.09101478,0.7380395
WOLFSKILL_White_Tokay_1918,0.05681164,-0.28264913,-0.17200223,0.6070062
WOLFSKILL_Barone_Dell_aterno_964,-0.017230418,-0.34323835,0.0114971455,0.7445408
VINEYARDS_5C_chard_merced_y2019_2135,0.35636106,0.015776467,-0.8654897,-0.02535281
WOLFSKILL_Selection_2798_8776,-0.01491915,-0.32471913,0.0066222884,0.69989777
WOLFSKILL_White_Tokay_1919,-0.012069521,0.37526923,-0.023022592,-0.8162646
WOLFSKILL_Schiradzouli_Violet_1736,-0.042055182,0.3890768,0.047787406,-0.8649079
WOLFSKILL_Beauty_Seedless_975,-0.082137786,-0.26543334,0.235154,0.6620443
WOLFSKILL_Rothgipfler_4651,-0.024345309,-0.3903526,0.020690715,0.83832526
WOLFSKILL_Dabouki_1101,-0.02631899,-0.40485734,0.024251683,0.8710915
WOLFSKILL_Kokinostaphylo_4613,-0.018574513,-0.37433416,0.0039319675,0.8049256
WOLFSKILL_Royal_2208,-0.1534227,-0.1626619,0.43964857,0.48007512
WOLFSKILL_Palziji_3952,-0.0661604,0.2821034,0.11374799,-0.6512243
WOLFSKILL_Neeli_3949,-0.017886609,-0.35578954,0.014274599,0.77232486
WOLFSKILL_Triplett_T182-4_9414,-0.057024844,-0.35493544,0.14953896,0.82143545
WOLFSKILL_Olmo_035-11_3308,-0.01721441,-0.40868142,-0.0042261817,0.87361884
WOLFSKILL_Negro_Amaro_6738,-0.08620431,-0.2889717,0.25610757,0.7306791
WOLFSKILL_Harslevelu_6018,-0.03271143,-0.39801955,0.050309077,0.87038124
VINEYARDS_1103P_cab_san_joaquin_y2018_4870,0.3876975,0.012415096,-0.93917453,-0.009608652
WOLFSKILL_5-17_3851,0.20986809,0.055707674,-0.51317203,-0.12267843
WOLFSKILL_Treixadura_Blanca_4066,-0.030426953,0.35336804,0.026427666,-0.78461707
WOLFSKILL_Olmo_672_4098,-0.03154847,-0.41710514,0.040346973,0.9012612
WOLFSKILL_Munuka_Sufed_2562,-0.02718912,-0.3593789,0.041943394,0.78556335
WOLFSKILL_Katta_Kurgan_6144,-0.035957977,0.34761962,0.036978506,-0.7756293
WOLFSKILL_Olmo_035-11_3309,0.005156257,-0.37436986,-0.061930656,0.7940396
WOLFSKILL_Palziji_3953,-0.06372037,-0.3475075,0.16869648,0.81309855
WOLFSKILL_Neeli_3948,-0.00075533567,-0.3578435,-0.04797016,0.752354
WOLFSKILL_Somarello_Rosso_4421,-0.025528088,-0.41353697,0.020310408,0.89131117
UCDAVIS_5C_14,-0.029899493,0.39292648,0.02101302,-0.8628543
WOLFSKILL_Treixadura_Blanca_4067,0.027452186,0.32163966,-0.11335963,-0.6923406
WOLFSKILL_5-17_3850,0.09932839,-0.24690042,-0.27386773,0.5238128
VINEYARDS_1103P_cab_san_joaquin_y2018_4871,0.3512808,0.0032060295,-0.8464009,0.013462756
WOLFSKILL_Olmo_672_4099,-0.073024444,-0.33410877,0.20986226,0.8104646
WOLFSKILL_Harslevelu_6019,-0.15521695,0.18682492,0.3636212,-0.40622434
WOLFSKILL_Negro_Amaro_6739,-0.024521314,-0.42574394,0.009611981,0.9103729
WOLFSKILL_Tana-Kuzi_4204,-0.03152791,-0.3276282,0.0636423,0.7259363
WOLFSKILL_Fachren_Weis_2626,-0.021029588,-0.3414241,0.02640318,0.74141914
ALGERIA_Ahmeur Bou Ahmeur_53,-0.021018855,-0.3722528,0.017477067,0.80522096
WOLFSKILL_Jackson_Sel._3_9183,-0.018003684,-0.40424773,-0.010683857,0.8509109
VINEYARDS_freedom_cab_madera_y2018_4121,0.3766218,0.01364458,-0.91336125,-0.017322265
WOLFSKILL_Terra_Promessa_378,-0.020684328,-0.40910167,0.0021484438,0.87156284
WOLFSKILL_Leanyka_4620,-0.041799784,-0.3693748,0.09678061,0.8243851
WOLFSKILL_Grassa_De_Cotnari_4926,-0.025069043,-0.4266408,0.01186019,0.90659606
VINEYARDS_5C_cab_san_joaquin_y2019_1429,0.3985787,0.016194593,-0.96464336,-0.017849904
WOLFSKILL_Khalili_2531,-0.027085714,0.3088497,0.019415123,-0.69082266
WOLFSKILL_DOVine_4255,-0.021733522,-0.39445817,0.010912223,0.84127593
WOLFSKILL_Lacturario_2130,-0.009054975,0.3882108,-0.03348337,-0.8336848
WOLFSKILL_Red-white_Veltliner_7133,-0.029320024,-0.42751014,0.027610222,0.9166598
WOLFSKILL_Gemeroh_7884,0.019372068,-0.35487792,-0.09880169,0.7435977
VINEYARDS_1103P_chard_san_joaquin_y2019_2241,0.36893943,0.014725253,-0.8938912,-0.015452728
WOLFSKILL_Hondromavroudo_7857,-0.07616369,-0.28580713,0.22042722,0.70129323
WOLFSKILL_Jackson_Sel._3_9182,-0.017162453,0.31635803,-0.0032741707,-0.6980574
WOLFSKILL_Fogarina_5813,-0.017728083,-0.3967402,-0.005307922,0.84474015
VINEYARDS_freedom_cab_madera_y2018_4120,0.37182263,0.013444185,-0.9020206,-0.015063845
WOLFSKILL_Tana-Kuzi_4205,-0.045298364,0.37878335,0.055361994,-0.8467616
WOLFSKILL_Alicante_Ganzin_9423,-0.025476929,-0.42706567,0.0073467474,0.90245557
ALGERIA_Ahmeur Bou Ahmeur_52,-0.01287197,-0.43328,-0.038220257,0.8985602
WOLFSKILL_Lacturario_2131,-0.030284278,-0.3870796,0.045482464,0.84359
WOLFSKILL_DOVine_4254,-0.022419903,-0.37848964,0.01586301,0.812708
WOLFSKILL_Red-white_Veltliner_7132,0.31689754,0.00997515,-0.76868546,-0.014538016
WOLFSKILL_Gemeroh_7885,-0.02910791,0.29862696,0.023197146,-0.6696942
WOLFSKILL_Hondromavroudo_7856,0.0011253273,0.35208145,-0.053167187,-0.7625099
WOLFSKILL_Terra_Promessa_379,-0.030713178,0.34943372,0.028591024,-0.7773415
WOLFSKILL_Grassa_De_Cotnari_4927,-0.024984483,0.35454693,0.011417927,-0.78119236
WOLFSKILL_Khalili_2530,-0.024529852,-0.365658,0.030401608,0.7980635
WOLFSKILL_Leanyka_4621,-0.079325914,-0.3315773,0.22904241,0.8196167
WOLFSKILL_Unknown_Cultivar_7807,-0.025390655,-0.44153532,0.006678721,0.9380361
VINEYARDS_freedom_chard_madera_y2019_1673,0.36504966,0.013824958,-0.88481,-0.019016419
WOLFSKILL_Lady_Hutt_453,0.022484653,0.19619861,-0.08584656,-0.43863636
VINEYARDS_5C_cab_madera_y2018_3919,0.32441688,0.010356948,-0.7856146,-0.010579441
ALGERIA_Louali_295,-0.033193402,-0.3898837,0.051368006,0.8469025
WOLFSKILL_Gaschochi_8822,-0.022000045,-0.3577637,0.024962706,0.7799387
WOLFSKILL_Semillon_8244,-0.05054905,-0.3746639,0.1253303,0.85352457
WOLFSKILL_Norakert_PRG_2224_3732,-0.06289657,-0.32268107,0.17517906,0.76547134
WOLFSKILL_Semillon_8245,-0.028407015,0.36107457,0.017336233,-0.7960094
WOLFSKILL_Gaschochi_8823,-0.027125228,-0.40804854,0.02799633,0.8784001
VINEYARDS_5C_cab_madera_y2018_3918,0.39339638,0.014378592,-0.95382917,-0.014373139
WOLFSKILL_Black_Malvoisie_5441,-0.044129968,-0.3466797,0.10640051,0.7818407
WOLFSKILL_Lady_Hutt_452,-2.1648593e-06,-0.32477248,-0.039479226,0.68600655
VINEYARDS_freedom_chard_merced_y2018_3386,0.38296375,0.008793373,-0.9258461,0.004107978
WOLFSKILL_Unknown_Cultivar_7806,0.005166208,-0.33625302,-0.054761827,0.71559167
VINEYARDS_freedom_chard_madera_y2019_1672,0.32659957,0.01260538,-0.7921834,-0.02027182
VINEYARDS_5C_cab_madera_y2019_287,0.33697897,0.012347531,-0.81708807,-0.020672154
WOLFSKILL_Tchilar_9059,-0.022059623,-0.40441296,0.00856044,0.8624587
VINEYARDS_5C_cab_madera_y2018_2740,0.3038648,0.009127092,-0.734899,-0.010117371
WOLFSKILL_Neo-Muscat_3602,-0.041267402,-0.35104382,0.09973925,0.79045445
WOLFSKILL_Golden_Champion_2809,0.0019458663,-0.41872573,-0.07282554,0.8685137
WOLFSKILL_Folle_Blanche_4862,-0.043266952,0.35125375,0.055103004,-0.7892111
WOLFSKILL_Batta_3958,-0.21770772,-0.06160982,0.5869273,0.27564532
WOLFSKILL_Kara_Dzhidzhigi_633,-0.02354268,-0.42490786,0.001489576,0.8902763
WOLFSKILL_Foster_s_Seedling_2792,-0.030631773,-0.4475603,0.02727856,0.9584092
WOLFSKILL_Alicante_Vermelho_5246,-0.18601485,0.019115563,0.48914635,0.038826026
WOLFSKILL_Katsano_6125,-0.014812042,-0.3636667,-0.0059065614,0.77510697
ALGERIA_Bouabane des Aures_188,0.0019937577,-0.32830516,-0.044362426,0.7029747
WOLFSKILL_Pinot_Noir-marianfeld_5105,-0.083475314,-0.34377187,0.23836249,0.85217696
WOLFSKILL_Tintureiro_7574,-0.037847996,0.38441062,0.040699556,-0.8557118
WOLFSKILL_Pedro_Ximenez_6876,-0.05000005,0.2405314,0.0823731,-0.5551233
WOLFSKILL_Ishkin_8816,-0.016352504,0.32742167,-0.0074488167,-0.7224258
WOLFSKILL_Kala_Kostan_3533,-0.050946847,0.22449152,0.087468185,-0.5248797
WOLFSKILL_UNKNOWN_CULTIVAR_8288,-0.02446159,-0.36957765,0.03073105,0.8033613
WOLFSKILL_Kara_Dzhidzhigi_632,0.1095187,-0.23071085,-0.29894033,0.48488784
WOLFSKILL_Batta_3959,-0.030735794,-0.4502955,0.030950027,0.96584225
WOLFSKILL_Foster_s_Seedling_2793,-0.050941423,0.35878482,0.07229316,-0.8096491
WOLFSKILL_Folle_Blanche_4863,-0.03982138,-0.342304,0.09265004,0.7650026
WOLFSKILL_Neo-Muscat_3603,0.030218221,-0.2994715,-0.10611061,0.6465942
WOLFSKILL_Rosaki_1651,0.00012906827,-0.35457164,-0.051227093,0.7396444
WOLFSKILL_Golden_Champion_2808,0.13311361,0.13342915,-0.34384584,-0.29450953
WOLFSKILL_Kala_Kostan_3532,0.06118171,0.27471024,-0.1880514,-0.5929361
WOLFSKILL_UNKNOWN_CULTIVAR_8289,-0.09256647,-0.30895168,0.2732432,0.7839304
WOLFSKILL_Tintureiro_7575,0.009998273,0.25555512,-0.0629331,-0.56539416
WOLFSKILL_Pedro_Ximenez_6877,-0.030488309,0.39532012,0.019886775,-0.868086
WOLFSKILL_Alicante_Vermelho_5247,-0.114496864,0.15204473,0.25313342,-0.3482089
WOLFSKILL_Sochal_Kara-kash_681,-0.019702233,-0.4230203,-0.0051918905,0.8962245
WOLFSKILL_Muscat_of_Alexandria_6561,-0.016057462,-0.37578142,-0.0036447328,0.8033887
WOLFSKILL_Durif_6892,-0.021027394,0.3633309,0.0009954218,-0.7945656
WOLFSKILL_Prosecco_Lungo_8666,0.05337298,0.29534566,-0.16645569,-0.6371182
WOLFSKILL_Lambrusca_di_Alessandria_8492,0.14030506,-0.14842077,-0.36467856,0.31671125
VINEYARDS_freedom_chard_madera_y2018_3876,0.39383253,0.012870263,-0.9545093,-0.011269435
WOLFSKILL_Cornifesto_5671,-0.029243581,-0.41174453,0.033862196,0.8911718
WOLFSKILL_Itonychi_Lefko_1975,-0.02605068,0.3784053,0.0083608795,-0.8272099
WOLFSKILL_Chasselas_Des_Bouches-du-rhone_369,-0.020981453,-0.36954385,0.016123088,0.79658794
WOLFSKILL_Black_Monukka_990,0.31408644,0.0006227307,-0.759106,0.008705869
WOLFSKILL_Touriga_8082,-0.024211835,-0.404423,0.014863523,0.8604817
WOLFSKILL_Tagouti_Rouge_1924,-0.025352553,-0.4078748,0.018494034,0.87243354
WOLFSKILL_Ranny_Vira_3735,-0.021056022,-0.37573323,0.017465113,0.8133749
WOLFSKILL_Ruby_Cabernet_7208,-0.01969377,0.34789994,-0.0035236105,-0.76305217
VINEYARDS_freedom_cab_merced_y2018_2373,0.3745896,0.011241097,-0.9051541,-0.006297309
WOLFSKILL_Lambrusca_di_Alessandria_8493,-0.05631847,-0.32705903,0.14837742,0.7599803
WOLFSKILL_Prosecco_Lungo_8667,0.039371915,0.24178417,-0.124526836,-0.53079194
WOLFSKILL_Cornifesto_5670,0.34513673,0.005853232,-0.8352495,0.0032829046
WOLFSKILL_Muscat_of_Alexandria_6560,0.028459601,-0.21028061,-0.09648501,0.45249125
WOLFSKILL_Sochal_Kara-kash_680,0.015477966,0.25319338,-0.07512709,-0.5599781
WOLFSKILL_Durif_6893,-0.053241212,-0.35767472,0.14222611,0.8213727
WOLFSKILL_Tagouti_Rouge_1925,0.06482596,0.29287398,-0.20022604,-0.6284718
WOLFSKILL_Ranny_Vira_3734,-0.04774822,0.30491668,0.07316043,-0.69484043
WOLFSKILL_Ruby_Cabernet_7209,-0.023131829,-0.3884613,0.01243251,0.82694215
VINEYARDS_freedom_cab_merced_y2018_2372,0.38132843,0.012316696,-0.9216515,-0.008865338
WOLFSKILL_Black_Monukka_991,-0.0578217,-0.3084005,0.16189831,0.71978724
WOLFSKILL_Itonychi_Lefko_1974,-0.19419646,0.17517775,0.47222847,-0.3755495
WOLFSKILL_Chasselas_Des_Bouches-du-rhone_368,-0.023442093,0.32577392,0.010009287,-0.720812
WOLFSKILL_Touriga_8083,-0.022356767,-0.44075227,-0.0034951214,0.93079334
WOLFSKILL_Red_Malaga_2_4x_3786,-0.012793534,-0.3879189,-0.019552652,0.8228011
VINEYARDS_freedom_chard_madera_y2019_1141,0.37723276,0.011498861,-0.91386485,-0.01094196
WOLFSKILL_Grand_Noir_5966,-0.12501809,-0.18735948,0.36818278,0.514616
WOLFSKILL_Ortega_4777,-0.024263535,-0.3935169,0.019982299,0.8492696
WOLFSKILL_Ajmi_2988,0.032539062,0.27879888,-0.1183399,-0.6048746
WOLFSKILL_Chauche_Noir_8473,0.31594548,0.010199577,-0.76499754,-0.012020182
WOLFSKILL_UNKNOWN_CULTIVAR_9572,0.049256224,-0.27890348,-0.15229893,0.5962246
WOLFSKILL_Cabernet_Franc_5556,-0.02297609,-0.39325967,0.016352376,0.8470439
VINEYARDS_freedom_cab_san_joaquin_y2018_2868,0.38954797,0.0146703385,-0.945733,-0.01867574
WOLFSKILL_Limberger_6280,-0.02001398,-0.4240465,-0.0005233679,0.90474916
WOLFSKILL_Black_Kishmish_2415,-0.013585686,0.22035976,-0.0064658727,-0.49973214
WOLFSKILL_Midget_Thompson_Seedless_2607,0.061568897,-0.21986206,-0.18063381,0.46069512
WOLFSKILL_Fatai_3935,0.39349666,0.017635092,-0.95579714,-0.024784934
WOLFSKILL_UNKNOWN_CULTIVAR_9714,-0.04505232,-0.2858579,0.1192861,0.65086186
VINEYARDS_1103P_chard_san_joaquin_y2019_1087,-0.023918808,-0.40140602,0.017387351,0.85940117
WOLFSKILL_Grand_Noir_5967,-0.00832438,-0.34606132,-0.021458438,0.73921365
WOLFSKILL_Ortega_4776,-0.03237368,0.30925864,0.030121962,-0.6918553
WOLFSKILL_Ajmi_2989,0.030554444,0.22521572,-0.10309339,-0.49607444
WOLFSKILL_Albana_5221,-0.02289112,-0.32568598,0.035861596,0.7153628
VINEYARDS_freedom_chard_madera_y2019_1140,0.37152895,0.0143376365,-0.9019751,-0.020541582
WOLFSKILL_Red_Malaga_2_4x_3787,-0.17595775,-0.09119263,0.48009598,0.31467345
WOLFSKILL_Midget_Thompson_Seedless_2606,-0.028850682,-0.3469784,0.05383203,0.7587844
WOLFSKILL_Fatai_3934,0.18736635,0.011888299,-0.45275444,-0.030807909
VINEYARDS_freedom_cab_san_joaquin_y2018_2869,0.39508113,0.014479775,-0.9569832,-0.0126322135
WOLFSKILL_Black_Kishmish_2414,-0.017724808,0.3195402,-0.003491724,-0.7025838
WOLFSKILL_Limberger_6281,-0.011715648,-0.3607112,-0.011244072,0.77918136
WOLFSKILL_UNKNOWN_CULTIVAR_9715,0.119793326,-0.12245746,-0.31669536,0.25512898
WOLFSKILL_UNKNOWN_CULTIVAR_9573,0.001954609,-0.4267879,-0.07303542,0.88647366
WOLFSKILL_Ladikinah_6232,-0.021834701,0.36870444,-0.00075260736,-0.8045102
WOLFSKILL_Chauche_Noir_8472,0.31708923,-0.0013472699,-0.76797485,0.016347585
WOLFSKILL_Cabernet_Franc_5557,-0.0379763,-0.39415258,0.075320445,0.86822253
WOLFSKILL_Stein_4842,-0.15561979,-0.17191032,0.44580764,0.5075854
WOLFSKILL_UNKNOWN_CULTIVAR_9655,0.12612648,-0.17041615,-0.33271486,0.35920012
WOLFSKILL_Moschardina_6582,-0.011668139,-0.38009125,-0.016179094,0.81356883
WOLFSKILL_Autumn_Black_4292,-0.021285828,-0.3926313,0.007818779,0.838979
WOLFSKILL_Rubired_7191,-0.062501915,0.3670377,0.100432865,-0.835617
WOLFSKILL_Potamisi_7083,0.0012596231,-0.39087725,-0.06108825,0.8183491
VINEYARDS_freedom_chard_san_joaquin_y2019_2002,0.3725882,0.01365881,-0.9031239,-0.015682586
WOLFSKILL_Beli_Potok_4889,-0.026339494,-0.39172286,0.023313055,0.8351489
WOLFSKILL_Gold_1230,-0.0246233,-0.3961801,0.019771507,0.8525644
WOLFSKILL_Chenin_Blanc_8476,0.061900746,-0.2341,-0.18564966,0.48788726
WOLFSKILL_Royale_4x_3195,-0.14433457,0.2821895,0.3157677,-0.6597903
WOLFSKILL_El_Bejuco_4884,-0.008581537,-0.36358118,-0.021601295,0.77841413
WOLFSKILL_Husseive_2574,-0.01692836,-0.37099415,-0.00033749826,0.79125154
WOLFSKILL_Mavroliatis_7931,-0.05989384,-0.29565167,0.1603944,0.6952367
WOLFSKILL_Kouldjinski_9023,-0.018609442,-0.06372501,0.045796767,0.13896403
WOLFSKILL_Asma_751,-0.021345187,-0.38668972,0.008731594,0.8209524
WOLFSKILL_Rubired_7190,-0.10653002,0.17641903,0.22984967,-0.4098488
WOLFSKILL_Potamisi_7082,-0.025939442,-0.3833003,0.025369143,0.8175626
WOLFSKILL_Gold_1231,-0.029271163,-0.38374743,0.045842,0.8404458
WOLFSKILL_Saidi_Gulami_1711,-0.059578903,-0.2893823,0.16748361,0.683395
WOLFSKILL_Moschardina_6583,-0.018879268,-0.40638748,-0.0016915407,0.8687142
WOLFSKILL_UNKNOWN_CULTIVAR_9654,-0.010542632,-0.39985558,-0.025053171,0.8524879
WOLFSKILL_Mavroliatis_7930,-0.04745021,-0.33089438,0.11733215,0.7512413
WOLFSKILL_Asma_750,-0.12306262,-0.1714981,0.35604486,0.46656322
WOLFSKILL_Kouldjinski_9022,-0.014912696,-0.3491735,0.0016370416,0.75322306
WOLFSKILL_Rhazaki_De_Crete_1647,0.16770579,0.089954644,-0.41430503,-0.19434522
WOLFSKILL_Chenin_Blanc_8477,0.042316746,-0.2893091,-0.13915159,0.6122505
WOLFSKILL_El_Bejuco_4885,-0.028238792,-0.39239752,0.036124423,0.848776
WOLFSKILL_Husseive_2575,-0.009287418,-0.37352252,-0.024592167,0.79410094
WOLFSKILL_Royale_4x_3194,-0.112525165,-0.2849266,0.32953995,0.7520664
WOLFSKILL_Pinot_Pernard_6954,-0.009499886,0.2932467,-0.019072011,-0.65004766
WOLFSKILL_Trousseau_6534,-0.027889784,0.3660916,0.013008235,-0.8074311
WOLFSKILL_Parreira_6824,0.26549542,-0.023430604,-0.6444115,0.06649812
WOLFSKILL_Olivette_Noir_2598,-0.025907628,-0.41019487,0.017136863,0.8731921
WOLFSKILL_Korghianitis_7886,-0.020644106,-0.38842764,0.0035217758,0.8242394
WOLFSKILL_Cabernet_Franc_6316,0.2743387,-0.016383681,-0.66510636,0.04613394
WOLFSKILL_Perlette_1586,-0.038608562,-0.30837584,0.090189286,0.69046587
WOLFSKILL_Ithani_Lefko_5213,-0.0120104505,-0.37686792,-0.015598981,0.80639434
WOLFSKILL_Trousseau_6535,0.33438075,0.008769263,-0.8106258,-0.008952241
WOLFSKILL_Meslier_6470,-0.06177973,-0.23769365,0.17206863,0.5641409
WOLFSKILL_Olivette_Noir_2599,-0.01017747,-0.38542795,-0.028051974,0.81115854
WOLFSKILL_Parreira_6825,-0.12604362,-0.22673209,0.3629154,0.6136135
WOLFSKILL_Pinot_Pernard_6955,-0.07704755,0.3289401,0.13551725,-0.75897837
WOLFSKILL_Korghianitis_7887,-0.015479193,-0.33441773,0.0024652053,0.71635145
WOLFSKILL_Perlette_1587,-0.036313444,-0.3737532,0.07198442,0.8244232
WOLFSKILL_Pias_6506,-0.032762267,0.37675205,0.03156708,-0.8345906
VINEYARDS_freedom_cab_san_joaquin_y2019_698,0.35745853,0.0070837997,-0.8626425,0.006804213
UCDAVIS_MALVASIA_BIANCA_216,-0.21361876,-0.048606746,0.57460505,0.23739183
WOLFSKILL_Osteiner_5083,-0.020066012,-0.3736853,0.014175603,0.8066313
WOLFSKILL_Crujidero_8500,-0.023710288,-0.4125213,0.011652073,0.8823594
WOLFSKILL_Zimsko_Belo_3686,-0.17363746,-0.19511007,0.49312425,0.58030987
WOLFSKILL_Trincadeiro_Branco_7612,-0.0018990161,0.30805773,-0.038861863,-0.676201
WOLFSKILL_Retino_Lefko_8130,-0.007236316,-0.34537673,-0.0224207,0.74341094
WOLFSKILL_Tsoupi_8052,-0.025432728,-0.3797422,0.027426282,0.8188635
WOLFSKILL_Unkown_Cultivar_5376,0.0982051,-0.23831461,-0.27434945,0.5023709
WOLFSKILL_Volitza_Lefki_7724,-0.11858813,-0.15866067,0.33872712,0.42941377
VINEYARDS_5C_chard_san_joaquin_y2019_120,0.34717682,0.010850567,-0.84163845,-0.014075372
WOLFSKILL_Alburla_8387,0.2169634,0.07221739,-0.5325457,-0.15640464
WOLFSKILL_Charmont_9157,-0.016222041,-0.35634533,0.005986821,0.77434146
VINEYARDS_5C_chard_san_joaquin_y2019_1453,0.35856655,0.013500657,-0.8708217,-0.020889368
WOLFSKILL_San_Martino_P._215_1722,-0.029515442,-0.30149978,0.067794494,0.6668956
ALGERIA_Ichmoul_263,-0.026710112,-0.44165534,0.005100386,0.92619514
WOLFSKILL_Retino_Lefko_8131,-0.010981073,-0.32822824,-0.0069410503,0.7055616
WOLFSKILL_Tsoupi_8053,-0.06039413,-0.35973132,0.16006789,0.8414912
WOLFSKILL_Riesling_Italico_7150,0.09687882,-0.2179527,-0.27409714,0.44767928
WOLFSKILL_Pias_6507,0.022678383,-0.30346173,-0.09348614,0.6433953
VINEYARDS_freedom_cab_san_joaquin_y2019_699,0.3355306,0.01494183,-0.81269515,-0.020822097
WOLFSKILL_Zimsko_Belo_3687,-0.10076497,0.2779629,0.20678093,-0.65887845
WOLFSKILL_Osteiner_5082,-0.023765579,-0.38765848,0.01932191,0.8354508
WOLFSKILL_Crujidero_8501,-0.020064116,-0.39782953,-0.002681272,0.8399755
WOLFSKILL_Shingargoon_3560,-0.02225278,-0.3901664,0.016326128,0.839959
UCDAVIS_VALDEPENAS_74,0.021963997,0.29594535,-0.09638414,-0.6420487
VINEYARDS_5C_chard_san_joaquin_y2019_1452,0.3599678,0.011100158,-0.8709316,-0.00896265
VINEYARDS_5C_chard_san_joaquin_y2019_121,0.3415613,0.009989273,-0.82526326,-0.007957779
WOLFSKILL_Alburla_8386,0.0022115335,-0.2680207,-0.032782897,0.5762352
WOLFSKILL_Charmont_9156,-0.062096454,-0.30354133,0.17463268,0.7202128
WOLFSKILL_Volitza_Lefki_7725,-0.06374156,0.16003318,0.12138907,-0.38854325
VINEYARDS_freedom_chard_san_joaquin_y2019_144,0.38824221,0.014964674,-0.9419414,-0.016457416
WOLFSKILL_Kwar_II_3410,-0.03750848,0.39053,0.037027523,-0.86440235
WOLFSKILL_Chardonnay_8224,-0.21209043,-0.08426018,0.584967,0.33215544
WOLFSKILL_Austrian_Seedless_2411,-0.007858166,-0.36458167,-0.02787741,0.77017283
WOLFSKILL_Setzlinge_Dodreliabi_871,0.04806244,-0.059746686,-0.117092974,0.14214683
VINEYARDS_5C_cab_madera_y2018_3858,0.36917597,0.010611359,-0.89478457,-0.009019483
WOLFSKILL_Abla_Aganin_Isium_840,-0.019187167,-0.35938242,0.015638387,0.7803652
WOLFSKILL_Tourigan_National_5263,-0.028917827,-0.4310997,0.026014695,0.9256184
WOLFSKILL_Kominato_6191,-0.035965376,-0.36020654,0.075196356,0.7998359
WOLFSKILL_Kwar_II_3411,-0.08287592,-0.28985858,0.24698445,0.72525537
VINEYARDS_freedom_cab_madera_y2019_512,0.37172088,0.010805022,-0.8994069,-0.007871751
WOLFSKILL_Chardonnay_8225,-0.025407486,0.3922435,0.005933985,-0.8560045
VINEYARDS_freedom_chard_san_joaquin_y2019_145,0.37569705,0.013346996,-0.9103643,-0.014183003
WOLFSKILL_Abla_Aganin_Isium_841,-0.046416022,-0.38034266,0.1116376,0.85927784
WOLFSKILL_Tourigan_National_5262,-0.020267487,0.31462058,-0.00047149695,-0.6920444
WOLFSKILL_Kominato_6190,-0.0013719518,0.35606036,-0.050877407,-0.7677002
VINEYARDS_freedom_chard_merced_y2018_4306,0.40900376,0.018209476,-0.9914297,-0.01928955
WOLFSKILL_Austrian_Seedless_2410,-0.024349347,-0.3510841,0.031597875,0.75815284
WOLFSKILL_Setzlinge_Dodreliabi_870,-0.053450365,-0.34396374,0.13591899,0.7879322
VINEYARDS_5C_cab_madera_y2018_3859,0.35208756,0.006433841,-0.85090387,0.0014500469
WOLFSKILL_Tinta_Cao_7545,-0.031857587,-0.3716328,0.054936036,0.81285703
WOLFSKILL_Rodites_1671,-0.020441126,-0.36125284,0.017700734,0.7808043
ALGERIA_Babari_149,-0.031099968,-0.3852822,0.04592537,0.84048223
WOLFSKILL_Carvalheira_8441,-0.014219941,-0.356551,-0.0013395529,0.76801217
WOLFSKILL_Malvasia_Bianca_6329,-0.025632884,-0.33330792,0.04267571,0.72738445
WOLFSKILL_Sev_Lernatu_PRG_2224_9049,0.07815848,-0.2749366,-0.22529766,0.57974887
VINEYARDS_freedom_chard_madera_y2019_471,0.37652785,0.011325929,-0.91402286,-0.012287237
WOLFSKILL_Burgrave_1006,-0.06849872,-0.34114742,0.19349536,0.8176827
WOLFSKILL_Dornfelder_4030,-0.09286743,-0.26863423,0.26908258,0.68520594
ALGERIA_Babari_148,-0.026389405,-0.40661633,0.024996499,0.8772539
WOLFSKILL_Carvalheira_8440,-0.09616912,-0.2423772,0.28715163,0.62241375
WOLFSKILL_Sev_Lernatu_PRG_2224_9048,-0.033960823,0.23251994,0.045728214,-0.53460014
VINEYARDS_freedom_chard_madera_y2019_470,0.3720353,0.013976779,-0.90247285,-0.01686731
WOLFSKILL_Tinta_Cao_7544,-0.039301503,-0.41859576,0.07446894,0.91816723
WOLFSKILL_Rodites_1670,-0.047429807,-0.3514173,0.11745814,0.7949904
VINEYARDS_freedom_chard_madera_y2019_1109,0.40339193,0.013497423,-0.97799814,-0.0109287165
WOLFSKILL_Dornfelder_4031,-0.03368488,0.35844514,0.029446935,-0.79634833
WOLFSKILL_Burgrave_1007,-0.04405141,-0.39642653,0.107737444,0.88580805
WOLFSKILL_Olmo_030-51_3228,0.35664204,0.008856595,-0.86384654,-0.0010221265
WOLFSKILL_Spin_Ugad_3546,0.03037538,0.32284382,-0.120100066,-0.6938339
WOLFSKILL_Lagrein_6908,0.1820005,0.051360007,-0.448201,-0.11935292
WOLFSKILL_Stravaganza_Vidor_598,-0.013139722,-0.36913198,-0.009534096,0.79034626
WOLFSKILL_Triplett_T61-13_9342,-0.020756956,-0.38999736,0.009412264,0.8421515
WOLFSKILL_Alloued_Zeine_905,-0.12153163,-0.2765955,0.35679197,0.7388575
WOLFSKILL_Otscha_Bala_5189,-0.029868118,-0.403621,0.03854309,0.87517536
WOLFSKILL_Olmo_033-50_3243,-0.12086549,-0.23374473,0.35117817,0.625865
WOLFSKILL_Russian_Seedless_4x_3797,-0.009736056,-0.26721454,0.0066486616,0.57794505
VINEYARDS_5C_chard_san_joaquin_y2018_3300,0.3931685,0.016305588,-0.9550436,-0.022573944
WOLFSKILL_Volta_1893,0.01993303,0.3197177,-0.096111,-0.69041157
WOLFSKILL_Zifir_4003,-0.09952233,-0.19145739,0.28785658,0.4921994
VINEYARDS_freedom_chard_san_joaquin_y2018_4855,0.36271,0.013018083,-0.8792093,-0.013011973
WOLFSKILL_Gewurztraminer_5926,-0.07364182,0.13354887,0.16722801,-0.29856378
WOLFSKILL_Alloued_Zeine_904,-0.032767087,-0.40911734,0.04471811,0.88785183
WOLFSKILL_Spin_Ugad_3547,0.32018402,0.013775762,-0.7749934,-0.022790711
WOLFSKILL_Olmo_030-51_3229,0.0017194618,-0.2631251,-0.028163766,0.5761384
WOLFSKILL_Lagrein_6909,-0.032667164,-0.34801316,0.065563925,0.7707743
WOLFSKILL_Stravaganza_Vidor_599,-0.06995467,0.34326956,0.12478208,-0.7902318
WOLFSKILL_Russian_Seedless_4x_3796,-0.04242774,-0.36941007,0.093992725,0.8259418
VINEYARDS_5C_chard_san_joaquin_y2018_3301,0.3658045,0.013606828,-0.8879659,-0.019497257
WOLFSKILL_Gewurztraminer_5927,-0.040966637,0.34446427,0.046424992,-0.7709626
WOLFSKILL_Fer_Servadou_5045,-0.06808887,-0.34476706,0.1831,0.820777
WOLFSKILL_Volta_1892,0.10888938,-0.24526578,-0.3045324,0.5099792
WOLFSKILL_Zifir_4002,0.12387436,-0.12867649,-0.3235396,0.27879253
VINEYARDS_freedom_chard_san_joaquin_y2018_4854,0.38614157,0.0137042105,-0.9367198,-0.01287264
ALGERIA_Louali_347,-0.007950839,-0.35151592,-0.02968267,0.73704374
WOLFSKILL_Olmo_033-50_3242,-0.050641093,-0.34196487,0.13187775,0.7811575
WOLFSKILL_Triplett_T170-9B_9344,-0.02588695,-0.3767755,0.029505832,0.81470263
WOLFSKILL_Vermentino_Favorita_5181,0.29488552,-0.005124096,-0.71655405,0.025863739
WOLFSKILL_Syrian_479,-0.013411296,-0.3482518,-0.0049970243,0.7436629
WOLFSKILL_Kadarka_6091,-0.024594016,-0.40285543,0.017387556,0.8655889
WOLFSKILL_Stophiliatico_7408,-0.030116215,-0.34429377,0.05916851,0.757047
VINEYARDS_freedom_cab_merced_y2018_3836,0.35611922,-0.00058697537,-0.8607544,0.023877168
WOLFSKILL_Buaki_5540,0.25252146,0.011220414,-0.6098691,-0.020772506
WOLFSKILL_Eununi_1184,0.19298826,-0.09629436,-0.4858428,0.20624368
WOLFSKILL_Pardinia_1567,-0.04121164,-0.33199733,0.100075066,0.7451559
WOLFSKILL_Gouveio_5962,-0.031413846,-0.3744028,0.049673088,0.8142947
VINEYARDS_freedom_chard_san_joaquin_y2018_3236,0.38402107,0.009999502,-0.9281137,-0.002733022
WOLFSKILL_Solferino_1768,0.37650344,0.005743064,-0.90697044,0.009031225
WOLFSKILL_Triplett_T170-9B_9345,-0.026465364,-0.4076318,0.019877473,0.87348354
WOLFSKILL_Stophiliatico_7409,-0.07582139,0.2925568,0.13675879,-0.6768587
WOLFSKILL_Syrian_478,-0.011377639,-0.40852392,-0.032823503,0.8501929
WOLFSKILL_Kadarka_6090,-0.058120884,0.32456148,0.0911813,-0.7378147
VINEYARDS_freedom_chard_san_joaquin_y2018_3237,0.39901695,0.016906988,-0.96693754,-0.02059308
WOLFSKILL_Solferino_1769,0.07283089,-0.23650785,-0.21336952,0.49647325
WOLFSKILL_Gouveio_5963,-0.024079617,-0.42449385,0.006858235,0.90020335
WOLFSKILL_UNKNOWN_CULTIVAR_5116,0.008051316,0.27304432,-0.057134025,-0.5915537
VINEYARDS_freedom_cab_merced_y2018_3837,0.39003402,0.014367882,-0.944025,-0.013930276
WOLFSKILL_Buaki_5541,-0.01522893,0.31260177,-0.010166565,-0.6907239
WOLFSKILL_Eununi_1185,-0.039015338,-0.34603775,0.09274984,0.7713735
WOLFSKILL_Green_Hungarian_5992,-0.040408425,-0.33211392,0.09767055,0.74537957
WOLFSKILL_Pinot_Vert_Dore_7049,0.35398462,0.011178549,-0.85720193,-0.00852906
WOLFSKILL_Pinot_Nero_6974,-0.029722217,-0.404419,0.039666183,0.87604284
WOLFSKILL_Ruby_Okuyama_4350,-0.0072661703,-0.36615777,-0.029130569,0.7776147
VINEYARDS_5C_cab_san_joaquin_y2018_3333,0.33159402,0.009462487,-0.8031473,-0.008684117
WOLFSKILL_Delizia_Di_Vaprio_2990,-0.027014911,-0.4021767,0.0254864,0.86672014
WOLFSKILL_Aitah_3050,-0.024361543,-0.37307099,0.03061507,0.81008047
WOLFSKILL_Muscat_St._Laurent_55,-0.00514045,-0.30584505,-0.021706609,0.6561861
WOLFSKILL_Ghlicopati_8534,-0.039106287,0.39278263,0.04174617,-0.87346715
WOLFSKILL_Sauvignon_Gris_4815,-0.005300994,-0.36919487,-0.030367378,0.7924423
WOLFSKILL_Perle_de_Csaba_8924,-0.055031274,-0.29875475,0.149748,0.69485474
WOLFSKILL_Wengerka_2656,-0.036345106,-0.30779493,0.087308,0.6878897
WOLFSKILL_Nebbiolo_Michet_9190,0.24763022,0.013390202,-0.59796995,-0.025347803
WOLFSKILL_Picpoule_Noir_6934,-0.018077902,-0.38571715,-0.0033012666,0.8174839
WOLFSKILL_Barbera_5385,-0.001912212,-0.30704445,-0.027955387,0.6633681
WOLFSKILL_Roussico_8015,-0.02774791,-0.39346182,0.029862033,0.8508956
VINEYARDS_freedom_cab_san_joaquin_y2019_1022,0.03456735,-0.28193268,-0.119579665,0.6014291
VINEYARDS_5C_cab_san_joaquin_y2018_3332,0.41054478,0.018660877,-0.9961145,-0.023545299
WOLFSKILL_Antibo_5288,0.005537508,-0.34528816,-0.058558382,0.73366654
WOLFSKILL_Ghlicopati_8535,-0.10797453,0.20221284,0.22445905,-0.4736808
WOLFSKILL_Muscat_St._Laurent_54,-0.02488938,-0.34880385,0.04090608,0.7651685
WOLFSKILL_Sauvignon_Gris_4814,0.29120293,0.002513744,-0.7052748,0.0018285625
WOLFSKILL_Perle_de_Csaba_8925,-0.024693973,-0.41157106,0.017573403,0.88228047
WOLFSKILL_Delizia_Di_Vaprio_2991,-0.01261609,-0.32177415,0.0073507074,0.7078155
WOLFSKILL_Aitah_3051,-0.019492574,-0.31406415,0.028721543,0.6849483
WOLFSKILL_Pinot_Vert_Dore_7048,-0.002327538,-0.34605798,-0.03469049,0.7451517
WOLFSKILL_Pinot_Nero_6975,-0.008409782,0.17490931,-0.0134368185,-0.4063053
WOLFSKILL_Ruby_Okuyama_4351,-0.01738543,-0.3477561,0.007957606,0.74864805
VINEYARDS_5C_cab_san_joaquin_y2018_3154,0.33622912,0.011965986,-0.8149345,-0.018915303
WOLFSKILL_Roussico_8014,-0.026314382,-0.40026134,0.024872279,0.86515605
VINEYARDS_freedom_cab_san_joaquin_y2019_1023,0.02406808,-0.33892548,-0.10127705,0.726305
WOLFSKILL_Wengerka_2657,0.00010242127,-0.37015572,-0.051520757,0.7799873
WOLFSKILL_Nebbiolo_Michet_9191,0.11932502,-0.21437375,-0.3240835,0.45269305
WOLFSKILL_Picpoule_Noir_6935,-0.06627459,0.2658027,0.11858871,-0.6153122
WOLFSKILL_Gewurtztraminer_1799,-0.017204639,-0.32970393,0.0146379825,0.7177716
VINEYARDS_freedom_cab_madera_y2018_3907,0.33779147,0.010237936,-0.81735945,-0.0081538595
WOLFSKILL_Badacsony-10_8966,-0.021646615,-0.37839937,0.011698747,0.8063338
WOLFSKILL_Kakourdess_Weis_802,-0.03453362,-0.41245243,0.05424518,0.89527035
VINEYARDS_freedom_cab_madera_y2019_1698,0.36497292,0.015001405,-0.885868,-0.023757357
WOLFSKILL_Doral_8971,-0.034366474,-0.3992224,0.057739265,0.8702197
WOLFSKILL_Tarrango_II_3676,0.1481661,0.12559082,-0.3736233,-0.26997814
WOLFSKILL_Muscat_Galego_6672,-0.0021529729,-0.3452648,-0.036433313,0.7389467
WOLFSKILL_Daphne_2038,-0.023857433,-0.3880961,0.019764626,0.8353402
VINEYARDS_freedom_cab_merced_y2019_1204,0.33151934,0.010672178,-0.8027663,-0.010271031
WOLFSKILL_Kakourdess_Weis_803,-0.016567592,-0.40610248,-0.013708165,0.8553401
WOLFSKILL_Badacsony-10_8967,-0.034364667,-0.42245874,0.048602335,0.90907335
VINEYARDS_freedom_cab_madera_y2019_1699,0.37398466,0.012261406,-0.90632296,-0.013170075
VINEYARDS_1103P_chard_san_joaquin_y2018_4636,0.37478128,0.013053916,-0.9069309,-0.012055814
VINEYARDS_1103P_chard_san_joaquin_y2018_4450,0.33745643,0.0103437565,-0.8160476,-0.009588551
WOLFSKILL_Gewurtztraminer_1798,-0.015437671,-0.38843584,-0.005124267,0.8381591
VINEYARDS_freedom_cab_madera_y2018_3906,0.36389634,0.012317304,-0.8828509,-0.015692584
WOLFSKILL_Fahri_2778,-0.026077509,-0.35856813,0.03871774,0.7842377
WOLFSKILL_Daphne_2039,-0.034485564,0.38817644,0.033990264,-0.858927
WOLFSKILL_Muscat_Galego_6673,0.042905927,-0.21987392,-0.12767968,0.4806098
WOLFSKILL_Fosters_White_Seedling_470,-0.036364898,0.36474842,0.041367114,-0.81452966
WOLFSKILL_Probella_4145,-0.022151947,-0.3845036,0.014467051,0.8241114
WOLFSKILL_Perruno_4639,-0.028601795,-0.41736656,0.02807876,0.8979825
WOLFSKILL_Cabernet_Sauvignon_8262,-0.018449627,-0.37651235,0.0071477126,0.81391776
WOLFSKILL_Vorosmarthy_1907,0.119394295,0.100116685,-0.30856448,-0.21733099
WOLFSKILL_Uva_Romano_1879,-0.029723268,0.3421875,0.02154787,-0.757949
WOLFSKILL_White_Riesling_4683,-0.036479592,-0.3490591,0.0789795,0.780186
WOLFSKILL_Lagorthi_6236,-0.030700453,0.34694743,0.0242113,-0.76949954
WOLFSKILL_Aligote_5249,-0.0979928,-0.3221883,0.28213912,0.82221854
WOLFSKILL_Mission_Jalama_6500,-0.024195049,-0.38467205,0.022490302,0.82967424
WOLFSKILL_Asma_Sohwars_753,-0.005727998,0.338513,-0.034375686,-0.7372222
WOLFSKILL_Vorosmarthy_1906,-0.02841913,-0.388116,0.0364777,0.84208333
VINEYARDS_1103P_chard_san_joaquin_y2019_1036,-0.02870356,-0.4158475,0.029040864,0.89263463
WOLFSKILL_Probella_4144,-0.04980664,-0.3565601,0.12930322,0.8146081
WOLFSKILL_Fosters_White_Seedling_471,-0.02208057,0.3486415,0.0021959078,-0.76275563
WOLFSKILL_Perruno_4638,-0.029424138,-0.4220577,0.030639628,0.9091279
WOLFSKILL_Cabernet_Sauvignon_8263,-0.013963531,-0.38741377,-0.016776545,0.819649
WOLFSKILL_Lagorthi_6237,-0.027781121,-0.37070584,0.04097776,0.8088361
WOLFSKILL_Asma_Sohwars_752,-0.026520036,-0.37912267,0.032167405,0.8145127
WOLFSKILL_Mission_Jalama_6501,-0.021901172,-0.37939715,0.01487351,0.8185648
WOLFSKILL_Uva_Romano_1878,-0.032543976,0.39089948,0.026435653,-0.86198974
WOLFSKILL_White_Riesling_4682,-0.032560308,-0.34222,0.06696866,0.760426
WOLFSKILL_Zengo_9112,0.11199704,-0.23944661,-0.30307102,0.5087078
WOLFSKILL_Triplett_T793-1_9371,-0.033160724,-0.29091993,0.07706816,0.6526766
WOLFSKILL_Muscat_Rouge_Fouce_2475,-0.03130348,-0.3442089,0.060659856,0.76243085
WOLFSKILL_Keshmesh_2109,-0.021755137,-0.39524335,0.01313067,0.8508753
WOLFSKILL_Pinot_Noir_7001,-0.059277885,0.33995247,0.09708711,-0.7769543
WOLFSKILL_Moscato_Samos_8635,-0.040118992,-0.31922948,0.09488792,0.7158879
WOLFSKILL_Honigber_6050,-0.07255508,-0.24389654,0.21258044,0.5957874
VINEYARDS_5C_chard_merced_y2018_3813,0.39649504,0.015391413,-0.9608514,-0.016996883
WOLFSKILL_Aitah_Ghulaman_896,-0.016883105,-0.36475998,0.007020956,0.78994095
WOLFSKILL_Voltzicki_7728,-0.026262634,-0.38887188,0.028876962,0.8396159
ALGERIA_Tizi Ouinine_418,-0.030055802,-0.43438783,0.02546777,0.9230441
UCDAVIS_DOG_RIDGE_208,-0.028546076,0.29461524,0.02429588,-0.65924567
WOLFSKILL_Imperator_p._264_1255,-0.052300047,-0.30111203,0.14264277,0.7009716
WOLFSKILL_Chasselas_Hs_14-33_4_5014,-0.023367658,-0.38982967,0.02197949,0.84070516
WOLFSKILL_Fayoumi_8868,-0.015495111,0.2781351,-0.007753782,-0.62239885
WOLFSKILL_Rhazaki_3625,-0.026251301,-0.4449424,0.0083705615,0.9382093
WOLFSKILL_Unkown_Cultivar_5648,-0.023163296,-0.4209247,0.008995974,0.90105414
WOLFSKILL_Malvasia_Bianca_4974,-0.027731266,-0.4094261,0.027707437,0.8826221
WOLFSKILL_Muscat_Hamburg_2335,-0.027452331,0.34490377,0.015376145,-0.7638361
WOLFSKILL_Pinot_Noir_7000,-0.09353197,0.10633615,0.22762081,-0.23018286
VINEYARDS_5C_chard_merced_y2018_3812,0.393693,0.019561093,-0.9572476,-0.033319596
WOLFSKILL_Aitah_Ghulaman_897,-0.028303467,0.30923963,0.022819163,-0.69223
VINEYARDS_freedom_cab_merced_y2018_4336,0.37979534,0.009206314,-0.9185017,-0.00092032924
WOLFSKILL_Honigber_6051,-0.019554019,-0.4131,-0.0025582574,0.8800409
WOLFSKILL_Moscato_Samos_8634,-0.030282758,-0.36689287,0.05130873,0.80147266
WOLFSKILL_Keshmesh_2108,0.23530798,0.0005653687,-0.5670985,0.0018566437
WOLFSKILL_Triplett_T793-1_9370,-0.030050844,-0.39472187,0.041820504,0.8588112
WOLFSKILL_Zengo_9113,0.06738424,-0.26933324,-0.19848323,0.57102716
WOLFSKILL_Muscat_Rouge_Fouce_2474,-0.035424717,-0.33254027,0.08000579,0.74057186
WOLFSKILL_Chasselas_Hs_14-33_4_5015,0.3277931,0.0074865706,-0.79133075,-0.0011087842
WOLFSKILL_Muscat_Hamburg_2334,-0.028784849,-0.38696724,0.03824178,0.84206766
WOLFSKILL_Malvasia_Bianca_4975,-0.03710363,0.27996486,0.049066924,-0.63484216
WOLFSKILL_Fayoumi_8869,0.26038507,-0.034854926,-0.6373243,0.09027759
WOLFSKILL_Rhazaki_3624,-0.03378333,-0.4070121,0.053210042,0.8821207
WOLFSKILL_Charbono_5608,0.0549645,-0.24847211,-0.16703007,0.5250185
WOLFSKILL_Unkown_Cultivar_5649,0.10148189,-0.2399735,-0.2829095,0.5016191
WOLFSKILL_Voltzicki_7729,0.0055397144,-0.30357474,-0.043767154,0.66306925
ALGERIA_Tizi Ouinine_419,-0.03397712,-0.39857882,0.053738527,0.8662667
WOLFSKILL_Imperator_p._264_1254,0.105742544,-0.15100245,-0.28425068,0.31543785
ALGERIA_Ahmeur Bou Ahmeur_70,-0.034438547,-0.34085464,0.07442184,0.7553083
WOLFSKILL_Taschli_2645,0.01698818,-0.32220128,-0.086606205,0.6715525
WOLFSKILL_Calzin_5582,0.341098,0.007265676,-0.82391155,-0.0023894385
WOLFSKILL_Meunier_6474,-0.027011208,-0.381011,0.03721486,0.8306517
WOLFSKILL_Ehrenfelser_5043,0.0033727763,-0.3621408,-0.056338027,0.77436495
WOLFSKILL_Sicilien_2961,-0.01906361,-0.36880767,0.009274015,0.7900646
WOLFSKILL_Agoumastos_7825,-0.099142194,-0.23672003,0.2847419,0.60980964
WOLFSKILL_Taschli_2644,-0.045561157,-0.2984354,0.117416866,0.6820408
WOLFSKILL_Calzin_5583,0.30885622,0.0073132217,-0.74711734,-0.009655729
WOLFSKILL_Kishmishi_3114,-0.018361885,-0.34719893,0.009529533,0.73669463
WOLFSKILL_Ohanes_1518,-0.027953729,0.36181217,0.01692055,-0.7989446
ALGERIA_Ahmeur Bou Ahmeur_71,-0.022502005,-0.44857025,-0.011131471,0.93231404
WOLFSKILL_Sicilien_2960,-0.02318155,-0.37839028,0.021814136,0.819263
WOLFSKILL_Agoumastos_7824,-0.010986102,-0.37112254,-0.01856547,0.7882798
WOLFSKILL_Ehrenfelser_5042,-0.04810954,-0.35510886,0.11623619,0.8035823
WOLFSKILL_Meunier_6475,-0.017653279,-0.38704622,-0.0011720061,0.82763624
WOLFSKILL_Chasselas_Dore_5625,-0.00544394,-0.3194963,-0.02201091,0.6823361
WOLFSKILL_Chrisostaphylo_2016,-0.026822709,-0.42794573,0.021030372,0.9156622
WOLFSKILL_Smederevka_4716,-0.15377949,-0.2007761,0.43602246,0.57313997
WOLFSKILL_Traminer_7591,-0.015989337,-0.37872696,-0.0040686894,0.814172
WOLFSKILL_Olmo_035-47_3328,0.26870814,-0.050049763,-0.6578054,0.1205674
WOLFSKILL_Catarratto_4730,-0.032710854,0.33414352,0.027907344,-0.7450247
WOLFSKILL_Olmo_035-47_3329,-8.6490065e-05,-0.34736902,-0.0451982,0.73562574
WOLFSKILL_Catarratto_4731,-0.02666391,0.3586455,0.014122939,-0.7902456
WOLFSKILL_Smederevka_4717,-0.12800251,-0.23156624,0.3647707,0.6239801
WOLFSKILL_Chrisostaphylo_2017,0.323935,0.01125421,-0.7839705,-0.0153207965
WOLFSKILL_Traminer_7590,-0.015774079,-0.37310237,-0.002707867,0.7992314
WOLFSKILL_Emerald_Riesling_5745,0.1724276,0.019360099,-0.4193455,-0.041769955
WOLFSKILL_Himrisnky_2659,-0.060896747,-0.33391047,0.16276889,0.7821009
WOLFSKILL_Adjem_Misquet_8,-0.07533129,-0.269614,0.21801288,0.6644584
WOLFSKILL_Neelilay_3924,0.316396,0.007076606,-0.76730156,-0.005615186
VINEYARDS_freedom_cab_san_joaquin_y2018_4648,0.35360995,0.012155823,-0.8582598,-0.016820919
WOLFSKILL_Juracon_Noir_5072,-0.038423404,-0.33634013,0.089530595,0.7502155
WOLFSKILL_Korfiatis_6199,0.014387163,-0.38786864,-0.09492851,0.81217664
WOLFSKILL_Slankamenka_7343,0.013026439,-0.37898862,-0.084886074,0.8014556
VINEYARDS_freedom_cab_san_joaquin_y2019_1816,0.36599723,0.014300663,-0.88769895,-0.019353803
WOLFSKILL_Oki_di_Boi_6775,-0.028013106,0.38595408,0.013957417,-0.8445409
WOLFSKILL_Cinsaut_8689,-0.020619802,-0.4075178,0.002970403,0.87134457
WOLFSKILL_Primitivo_De_Gioia_473_5119,-0.0823918,0.34688663,0.15854332,-0.80164987
WOLFSKILL_Sylvaner_7428,-0.012083459,-0.34858242,-0.006969122,0.7529375
WOLFSKILL_Neiretta_6746,-0.09971175,-0.29598722,0.2877354,0.75898
WOLFSKILL_Kyoho_2324,-0.03322065,-0.38771933,0.055074267,0.8495719
WOLFSKILL_Slankamenka_7342,-0.04788536,0.33756316,0.06474979,-0.76133955
VINEYARDS_freedom_cab_san_joaquin_y2019_1817,0.3812681,0.015304014,-0.9262092,-0.019342687
WOLFSKILL_Oki_di_Boi_6774,-0.017961767,-0.40035018,-0.0060560834,0.8477006
WOLFSKILL_Korfiatis_6198,0.18423693,0.08692534,-0.45566845,-0.19043705
WOLFSKILL_Cinsaut_8688,-0.030690335,-0.41608828,0.03870333,0.897761
WOLFSKILL_Neelilay_3925,0.33353505,0.009317894,-0.80964893,-0.01193456
WOLFSKILL_Sylvaner_7429,-0.0057670167,0.14204843,-0.014901929,-0.3404156
WOLFSKILL_Primitivo_De_Gioia_473_5118,-0.029978663,-0.45957315,0.020434087,0.97463083
WOLFSKILL_Kyoho_2325,-0.010604971,-0.34690946,-0.01356703,0.74511564
WOLFSKILL_Neiretta_6747,-0.04461834,0.37768224,0.057834245,-0.8445996
WOLFSKILL_Muscat_Gros_Noir_Hatif_1425,-0.05418619,-0.3476563,0.14536938,0.804911
WOLFSKILL_Muscat_of_Alexandria_6542,-0.022043638,-0.37144405,0.019391755,0.8057196
WOLFSKILL_Tsoumbrena_Lefki_7640,0.25500277,-0.043285515,-0.6244315,0.103741474
WOLFSKILL_Raisin_De_Palestine_4706,-0.041718163,-0.37258822,0.09705926,0.83536494
WOLFSKILL_Sauvignon_Vert_7273,-0.013087326,-0.41152316,-0.02489662,0.86683446
VINEYARDS_1103P_chard_san_joaquin_y2018_3764,0.3766872,0.011728175,-0.9110807,-0.008580301
VINEYARDS_1103P_cab_san_joaquin_y2018_2834,0.38860306,0.0130953975,-0.9423092,-0.012795731
VINEYARDS_freedom_chard_merced_y2018_3058,0.34117708,0.009275582,-0.8266089,-0.005210545
WOLFSKILL_Red_Roumi_314,-0.0076302923,-0.4205632,-0.048158884,0.8719955
WOLFSKILL_Morrastel_8620,-0.024697494,-0.40015167,0.021985227,0.864856
WOLFSKILL_Clairette_Blanche_9232,-0.015602223,-0.35249323,0.0022726338,0.7567551
VINEYARDS_1103P_chard_san_joaquin_y2018_3765,0.3790249,0.019596871,-0.92022175,-0.035149638
VINEYARDS_1103P_cab_san_joaquin_y2018_2835,0.35004207,0.013953123,-0.8482642,-0.019526731
WOLFSKILL_Red_Roumi_315,-0.022385493,0.3191563,0.009036077,-0.70851743
WOLFSKILL_Tsoumbrena_Lefki_7641,-0.078617506,-0.084858745,0.20661408,0.20457083
WOLFSKILL_Raisin_De_Palestine_4707,-0.022256862,-0.3911997,0.0145183485,0.8385298
WOLFSKILL_Muscat_of_Alexandria_6543,-0.022097118,-0.36171877,0.02213589,0.780488
WOLFSKILL_Muscat_Gros_Noir_Hatif_1424,-0.07135414,-0.3057518,0.20293753,0.74034125
WOLFSKILL_Morrastel_8621,-0.024811726,-0.41300452,0.018071981,0.8868848
WOLFSKILL_Clairette_Blanche_9233,-0.023782372,-0.3972823,0.016332632,0.8554379
VINEYARDS_1103P_chard_san_joaquin_y2019_128,0.3596269,0.014847759,-0.8733024,-0.024924498
VINEYARDS_freedom_cab_merced_y2019_1659,0.39547715,0.0136483535,-0.9590993,-0.01293847
WOLFSKILL_Muscat_Caillaba_697,-0.023314431,0.31949157,0.009232974,-0.70820266
WOLFSKILL_Erlihane_3702,-0.025898192,-0.42224902,0.017700547,0.9027239
WOLFSKILL_Gros_Colman_4411,-0.029424556,-0.40412685,0.03378401,0.87394786
WOLFSKILL_UNKNOWN_CULTIVAR_9551,-0.023164637,0.010569099,0.053786993,-0.030968037
UCDAVIS_V._DOANIANA_825,-0.011289296,0.38243955,-0.022670666,-0.8295642
WOLFSKILL_Madam_Matijas_3592,-0.0077924477,-0.38142246,-0.029732026,0.8093723
ALGERIA_Amer Bouamar_90,-0.020383265,-0.40467402,-0.0033896882,0.8519733
WOLFSKILL_Bermestia_Bianca_8413,-0.048482023,0.29123312,0.07047744,-0.66027856
WOLFSKILL_Unknown_Cultivar_6328,0.017244613,0.32507947,-0.08975915,-0.70218223
WOLFSKILL_Satino_7255,0.30570865,0.01074373,-0.74229723,-0.014899559
VINEYARDS_freedom_cab_san_joaquin_y2019_660,0.39083853,0.013488937,-0.94728786,-0.013979051
WOLFSKILL_UNKNOWN_CULTIVAR_9737,0.0030974518,-0.3144943,-0.042904533,0.6760936
WOLFSKILL_Gros_Colman_4410,-0.025917716,-0.39483297,0.026710773,0.8554033
WOLFSKILL_Erlihane_3703,-0.031345993,-0.4381886,0.032346107,0.9399147
WOLFSKILL_Satino_7254,0.13410361,-0.13679342,-0.34925395,0.29031608
VINEYARDS_freedom_cab_san_joaquin_y2019_661,0.37180445,0.011983074,-0.8993962,-0.0106574
WOLFSKILL_UNKNOWN_CULTIVAR_9736,0.11414176,-0.15657136,-0.30252147,0.33639246
WOLFSKILL_UNKNOWN_CULTIVAR_9550,-0.058055907,-0.31455755,0.16142146,0.7329856
WOLFSKILL_Bermestia_Bianca_8412,0.047648795,-0.32604647,-0.15837231,0.6904249
WOLFSKILL_UNKNOWN_CULTIVAR_9676,-0.019699682,-0.33549136,0.02180879,0.7288431
WOLFSKILL_Hakiki_1965,-0.043069836,-0.38610458,0.103723,0.8674877
WOLFSKILL_Lagrain_6247,-0.032019347,-0.38858253,0.0485131,0.84581196
WOLFSKILL_Folle_Blanche_5834,-0.0076227514,0.29889208,-0.02426808,-0.6590506
WOLFSKILL_Pinot_Noir_8657,-0.033141453,-0.3773804,0.06205406,0.8292054
VINEYARDS_freedom_cab_san_joaquin_y2018_4865,0.363149,0.0026348494,-0.8784108,0.015247021
VINEYARDS_1103P_cab_san_joaquin_y2019_2145,0.3173445,0.0068040527,-0.7666385,-0.006482661
WOLFSKILL_Sauvis_2227,-0.051405683,-0.34453735,0.13742346,0.79349744
ALGERIA_Ahmeur Bou Ahmeur_39,-0.029690452,-0.43238425,0.017844593,0.90893364
WOLFSKILL_Pinot_Noir_8656,0.060214106,-0.24060705,-0.17658415,0.5159047
WOLFSKILL_Folle_Blanche_5835,0.04154005,0.22734822,-0.13212034,-0.49712908
WOLFSKILL_UNKNOWN_CULTIVAR_9677,0.023192842,-0.37668884,-0.115989715,0.7857757
WOLFSKILL_Hakiki_1964,-0.023325495,-0.40216225,0.012559874,0.85443085
WOLFSKILL_Lagrain_6246,0.01417627,0.29619998,-0.07710941,-0.6452941
ALGERIA_Ahmeur Bou Ahmeur_38,-0.014948298,-0.4142166,-0.030098302,0.857435
WOLFSKILL_Primiera_1599,-0.03392749,-0.36395094,0.06563329,0.80203885
WOLFSKILL_Sauvis_2226,0.14045843,-0.15750206,-0.36822337,0.33582383
VINEYARDS_1103P_cab_merced_y2018_2702,-0.031854708,0.26098228,0.03396301,-0.59326506
WOLFSKILL_Kastour_Rumi_328,-0.038964376,0.36027715,0.046942033,-0.80619264
WOLFSKILL_Olmo_34F_9135,-0.03640315,-0.38693094,0.065607555,0.85145664
VINEYARDS_freedom_chard_merced_y2018_5076,-0.04015582,0.38066357,0.05175983,-0.84886336
WOLFSKILL_Refosco_4808,-0.04009505,0.38448954,0.046313435,-0.8573698
VINEYARDS_freedom_chard_san_joaquin_y2018_2481,0.3877522,0.014855996,-0.9411905,-0.019075345
WOLFSKILL_Pinger_3617,-0.02832523,-0.41513398,0.027488293,0.8932595
WOLFSKILL_Ladikinah_4698,-0.09152565,-0.2650687,0.26641268,0.67493004
WOLFSKILL_Perle_9143,-0.096745364,-0.22819154,0.28201902,0.5854027
WOLFSKILL_Kandhar_4210,-0.031790994,0.35425404,0.023673972,-0.78293943
WOLFSKILL_Vidal_804_9469,-0.028245214,0.3380816,0.022955997,-0.75202656
WOLFSKILL_Chaush_White_129,-0.016657319,-0.35703918,0.00361708,0.76360416
WOLFSKILL_Refosco_4809,-0.13260409,0.14471012,0.31109828,-0.31711727
WOLFSKILL_Zinfandel_Heritage_Sel._18_4576,-0.019092731,0.30516553,0.004011823,-0.6779757
WOLFSKILL_Ladikinah_4699,-0.0024925703,-0.36954737,-0.042126223,0.7821299
WOLFSKILL_Perle_9142,0.3394324,0.008057114,-0.82211804,-0.0078082755
WOLFSKILL_Red_Veltliner_7123,0.24462888,-0.09335398,-0.60763204,0.20291457
WOLFSKILL_Iviar_Oliver_2089,-0.026985586,-0.42243996,0.019147532,0.90480816
VINEYARDS_freedom_chard_merced_y2018_5077,-0.03606422,0.33964133,0.033394486,-0.75670886
WOLFSKILL_Olmo_34F_9134,0.110061005,-0.2354867,-0.30574784,0.49006063
WOLFSKILL_Kastour_Rumi_329,-0.028106026,-0.40495992,0.030390969,0.87124527
WOLFSKILL_Vidal_804_9468,0.055287857,0.122655004,-0.15437572,-0.27717397
WOLFSKILL_Chaush_White_128,-0.0087823,-0.4101025,-0.034214627,0.8684838
WOLFSKILL_Jampal_6072,-0.08184817,0.158816,0.1696668,-0.374825
UCDAVIS_CABERNET_FRANC_348,-0.034798916,-0.37118065,0.06538511,0.8203351
WOLFSKILL_Kandhar_4211,-0.06259039,-0.3499679,0.16924733,0.8274647
VINEYARDS_freedom_chard_merced_y2018_2685,-0.011951887,0.30141795,-0.016216792,-0.6657079
WOLFSKILL_Zinfandel_7814,0.0508443,-0.32540572,-0.16822004,0.68460083
WOLFSKILL_Sangioveto_8345,-0.032688282,0.3773828,0.031405464,-0.8390706
WOLFSKILL_Limberger_6278,0.005384642,-0.34422362,-0.05445809,0.73761594
WOLFSKILL_Mavroudi_School_Of_Patras_8315,-0.06987388,-0.32390285,0.19699314,0.780758
WOLFSKILL_UNKNOWN_CULTIVAR_2555,-0.081470355,-0.25710282,0.23602673,0.6416794
WOLFSKILL_Kotzifali_7895,-0.015984423,-0.36011907,-0.00021356903,0.77414435
WOLFSKILL_White_Riesling_7763,-0.038938694,-0.37129068,0.08040182,0.8255011
WOLFSKILL_Kishmish_Early_649,0.041729193,0.21842642,-0.1350443,-0.48226887
ALGERIA_Ichmoul_240,-0.0373017,-0.44633737,0.051121287,0.9592155
WOLFSKILL_Fileri_7962,0.0072766994,-0.30586886,-0.051969223,0.66725165
WOLFSKILL_Ezerjo_5770,-0.025581382,-0.41135108,0.021823185,0.89002585
WOLFSKILL_UNKNOWN_CULTIVAR_2554,0.26726148,-0.010535751,-0.64659095,0.041070502
WOLFSKILL_Kotzifali_7894,-0.017438333,-0.37768072,0.0015273895,0.8124982
VINEYARDS_freedom_chard_merced_y2018_2684,-0.02732056,0.3670491,0.010698715,-0.8028339
WOLFSKILL_Zinfandel_7815,-0.01602519,-0.40415013,-0.011124801,0.8627341
WOLFSKILL_Mavroudi_School_Of_Patras_8314,-0.16106085,-0.10692465,0.44609988,0.3408088
WOLFSKILL_Limberger_6279,-0.027906597,-0.39873725,0.03474202,0.86320615
WOLFSKILL_Sangioveto_8344,-0.019371126,-0.3690853,0.013604635,0.799271
WOLFSKILL_Ezerjo_5771,0.33459216,0.008468259,-0.8116772,-0.009739857
WOLFSKILL_Fileri_7963,0.32818148,0.010635182,-0.7966111,-0.014392536
ALGERIA_Ichmoul_241,-0.020417474,-0.37941635,0.004625598,0.80434406
VINEYARDS_freedom_chard_madera_y2018_4110,-0.04070219,0.3196905,0.049157843,-0.7184676
WOLFSKILL_White_Riesling_7762,0.22272897,0.050375532,-0.5465788,-0.113408476
WOLFSKILL_Kishmish_Early_648,-0.1568961,-0.11115073,0.42817283,0.34193334
WOLFSKILL_Aspiran_Noir_5339,-0.082324974,-0.27597058,0.23802459,0.6910401
WOLFSKILL_Xarello_4844,-0.018253073,0.39047164,-0.012911692,-0.84508544
WOLFSKILL_Prune_De_Cazouls_68,-0.024001323,0.30966794,0.013450226,-0.6909532
WOLFSKILL_Ladikinah_4702,-0.017516293,-0.36451375,0.0041658375,0.78187656
WOLFSKILL_Perbos_205_410,-0.08262845,-0.33993956,0.24179357,0.84036744
WOLFSKILL_Veronese_7693,-0.08037204,-0.28474438,0.23253447,0.71006024
WOLFSKILL_White_Veltliner_7772,-0.10577921,-0.2059051,0.30725887,0.53519946
WOLFSKILL_Prune_De_Cazouls_69,-0.022114966,-0.3895232,0.009099616,0.82676804
WOLFSKILL_Xarello_4845,-0.0071270717,-0.37388736,-0.032716185,0.7929573
WOLFSKILL_Aspiran_Noir_5338,-0.02524237,-0.41667464,0.014638906,0.8875934
WOLFSKILL_Perbos_205_411,-0.02232445,-0.37894028,0.020796778,0.82294047
WOLFSKILL_Chasselas_Ciotat_3105,-0.011074348,-0.32915336,-0.01611673,0.68379784
WOLFSKILL_Steinschiller_7392,-0.017812643,-0.4003901,-0.0029904768,0.8555111
VINEYARDS_freedom_cab_san_joaquin_y2018_2492,0.37679157,0.011600606,-0.91317767,-0.009048384
WOLFSKILL_UNKNOWN_CULTIVAR_9518,-0.019718997,-0.3694045,0.01121643,0.7944814
WOLFSKILL_Carignane_6591,-0.14729185,-0.22570391,0.4205612,0.63062435
WOLFSKILL_Donzelinho_De_Castelo_7861,-0.114735365,-0.25087103,0.34327745,0.66858333
VINEYARDS_freedom_chard_madera_y2019_452,0.38780907,0.014672719,-0.9403284,-0.01730216
WOLFSKILL_Blackrose_4x_3419,-0.023387626,-0.41051567,0.010100996,0.87630653
WOLFSKILL_Dalnato_I_3928,0.31945562,0.010383334,-0.7749169,-0.015005197
WOLFSKILL_Angulata_931,-0.050410233,0.30296057,0.07384711,-0.6887026
WOLFSKILL_Doradillo_8864,0.016428836,0.3290779,-0.08960279,-0.7042768
WOLFSKILL_Souzao_7354,-0.043372005,-0.37037876,0.1039925,0.8307203
WOLFSKILL_Carignane_6590,-0.014780157,0.36347693,-0.019661587,-0.7909105
WOLFSKILL_UNKNOWN_CULTIVAR_9519,0.022209786,-0.3415199,-0.09564736,0.7309489
WOLFSKILL_Blackrose_4x_3418,-0.031611428,0.3631615,0.027522935,-0.80598503
WOLFSKILL_Chasselas_Ciotat_3104,-0.01644795,-0.29899907,0.018136932,0.637727
VINEYARDS_freedom_cab_san_joaquin_y2018_2493,0.37611622,0.010216519,-0.9096837,-0.0044423677
WOLFSKILL_Steinschiller_7393,-0.00055266824,-0.38439184,-0.050993368,0.8133809
WOLFSKILL_Souzao_7355,-0.044634577,-0.38123965,0.109161384,0.85945255
WOLFSKILL_Dalnato_I_3929,0.33419773,0.009423383,-0.8100385,-0.010041811
WOLFSKILL_Angulata_930,-0.032237902,-0.41847366,0.040061526,0.9043399
WOLFSKILL_Kandahar_2848,-0.064844124,0.329938,0.10893089,-0.7561115
VINEYARDS_1103P_cab_merced_y2019_34,0.36642843,0.009395804,-0.88861716,-0.0061672963
WOLFSKILL_Maria_Pirovano_2154,-0.08809396,0.12319468,0.19118969,-0.29412758
WOLFSKILL_Barbableu_2463,-0.021580763,-0.36071295,0.021167206,0.7840972
WOLFSKILL_Kishmish_Spien_1317,0.033260792,-0.03803692,-0.09083881,0.085069254
ALGERIA_Louali_365,-0.010388969,-0.3130764,-0.011335364,0.6576441
WOLFSKILL_Boal_Madeira_5514,-0.040012196,-0.37432748,0.08600163,0.8316812
VINEYARDS_freedom_cab_san_joaquin_y2018_3294,0.3669911,0.014132328,-0.88907695,-0.01441478
WOLFSKILL_Furmint_5874,-0.03604568,0.43354613,0.029953374,-0.94978607
VINEYARDS_1103P_chard_san_joaquin_y2019_1422,0.34046584,-0.0009513907,-0.8239068,0.02215284
WOLFSKILL_Kishmish_Spien_1316,-0.022417165,-0.40321797,0.00607769,0.85553247
WOLFSKILL_Kandahar_2849,0.044374637,0.27679658,-0.14741646,-0.60023993
WOLFSKILL_Maria_Pirovano_2155,-0.029493943,-0.38609937,0.040355206,0.83257574
VINEYARDS_1103P_chard_san_joaquin_y2019_1423,0.35197335,0.008980732,-0.85223514,-0.002816435
ALGERIA_Louali_364,-0.014953726,-0.43003047,-0.030690195,0.8918941
WOLFSKILL_Furmint_5875,-0.020210207,-0.41719878,0.001052212,0.8891158
WOLFSKILL_Boal_Madeira_5515,0.16505872,0.13912985,-0.41782966,-0.30204105
VINEYARDS_freedom_cab_san_joaquin_y2018_3295,0.41805872,0.015599012,-1.012814,-0.013740692
WOLFSKILL_Black_Hamburg_110,-0.026908845,0.34138507,0.018018434,-0.75572574
WOLFSKILL_Verdea_7663,-0.019593243,-0.4140578,-0.0013720039,0.8819899
WOLFSKILL_Baharat_Early_612,-0.10511295,0.17638005,0.22269389,-0.41403657
WOLFSKILL_Muscat_Oliver_3594,-0.09354059,-0.24432698,0.2746517,0.61999345
WOLFSKILL_Perle_8921,-0.027725682,-0.42333513,0.023483979,0.9093056
WOLFSKILL_Khir_Ghulaman_2865,0.33791903,0.0060051866,-0.815506,0.001535166
WOLFSKILL_Terret_Blanc_8672,-0.045246348,-0.43026298,0.09319771,0.9512022
WOLFSKILL_Tadone_7439,-0.04775125,-0.33214062,0.12454466,0.7583896
WOLFSKILL_Baharat_Early_613,0.29964945,0.010508593,-0.7233398,-0.012212951
WOLFSKILL_Black_Hamburg_111,-0.011123766,-0.38004306,-0.02055833,0.8070232
WOLFSKILL_Verdea_7662,-0.025094345,-0.4066955,0.016645802,0.8718643
WOLFSKILL_Tadone_7438,-0.023522317,-0.41846946,0.008477436,0.8860943
VINEYARDS_freedom_cab_san_joaquin_y2018_4600,0.38234848,0.012393393,-0.92596924,-0.008646145
WOLFSKILL_Muscat_Oliver_3595,-0.1335723,-0.22577566,0.38865137,0.6182683
WOLFSKILL_Hycales_44,-0.03896834,-0.31080455,0.09351231,0.69969535
WOLFSKILL_Perle_8920,-0.026832711,-0.38256836,0.031122258,0.8312683
WOLFSKILL_Khir_Ghulaman_2864,0.24912696,-0.011530478,-0.6018603,0.03224714
WOLFSKILL_Terret_Blanc_8673,-0.025385708,-0.40946352,0.021532575,0.8821423
WOLFSKILL_Casculho_8848,-0.012331056,-0.35577312,-0.011837017,0.7587095
WOLFSKILL_Fresia_5857,-0.028067365,-0.41959417,0.02458551,0.89807874
WOLFSKILL_Ezerjo_8306,-0.1059334,-0.2144259,0.3051938,0.55588776
WOLFSKILL_Sangiovese_7251,-0.025113381,-0.41175485,0.018687466,0.8804605
VINEYARDS_5C_cab_san_joaquin_y2018_3176,0.36183447,0.012110475,-0.87662315,-0.014037192
VINEYARDS_1103P_cab_san_joaquin_y2018_4888,0.35455012,0.0054579675,-0.85622185,0.0063664727
WOLFSKILL_Black_Muscat_Alexandria_362,-0.11211113,0.050401,0.27389026,-0.09955087
WOLFSKILL_Chasselas_Tompa_2758,0.3015973,0.0041955225,-0.7309603,-0.0020795427
WOLFSKILL_Sciacarello_4829,-0.010463604,-0.36423916,-0.018511353,0.7767439
WOLFSKILL_Mathiasz_Y_Ne_40_4449,-0.020801544,-0.4485218,-0.011783177,0.9431953
WOLFSKILL_Morescono_5174,0.04819732,-0.17998432,-0.13983764,0.39163727
WOLFSKILL_Palomino_6851,-0.013667443,-0.35719964,-0.008328335,0.7592927
WOLFSKILL_Victoria_s_Choice_3677,0.33077198,0.01113487,-0.801092,-0.016467784
WOLFSKILL_Black_Muscat_Alexandria_363,-0.033826962,0.3786455,0.031649657,-0.84026504
WOLFSKILL_Ezerjo_8307,0.03161119,-0.07847662,-0.07115841,0.18447025
WOLFSKILL_Fresia_5856,-0.019362539,-0.42900795,-0.0072271302,0.9115649
WOLFSKILL_Sangiovese_7250,-0.031151079,0.36129802,0.022961257,-0.7980028
WOLFSKILL_Kishmish_Sorkh_2542,-0.022880957,0.35154366,0.0077926368,-0.77574074
WOLFSKILL_Muscat_Pappo_4469,-0.119688325,-0.2777994,0.3428018,0.7309718
WOLFSKILL_Sciacarello_4828,-0.008170185,-0.30972603,-0.00824989,0.66630507
WOLFSKILL_Zalovitico_7797,-0.02702276,-0.3828155,0.03544999,0.8359916
WOLFSKILL_Palomino_6850,-0.022985268,-0.42463246,0.0041910317,0.90491414
WOLFSKILL_Mathiasz_Y_Ne_40_4448,-0.04002946,-0.38083434,0.09614765,0.8505622
WOLFSKILL_Morescono_5175,-0.018074535,-0.35286564,0.008415913,0.7541311
VINEYARDS_5C_chard_merced_y2018_3073,0.37592837,0.013679087,-0.9120371,-0.019870963
WOLFSKILL_Blauer_Fruheburgunder_5002,0.3268282,-0.005252544,-0.79171526,0.032361742
WOLFSKILL_Rozovii_Kishmish_1686,-0.009847053,-0.40460438,-0.03713473,0.84056383
WOLFSKILL_Bequignol_4960,0.17489319,0.052964058,-0.43070215,-0.12209648
WOLFSKILL_Kristalli_6213,0.1823415,0.020871554,-0.4390101,-0.04540075
VINEYARDS_5C_chard_san_joaquin_y2018_3692,0.35883608,0.012445588,-0.8703424,-0.016074028
WOLFSKILL_Pavai_6837,-0.08251553,0.31345654,0.15321453,-0.7283754
WOLFSKILL_Folle_Blanche_5843,-0.022471484,-0.39805064,0.009448988,0.84722686
WOLFSKILL_Aramon_5304,-0.03135562,0.36965102,0.029304577,-0.818102
WOLFSKILL_UNKNOWN_CULTIVAR_9601,0.072943375,-0.1596879,-0.19781546,0.32881883
WOLFSKILL_Flora_5811,0.30550846,-0.0027699396,-0.7387312,0.021729082
WOLFSKILL_Vranac_4930,-0.02669064,-0.38047928,0.033490404,0.8209276
WOLFSKILL_G4-74_Seedless_Calmeria_4198,-0.027755622,-0.40012497,0.031815097,0.860707
WOLFSKILL_Kristalli_6212,-0.07369874,0.0758252,0.1630716,-0.18814671
VINEYARDS_5C_chard_san_joaquin_y2018_3693,0.40194204,0.012057606,-0.9713859,-0.0037722625
VINEYARDS_5C_chard_merced_y2018_3072,0.38418105,0.012395371,-0.93095744,-0.010483764
WOLFSKILL_Blauer_Fruheburgunder_5003,-0.08608595,0.2783,0.16876645,-0.6531559
WOLFSKILL_Flora_5810,-0.022755083,-0.38708276,0.017115405,0.8332377
WOLFSKILL_UNKNOWN_CULTIVAR_9600,-0.0418903,0.31411698,0.05472321,-0.70876896
WOLFSKILL_DOVine_4249,-0.014095304,-0.426404,-0.02635762,0.8969381
WOLFSKILL_Vranac_4931,-0.11735229,0.062938556,0.29692578,-0.11206573
WOLFSKILL_G4-74_Seedless_Calmeria_4199,-0.027120836,-0.4033417,0.024291111,0.8621763
WOLFSKILL_Pavai_6836,-0.051604494,-0.3148772,0.13321224,0.72367084
WOLFSKILL_Bakari_Mavro_5424,0.104642175,0.2084768,-0.28571653,-0.43897355
WOLFSKILL_Folle_Blanche_5842,0.28275022,-0.003507223,-0.684281,0.021943796
WOLFSKILL_Triplett_T182-4_9409,-0.06263908,-0.2948013,0.1726445,0.6987395
VINEYARDS_1103P_cab_merced_y2019_570,0.3072922,0.009774875,-0.7435154,-0.012040902
WOLFSKILL_Shando_Khari_1754,0.053253684,0.218477,-0.15925856,-0.47717607
WOLFSKILL_Kulidzhinski_4372,0.014489134,-0.3703302,-0.08466559,0.7889583
VINEYARDS_5C_chard_san_joaquin_y2019_646,0.3897939,0.014691535,-0.9451235,-0.018422138
WOLFSKILL_Ezerfuertu_8981,-0.02620367,-0.40240592,0.025356231,0.8713247
WOLFSKILL_Niaropes_6768,-0.015123867,-0.41852272,-0.016605325,0.8892264
ALGERIA_Tizi Ouinine_426,-0.031748395,-0.44246238,0.02811226,0.9425674
WOLFSKILL_Henab_2829,-0.043377202,-0.39672473,0.0995074,0.88697577
WOLFSKILL_Millishun_3447,-0.10140326,-0.2666584,0.30485559,0.69233596
WOLFSKILL_Montils_6528,0.010618034,-0.3101141,-0.05933211,0.67538595
WOLFSKILL_5-15_2509,0.10984477,-0.2135364,-0.30041584,0.45156094
WOLFSKILL_Mamelon_2135,-0.021221504,-0.42602086,-0.0050615016,0.8912492
VINEYARDS_5C_chard_san_joaquin_y2019_647,0.37058845,0.013294678,-0.8989827,-0.014305141
WOLFSKILL_Kulidzhinski_4373,-0.04775717,-0.34690726,0.12014822,0.7878811
WOLFSKILL_Niaropes_6769,0.09139759,-0.23555304,-0.2574954,0.49512362
VINEYARDS_1103P_chard_san_joaquin_y2018_4792,0.36168787,0.01095257,-0.8772564,-0.010724183
WOLFSKILL_Ezerfuertu_8980,-0.025220662,-0.41546875,0.017572878,0.89137566
WOLFSKILL_Triplett_T182-4_9408,-0.027675547,-0.38130075,0.03614343,0.8294691
VINEYARDS_1103P_cab_merced_y2019_571,0.3988022,0.014243033,-0.96506625,-0.009949196
WOLFSKILL_Shando_Khari_1755,-0.042496808,-0.3277655,0.10904915,0.74223316
WOLFSKILL_Montils_6529,-0.004228466,0.30288237,-0.03710205,-0.6639231
WOLFSKILL_5-15_2508,0.01592763,-0.34468952,-0.087443836,0.72715473
WOLFSKILL_Millishun_3446,-0.06216459,0.32460073,0.10442496,-0.74196476
WOLFSKILL_Mamelon_2134,-0.017755266,0.35032642,-0.008637327,-0.76391053
ALGERIA_Tizi Ouinine_427,-0.031076346,-0.43330735,0.034211814,0.9320483
WOLFSKILL_Henab_2828,-0.13506563,0.21735819,0.3003968,-0.50799775
WOLFSKILL_Fokianoh_5825,-0.019816495,-0.38880396,0.006146107,0.83406115
VINEYARDS_1103P_cab_san_joaquin_y2019_984,-0.02709563,-0.36038077,0.039589725,0.78533435
ALGERIA_Ichmoul_237,-0.02859937,-0.41001028,0.027355393,0.8764354
VINEYARDS_1103P_chard_san_joaquin_y2018_3306,0.33894593,0.0028274208,-0.8167305,0.009342272
WOLFSKILL_Robin_3635,-0.02204566,-0.38589758,0.015423713,0.8238512
WOLFSKILL_Trieste_4x_3176,0.10485253,-0.2346835,-0.29507214,0.4855424
WOLFSKILL_Nasa_Veltliner_6697,0.0494621,-0.29828984,-0.16302532,0.62288
WOLFSKILL_Beauty_Seedless_969,-0.013198656,-0.333939,-0.00030816905,0.7161187
WOLFSKILL_Itonychi_Mavro_1981,-0.007974514,0.3662132,-0.0372677,-0.7931891
WOLFSKILL_Rosa_Minna_820,-0.03281963,-0.4266351,0.04049751,0.91884696
WOLFSKILL_Korente_3719,-0.06316941,-0.34086412,0.17474854,0.8041254
VINEYARDS_5C_chard_merced_y2019_2129,0.38263592,0.012160495,-0.92736703,-0.011245962
WOLFSKILL_Curisti_Mici_5689,-0.015171749,-0.42291602,-0.02451739,0.8819446
WOLFSKILL_Diamond_Jubilee_1129,-0.02156591,-0.4308742,4.1205436e-05,0.9182221
WOLFSKILL_Robin_3634,-0.015450739,-0.39887682,-0.014112769,0.8416206
WOLFSKILL_Trieste_4x_3177,-0.03701817,0.34266216,0.038466893,-0.7646898
WOLFSKILL_Kokinelia_6176,-0.024932832,0.392013,0.004332112,-0.8550803
WOLFSKILL_Fokianoh_5824,-0.016603399,-0.36297634,0.0046349727,0.7853708
VINEYARDS_1103P_chard_san_joaquin_y2018_3307,0.35479072,0.008797009,-0.856576,-0.003295157
ALGERIA_Ichmoul_236,-0.031339318,-0.38006052,0.04765623,0.82278186
VINEYARDS_5C_chard_merced_y2019_2128,0.39955068,0.013620302,-0.96963066,-0.014684025
WOLFSKILL_Korente_3718,-0.06010198,-0.28296068,0.16150561,0.66262674
WOLFSKILL_Fantasy_Seedless_4316,0.05019588,-0.27319896,-0.1641768,0.56641066
WOLFSKILL_Diamond_Jubilee_1128,-0.021375995,-0.41653892,0.0044453796,0.89186823
WOLFSKILL_Nasa_Veltliner_6696,-0.013823436,-0.38759544,-0.022467544,0.80911446
VINEYARDS_5C_chard_san_joaquin_y2018_2951,0.36093557,0.010829445,-0.8767119,-0.012520738
WOLFSKILL_Beauty_Seedless_968,0.21755393,0.040600296,-0.527291,-0.08606283
WOLFSKILL_Rosa_Minna_821,-0.029011596,-0.37115192,0.046769306,0.8134407
WOLFSKILL_Itonychi_Mavro_1980,-0.037123624,-0.3388708,0.07947806,0.7532086
WOLFSKILL_Petite_Bouschet_6879,-0.08947192,0.24660738,0.17265728,-0.5797069
WOLFSKILL_Sylvaner_8167,-0.033227637,0.37491152,0.028846143,-0.83057106
VINEYARDS_freedom_chard_madera_y2018_3469,0.38558716,0.013899114,-0.9357774,-0.015852932
VINEYARDS_1103P_chard_san_joaquin_y2018_2500,0.3571901,0.011198837,-0.8660239,-0.014003035
WOLFSKILL_Cortese_5675,-0.019629166,-0.4125237,-0.001307888,0.87711143
VINEYARDS_freedom_chard_madera_y2018_3468,0.37415227,0.012011137,-0.90575254,-0.008782886
WOLFSKILL_Sylvaner_8166,-0.09328403,0.03416923,0.24007788,-0.061382975
WOLFSKILL_Petite_Bouschet_6878,-0.032361366,-0.34269646,0.06421569,0.75801426
WOLFSKILL_Grosse_Blaue_6016,-0.02594757,0.3657002,0.011495138,-0.80244935
WOLFSKILL_Bargoon_3451,-0.026314903,-0.40811288,0.024155105,0.87360096
VINEYARDS_1103P_chard_san_joaquin_y2018_2501,0.35181546,0.014170773,-0.8534993,-0.025372464
WOLFSKILL_Blue_Trollinger_5476,0.11840196,0.16590346,-0.31468683,-0.35874417
WOLFSKILL_Vital_8188,-0.1806951,0.18277742,0.43215096,-0.3892083
VINEYARDS_freedom_cab_merced_y2019_1667,0.35650167,0.0041639097,-0.86058563,0.008946609
WOLFSKILL_Rosa_Reveliotti_830,-0.030126814,-0.39755318,0.04232935,0.8648293
WOLFSKILL_La_Reinha_6256,-0.026341796,0.3545667,0.017081363,-0.7827978
WOLFSKILL_Waltham_Cross_691,-0.063442476,0.270072,0.10959845,-0.62519276
WOLFSKILL_Tinta_Amarella_7527,-0.03315311,-0.39358795,0.051096916,0.8568423
WOLFSKILL_Carriere_7305,-0.05347879,0.2901743,0.08413902,-0.6653062
ALGERIA_Tizi Ouinine_386,-0.016961068,-0.38715824,-0.012132626,0.8069542
WOLFSKILL_Raboso_Piave_7113,0.034778547,-0.27267134,-0.121298075,0.57324755
WOLFSKILL_Torgoon_3510,-0.02015302,-0.31251281,0.027624624,0.6786889
WOLFSKILL_UNKNOWN_CULTIVAR_9709,0.019415025,0.2888472,-0.088128366,-0.62743735
WOLFSKILL_Blue_Trollinger_5477,-0.10104209,-0.27353844,0.2951312,0.7069216
WOLFSKILL_Vital_8189,-0.004175539,0.37287477,-0.04398363,-0.8027954
VINEYARDS_freedom_cab_merced_y2019_1666,0.3390032,0.013599437,-0.8229201,-0.024281342
WOLFSKILL_Rosa_Reveliotti_831,-0.026360162,-0.40104172,0.026115535,0.8657343
WOLFSKILL_Torgoon_3511,-0.014876359,-0.40389183,-0.015563091,0.8615265
WOLFSKILL_UNKNOWN_CULTIVAR_9708,-0.021854643,-0.40495393,0.013166698,0.8673889
WOLFSKILL_Migdali_6486,-0.018615402,-0.3732866,0.004522411,0.803306
WOLFSKILL_Tinta_Amarella_7526,-0.012105859,-0.31718343,-0.0003977362,0.68966734
WOLFSKILL_Waltham_Cross_690,-0.023670327,0.24880846,0.017882315,-0.5671387
WOLFSKILL_Carriere_7304,-0.056996517,0.23348759,0.09793229,-0.5446973
ALGERIA_Tizi Ouinine_387,-0.017315518,-0.40191633,-0.011120779,0.84597015
VINEYARDS_5C_cab_san_joaquin_y2018_4905,0.3678054,0.008288112,-0.88909453,-0.00023343042
VINEYARDS_1103P_cab_merced_y2018_3825,0.38470182,0.016687851,-0.9327888,-0.021409724
WOLFSKILL_Raboso_Piave_7112,0.2528131,-0.04308144,-0.6182589,0.103861466
UCDAVIS_RIPARIA_GLOIRE_258,0.3227184,0.027067926,-0.78628147,-0.054305207
WOLFSKILL_Prokupao_9214,-0.02414858,-0.43365338,0.0059855226,0.9186014
WOLFSKILL_Divromos_5703,0.24914852,-0.026461832,-0.60389143,0.07286138
WOLFSKILL_Karvouniariz_6108,0.080924995,0.21722122,-0.2288581,-0.46942598
WOLFSKILL_5-30_3863,-0.03755321,0.3699271,0.038791142,-0.82325125
WOLFSKILL_Dais-el-anz_2030,0.019229941,-0.2536231,-0.07243397,0.54708165
VINEYARDS_freedom_cab_madera_y2018_2595,0.39630678,0.016727224,-0.9619532,-0.02329972
WOLFSKILL_Helena_6029,-0.03100276,-0.36850864,0.052292183,0.8077992
WOLFSKILL_Ganjehi_3038,-0.0014995448,-0.36618665,-0.043540202,0.77754414
WOLFSKILL_Hakiki_292,-0.040517874,-0.42222655,0.09008499,0.93411535
WOLFSKILL_Chasselas_Musque_1034,-0.047687896,-0.3316133,0.1277787,0.7597872
ALGERIA_Louali_313,-0.0053663896,-0.34975246,-0.031715356,0.74028146
WOLFSKILL_Goyura_3584,-0.03542869,-0.41964206,0.054114275,0.91082567
WOLFSKILL_Divromos_5702,0.2729933,-0.03750336,-0.66566503,0.09719822
WOLFSKILL_Prokupao_9215,0.3689097,0.012007799,-0.8945582,-0.015015651
WOLFSKILL_Karvouniariz_6109,-0.01889738,-0.4177609,-0.0043267813,0.89216703
WOLFSKILL_Ganjehi_3039,-0.01925397,0.33548322,-0.005771501,-0.7362091
WOLFSKILL_Hakiki_293,-0.01711924,-0.409804,-0.0122043025,0.86255133
WOLFSKILL_Chasselas_Musque_1035,-0.051048633,-0.35387373,0.1353775,0.8131753
WOLFSKILL_5-30_3862,-0.016231656,-0.4077602,-0.008536739,0.87083507
WOLFSKILL_Dais-el-anz_2031,0.018796103,0.30053663,-0.090199895,-0.6562896
WOLFSKILL_Helena_6028,-0.027038008,0.3694392,0.014508409,-0.8130671
VINEYARDS_freedom_cab_madera_y2018_2594,0.387009,0.012920331,-0.9362822,-0.009249777
WOLFSKILL_Satino_8346,0.08071471,0.1788133,-0.22462183,-0.39472646
WOLFSKILL_Askary_2000,-0.038145225,-0.33858198,0.09003972,0.7555884
WOLFSKILL_Angelo_Pirovano_1991,-0.029868491,-0.37937585,0.044817768,0.8254623
WOLFSKILL_Yugoslavia_360_3365,-0.11234792,-0.2798777,0.32954168,0.7365165
WOLFSKILL_Blanc_Rame_8419,-0.074845456,-0.088065356,0.21344505,0.23435931
UCDAVIS_SYLVANER_321,-0.0018004682,0.33103865,-0.04212168,-0.72096735
WOLFSKILL_Golden_Champion_2814,-0.03799595,-0.37126482,0.081317075,0.82357204
VINEYARDS_1103P_chard_madera_y2019_1723,0.36507902,0.010266054,-0.883282,-0.0071606897
VINEYARDS_5C_chard_merced_y2018_4346,0.36767775,0.011964571,-0.8901614,-0.008779984
WOLFSKILL_Beba_5412,0.17065199,-0.06494171,-0.42790738,0.15053144
VINEYARDS_1103P_cab_san_joaquin_y2018_3160,0.35787264,0.006595183,-0.86470366,0.0020672046
WOLFSKILL_Sylvaner_7416,-0.007933347,0.31561446,-0.025188588,-0.6954136
WOLFSKILL_Klusaine_Red_251,-0.027124427,0.3789241,0.0138841625,-0.8347565
WOLFSKILL_Tinta_Madeira_7551,0.29440305,-0.016643934,-0.7137505,0.05297955
WOLFSKILL_Triplett_T51-16A_9332,-0.02762936,-0.43007118,0.020559104,0.9157262
WOLFSKILL_Dattier_4181,-0.02568233,0.351403,0.01041778,-0.7744737
WOLFSKILL_Black_Kishmish_2592,-0.006029226,-0.36451995,-0.03013335,0.77791125
VINEYARDS_5C_chard_merced_y2019_375,0.38057056,0.014294267,-0.92328453,-0.018546112
WOLFSKILL_UNKNOWN_CULTIVAR_9693,-0.015915923,-0.405545,-0.012262398,0.8582704
VINEYARDS_5C_chard_merced_y2018_4347,0.35834464,0.0113650225,-0.8673115,-0.009666573
VINEYARDS_5C_chard_san_joaquin_y2019_1768,0.33599865,0.012063105,-0.81464565,-0.018343728
VINEYARDS_freedom_cab_madera_y2019_1361,0.3219913,0.009119388,-0.7795261,-0.011134308
WOLFSKILL_Angelo_Pirovano_1990,-0.03316882,-0.41878086,0.04340645,0.90343344
WOLFSKILL_Satino_8347,0.053296182,0.24165054,-0.1654929,-0.52653193
WOLFSKILL_Askary_2001,0.33660856,0.0070070364,-0.8140273,-0.0047167353
VINEYARDS_1103P_chard_madera_y2019_1722,0.35662004,0.011148643,-0.86308277,-0.0104849525
WOLFSKILL_Yugoslavia_360_3364,-0.016695432,-0.36178452,-0.0012712292,0.76785564
WOLFSKILL_Blanc_Rame_8418,0.21499564,-0.026207428,-0.5254407,0.065988496
WOLFSKILL_Black_Kishmish_2593,0.012076201,0.2409773,-0.0658991,-0.53483176
WOLFSKILL_Dattier_4180,0.019847684,0.2754467,-0.08923699,-0.602358
WOLFSKILL_Triplett_T51-16A_9333,-0.027333714,-0.3932864,0.030217486,0.8450258
WOLFSKILL_UNKNOWN_CULTIVAR_9692,0.041567698,-0.21696353,-0.13290597,0.45222414
WOLFSKILL_Sylvaner_7417,0.05617507,0.18127228,-0.16427651,-0.40115005
ALGERIA_Bouabane des Aures_194,-0.12347374,-0.12756014,0.3424683,0.35625088
WOLFSKILL_Klusaine_Red_250,-0.14250918,0.27972886,0.307668,-0.6563855
WOLFSKILL_Tinta_Madeira_7550,-0.047113925,-0.36734992,0.11446155,0.8308867
WOLFSKILL_Oubeidy_545,-0.035308927,-0.3735441,0.069762334,0.82295203
VINEYARDS_freedom_chard_madera_y2019_1898,0.35538384,0.012003619,-0.86169255,-0.01618668
VINEYARDS_1103P_chard_san_joaquin_y2018_4701,0.39188144,0.015383922,-0.9491007,-0.015475668
WOLFSKILL_Aglianico_5210,-0.025859132,-0.31875437,0.049274184,0.7004142
WOLFSKILL_Marsanne_6390,0.011674446,0.29322225,-0.07322211,-0.6427755
WOLFSKILL_Alicante_Branca_7832,-0.1326086,-0.19749252,0.38759437,0.5497139
WOLFSKILL_Yugoslavia_2798_9120,-0.02738417,-0.3633033,0.039893366,0.79261196
WOLFSKILL_Taminga_8940,-0.024377044,-0.41698024,0.0140799,0.89301085
WOLFSKILL_UNKNOWN_CULTIVAR_4523,-0.028065428,-0.4199016,0.02596864,0.90138125
WOLFSKILL_Himrisnky_2666,-0.13287745,-0.19933055,0.38169128,0.55075526
WOLFSKILL_Gamay_5900,-0.031731863,-0.3537072,0.060898177,0.7804158
VINEYARDS_1103P_chard_san_joaquin_y2018_4700,0.34220967,0.011843778,-0.8288691,-0.015326098
WOLFSKILL_Alicante_Branca_7833,-0.017872516,-0.30509555,0.025968654,0.6600841
WOLFSKILL_Aglianico_5211,-0.07095506,-0.26447192,0.19567582,0.6398684
VINEYARDS_1103P_cab_merced_y2018_2329,0.34158978,0.010750279,-0.82708955,-0.0104517825
WOLFSKILL_Oubeidy_544,-0.030156162,-0.42200297,0.034292966,0.90619034
VINEYARDS_1103P_cab_san_joaquin_y2019_1856,0.36695382,0.010205474,-0.8884929,-0.007402029
WOLFSKILL_UNKNOWN_CULTIVAR_4522,-0.013337881,0.3494559,-0.018946871,-0.7594446
WOLFSKILL_Kishmish_Sorkh_2535,-0.029690228,-0.30368748,0.060687773,0.6709219
WOLFSKILL_White_Riesling_x_Sauvignon_Blanc_9483,-0.038833722,-0.3719281,0.08609051,0.8244133
WOLFSKILL_Yugoslavia_2798_9121,-0.006975631,-0.32961935,-0.018727992,0.7095005
VINEYARDS_5C_chard_san_joaquin_y2019_2069,0.37559995,0.010844473,-0.9099699,-0.009163041
WOLFSKILL_Taminga_8941,-0.06903753,-0.30657995,0.19321056,0.73765445
WOLFSKILL_Leanoy_8899,0.019914374,-0.30172783,-0.0927704,0.6271994
WOLFSKILL_Gamay_Toma_4949,-0.0142376935,-0.3839017,-0.010953454,0.819077
WOLFSKILL_Askathari_5330,-0.03496349,-0.36763477,0.069818564,0.81219715
WOLFSKILL_Fuji_3151,-0.04855283,0.31132275,0.07121786,-0.70787203
WOLFSKILL_Verdal_2260,-0.006424046,0.34678057,-0.032488167,-0.75500584
WOLFSKILL_Violento_4676,-0.04540729,-0.36050385,0.10722179,0.81094146
WOLFSKILL_Blue_Affenthaler_5471,-0.093103506,-0.27824974,0.27515537,0.7114389
VINEYARDS_freedom_chard_madera_y2018_4787,0.38762364,0.012733594,-0.9387301,-0.012094822
WOLFSKILL_Blaue_Elbe_5453,-0.06943908,0.28927583,0.122294195,-0.66484123
WOLFSKILL_Zerk_2280,0.018499102,0.28380287,-0.08765826,-0.623077
WOLFSKILL_Vaftra_vaspa_7649,-0.019669827,-0.3746801,0.009035079,0.8036761
VINEYARDS_freedom_chard_san_joaquin_y2018_2524,0.341786,0.010430958,-0.8281061,-0.014745928
WOLFSKILL_Gamay_Toma_4948,-0.053715553,0.31392288,0.085158035,-0.71438986
WOLFSKILL_Askathari_5331,-0.05433181,-0.266647,0.15040943,0.6247486
WOLFSKILL_Fuji_3150,0.24532184,-0.041930802,-0.59934556,0.10203153
WOLFSKILL_Leanoy_8898,-0.013904878,-0.37644756,-0.017642505,0.792307
VINEYARDS_freedom_chard_madera_y2018_4786,0.38008523,0.0121710375,-0.9198847,-0.009550523
WOLFSKILL_Vaftra_vaspa_7648,-0.13334319,-0.14277227,0.3782392,0.404279
WOLFSKILL_Blaue_Elbe_5452,-0.09378788,0.23585446,0.18676327,-0.5585027
WOLFSKILL_Malukato_6320,-0.009379049,-0.3852732,-0.03303294,0.80791074
WOLFSKILL_Zerk_2281,-0.031367667,0.37367108,0.024190346,-0.82581234
WOLFSKILL_Violento_4677,-0.040487774,-0.38908106,0.08486413,0.8616353
WOLFSKILL_Blue_Affenthaler_5470,-0.037387162,0.38222516,0.038282566,-0.84784406
VINEYARDS_1103P_cab_san_joaquin_y2019_192,0.37227044,0.009575065,-0.90062594,-0.0032495707
VINEYARDS_1103P_cab_san_joaquin_y2018_3247,0.35246354,0.0053902008,-0.84949535,0.008078922
WOLFSKILL_Sahibi_1700,-0.07161166,-0.31549874,0.20580105,0.7652963
VINEYARDS_5C_cab_san_joaquin_y2019_1781,0.37360135,0.012665879,-0.9053815,-0.013291363
WOLFSKILL_Olmo_034-16_3258,-0.12655619,-0.226182,0.37379977,0.61554384
WOLFSKILL_Kleinberger_6153,-0.025156423,-0.42050752,0.017920798,0.90221816
VINEYARDS_5C_chard_merced_y2019_40,0.38570276,0.013187636,-0.9358262,-0.014209341
ALGERIA_Amer Bouamar_75,-0.01460264,-0.40827206,-0.0309082,0.8470766
WOLFSKILL_Psarotherico_7983,-0.0053117303,-0.35866883,-0.033404537,0.76383287
VINEYARDS_5C_chard_merced_y2019_41,0.38334236,0.010531019,-0.92769146,-0.0044698007
WOLFSKILL_Lagorthi_6240,0.03554993,0.2451934,-0.11939604,-0.5359068
WOLFSKILL_Sahibi_1701,-0.052298285,-0.3428977,0.14096904,0.79145783
VINEYARDS_5C_cab_san_joaquin_y2019_1780,0.34357998,0.0034915246,-0.8275064,0.014517786
WOLFSKILL_Olmo_034-16_3259,-0.01531518,-0.28215513,0.027950076,0.6259084
VINEYARDS_1103P_cab_san_joaquin_y2018_3246,0.38418126,0.012087863,-0.92876154,-0.007043615
UCDAVIS_RS_3_790,0.012741238,0.3287716,-0.083639696,-0.70755315
WOLFSKILL_Psarotherico_7982,-0.033560485,-0.44401932,0.03694301,0.95183253
WOLFSKILL_Olmo_034-26_3277,-0.03729417,0.2859339,0.045820884,-0.6493661
WOLFSKILL_Leanoy_8903,-0.011074566,-0.34612197,-0.012683939,0.7381695
WOLFSKILL_Petit_Manseng_7022,-0.052574757,-0.34929463,0.1314475,0.7977536
VINEYARDS_freedom_chard_madera_y2018_2772,0.38615748,0.012877066,-0.935855,-0.012928486
WOLFSKILL_Abla_Aganin_Isium_731,0.29109648,0.0014017113,-0.7056711,0.009277862
VINEYARDS_freedom_chard_san_joaquin_y2018_3677,0.39613956,0.013627678,-0.95947635,-0.011631135
WOLFSKILL_Vernaccia_Bianca_4670,-0.065884806,-0.3372427,0.18292838,0.80275387
WOLFSKILL_Petite_Verdot_6911,-0.024884544,-0.43209276,0.010690877,0.9206747
WOLFSKILL_Triplett_T203-1_9365,-0.040255714,-0.38148022,0.08614149,0.84731543
WOLFSKILL_Fahri_Kalamak_1207,0.30402565,0.0061905943,-0.73720556,0.0009933226
WOLFSKILL_Mavrokorakas_6425,-0.021884553,-0.40891147,0.0071819853,0.874354
WOLFSKILL_Dan_Ben_Hanna_3694,0.14148702,-0.11423127,-0.36314172,0.2499525
WOLFSKILL_Marzemino_6395,-0.01947384,-0.42558402,-0.0058068726,0.9082819
WOLFSKILL_Aleatico_5233,-0.05002339,-0.36683136,0.12347416,0.83310556
VINEYARDS_freedom_chard_merced_y2018_4280,0.3254708,0.014064383,-0.78787625,-0.019631889
WOLFSKILL_Chasselas_Rose_2740,-0.04659683,-0.31254858,0.12502113,0.71440506
WOLFSKILL_Petit_Manseng_7023,-0.00909184,-0.04200494,0.03569261,0.104954526
WOLFSKILL_Olmo_034-26_3276,-0.025579158,-0.4142642,0.020295346,0.8908472
WOLFSKILL_Leanoy_8902,-0.018907193,-0.38625908,-0.0036999248,0.80728835
WOLFSKILL_Mavrokorakas_6424,0.009043473,0.34745744,-0.07399679,-0.7462503
WOLFSKILL_Aleatico_5232,0.20741795,0.02304142,-0.49800536,-0.048322182
WOLFSKILL_Chasselas_Rose_2741,-0.016119339,-0.34295613,0.007602988,0.73584926
WOLFSKILL_Dan_Ben_Hanna_3695,0.063878775,-0.32329524,-0.20182243,0.6756001
WOLFSKILL_Marzemino_6394,0.16147102,0.1357046,-0.4072072,-0.2874354
VINEYARDS_freedom_chard_san_joaquin_y2018_3676,0.37100008,0.010486022,-0.89929926,-0.0075540133
WOLFSKILL_Abla_Aganin_Isium_730,-0.044743527,-0.29557943,0.11255876,0.6723157
WOLFSKILL_Triplett_T203-1_9364,-0.02329854,-0.39453623,0.01632282,0.84742475
WOLFSKILL_Fahri_Kalamak_1206,0.20426027,0.010460321,-0.49363336,-0.019028392
WOLFSKILL_Petite_Verdot_6910,-0.04401633,0.37486747,0.059841402,-0.84161925
VINEYARDS_1103P_cab_merced_y2018_3793,0.36440018,0.01444228,-0.8839674,-0.022397008
WOLFSKILL_UNKNOWN_CULTIVAR_9648,-0.06215831,-0.36268342,0.16792889,0.8480972
WOLFSKILL_Rulander_7219,0.17015065,-0.11069392,-0.430947,0.23953778
VINEYARDS_5C_chard_san_joaquin_y2018_2883,0.3832758,0.011247847,-0.9286926,-0.0090104975
WOLFSKILL_Beli_Potok_4894,-0.006088351,-0.337053,-0.026400622,0.7169263
WOLFSKILL_Ferdinand_De_Lesseps_1216,-0.001334615,-0.33864728,-0.03634747,0.7242234
WOLFSKILL_Dizmar_1134,-0.024130188,-0.3921805,0.023168055,0.85204226
WOLFSKILL_Fresno_32-68_4077,0.055132747,0.20419645,-0.1636091,-0.44617987
WOLFSKILL_Vuthomato_7711,-0.033231188,0.30136627,0.03563758,-0.67485917
WOLFSKILL_Peagudo_6841,-0.017235324,-0.38005525,-0.00079454295,0.81298155
VINEYARDS_1103P_chard_madera_y2018_4750,0.37582162,0.01061346,-0.910009,-0.00859271
VINEYARDS_5C_chard_san_joaquin_y2018_2882,0.38626054,0.01574872,-0.93715894,-0.02179839
WOLFSKILL_Rulander_7218,-0.0328629,-0.37062544,0.058223687,0.81364256
WOLFSKILL_Fresno_32-68_4076,-0.018571075,-0.41158545,-0.003348872,0.8770041
WOLFSKILL_Vuthomato_7710,-0.018223923,-0.36890775,0.0032889154,0.78485525
WOLFSKILL_Beli_Potok_4895,-0.012042359,-0.36422732,-0.015653245,0.7736396
WOLFSKILL_Dizmar_1135,-0.031549722,-0.37064883,0.055027694,0.8157326
WOLFSKILL_UNKNOWN_CULTIVAR_9649,-0.016572509,-0.42097917,-0.021444436,0.8775656
VINEYARDS_1103P_cab_merced_y2018_3792,0.35870743,0.014295388,-0.8707849,-0.020084154
UCDAVIS_FOLLE_BLANCE_364,0.015669994,0.30643922,-0.08327738,-0.667531
WOLFSKILL_Michurinetz_9162,-0.0207186,-0.35321102,0.019238262,0.7566416
WOLFSKILL_Peagudo_6840,-0.024701528,-0.41859645,0.015918804,0.8990143
WOLFSKILL_Malta_Seedless_666,-0.032281984,-0.39250523,0.05203498,0.85333335
VINEYARDS_freedom_cab_madera_y2018_2620,0.3680589,0.0135284625,-0.89198697,-0.015849687
WOLFSKILL_Muscat_Bowood_3128,-0.042605184,0.35682276,0.053044654,-0.79928535
WOLFSKILL_Pardala_8642,-0.03559696,-0.39457053,0.060784824,0.8639455
WOLFSKILL_Stambulari_stambul_Ali_878,-0.025567926,-0.41197908,0.021712838,0.88524055
WOLFSKILL_Alicante_Bouschet_4581,-0.036438417,-0.37771606,0.07079154,0.83551204
WOLFSKILL_Black_Hamburg_2617,-0.026384264,-0.40354633,0.021180881,0.86271787
VINEYARDS_1103P_cab_san_joaquin_y2018_4640,0.3299072,0.0054256283,-0.7959812,0.009238895
WOLFSKILL_Robin_Noir_7159,-0.021625683,-0.38932768,0.011933463,0.83722156
WOLFSKILL_Muscat_Crime_6661,-0.06514392,0.27126968,0.113614045,-0.627735
WOLFSKILL_Blauer_Spatburgunder_5464,-0.04233651,-0.35634097,0.09790745,0.7972859
WOLFSKILL_Kozma_Pal_Muskotaly_9027,-0.034099333,-0.3932168,0.056768417,0.8601653
WOLFSKILL_Tsambato_7632,-0.075303175,-0.31875235,0.21021849,0.7800212
WOLFSKILL_Peloursin_5732,0.0038015367,0.2487834,-0.0456255,-0.5539371
WOLFSKILL_Barbera_5398,-0.02329601,-0.29140842,0.044499777,0.63856936
WOLFSKILL_Buraburi_3496,0.022488955,0.21264377,-0.08432167,-0.4780529
VINEYARDS_5C_cab_san_joaquin_y2019_2188,0.34118304,0.007920485,-0.82448524,-0.003524799
WOLFSKILL_Black_Hamburg_2616,-0.0358207,-0.36992413,0.06848666,0.81668603
WOLFSKILL_Robin_Noir_7158,-0.03587445,0.36253572,0.038165204,-0.8088546
WOLFSKILL_Muscat_Crime_6660,-0.025836788,-0.3578894,0.036390267,0.7762664
VINEYARDS_1103P_cab_san_joaquin_y2018_4641,0.36000243,0.012273703,-0.87309074,-0.016115647
UCDAVIS_DOLCETTO_669,0.0013512559,0.3374926,-0.05301778,-0.73273945
WOLFSKILL_Ughetta_8947,0.042009305,-0.3166532,-0.14931837,0.6615406
WOLFSKILL_Stambulari_stambul_Ali_879,-0.029182069,-0.4052011,0.03456682,0.87725675
WOLFSKILL_Muscat_Bowood_3129,0.19885929,0.026423432,-0.47876173,-0.054728653
WOLFSKILL_Pardala_8643,-0.0470312,-0.29731387,0.12175403,0.6814624
WOLFSKILL_Barbera_5399,0.06237085,-0.21630765,-0.18205488,0.46437806
WOLFSKILL_Tsambato_7633,-0.11199805,-0.28364962,0.3273784,0.748146
WOLFSKILL_Peloursin_5733,-0.014581571,-0.40633857,-0.015423523,0.86684304
WOLFSKILL_Prokupac_9450,-0.10921755,0.25447172,0.227395,-0.60653126
WOLFSKILL_Buraburi_3497,-0.033906452,-0.3508946,0.06775422,0.7737263
WOLFSKILL_Longyan_4914,-0.0135724405,-0.40249994,-0.023795702,0.845248
WOLFSKILL_Olmo_6F_V19_9200,-0.031125415,-0.42162228,0.033556476,0.9101625
WOLFSKILL_Mosho_Patata_7951,-0.04037813,0.39085186,0.049728796,-0.87084436
WOLFSKILL_Ladyfinger_Mutant_of_Thompson_Seedless4X_3404,-0.0029728925,-0.34681082,-0.03721852,0.73440105
WOLFSKILL_Turkish_Grape_1871,0.12674032,-0.19961986,-0.33476084,0.42442575
WOLFSKILL_Siewiernyi_9051,-0.0033995742,-0.403561,-0.05326692,0.8438403
VINEYARDS_freedom_cab_merced_y2019_353,0.36453065,0.013110749,-0.884084,-0.018213686
WOLFSKILL_Frankenthal_2803,-0.044941776,0.3603727,0.058798738,-0.80868226
WOLFSKILL_Hibron_Blanc_6038,-0.05098761,-0.30526698,0.13061641,0.7004431
WOLFSKILL_Chasselas_Violet_4467,-0.014397894,-0.35910782,-0.007451657,0.7677154
WOLFSKILL_Catarratto_8297,-0.004998577,-0.36735058,-0.03209869,0.78589404
WOLFSKILL_Hongjixin_297,-0.04455886,0.38193887,0.060683094,-0.8574723
WOLFSKILL_Turkish_Grape_1870,-0.048163902,-0.28882205,0.12346081,0.6631825
WOLFSKILL_Ladyfinger_Mutant_of_Thompson_Seedless4X_3405,0.15787518,0.04586796,-0.3838094,-0.099256486
WOLFSKILL_Longyan_4915,-0.039241124,-0.37429988,0.08264918,0.8309706
WOLFSKILL_Purpurea_4456,-0.036763787,-0.37870327,0.07471552,0.8372965
WOLFSKILL_Mosho_Patata_7950,-0.018467605,-0.40333134,-0.0026518349,0.8597869
WOLFSKILL_Olmo_6F_V19_9201,-0.08405001,0.28104645,0.16336833,-0.6584804
WOLFSKILL_Vertzami_7701,-0.13579096,-0.18739285,0.39102423,0.5258287
WOLFSKILL_Catarratto_8296,-0.11485972,-0.22493845,0.33777148,0.6012107
WOLFSKILL_Hongjixin_296,-0.05719892,-0.32508183,0.15331843,0.75934297
WOLFSKILL_Solferino_1774,-0.002927349,-0.3905912,-0.045998983,0.82789564
VINEYARDS_freedom_cab_merced_y2019_352,0.3224735,0.011925176,-0.7811074,-0.01707977
VINEYARDS_5C_chard_san_joaquin_y2018_3648,0.3796709,0.015327085,-0.92179894,-0.021346193
WOLFSKILL_Frankenthal_2802,0.043497026,0.28253943,-0.14318143,-0.61243033
WOLFSKILL_Chasselas_Violet_4466,-0.08119621,0.22964872,0.15739594,-0.5442086
WOLFSKILL_Hibron_Blanc_6039,-0.009899556,-0.35589126,-0.013389984,0.7681946
WOLFSKILL_Dunkelfelder_9221,0.26779765,-0.014282247,-0.6488541,0.04514626
WOLFSKILL_Schonburger_4823,-0.020942282,-0.38973927,0.008079732,0.83439136
WOLFSKILL_Daphnata_daphnia_5696,-0.008033396,-0.3688079,-0.027409494,0.7843549
WOLFSKILL_Otscha_Bala_5194,0.00040880777,-0.3503963,-0.045779575,0.7427231
UCDAVIS_NERO_DAVOLA_832,-0.025016181,-0.37179166,0.029213643,0.8068045
WOLFSKILL_Tsoumbrena_Lefki_7637,-0.10608627,-0.24211912,0.3095377,0.6335598
WOLFSKILL_Choultu_White_4170,-0.033062696,-0.44829535,0.036594726,0.96068865
WOLFSKILL_Zinfandel_8237,-0.01877169,-0.4106325,-0.008305183,0.8698725
WOLFSKILL_Dunkelfelder_9220,0.07388271,-0.26155177,-0.21577245,0.5475459
WOLFSKILL_Schonburger_4822,-0.018723678,0.3787047,-0.012135048,-0.82080734
WOLFSKILL_Daphnata_daphnia_5697,-0.06484323,0.2864036,0.11340279,-0.66129017
VINEYARDS_1103P_chard_san_joaquin_y2018_4825,0.3644333,0.011262748,-0.8838383,-0.0100788735
WOLFSKILL_Choultu_White_4171,-0.02809418,0.37445432,0.016682146,-0.82305557
WOLFSKILL_Zinfandel_8236,-0.0058235917,-0.37398732,-0.03400782,0.7938161
VINEYARDS_1103P_cab_san_joaquin_y2018_2842,0.36275673,0.010354716,-0.8783195,-0.0066236146
WOLFSKILL_Otscha_Bala_5195,-0.02021717,-0.37073746,0.012960499,0.8020136
WOLFSKILL_Seedless_Emperor_1743,-0.036136325,-0.353652,0.07727338,0.78513455
WOLFSKILL_Tinta_Cao_7558,0.012938351,0.31828737,-0.07741789,-0.68784606
WOLFSKILL_UNKNOWN_CULTIVAR_9740,0.11135876,-0.117705226,-0.29131508,0.2545751
WOLFSKILL_Pinot_Noir_Espinett_5096,-0.004403932,-0.32486078,-0.02557193,0.6931833
WOLFSKILL_Malvasia_Bianca_6334,0.34511432,0.004470166,-0.83165216,0.009017814
WOLFSKILL_Boal_Cachudo_5493,0.17883523,0.09091565,-0.4423552,-0.1983042
WOLFSKILL_Takhani_pink_T.s._1817,-0.013413669,-0.38241225,-0.015791673,0.8117496
WOLFSKILL_UNKNOWN_CULTIVAR_9526,-0.0138980085,0.34361982,-0.0143266,-0.75228715
ALGERIA_Babari_154,-0.01260588,-0.37615806,-0.015624957,0.79996014
VINEYARDS_5C_chard_san_joaquin_y2018_4612,0.374437,0.013267472,-0.9089267,-0.016112316
WOLFSKILL_San_Juanina_Rosada_4380,-0.027942937,-0.41732264,0.027288714,0.8999302
WOLFSKILL_Chasselas_Rouge_4228,0.17641078,0.07560015,-0.43279326,-0.16079381
ALGERIA_Babari_155,-0.020756569,-0.39677227,0.0038278792,0.84378964
WOLFSKILL_Boal_Cachudo_5492,-0.05120273,-0.3342805,0.13396806,0.7686826
WOLFSKILL_Malvasia_Bianca_6335,-0.01683712,-0.37124592,-0.0019450542,0.79235
WOLFSKILL_Takhani_pink_T.s._1816,-0.027380437,-0.45061642,0.014034988,0.9576899
WOLFSKILL_UNKNOWN_CULTIVAR_9527,-0.06516441,-0.2645734,0.19265115,0.6393806
WOLFSKILL_Tinta_Cao_7559,-0.04864078,0.3738908,0.071769275,-0.84157646
WOLFSKILL_Seedless_Emperor_1742,-0.033066615,0.27395582,0.038518906,-0.6223656
WOLFSKILL_UNKNOWN_CULTIVAR_9741,-0.0052991165,-0.37201247,-0.03549362,0.7884741
WOLFSKILL_Chasselas_Rouge_4229,0.25909746,-0.068240836,-0.6375154,0.15611844
WOLFSKILL_Kozanitis_6208,-0.042485476,-0.41097927,0.088195644,0.91054624
VINEYARDS_5C_chard_merced_y2018_3355,0.34459132,0.0070347376,-0.83237815,-0.0007920712
WOLFSKILL_Greco_Bianco_5973,-0.036206532,-0.4078501,0.060281925,0.8875111
WOLFSKILL_Ree_3753,-0.012676113,-0.37611377,-0.014619479,0.8007599
WOLFSKILL_Longyan_4920,-0.057184674,0.27502692,0.093599945,-0.633023
VINEYARDS_1103P_cab_san_joaquin_y2019_1074,-0.0031838836,-0.3937679,-0.045933243,0.8335258
WOLFSKILL_Merlot_9035,-0.020486917,-0.4121066,-0.0007237885,0.8722849
WOLFSKILL_Baharat_Early_618,0.18160002,0.010512855,-0.43623734,-0.017748844
WOLFSKILL_Dehbina_8509,-0.0315609,-0.41437683,0.03753764,0.8889675
WOLFSKILL_Aurora_2439,-0.008405159,0.38276833,-0.036734883,-0.8287511
WOLFSKILL_Mathilde_3071,-0.019816566,-0.38196376,0.009287262,0.8239087
WOLFSKILL_Terret_Blanc_8678,-0.031754624,-0.407216,0.044987254,0.8830651
WOLFSKILL_Casculho_8843,-0.032020282,-0.38260108,0.0515073,0.8345437
WOLFSKILL_Taifi_548,0.18649565,0.070915595,-0.45738217,-0.15473756
WOLFSKILL_Grillo_8565,0.020665903,0.21756928,-0.08337838,-0.48274815
WOLFSKILL_Aurora_2438,-0.029936425,0.3549143,0.020184545,-0.78601635
WOLFSKILL_Mathilde_3070,-0.022659354,0.3154933,0.011409728,-0.7015468
WOLFSKILL_Baharat_Early_619,-0.02955341,-0.38827062,0.041045554,0.8447605
WOLFSKILL_Dehbina_8508,-0.0019424027,-0.32817936,-0.031363577,0.7093333
WOLFSKILL_Verdea_7668,-0.06311283,-0.33690658,0.1749553,0.80054754
WOLFSKILL_Ree_3752,-0.016296793,-0.37983721,-0.007892258,0.79842496
WOLFSKILL_Grillo_8564,-0.03610417,-0.38424188,0.071990095,0.8453342
WOLFSKILL_Taifi_549,0.018927075,0.3202206,-0.09032398,-0.6924825
WOLFSKILL_Casculho_8842,-0.027689118,-0.40662405,0.027187152,0.87464625
WOLFSKILL_Terret_Blanc_8679,-0.01163184,-0.4257418,-0.033395626,0.89046913
VINEYARDS_freedom_chard_madera_y2018_4274,0.35414737,0.014137011,-0.8596828,-0.021045875
WOLFSKILL_Red_Ohanez_4117,-0.05907031,-0.38596508,0.16002527,0.89845455
WOLFSKILL_Chasselas_Tompa_2752,-0.018643487,-0.41468292,-0.010952892,0.8713685
WOLFSKILL_Mrs_Pince_Black_Muscat_459,-0.0071175415,0.2595533,-0.02399261,-0.5803715
WOLFSKILL_Ferral_De_Izalva_2786,0.0030523427,-0.2857145,-0.038667,0.6178676
WOLFSKILL_Teroldego_7496,-0.02215723,-0.38460946,0.01867961,0.8285397
WOLFSKILL_Thiako_7170,0.06512961,-0.2409646,-0.18958078,0.5153468
WOLFSKILL_Red_Hanepoot_2194,-0.017359901,-0.3563733,0.005488796,0.76498777
WOLFSKILL_Unknown_Cultivar_7691,-0.021784317,-0.36538702,0.019613413,0.7934402
WOLFSKILL_Atzala_5381,-0.028569784,-0.45454898,0.010225786,0.9562292
WOLFSKILL_Triplett_F3-4_9300,-0.040537387,-0.32934433,0.09458099,0.7379731
WOLFSKILL_Teinturier_7480,-0.00012537837,0.30748522,-0.04506049,-0.6706571
WOLFSKILL_Schiraz_7297,-0.15214844,-0.030790351,0.39940548,0.13527018
WOLFSKILL_Mrs_Pince_Black_Muscat_458,-0.02902367,0.37051576,0.019546831,-0.81789035
WOLFSKILL_Chasselas_Tompa_2753,0.26265916,-0.036751613,-0.64125216,0.093488626
VINEYARDS_freedom_cab_madera_y2019_433,0.34386367,0.012145784,-0.8353281,-0.018260155
VINEYARDS_1103P_cab_merced_y2019_1293,0.35129827,0.0065098256,-0.84911346,0.00038240477
WOLFSKILL_Teroldego_7497,-0.018212214,0.39252415,-0.011635531,-0.85218203
WOLFSKILL_Red_Ohanez_4116,-0.046710223,-0.34170842,0.11228088,0.7748587
WOLFSKILL_Schiraz_7296,-0.14875562,0.17428868,0.34784612,-0.38301826
VINEYARDS_freedom_cab_merced_y2018_3040,0.33233327,0.012773514,-0.80634665,-0.022479545
WOLFSKILL_Teinturier_7481,0.025553104,0.2759199,-0.10220628,-0.60094327
WOLFSKILL_Thiako_7171,0.38486576,0.009052694,-0.9297026,0.003156934
WOLFSKILL_Triplett_F1-13_9287,-0.061204158,-0.33317542,0.1656075,0.78740597
WOLFSKILL_Unknown_Cultivar_7690,-0.026547033,-0.3633622,0.037882783,0.792437
WOLFSKILL_Atzala_5380,-0.024881367,-0.37619287,0.025207167,0.8070299
WOLFSKILL_Triplett_F3-4_9301,-0.036185864,-0.39147887,0.06678393,0.8588886
WOLFSKILL_Red_Hanepoot_2195,-0.022110473,-0.398716,0.012333067,0.85707027
WOLFSKILL_UNKNOWN_CULTIVAR_8372,-0.020141367,0.32495892,-0.0049411505,-0.7163941
WOLFSKILL_Chardonnay_Musque_8746,-0.04591678,-0.37453985,0.10784755,0.8422892
WOLFSKILL_Cipro_Nero_1051,-0.033473305,-0.41103712,0.04948151,0.89065313
WOLFSKILL_Baidh_Ul_Haman_949,-0.0030198516,0.2705645,-0.032965273,-0.6024194
WOLFSKILL_Teneron_1385,-0.012869679,-0.3991614,-0.019145327,0.85043323
ALGERIA_Babari_160,-0.031359605,-0.38039064,0.046610184,0.8277895
WOLFSKILL_UNKNOWN_CULTIVAR_9512,-0.009679356,-0.21863793,0.015689982,0.47462523
VINEYARDS_5C_chard_merced_y2019_1209,0.38467157,0.015289821,-0.93261737,-0.018143918
WOLFSKILL_Criolla_Negra_4739,0.12537819,0.11147769,-0.318495,-0.24032053
WOLFSKILL_Baidh_Ul_Haman_948,0.066746086,-0.22151615,-0.18675643,0.47817478
WOLFSKILL_Appley_Towers_29,-0.02401774,-0.392361,0.020031014,0.84506035
WOLFSKILL_Chardonnay_Musque_8747,-0.026464142,-0.42928123,0.017535752,0.92061925
WOLFSKILL_Cipro_Nero_1050,-0.09288215,-0.27024907,0.27261856,0.6922544
WOLFSKILL_UNKNOWN_CULTIVAR_9513,0.12993534,0.035882417,-0.32051376,-0.08343376
WOLFSKILL_Takhani_pink_T.s._1822,-0.054922335,0.2973262,0.08720231,-0.6788326
WOLFSKILL_Teneron_1384,-0.030372411,-0.3512416,0.0566094,0.7766285
ALGERIA_Babari_161,-0.018324986,-0.38921085,-0.003749365,0.82392204
WOLFSKILL_UNKNOWN_CULTIVAR_8373,0.006554599,0.33560765,-0.06450577,-0.7240212
WOLFSKILL_Criolla_Negra_4738,-0.0287661,0.33844173,0.02183924,-0.7521282
VINEYARDS_5C_chard_merced_y2019_1208,0.370953,0.01383863,-0.8989941,-0.01726124
WOLFSKILL_Barbableu_2469,-0.03082119,-0.39241314,0.047400773,0.85380125
WOLFSKILL_Zabalkanski_1936,-0.020111684,-0.36525366,0.01823899,0.7946434
WOLFSKILL_Unknown_Cultivar_4854,0.30904737,-0.0009736419,-0.74817944,0.014090786
WOLFSKILL_Pirovano_47_195,-0.02247157,-0.3925901,0.0139419045,0.8387206
WOLFSKILL_St._Catherine_s_East_Arbor_4164,-0.026317999,-0.40490228,0.02392718,0.8678885
WOLFSKILL_Olivette_Blanche_1526,-0.019883987,-0.39989555,0.0002227854,0.8463154
WOLFSKILL_Anacelatta_5280,0.14868855,0.06398666,-0.36570704,-0.14100355
WOLFSKILL_Semillon_7309,0.15374865,0.017044857,-0.37976968,-0.04633416
VINEYARDS_5C_cab_madera_y2018_3473,0.37142518,0.0119080655,-0.89989495,-0.011637121
WOLFSKILL_Trieste-pirovano_299_488,-0.16333763,-0.1538582,0.4525488,0.46162248
WOLFSKILL_Retino_Mavro_7147,-0.031201284,-0.45917472,0.022705382,0.97012603
WOLFSKILL_Coristano_5664,-0.0338812,-0.4119014,0.051257446,0.89422464
UCDAVIS_PETIT_VERDOT_291,-0.008726731,0.36313796,-0.03367862,-0.7845224
WOLFSKILL_Kokinorobola_6161,-0.02919602,-0.42799312,0.02915042,0.9224345
WOLFSKILL_Olivette_Blanche_1527,-0.031855784,-0.36787838,0.0543883,0.80511254
WOLFSKILL_Semillon_7308,-0.069179796,0.2744343,0.12966737,-0.63770986
WOLFSKILL_St._Catherine_s_East_Arbor_4165,-0.026833754,-0.42539245,0.016955001,0.9063626
WOLFSKILL_Pirovano_47_194,-0.028792512,0.35728395,0.024219124,-0.79081774
WOLFSKILL_Barbableu_2468,0.016524326,-0.3572808,-0.09512555,0.7424453
WOLFSKILL_Zabalkanski_1937,-0.03503424,0.33839706,0.036096282,-0.7569319
WOLFSKILL_Unknown_Cultivar_4855,-0.0065934304,-0.36845577,-0.03140646,0.77672434
VINEYARDS_freedom_cab_san_joaquin_y2019_2039,0.2886397,0.0077168755,-0.6950681,-0.008728113
VINEYARDS_freedom_cab_merced_y2019_632,0.3022289,0.00718474,-0.730358,-0.004396133
WOLFSKILL_Retino_Mavro_7146,-0.017519291,-0.38052422,-0.0052820854,0.80754125
WOLFSKILL_Trieste-pirovano_299_489,-0.15549819,-0.17231172,0.44067508,0.5041902
WOLFSKILL_Malaga_Rosada_1392,0.15096736,-0.15854503,-0.39315075,0.33696866
WOLFSKILL_UNKNOWN_CULTIVAR_9580,-0.056929663,-0.25500014,0.15940955,0.5990635
VINEYARDS_5C_cab_san_joaquin_y2018_2414,0.31816378,0.00028912723,-0.7676071,0.015765589
WOLFSKILL_UNKNOWN_CULTIVAR_9581,-0.0205627,0.22744425,0.012367463,-0.5217495
WOLFSKILL_Petinos_2176,-0.01934234,-0.3678096,0.0113280695,0.7895682
WOLFSKILL_Victoria_s_Choice_4x_4357,-0.026890859,-0.42182347,0.018926514,0.89891064
VINEYARDS_5C_cab_san_joaquin_y2018_2415,0.37154806,0.012487717,-0.90119123,-0.01439216
VINEYARDS_5C_cab_madera_y2019_1147,0.35579938,0.01303586,-0.86123896,-0.010351572
WOLFSKILL_Namonia_3490,0.02247037,0.27100098,-0.09369926,-0.5960232
WOLFSKILL_Mammolo_Toscano_6381,0.03884697,-0.34669685,-0.14738059,0.7206382
WOLFSKILL_Walsch_Riesling_7741,0.20158957,0.017985862,-0.4854254,-0.034464877
WOLFSKILL_Verdal_2254,-0.02020266,0.36345145,-0.002580203,-0.79325056
WOLFSKILL_Veronese_7699,-0.032847404,-0.37013257,0.059407853,0.81515616
WOLFSKILL_Boal_Branco_5481,-0.04667356,-0.35903782,0.117775746,0.8127738
WOLFSKILL_Terret_Schwarz_8212,-0.030248992,-0.44084957,0.028260766,0.9455216
WOLFSKILL_Kraljevina_7910,-0.034714356,0.3575277,0.03016751,-0.79214376
WOLFSKILL_Hisakasy_6047,-0.02364346,-0.33145368,0.03417574,0.7230154
WOLFSKILL_Guydouria_5883,-0.008752399,-0.38295373,-0.028393432,0.8140185
WOLFSKILL_Aswad_279,-0.03306184,0.3047221,0.036573075,-0.68430823
WOLFSKILL_Erbalus_Caluso_5757,0.21927954,-0.027305294,-0.5368254,0.071752906
WOLFSKILL_Olivette_Bauthelet_2167,0.06272535,0.2357765,-0.18967526,-0.5120413
WOLFSKILL_Gamay_Teinturier_8529,-0.14235206,-0.15750526,0.41454554,0.45859057
WOLFSKILL_Parianoh_6819,-0.010930945,-0.3885814,-0.02253536,0.8255287
WOLFSKILL_Verdal_2255,-0.02770485,-0.3958042,0.031527176,0.857571
WOLFSKILL_Mammolo_Toscano_6380,-0.04238931,-0.38744706,0.09176398,0.86301905
WOLFSKILL_Olivette_Bauthelet_2166,-0.046525043,0.34268576,0.06204681,-0.77135265
WOLFSKILL_Erbalus_Caluso_5756,0.011796249,-0.3445098,-0.07732664,0.72552395
WOLFSKILL_Guydouria_5882,0.032920014,0.30064973,-0.12412044,-0.6507534
WOLFSKILL_Aswad_278,-0.02354028,-0.4227996,0.003671063,0.8909945
WOLFSKILL_Gamay_Teinturier_8528,-0.1929016,-0.17458542,0.549562,0.5504879
WOLFSKILL_Parianoh_6818,-0.014119702,-0.406649,-0.019316763,0.86295354
WOLFSKILL_Veronese_7698,-0.022965666,-0.39833584,0.015674433,0.86079687
WOLFSKILL_Terret_Schwarz_8213,-0.0212591,-0.40526223,0.007193366,0.86977583
WOLFSKILL_Kraljevina_7911,0.062474646,0.25896797,-0.18692905,-0.5588527
WOLFSKILL_Hisakasy_6046,-0.01523775,0.35001203,-0.015592757,-0.76661634
VINEYARDS_freedom_chard_merced_y2018_2715,-0.030817918,0.3667875,0.025007425,-0.8102639
WOLFSKILL_Gocseji_Zamatos_8987,-0.01053187,-0.395454,-0.026753299,0.83792233
WOLFSKILL_Neiretto_Verzuolo_6761,-0.034406543,-0.3110963,0.081993714,0.6930874
WOLFSKILL_Skiathopoulo_7336,-0.021529853,-0.38104787,0.017483437,0.82432777
VINEYARDS_freedom_cab_san_joaquin_y2019_1457,0.3808278,0.017417204,-0.925359,-0.029459458
VINEYARDS_5C_chard_merced_y2019_1301,0.37362576,0.012809947,-0.9050125,-0.014009353
ALGERIA_Ahmeur Bou Ahmeur_33,-0.012356008,-0.3624956,-0.022560135,0.7473278
WOLFSKILL_Gyongyrizling_9005,-0.017402884,-0.3875814,-0.0011368934,0.83068526
WOLFSKILL_Olmo_034-29_3268,-0.017775621,-0.33060798,0.020455485,0.7237277
WOLFSKILL_Skiathopoulo_7337,0.34974954,0.00010762736,-0.8475394,0.018496266
WOLFSKILL_Neiretto_Verzuolo_6760,-0.0616374,-0.35874122,0.16429587,0.84428966
VINEYARDS_freedom_chard_merced_y2018_2714,-0.023867741,0.36840045,0.002158424,-0.80370355
ALGERIA_Ahmeur Bou Ahmeur_32,-0.017402608,-0.39620546,-0.0073618684,0.84234315
WOLFSKILL_Sereksiya_Rosavi_3637,-0.01333348,-0.4250684,-0.029746432,0.8912362
WOLFSKILL_Olmo_034-29_3269,-0.043670066,-0.28605884,0.10722805,0.64501274
WOLFSKILL_Gyongyrizling_9004,-0.016044501,-0.38819504,-0.0058393516,0.83350766
VINEYARDS_5C_cab_madera_y2018_4075,-0.023346506,0.29695877,0.009751188,-0.6631615
VINEYARDS_1103P_chard_san_joaquin_y2019_1389,0.39142475,0.014227878,-0.9500604,-0.016481154
VINEYARDS_5C_chard_merced_y2019_1300,0.35633793,0.007977046,-0.861682,0.0019071884
VINEYARDS_1103P_chard_san_joaquin_y2018_3086,0.32305142,-0.0021505952,-0.77906436,0.022791153
WOLFSKILL_Chasselas_Tokay_2747,-0.08882823,-0.2812566,0.26292735,0.7092006
WOLFSKILL_Etraire_De_L_adhui_5761,0.29786974,0.011035036,-0.72375935,-0.019864898
WOLFSKILL_Morio_Muscat_9765,-0.018161982,-0.40473062,-0.0025376063,0.8639324
WOLFSKILL_Triplett_T82-4B_9400,-0.029761516,-0.43351585,0.02525117,0.9270009
WOLFSKILL_Kokour_Rot_2630,-0.098852016,0.2902273,0.19522682,-0.6830593
WOLFSKILL_Olmo_19-25_D_4097,-0.033989523,-0.4427936,0.039089426,0.94747293
WOLFSKILL_Triplett_F101-4_9319,-0.06569339,-0.35141546,0.1836586,0.830246
VINEYARDS_freedom_chard_madera_y2019_1681,0.38088238,0.014711484,-0.9250826,-0.022536349
WOLFSKILL_Chasselas_Dore_2735,-0.082843,0.16418381,0.16987714,-0.38542843
WOLFSKILL_Xerez_7775,-0.021539569,-0.3831379,0.013684681,0.82362175
WOLFSKILL_Chenin_Blanc_8091,-0.06324627,-0.2962351,0.1811535,0.70269984
WOLFSKILL_Kule_Dary_2360,0.029427081,0.28483352,-0.115071476,-0.61418736
WOLFSKILL_Chaouch_4x_3180,0.22616939,-0.009654611,-0.5474433,0.03376736
WOLFSKILL_Hillbilly_9124,-0.024900991,-0.3904701,0.023384603,0.83968526
WOLFSKILL_Triplett_T82-4B_9401,-0.034506485,-0.42648125,0.048367344,0.9239615
VINEYARDS_1103P_chard_san_joaquin_y2018_2876,0.37331244,0.016060818,-0.9055163,-0.019334469
WOLFSKILL_Refosco_4803,-0.1349536,-0.1321116,0.3802456,0.3810628
WOLFSKILL_Kokour_Rot_2631,0.00040618563,-0.31634754,-0.03671769,0.6784133
WOLFSKILL_Chasselas_Tokay_2746,-0.00028661313,-0.35129762,-0.04560209,0.7407293
WOLFSKILL_Chasselas_Dore_2734,-0.02859626,0.3549288,0.017767834,-0.7837523
VINEYARDS_freedom_chard_madera_y2019_1680,0.37489024,0.018006183,-0.90950274,-0.029494498
WOLFSKILL_Chaouch_4x_3181,0.14970383,-0.04068136,-0.3717953,0.09299612
WOLFSKILL_Hillbilly_9125,-0.024563435,-0.40617156,0.017736254,0.8775201
WOLFSKILL_Xerez_7774,-0.020177402,-0.4151346,0.0008174367,0.8824811
WOLFSKILL_Kule_Dary_2361,0.04056497,0.30082446,-0.14435348,-0.645566
WOLFSKILL_Chenin_Blanc_8090,-0.07141424,-0.32041526,0.20551047,0.7757392
WOLFSKILL_Olmo_19-25_D_4096,-0.03151291,-0.45879143,0.023839416,0.97179127
WOLFSKILL_Mouska_6611,-0.0077570695,0.35563365,-0.034441564,-0.769727
WOLFSKILL_Mavro_Spetzon_6442,-0.09262912,0.122401014,0.21900827,-0.267704
WOLFSKILL_Sauvignon_Vert_7279,-0.016741443,-0.41657168,-0.011579176,0.8828516
VINEYARDS_freedom_chard_san_joaquin_y2018_4835,0.3680912,0.015068058,-0.893268,-0.019563805
WOLFSKILL_Gewurztraminer_5946,-0.016296554,-0.3672421,0.0034942757,0.79282176
VINEYARDS_5C_cab_madera_y2019_1735,0.36622587,0.016255494,-0.8887923,-0.026596647
WOLFSKILL_Triplett_181-7A_9387,-0.017701961,-0.40329096,-0.0040939003,0.86179405
VINEYARDS_1103P_chard_san_joaquin_y2018_4859,0.32663822,0.008356862,-0.7895702,-0.0006146915
ALGERIA_Louali_326,-0.018819,-0.41931194,-0.013878902,0.87783766
WOLFSKILL_Burger_5552,-0.060200796,-0.12793928,0.16510616,0.30315185
ALGERIA_Ichmoul_Bacha_291,-0.012220557,-0.41025633,-0.026265921,0.868074
WOLFSKILL_Parargoon_3475,-0.026441127,-0.34128946,0.04566901,0.7502268
WOLFSKILL_Carignane_8105,-0.024209768,-0.41552782,0.014449159,0.8935418
VINEYARDS_freedom_cab_san_joaquin_y2019_2217,0.3417968,0.011978149,-0.826471,-0.011040505
WOLFSKILL_Sovrana_1782,-0.018278476,-0.4181642,-0.006518392,0.89179796
WOLFSKILL_Yaghotti_No._1_3008,-0.028642632,0.3249544,0.021700295,-0.72307074
WOLFSKILL_Orange_Muscat_506,-0.0018229662,-0.36848462,-0.045699008,0.7773272
ALGERIA_Ichmoul_Bacha_290,-0.027294464,-0.42266458,0.025197668,0.9097122
ALGERIA_Louali_327,-0.001866472,-0.3456225,-0.040856242,0.73027515
WOLFSKILL_Gewurztraminer_5947,-0.00464156,0.3424828,-0.039418653,-0.7471085
WOLFSKILL_Mavro_Spetzon_6443,0.30676547,-0.0014284737,-0.743689,0.01893704
WOLFSKILL_Sauvignon_Vert_7278,0.014864934,-0.3482773,-0.08983063,0.7213284
WOLFSKILL_Triplett_181-7A_9386,-0.03472539,-0.3921916,0.058881007,0.86003757
WOLFSKILL_Yaghotti_No._1_3009,-0.019921243,-0.40481663,0.0016279537,0.8633337
WOLFSKILL_Orange_Muscat_507,0.06871468,-0.1935773,-0.19184425,0.41951692
VINEYARDS_freedom_cab_san_joaquin_y2019_2216,0.35842606,0.013999622,-0.87021804,-0.019159384
WOLFSKILL_Carignane_8104,-0.017256834,-0.3664248,0.0010033641,0.7876197
WOLFSKILL_Shuwarti_3499,-0.04507255,-0.34806705,0.10970499,0.7875954
WOLFSKILL_Orange_Muskat_6786,0.3155407,0.0058707073,-0.7628577,0.004597202
VINEYARDS_freedom_cab_merced_y2019_1653,0.34194377,-0.015522229,-0.8271384,0.054752894
WOLFSKILL_Terret_Bourret_7503,-0.002183049,0.2919093,-0.037041944,-0.64691406
WOLFSKILL_Olmo_j5-58_9084,-0.030838735,-0.4469617,0.029949138,0.95616215
WOLFSKILL_Humagne_4240,0.17073824,-0.14888687,-0.4419483,0.31428298
WOLFSKILL_Gros_Maroc_4441,-0.0761027,-0.14533336,0.21425459,0.3602388
WOLFSKILL_Dolcetto_5711,-0.07667435,0.2672121,0.14072083,-0.62351924
WOLFSKILL_Berzemina_4591,-0.00015770225,-0.3291167,-0.03897836,0.7024958
WOLFSKILL_Erlihane_3708,0.06651387,0.23007967,-0.19658034,-0.49416143
WOLFSKILL_Oddball_9197,-0.036142614,-0.40814143,0.07287594,0.895454
WOLFSKILL_Unknown_Cultivar_6322,0.245195,-0.019909924,-0.5970175,0.052800357
WOLFSKILL_Chardonay_4626,-0.05095405,-0.39291978,0.12393793,0.8880219
WOLFSKILL_b_39-63_Mlc_3826,-0.022050872,-0.4458816,-0.008834243,0.93607986
WOLFSKILL_Dolcetto_5710,-0.10451459,0.31378603,0.21332057,-0.7407526
WOLFSKILL_Gros_Maroc_4440,-0.018947206,-0.32894313,0.017559147,0.70520633
WOLFSKILL_Oddball_9196,-0.04964973,-0.36330158,0.1283062,0.82799083
WOLFSKILL_Terret_Bourret_7502,-0.025633767,-0.3845632,0.028102072,0.8312972
WOLFSKILL_Olmo_j5-58_9085,-0.01979705,-0.40451273,0.0024885666,0.8652175
WOLFSKILL_Orange_Muskat_6787,0.00316191,0.30770728,-0.051253356,-0.673869
WOLFSKILL_b_39-63_Mlc_3827,-0.031307988,0.39391112,0.02533562,-0.8677664
WOLFSKILL_Unknown_Cultivar_6323,-0.0055304104,-0.3854705,-0.046535112,0.80286545
WOLFSKILL_Chardonay_4627,-0.038733408,-0.4032987,0.07313221,0.88817006
WOLFSKILL_Trebbiano_Bianco_8357,-0.032893393,0.2827204,0.035450235,-0.63624334
WOLFSKILL_Terret_Blanc_6080,-0.029483166,-0.22833209,0.07598797,0.51888007
WOLFSKILL_Palomino_6812,-0.016989443,-0.383942,-0.004758494,0.8214105
WOLFSKILL_Uzbekistanian_Muscat_4910,-0.018508162,-0.33238536,0.019150382,0.7240596
WOLFSKILL_Olmo_035-47_3322,-0.021771874,-0.40797067,0.0077821296,0.8783263
WOLFSKILL_Shuwarti_3502,0.006365093,-0.34184718,-0.06401011,0.71476763
WOLFSKILL_Adjem_Misquet_3,-0.059464604,-0.31882283,0.16043112,0.7483723
WOLFSKILL_Pfeffer_8655,0.04105016,0.32500803,-0.14805861,-0.6975142
WOLFSKILL_UNKNOWN_CULTIVAR_4517,-0.02895847,-0.4235816,0.03126742,0.9115931
WOLFSKILL_Hosargoon_3906,0.19730453,0.07862136,-0.4841953,-0.16949207
WOLFSKILL_Palomino_6813,-0.010185427,-0.3601208,-0.018153487,0.77129185
WOLFSKILL_Uzbekistanian_Muscat_4911,-0.030046493,-0.37979645,0.047302403,0.8318804
WOLFSKILL_Olmo_035-47_3323,-0.09017095,0.32345212,0.17301044,-0.7542389
WOLFSKILL_Trebbiano_Bianco_8356,-0.0447466,-0.31431323,0.110920615,0.71526355
WOLFSKILL_Pfeffer_8654,-0.028895997,-0.38091767,0.04435613,0.82963634
WOLFSKILL_Seedless_Tokay_2426,-0.013001063,0.3989737,-0.02372427,-0.85983413
WOLFSKILL_Hosargoon_3907,0.008227488,-0.27711934,-0.04829963,0.60306424
WOLFSKILL_Yugoslavia_2798_9115,0.0035840818,-0.40329707,-0.06696824,0.84923995
WOLFSKILL_Shuwarti_3503,-0.0020848168,-0.34417972,-0.035170954,0.74042994
WOLFSKILL_Adjem_Misquet_2,-0.050096683,-0.28397918,0.12807667,0.6509399
WOLFSKILL_Araclinos_5296,-0.1356294,0.17538701,0.3059659,-0.3948909
WOLFSKILL_b_39-59_Mlc_3811,0.15400289,0.15659691,-0.3930789,-0.33253378
WOLFSKILL_Mission_6487,-0.13775367,-0.20053971,0.39726645,0.5597221
WOLFSKILL_Terret_Bourret_7499,-0.12567247,0.2403508,0.27118242,-0.5697396
WOLFSKILL_UNKNOWN_CULTIVAR_7216,0.0042746267,-0.3314289,-0.05406525,0.69768953
WOLFSKILL_Cinsaut_8683,-0.0015295343,-0.36529046,-0.043217685,0.778389
WOLFSKILL_Malbec_6301,0.080001555,-0.2130748,-0.22464177,0.4533229
WOLFSKILL_Korfiatis_6193,-0.033885993,-0.46348894,0.033115737,0.9853656
VINEYARDS_1103P_chard_madera_y2018_3888,0.36953717,0.013746865,-0.8962351,-0.017849024
WOLFSKILL_Princess_4271,-0.020905834,-0.40406367,0.00032910518,0.8541664
WOLFSKILL_Sylvaner_7422,0.021477047,-0.28172112,-0.08196064,0.61163825
VINEYARDS_freedom_chard_san_joaquin_y2019_2296,0.36389437,0.009064034,-0.88037634,-0.0038357154
WOLFSKILL_Churgoon_3520,-0.00888708,-0.36858192,-0.021456027,0.7853011
WOLFSKILL_Spin_Kwar_4040,-0.031698458,-0.40997702,0.0474654,0.89569163
WOLFSKILL_Cinsaut_8682,-0.029733345,-0.42902094,0.027779033,0.92237294
VINEYARDS_1103P_chard_madera_y2018_3889,0.39048907,0.014927737,-0.94687814,-0.017349236
WOLFSKILL_Terret_Bourret_7498,0.06543838,-0.24981265,-0.19375926,0.5299616
WOLFSKILL_b_39-59_Mlc_3810,0.34451,0.0085131675,-0.8333928,-0.007737063
WOLFSKILL_UNKNOWN_CULTIVAR_7217,-0.023942016,-0.4189995,0.0057755914,0.8860072
VINEYARDS_freedom_cab_madera_y2019_1355,0.32598686,0.018008314,-0.7911446,-0.032329056
WOLFSKILL_Churgoon_3521,-0.007439674,-0.3534033,-0.020017652,0.7637462
WOLFSKILL_Spin_Kwar_4041,-0.034523,-0.46627444,0.03941586,0.9934622
WOLFSKILL_Princess_4270,0.28873608,0.00564922,-0.69884396,-0.005511824
WOLFSKILL_Sylvaner_7423,-0.020757318,0.32038307,0.0064899437,-0.71358347
WOLFSKILL_Asma_199,-0.027631823,-0.37214646,0.04158216,0.8137548
ALGERIA_Amer Bouamar_117,-0.03289232,-0.41755277,0.040346645,0.89099884
WOLFSKILL_Arnsburger_8959,-0.017680459,-0.3741927,0.00080958754,0.79434764
ALGERIA_Tizi Ouinine_412,-0.027386963,-0.38525957,0.03294558,0.8308386
WOLFSKILL_Unkown_Cultivar_5642,-0.106133275,-0.2603721,0.3057965,0.6766553
WOLFSKILL_Charbono_5603,0.042556494,-0.29017383,-0.14429252,0.60871965
VINEYARDS_1103P_cab_san_joaquin_y2019_213,0.40212664,0.01565411,-0.9745295,-0.015070502
WOLFSKILL_Asma_198,-0.023075968,-0.40237898,0.010393133,0.8488953
WOLFSKILL_Unkown_Cultivar_5643,-0.008137475,-0.38180155,-0.028954163,0.81151986
WOLFSKILL_Charbono_5602,0.011600218,-0.34141093,-0.075861715,0.71720684
WOLFSKILL_Arnsburger_8958,0.011817248,-0.31355512,-0.07248145,0.6573911
ALGERIA_Tizi Ouinine_413,-0.034282528,-0.40328646,0.054124914,0.8726466
WOLFSKILL_Prince_Of_Wales_1608,-0.049780674,-0.3303571,0.12723921,0.75826335
WOLFSKILL_Tinta_Muida_7555,-0.03141447,-0.4023914,0.04481993,0.871269
WOLFSKILL_Ab_Jusht_883,-0.038199887,-0.40099958,0.07390199,0.8824378
WOLFSKILL_Ohanes_1513,-0.017783035,-0.38761234,-0.0036721397,0.8253999
VINEYARDS_freedom_cab_san_joaquin_y2018_3711,0.38470328,0.013018686,-0.93234706,-0.011049435
WOLFSKILL_Yourutico_2272,-0.016142793,-0.40638253,-0.0077670347,0.8731071
WOLFSKILL_Bequignol_4954,0.009700962,-0.37229127,-0.074326344,0.7910471
WOLFSKILL_White_Elbling_7750,-0.027885333,-0.36265403,0.045949258,0.79919446
WOLFSKILL_Rhazaki_Arhanon_2967,-0.036162432,0.3765522,0.03460557,-0.8369115
WOLFSKILL_Zinfandel_Heritage_Sel._11_4552,-0.020391867,-0.37288356,0.010724334,0.7926538
WOLFSKILL_Ladyfinger_Mutant_Of_Thompson_Seedless_3380,-0.0064801425,-0.29424915,-0.012372302,0.6303112
VINEYARDS_1103P_chard_madera_y2018_2642,0.3739687,0.0117902905,-0.9038499,-0.006732639
WOLFSKILL_Aromatico_5324,-0.022703938,-0.4393813,0.002336787,0.9348568
WOLFSKILL_Terret_Noir_8035,-0.04030237,-0.35710788,0.09161559,0.7965313
VINEYARDS_1103P_chard_san_joaquin_y2019_875,0.4028556,0.017737333,-0.9775915,-0.025965478
WOLFSKILL_UNKNOWN_CULTIVAR_9635,-0.0920938,0.21310863,0.18249677,-0.5074253
VINEYARDS_freedom_chard_merced_y2019_92,0.35131097,0.0104412325,-0.8524831,-0.0123874545
WOLFSKILL_Yourutico_2273,-0.030834828,0.34882927,0.028913213,-0.7770308
WOLFSKILL_Rhazaki_Arhanon_2966,-0.022685297,-0.39394498,0.017042251,0.85303974
WOLFSKILL_Bequignol_4955,-0.06215564,0.27868253,0.106663965,-0.6409732
WOLFSKILL_White_Elbling_7751,-0.023772888,-0.39215633,0.018019719,0.8429168
WOLFSKILL_Prince_Of_Wales_1609,-0.04345275,-0.33462772,0.105218865,0.7560757
WOLFSKILL_Zinfandel_4865,-0.0290034,-0.38584965,0.041754723,0.8394093
WOLFSKILL_Ab_Jusht_882,-0.060278513,-0.29880714,0.16498296,0.70523125
WOLFSKILL_Tinta_Muida_7554,-0.038746502,-0.35744822,0.096380495,0.8001064
WOLFSKILL_Ohanes_1512,-0.025308087,0.3372992,0.01465003,-0.74789584
WOLFSKILL_Terret_Noir_8034,-0.05600536,-0.36254084,0.14076918,0.83608663
WOLFSKILL_UNKNOWN_CULTIVAR_9634,0.0111575825,-0.4167487,-0.0961957,0.86653703
WOLFSKILL_Esparte_9171,-0.02475435,-0.4242633,0.012478968,0.9040781
WOLFSKILL_Ladyfinger_Mutant_Of_Thompson_Seedless_3381,-0.044499636,0.3400645,0.06069728,-0.76774204
WOLFSKILL_Aromatico_5325,-0.035150435,-0.39530838,0.058257878,0.8653213
WOLFSKILL_Markandi_2147,-0.023364525,0.3020872,0.011183338,-0.673522
WOLFSKILL_Schwin_8827,-0.08918327,-0.3084659,0.25450853,0.7771115
WOLFSKILL_Asprocoritho_8397,-0.04051319,0.3563892,0.04795637,-0.7971399
WOLFSKILL_Kashiri_3890,-0.011273741,-0.2889834,0.004481856,0.6231274
WOLFSKILL_Nebbiolo_Tronero_6730,-0.018559016,-0.39573848,-0.0005037654,0.8363106
WOLFSKILL_Julius_Caesar_2104,-0.023040257,0.33180976,0.007436827,-0.7327419
WOLFSKILL_Triplett_T194-1_9355,-0.043870103,-0.34307414,0.1095591,0.7731497
WOLFSKILL_Cabernet_Sauvignon_5570,-0.033463538,-0.3178379,0.075230055,0.7054918
VINEYARDS_freedom_cab_san_joaquin_y2019_2285,0.3323832,0.01144347,-0.8059173,-0.015204273
WOLFSKILL_Sahibi_Sorkh_1706,-0.026983976,-0.3927276,0.030914428,0.84458506
WOLFSKILL_Daphne_2032,-0.025364906,-0.42001724,0.016216265,0.8992443
WOLFSKILL_Kishmishi_2875,0.07222302,-0.21347213,-0.20970541,0.4363477
WOLFSKILL_Fahri_2773,-0.019679416,-0.38777667,0.0064895954,0.83379054
WOLFSKILL_Nebbiolo_Tronero_6731,0.013393964,0.3171662,-0.0772546,-0.6887901
WOLFSKILL_Kashiri_3891,-0.023891397,-0.38851538,0.02141499,0.8376261
WOLFSKILL_Markandi_2146,0.04373195,0.2638232,-0.14550939,-0.5714736
WOLFSKILL_Schwin_8826,-0.0393955,0.400773,0.044676654,-0.8901173
WOLFSKILL_Asprocoritho_8396,-0.112381645,0.27731878,0.22852883,-0.6531737
WOLFSKILL_Daphne_2033,-0.021218162,-0.43702888,-0.0041870866,0.9238274
WOLFSKILL_Kishmishi_2874,0.0018056184,-0.26107734,-0.031036608,0.5621753
WOLFSKILL_Fahri_2772,-0.068740316,-0.31206262,0.19403574,0.75419307
WOLFSKILL_Triplett_T194-1_9354,-0.04140736,-0.36409476,0.093115054,0.813563
WOLFSKILL_Sahibi_Sorkh_1707,-0.051185712,-0.3376289,0.13217929,0.7768549
WOLFSKILL_Cabernet_Sauvignon_5571,0.16989222,-0.11486082,-0.4341461,0.24585637
WOLFSKILL_Tinta_Francisca_7533,-0.03902097,-0.3508684,0.08720286,0.78252316
WOLFSKILL_Sylvaner_749_9461,-0.018584754,-0.39494413,-0.0007339455,0.84391594
WOLFSKILL_Cabernet_Sauvignon_8268,-0.019403145,-0.39045036,0.005776312,0.8378903
WOLFSKILL_Pinot_Fin_6958,-0.028220586,-0.39776307,0.03292592,0.8623768
VINEYARDS_1103P_cab_merced_y2018_3412,0.39086005,0.0123586655,-0.94612074,-0.008500885
WOLFSKILL_Bastardo_8293,-0.011912444,-0.340505,-0.003960928,0.7405354
WOLFSKILL_Al_Borla_736,-0.020155985,-0.42447862,-0.005719837,0.8990084
WOLFSKILL_Asma_Sohwars_759,-0.032412793,-0.4097787,0.045221932,0.8843008
WOLFSKILL_White_Calabrian_715,-0.008571912,-0.35389775,-0.017687062,0.762952
WOLFSKILL_Joao_Santarem_6075,-0.017870277,0.323502,-0.0017384812,-0.71509933
WOLFSKILL_Triplett_158-8B_9381,-0.07728238,-0.27161017,0.2243396,0.67158145
VINEYARDS_5C_chard_merced_y2018_2315,0.36506942,0.014768664,-0.88499,-0.022355963
WOLFSKILL_Pinot_Fin_6959,-0.120401226,-0.20375751,0.35653016,0.551726
WOLFSKILL_Cabernet_Sauvignon_8269,-0.03467716,-0.36561775,0.07198692,0.80411506
VINEYARDS_freedom_chard_madera_y2018_4153,0.37791649,0.01379111,-0.91467476,-0.014298711
WOLFSKILL_Tinta_Francisca_7532,-0.018465169,-0.40581986,-0.0052851327,0.8663175
WOLFSKILL_Sylvaner_749_9460,-0.028855368,-0.38307494,0.041484363,0.8330884
WOLFSKILL_White_Calabrian_714,-0.02258499,-0.3785584,0.020579712,0.8226071
WOLFSKILL_Joao_Santarem_6074,0.04068599,0.26792014,-0.13395156,-0.5841542
WOLFSKILL_Asma_Sohwars_758,-0.08317879,0.23384123,0.16178963,-0.5557661
WOLFSKILL_Triplett_158-8B_9380,-0.118065946,-0.20839971,0.35086942,0.5600341
WOLFSKILL_Bastardo_8292,0.31310713,0.010052476,-0.7603654,-0.010780055
WOLFSKILL_Al_Borla_737,-0.01326282,-0.40233284,-0.024485333,0.8462785
VINEYARDS_freedom_cab_merced_y2018_2707,-0.001416442,0.29909384,-0.03842186,-0.65642685
WOLFSKILL_Alulu_26,-0.059893288,0.35244054,0.098174624,-0.80354124
WOLFSKILL_Spin_Ugad_3551,-0.15530962,-0.1393791,0.43827957,0.41878086
WOLFSKILL_Seedless_Emperor_4127,-0.034415655,-0.32720745,0.07747966,0.72727704
WOLFSKILL_Black_Queen_723,-0.0012889626,-0.37089336,-0.043089926,0.7920414
WOLFSKILL_Olho_De_Pargo_2160,-0.16008513,-0.05846553,0.43336177,0.21459046
WOLFSKILL_Boal_Madeira_5520,0.12054907,-0.19618492,-0.32663316,0.41201508
ALGERIA_Louali_351,-0.021869648,-0.4003042,0.011510784,0.85669136
WOLFSKILL_Rodites_2301,-0.008392758,-0.38714692,-0.029553302,0.81915534
VINEYARDS_freedom_chard_madera_y2019_1941,0.37802392,0.01298362,-0.91664255,-0.015976977
WOLFSKILL_Gewurztraminer_5931,-0.015094112,-0.35711348,0.0031327922,0.772884
WOLFSKILL_Malvasia_Del_Chianti_6349,-0.015715271,-0.34202653,0.005608963,0.7410384
VINEYARDS_5C_cab_madera_y2019_1742,0.39434937,0.015361398,-0.95456517,-0.013839703
VINEYARDS_freedom_cab_madera_y2019_1881,0.37846383,0.010033172,-0.9147885,-0.0028538741
WOLFSKILL_Black_Queen_722,-0.022135291,-0.36240867,0.026467739,0.7905843
WOLFSKILL_Seedless_Emperor_4126,-0.09840969,-0.26324496,0.27916536,0.67126906
WOLFSKILL_Olivette_Blanche_1519,-0.03924531,-0.44097394,0.07118493,0.9608982
WOLFSKILL_Alulu_27,0.0023942683,0.3073818,-0.050083086,-0.67420983
WOLFSKILL_Spin_Ugad_3550,-0.017750993,-0.37195832,0.0039569624,0.797436
WOLFSKILL_Gewurztraminer_5930,0.10451395,0.19428296,-0.2816866,-0.41338545
WOLFSKILL_Fer_Servadou_5052,-0.0325727,-0.4025022,0.048617013,0.8735595
VINEYARDS_5C_cab_madera_y2019_1743,0.349125,0.009310644,-0.8449029,-0.008173425
WOLFSKILL_Malvasia_Del_Chianti_6348,0.15980296,0.113051176,-0.40050566,-0.24491626
VINEYARDS_freedom_cab_madera_y2019_1880,0.36298645,0.010091219,-0.8797447,-0.0090338625
WOLFSKILL_Olho_De_Pargo_2161,0.16905408,0.09456989,-0.41754442,-0.20259531
VINEYARDS_freedom_chard_madera_y2019_1940,0.37932298,0.014220599,-0.92016995,-0.01844681
WOLFSKILL_Rodites_2300,-0.024786867,0.38777265,0.004335435,-0.8457179
ALGERIA_Louali_350,-0.03125982,-0.39769855,0.03739442,0.8534423
WOLFSKILL_Gustolidi_5954,0.0074747643,0.33915094,-0.06910294,-0.7297677
WOLFSKILL_Pinot_Noir_6984,-0.029633164,-0.40672064,0.035059556,0.87951875
VINEYARDS_5C_chard_merced_y2018_5057,-0.025037624,0.35257387,0.008940497,-0.7738806
WOLFSKILL_Greco_Bianco_5978,-0.046786375,-0.36040998,0.11645264,0.8179947
WOLFSKILL_Dornfelder_4027,0.0010371367,0.30266285,-0.04712654,-0.66619813
WOLFSKILL_Kozanitis_6203,-0.028058272,0.36832723,0.0148706045,-0.8091104
WOLFSKILL_Early_Muscat_4188,-0.028061815,0.39880773,0.014713941,-0.8718079
WOLFSKILL_Pinot_Musque_4791,-0.048567515,0.390947,0.06648455,-0.87697875
WOLFSKILL_Humagne_4237,-0.014905387,-0.4022326,-0.0151808895,0.85646665
WOLFSKILL_Muscat_Of_Alexandria_3137,-0.027391512,0.33984086,0.017998764,-0.75267756
WOLFSKILL_Pinot_Noir_6985,-0.021312762,-0.41453433,0.0046737734,0.8873192
VINEYARDS_5C_chard_merced_y2018_5056,-0.02363921,0.37863764,0.0008138027,-0.8244399
WOLFSKILL_Rodites_1667,-0.04504743,-0.39585775,0.10708738,0.8890183
WOLFSKILL_Gustolidi_5955,-0.037857484,-0.3884756,0.07574364,0.8593756
WOLFSKILL_Muscat_Of_Alexandria_3136,-0.02895929,0.37416306,0.01642348,-0.822054
WOLFSKILL_Humagne_4236,0.05775051,-0.30691487,-0.18252204,0.6436119
WOLFSKILL_Greco_Bianco_5979,-0.026200943,-0.3840031,0.026579952,0.8267737
WOLFSKILL_Dornfelder_4026,-0.05496414,-0.33080846,0.14150423,0.7658402
WOLFSKILL_Kozanitis_6202,0.03763939,0.23904432,-0.12681173,-0.52493006
WOLFSKILL_Early_Muscat_4189,0.01718358,0.3367163,-0.09133648,-0.7226745
WOLFSKILL_Stambulari_stambul_Ali_872,0.029139996,-0.27785903,-0.10530885,0.5972811
WOLFSKILL_Muscat_Bowood_3122,0.030754283,-0.34962046,-0.12424363,0.73607373
WOLFSKILL_Black_Muscat_Alexandria_356,-0.117423646,-0.1603056,0.33537865,0.4347398
WOLFSKILL_Nebbiolo_Michet_9187,-0.020980574,-0.37470973,0.011783818,0.8031174
WOLFSKILL_White_Cabernet_8197,-0.014051746,-0.3595643,-0.005853718,0.76894283
WOLFSKILL_Kabajink_6086,-0.01876729,-0.3987807,-0.005599363,0.83830595
WOLFSKILL_Karistino_6121,-0.0010576723,-0.3398403,-0.03833632,0.7262789
VINEYARDS_1103P_chard_madera_y2018_4160,0.39116398,0.014899652,-0.94857013,-0.016738672
WOLFSKILL_Barbera_5392,0.011031341,-0.34738648,-0.07610436,0.72962344
WOLFSKILL_Mausac_Blanc_6412,-0.021571562,-0.36148304,0.021731654,0.7848596
WOLFSKILL_Black_Muscat_Alexandria_357,0.19674672,-0.14613679,-0.50127137,0.3074694
WOLFSKILL_Muscat_Bowood_3123,-0.029699743,-0.36315852,0.050214775,0.7979324
WOLFSKILL_Stambulari_stambul_Ali_873,-0.1528007,0.0005728863,0.40314087,0.06270765
VINEYARDS_1103P_chard_madera_y2018_4161,0.36490864,0.012184296,-0.882669,-0.01155632
WOLFSKILL_Mausac_Blanc_6413,-0.022873107,-0.38268623,0.020168355,0.82481766
WOLFSKILL_Barbera_5393,0.008987758,-0.28671247,-0.0563742,0.60981846
WOLFSKILL_White_Cabernet_8196,-0.005464037,-0.37673622,-0.03718038,0.79574734
WOLFSKILL_Kabajink_6087,0.31734797,0.0018629022,-0.76737916,0.008056439
WOLFSKILL_Almeria_101,-0.0038696555,-0.34691197,-0.03082062,0.7464259
WOLFSKILL_Clevner_Mariafeld_5027,-0.016856458,-0.4178114,-0.010542577,0.89076155
WOLFSKILL_Spin_Kwar_4037,-0.023674794,0.34367824,0.008984378,-0.7593169
VINEYARDS_5C_cab_san_joaquin_y2019_784,0.38553393,0.014328919,-0.93583393,-0.018270392
VINEYARDS_1103P_chard_san_joaquin_y2019_666,0.365325,0.011068743,-0.8837435,-0.008050535
WOLFSKILL_Carignane_5596,0.01731347,-0.35751963,-0.09492081,0.7534071
WOLFSKILL_Perle_8915,-0.019561574,-0.4073224,-0.00030707754,0.8688946
VINEYARDS_freedom_chard_merced_y2018_3571,0.36765504,0.014444426,-0.8919358,-0.02125078
WOLFSKILL_Husseine_2076,-0.02225028,-0.361192,0.023359677,0.7861453
WOLFSKILL_Rotberger_5142,-0.0015498335,-0.34968662,-0.03922958,0.7450406
WOLFSKILL_Agwam_8834,-0.034022756,0.1943699,0.047745056,-0.45884
VINEYARDS_1103P_chard_san_joaquin_y2019_667,0.39311156,0.0153358765,-0.95356613,-0.020017114
VINEYARDS_5C_cab_san_joaquin_y2019_785,0.34480798,0.010901019,-0.83417517,-0.0073256083
WOLFSKILL_Clevner_Mariafeld_5026,-0.020742234,-0.33325988,0.028037759,0.7290381
WOLFSKILL_Almeria_100,-0.020171512,-0.40304056,0.002796486,0.86168194
WOLFSKILL_Spin_Kwar_4036,0.0555551,0.23064758,-0.16673902,-0.5007535
VINEYARDS_freedom_chard_merced_y2018_3570,0.36442235,0.0120165385,-0.8830231,-0.012846332
WOLFSKILL_Husseine_2077,0.04907114,0.16027367,-0.14856856,-0.35747036
WOLFSKILL_Pardinia_1571,-0.045822836,-0.34098285,0.114214994,0.7711433
WOLFSKILL_Rotberger_5143,-0.033858854,0.38082117,0.026907677,-0.8416431
WOLFSKILL_Agwam_8835,-0.01725654,-0.3593077,0.010698909,0.780454
WOLFSKILL_Hibron_Blanc_6033,-0.017073143,-0.36887518,0.007317798,0.80067885
WOLFSKILL_Carignane_5597,-0.018416397,-0.41181344,-0.008317467,0.87027115
WOLFSKILL_Trincadeiro_7602,-0.02573124,-0.38603932,0.02801746,0.83843076
WOLFSKILL_Ajmi_4389,-0.016132072,-0.41017276,-0.010464819,0.8739413
WOLFSKILL_Pizzutello_61,-0.03413643,-0.45862702,0.032612167,0.97284484
WOLFSKILL_Kokinyah_8575,-0.046006948,-0.37795347,0.11128979,0.8514167
WOLFSKILL_Cola_Tamburo_4600,-0.04054871,-0.34954685,0.09070345,0.7809664
WOLFSKILL_Bombino_Bianco_5525,-0.009543412,0.31991458,-0.026963398,-0.69814986
WOLFSKILL_UNKNOWN_CULTIVAR_6865,-0.015942767,0.29559273,-0.005089054,-0.6559874
WOLFSKILL_Petit_Manseng_7028,-0.117123954,-0.2176856,0.34227443,0.5823673
WOLFSKILL_Meslier_6466,-0.037056707,0.22196953,0.051852867,-0.5130632
WOLFSKILL_Persian_R27_4112,-0.028346308,-0.4380654,0.019447757,0.9324974
WOLFSKILL_Souzao_No._809_7362,-0.00066582765,-0.34489068,-0.04234168,0.73487866
WOLFSKILL_Korghianitis_7891,-0.023366846,-0.41148406,0.008129643,0.8773602
WOLFSKILL_Kolokithian_6179,-0.02295107,-0.36678088,0.024004815,0.7884102
WOLFSKILL_Yaghotti_No._2_3062,-0.00064921007,-0.40357304,-0.062150434,0.8391096
WOLFSKILL_Barmak_Isium_764,-0.03200337,-0.3764422,0.05615183,0.8284094
VINEYARDS_freedom_cab_merced_y2019_1184,0.35850027,0.0041269697,-0.86529064,0.0090572275
WOLFSKILL_Bombino_Bianco_5524,-0.08167289,-0.0063633937,0.21835339,0.03394804
WOLFSKILL_Kokinyah_8574,-0.020068016,-0.3247439,0.029201554,0.71360254
WOLFSKILL_Cola_Tamburo_4601,-0.037530407,-0.29995978,0.09188085,0.6724757
WOLFSKILL_Petit_Manseng_7029,-0.14687796,-0.14917149,0.4237313,0.4391526
WOLFSKILL_Meslier_6467,0.07258382,-0.21045865,-0.2052666,0.44960713
WOLFSKILL_UNKNOWN_CULTIVAR_6864,-0.13589506,-0.20746043,0.39415658,0.5755432
WOLFSKILL_Pizzutello_60,-0.029728718,-0.3985801,0.03757345,0.8632115
WOLFSKILL_Trincadeiro_7603,-0.01580565,-0.34334546,0.009401752,0.74856246
WOLFSKILL_Barmak_Isium_765,-0.022285152,-0.4109669,0.005469816,0.87839866
WOLFSKILL_Kolokithian_6178,-0.02959612,0.38045976,0.016605547,-0.83778197
WOLFSKILL_Yaghotti_No._2_3063,-0.028197054,-0.41292292,0.027133895,0.8828962
WOLFSKILL_Persian_R27_4113,-0.017109882,-0.4162445,-0.012847172,0.8811455
WOLFSKILL_Perlette_1590,-0.022009697,-0.40636194,0.0091319885,0.87140155
WOLFSKILL_Triplett_F101-4_9326,-0.034488738,0.34977007,0.036366954,-0.78093326
WOLFSKILL_Souzao_No._809_7363,-0.060769975,-0.36383247,0.16185893,0.85050225
WOLFSKILL_Korghianitis_7890,-0.022614598,0.33166093,0.002573235,-0.7298476
WOLFSKILL_Olmo_030-37_3213,0.018276908,-0.3240378,-0.08777469,0.68336844
WOLFSKILL_UNKNOWN_CULTIVAR_9642,0.110531725,0.051289488,-0.2769277,-0.11543691
WOLFSKILL_Autumn_Black_4285,-0.001333938,-0.4082774,-0.057334706,0.8571981
WOLFSKILL_Pinot_Noir_8663,0.108533554,0.13489248,-0.2816133,-0.2885173
WOLFSKILL_CG_1481_3392,-0.032868966,-0.42091015,0.042036526,0.90659904
WOLFSKILL_Gold_1227,-0.060412474,-0.3340804,0.16329254,0.78929496
VINEYARDS_freedom_chard_merced_y2018_3785,0.37276185,0.016910471,-0.90497744,-0.025990348
WOLFSKILL_Zinfandel_Heritage_Sel._17_4568,-0.019234069,-0.4070676,-0.0036837533,0.8596996
VINEYARDS_freedom_cab_san_joaquin_y2019_1469,0.36720788,0.019938387,-0.8927434,-0.03758755
WOLFSKILL_Stavrohioticoh_7402,-0.022588775,-0.3879227,0.01917165,0.84017015
WOLFSKILL_Stambul_Ali_stambulari_837,-0.017810263,-0.34153277,0.014019879,0.73820746
WOLFSKILL_Muscat_Hamburg_1449,-0.06379437,-0.33701932,0.17448446,0.802483
WOLFSKILL_Asma_746,0.018965077,-0.35605615,-0.10534646,0.73188066
WOLFSKILL_Saint_Laurent_9272,-0.025378764,-0.43943802,0.010834599,0.93705857
WOLFSKILL_Mavroliatis_7926,-0.046927135,-0.32117134,0.11641129,0.730388
WOLFSKILL_CG_1481_3393,-0.08407689,0.16461559,0.17103039,-0.39739272
WOLFSKILL_Gold_1226,-0.043763466,-0.34693152,0.10345269,0.7801337
WOLFSKILL_Pinot_Noir_8662,-0.086028285,0.20743601,0.16957992,-0.4903683
WOLFSKILL_Olmo_030-37_3212,-0.010287226,-0.360969,-0.019568812,0.767104
WOLFSKILL_UNKNOWN_CULTIVAR_9643,0.28782895,-0.012628829,-0.69482845,0.040668905
WOLFSKILL_Muscat_Hamburg_1448,-0.08029329,-0.24986158,0.23080319,0.6189427
WOLFSKILL_Asma_747,0.03338152,0.24541856,-0.111508675,-0.53982204
WOLFSKILL_Saint_Laurent_9273,-0.03334081,-0.40506166,0.053017907,0.881354
WOLFSKILL_Stambul_Ali_stambulari_836,-0.042843632,-0.43226552,0.08222653,0.95288956
WOLFSKILL_Mavroliatis_7927,-0.060923375,-0.29540765,0.16853672,0.69803894
WOLFSKILL_Zinfandel_Heritage_Sel._17_4569,-0.013322768,-0.4013846,-0.024627777,0.83923876
WOLFSKILL_Stavrohioticoh_7403,-0.06256022,0.29763776,0.10285785,-0.68380916
WOLFSKILL_Selection_360_4055,-0.019790009,0.34938753,-0.006626645,-0.76703346
WOLFSKILL_Malmsey_8608,-0.038041197,-0.38693422,0.07405358,0.8538322
WOLFSKILL_Patrino_8739,-0.02447715,0.3882548,0.0024471134,-0.8465114
WOLFSKILL_Kwar_II_3407,0.20844193,0.07684524,-0.5126637,-0.17036688
VINEYARDS_1103P_cab_san_joaquin_y2019_199,0.38022646,0.00966366,-0.9203942,-0.0016254522
WOLFSKILL_Boal_Da_Figueira_5497,0.26496965,-0.06365779,-0.65246284,0.14727631
WOLFSKILL_Setzlinge_Dodreliabi_866,-0.14604509,-0.1291233,0.41263103,0.38503027
ALGERIA_Ichmoul_Bacha_274,-0.019333143,-0.39344364,0.0010520462,0.83629286
VINEYARDS_freedom_cab_san_joaquin_y2018_3232,0.35734197,0.010517973,-0.8644725,-0.009110358
WOLFSKILL_Thompson_Seedless_1840,-0.036407053,0.3693388,0.041281514,-0.8244362
WOLFSKILL_Dan_Ben_Chana_3575,-0.032598075,-0.41692352,0.042119086,0.89823186
WOLFSKILL_Kominato_6186,-0.03566798,0.32735175,0.034689404,-0.72908115
WOLFSKILL_Patrino_8738,-0.028156262,-0.39996094,0.03313633,0.86297464
WOLFSKILL_Malmsey_8609,-0.027697235,0.36476654,0.01354376,-0.80255324
WOLFSKILL_Kwar_II_3406,-0.06708585,0.29932392,0.11631762,-0.6887176
WOLFSKILL_Selection_360_4054,-0.10119229,0.2906037,0.19692713,-0.68257356
WOLFSKILL_Dan_Ben_Chana_3574,-0.077344224,0.34670123,0.14442003,-0.80118346
WOLFSKILL_Kominato_6187,0.1738354,0.089551225,-0.430274,-0.19456992
VINEYARDS_freedom_chard_merced_y2018_4311,0.37864187,0.01388808,-0.9172242,-0.016143251
ALGERIA_Ichmoul_Bacha_275,-0.035060473,-0.43631893,0.047738954,0.9369607
VINEYARDS_1103P_cab_san_joaquin_y2019_198,0.35231274,0.008946929,-0.85177743,-0.004511114
WOLFSKILL_Setzlinge_Dodreliabi_867,0.1977289,0.09341271,-0.48712757,-0.2006914
WOLFSKILL_Thompson_Seedless_1841,0.0003467463,0.3291468,-0.051084705,-0.71739876
WOLFSKILL_Zimsko_Belo_3691,-0.10399005,0.33719617,0.2088891,-0.7885488
WOLFSKILL_Trincadeiro_Branco_7605,-0.029109728,-0.41352415,0.030934794,0.88982046
WOLFSKILL_Zinfandel_7820,-0.022268496,-0.40633535,0.006791467,0.8643443
WOLFSKILL_Beli_Potok_4904,-0.030726008,-0.395869,0.04833599,0.86019164
WOLFSKILL_Unkown_Cultivar_5361,-0.02199744,-0.3947631,0.012168815,0.84952354
WOLFSKILL_Kleinberger_6159,-0.0073141037,-0.38238946,-0.031792004,0.8140691
WOLFSKILL_Al_Borla_741,0.2647688,0.005789656,-0.63734275,-0.0040657446
WOLFSKILL_Retino_Lefko_8127,-0.006813177,-0.34408617,-0.024413388,0.73599494
WOLFSKILL_Arhaniotico_Kokino_5317,-0.020437278,-0.40155542,0.00084483065,0.8466256
WOLFSKILL_Psarotherico_7989,-0.013443713,-0.42013958,-0.02618532,0.88609505
WOLFSKILL_Moscato_D_adda_352,0.06355377,0.2084008,-0.18728,-0.45404726
WOLFSKILL_Alburla_8390,-0.03753355,-0.31467065,0.089171715,0.7044964
WOLFSKILL_White_Riesling_7757,0.28489235,-0.002253633,-0.69020194,0.02200579
WOLFSKILL_Probella_4138,-0.03482645,-0.3647138,0.07011437,0.8048613
WOLFSKILL_Retino_Lefko_8126,-0.019700717,-0.39653826,0.0024924632,0.84926176
WOLFSKILL_Kleinberger_6158,-0.026560754,-0.3837761,0.03347242,0.8374609
WOLFSKILL_Al_Borla_740,-0.06582121,-0.30083907,0.18305665,0.7215514
WOLFSKILL_Zimsko_Belo_3690,-0.020955589,-0.37732998,0.011638975,0.8119834
WOLFSKILL_Pias_6510,-0.036470283,0.40526935,0.033372074,-0.89457023
WOLFSKILL_Probella_4139,-0.0046492284,-0.37920636,-0.041973602,0.7971835
WOLFSKILL_Alburla_8391,0.2513831,-0.049286075,-0.6149121,0.11469555
WOLFSKILL_Psarotherico_7988,-0.0095818015,-0.39832065,-0.030683009,0.84388965
WOLFSKILL_Arhaniotico_Kokino_5316,-0.010359262,-0.41953868,-0.036085963,0.87746024
WOLFSKILL_Moscato_D_adda_353,-0.017391779,-0.3794619,-0.0028311014,0.8096925
WOLFSKILL_Khawngi_4220,-0.025009487,0.29310408,0.016010372,-0.654982
VINEYARDS_5C_cab_madera_y2018_4091,-0.038827788,0.33167383,0.046164542,-0.7437341
WOLFSKILL_Zinfandel_Heritage_Sel._09_4547,-0.0069739176,-0.3243217,-0.019694742,0.68577445
VINEYARDS_1103P_chard_madera_y2019_1729,0.36018106,0.012705322,-0.87337404,-0.015845802
WOLFSKILL_Tadone_7444,-0.026400488,-0.43108726,0.017169708,0.92157686
WOLFSKILL_Mourisco_6602,-0.10595566,-0.22869785,0.3128768,0.59884214
WOLFSKILL_Tabyrn_7434,-0.031852365,-0.3885905,0.049662188,0.8433713
WOLFSKILL_Sovereign_Rose_425,-0.025731813,0.35146898,0.012873916,-0.7742256
WOLFSKILL_Ghula_Dari_2524,-0.0048283488,-0.34682477,-0.0295861,0.744076
WOLFSKILL_Katsano_6132,-0.017291337,-0.35510755,0.003954746,0.7564733
WOLFSKILL_Merlot_9042,-0.028898828,0.3376657,0.021502638,-0.7498373
WOLFSKILL_Pinot_Noir-marianfeld_5112,-0.034139223,0.348728,0.03254717,-0.77513194
WOLFSKILL_UNKNOWN_CULTIVAR_9699,0.06714722,-0.27724856,-0.20152518,0.5847832
WOLFSKILL_Cannon_Hall_1019,0.04197655,-0.23237024,-0.12669882,0.4992302
WOLFSKILL_White_Corinth_1913,-0.08627494,0.2769352,0.16392039,-0.6482823
WOLFSKILL_Tabyrn_7435,-0.073046274,-0.29796785,0.20968753,0.7270785
WOLFSKILL_Ghula_Dari_2525,-0.008105673,-0.34691584,-0.020983567,0.7405416
WOLFSKILL_Sovereign_Rose_424,-0.0015896922,-0.32178134,-0.03506971,0.68339837
WOLFSKILL_Mourisco_6603,-0.08840671,-0.23867244,0.2594934,0.60397744
WOLFSKILL_Khawngi_4221,-0.030865133,-0.42536372,0.03612814,0.91779965
VINEYARDS_5C_cab_madera_y2018_4090,0.00080706086,0.32491636,-0.04916845,-0.707991
WOLFSKILL_Zinfandel_Heritage_Sel._09_4546,-0.030371573,0.33100617,0.02865622,-0.7402341
WOLFSKILL_Tadone_7445,-0.03391499,-0.3915577,0.058259152,0.8538301
WOLFSKILL_UNKNOWN_CULTIVAR_9698,-0.029728822,-0.4112972,0.036576904,0.88606817
WOLFSKILL_Cannon_Hall_1018,-0.014908665,-0.3147453,0.010789199,0.6859945
WOLFSKILL_White_Corinth_1912,-0.05817175,-0.26942483,0.165566,0.6402402
WOLFSKILL_Kini_Yatch_3434,-0.03545451,-0.40121356,0.060194388,0.8791921
WOLFSKILL_Centennial_4X_4365,-0.02072354,-0.3535803,0.0174969,0.75896466
WOLFSKILL_Unknown_Cultivar_7810,-0.0226879,-0.42423216,0.0016986821,0.89680946
VINEYARDS_1103P_cab_merced_y2018_2322,0.3491954,0.008928321,-0.8437034,-0.004152324
WOLFSKILL_Black_Rose_2702,-0.002409813,0.26330036,-0.030644396,-0.5839282
WOLFSKILL_Triplett_T34-1_9397,-0.033246003,-0.42014682,0.045639783,0.9087453
WOLFSKILL_Seedless_Tokay_2419,-0.036208045,0.40881187,0.035051458,-0.902481
WOLFSKILL_Norakert_PRG_2224_3725,0.32350573,0.016027123,-0.7842234,-0.023348954
WOLFSKILL_Centennial_4X_4364,-0.028017707,-0.39761782,0.027728798,0.84992695
VINEYARDS_1103P_cab_merced_y2018_2323,0.38267633,0.013698958,-0.92662185,-0.01248562
WOLFSKILL_Unknown_Cultivar_7811,-0.026906002,-0.36423907,0.040081315,0.7986775
VINEYARDS_freedom_cab_san_joaquin_y2019_167,0.36003986,0.0120274685,-0.872664,-0.015991941
VINEYARDS_5C_cab_madera_y2019_290,0.3794471,0.010513298,-0.9184457,-0.005815763
WOLFSKILL_UNKNOWN_CULTIVAR_4528,0.0028881403,0.31912276,-0.055471145,-0.6962828
WOLFSKILL_Triplett_T34-1_9396,-0.005134877,-0.36634797,-0.033913337,0.78172183
WOLFSKILL_Black_Rose_2703,-0.029178515,-0.36523378,0.0460077,0.7995215
WOLFSKILL_Vital_8182,0.024943154,-0.36676198,-0.11286134,0.7741134
WOLFSKILL_Sovereign_Noir_4978,-0.033259727,0.3286037,0.033991598,-0.7355604
WOLFSKILL_Luquaci_Thompson_1368,-0.01711845,0.3539891,-0.00789264,-0.7747118
WOLFSKILL_Vrathiano_7735,-0.027625807,-0.42041683,0.02100992,0.8969362
WOLFSKILL_Grand_Noir_5971,-0.10297532,-0.2364187,0.298061,0.6141248
VINEYARDS_freedom_chard_san_joaquin_y2018_3194,0.39543304,0.015134413,-0.9595245,-0.018662058
WOLFSKILL_Demir_Kara_797,-0.031415947,-0.36265114,0.056269705,0.7973257
WOLFSKILL_UNKNOWN_CULTIVAR_9565,-0.021069333,-0.366513,0.01363769,0.7840041
WOLFSKILL_UNKNOWN_CULTIVAR_9703,-0.011223263,-0.3903768,-0.022448914,0.8308291
WOLFSKILL_Sahebi_1692,-0.038302265,-0.29542717,0.09408694,0.66463476
WOLFSKILL_Satino_7261,-0.014671265,-0.35820088,-0.001392113,0.767689
WOLFSKILL_Midget_Thompson_Seedless_2610,0.14436911,-0.14847831,-0.3739069,0.31289625
VINEYARDS_1103P_cab_merced_y2018_2677,-0.0260836,0.351507,0.010438589,-0.7718937
WOLFSKILL_Grand_Noir_5970,-0.025131144,-0.38461408,0.029034564,0.83489823
VINEYARDS_freedom_chard_san_joaquin_y2018_3195,0.40073332,0.015734512,-0.97192323,-0.018632468
WOLFSKILL_Sovereign_Noir_4979,-0.1356361,0.052688945,0.33907926,-0.08350305
WOLFSKILL_Vrathiano_7734,-0.031213015,-0.41680485,0.03741788,0.89390403
WOLFSKILL_Luquaci_Thompson_1369,-0.033432357,-0.42770845,0.0459032,0.9220035
WOLFSKILL_Vital_8183,-0.0125453705,-0.39616743,-0.02058562,0.84234786
WOLFSKILL_UNKNOWN_CULTIVAR_9702,0.194129,-0.08892773,-0.4870786,0.19772384
WOLFSKILL_Sahebi_1693,-0.016981628,-0.41256493,-0.015158728,0.86540806
WOLFSKILL_Satino_7260,-0.0071638348,-0.3833049,-0.035216033,0.8077953
WOLFSKILL_Demir_Kara_796,-0.1542487,-0.1514847,0.43837774,0.44920054
WOLFSKILL_UNKNOWN_CULTIVAR_9564,-0.018335823,-0.4257111,-0.017024972,0.8894888
WOLFSKILL_Ladikinah_6225,-0.023395613,-0.40205425,0.013961157,0.8595891
WOLFSKILL_Zinfandel_8274,-0.00824999,0.2194687,-0.019316217,-0.4945228
WOLFSKILL_Clotilde_Prosperi_2022,-0.024939198,-0.3903412,0.021800065,0.8400036
WOLFSKILL_Red_Roumi_320,0.033689592,-0.28599322,-0.11794607,0.60874486
WOLFSKILL_Cornifesto_5666,8.7321736e-05,-0.3411263,-0.04192615,0.72942734
WOLFSKILL_Prosecco_Lungo_8671,-0.02105008,-0.39003447,0.013193866,0.84321654
ALGERIA_Louali_318,-0.030434296,-0.39518547,0.042054094,0.8506545
WOLFSKILL_5-30_3869,-0.10918022,0.22783424,0.22328931,-0.53468466
WOLFSKILL_Aspruda_Ariloghi_5356,-0.02813454,-0.26100138,0.059515625,0.5760035
WOLFSKILL_Victoria_s_Choice_4436,-0.024235625,-0.37507302,0.023899714,0.8109018
WOLFSKILL_Tannat_7458,-0.01035216,-0.35978514,-0.0217982,0.75743586
WOLFSKILL_Cornifesto_5667,-0.028031483,-0.4122635,0.028016912,0.88864326
WOLFSKILL_Red_Roumi_321,0.059843667,0.2838919,-0.18565232,-0.6121179
WOLFSKILL_Zinfandel_8275,-0.0009625177,0.30753726,-0.044208087,-0.67383933
WOLFSKILL_Clotilde_Prosperi_2023,-0.11078331,0.23724096,0.22412717,-0.5543782
WOLFSKILL_Aspruda_Ariloghi_5357,0.16965757,-0.12643072,-0.4315158,0.27362695
WOLFSKILL_Tannat_7459,-0.012272113,-0.39613146,-0.02651931,0.83035964
WOLFSKILL_Black_Rose_2699,0.04396309,0.11302282,-0.12819701,-0.26655787
WOLFSKILL_5-30_3868,-0.01952853,-0.41922247,-0.0035443585,0.8943526
WOLFSKILL_Moscato_Di_Terracina_4499,-0.05405148,-0.34271926,0.14241283,0.7936868
WOLFSKILL_Melon_6452,-0.030474842,-0.4006685,0.040046245,0.8696126
WOLFSKILL_Pleven_Mychat_4416,-0.023642533,-0.42261004,0.00937104,0.9055188
WOLFSKILL_Chasselas_Rose_Royal_442,-0.04132769,0.3972613,0.047658317,-0.88470435
WOLFSKILL_Rubired_7233,-0.0033926824,-0.32625395,-0.029500434,0.6938642
WOLFSKILL_Sangioveto_8338,-0.009656818,-0.38138103,-0.026746292,0.80743814
WOLFSKILL_Feteasca_Neagra_5796,-0.018898144,-0.40104526,-0.0051569864,0.8410288
WOLFSKILL_Melon_6453,-0.036302313,-0.3883766,0.06843863,0.8564503
WOLFSKILL_Moscato_Di_Terracina_4498,-0.058069475,-0.35998657,0.15817842,0.83976376
WOLFSKILL_Rubired_7232,-0.018808942,-0.37148494,0.01278987,0.8082635
WOLFSKILL_Sangioveto_8339,-0.031159207,0.30821523,0.031123633,-0.6924332
WOLFSKILL_Chasselas_Rose_Royal_443,0.3082913,0.0132319,-0.7474629,-0.020345587
VINEYARDS_freedom_chard_san_joaquin_y2019_945,-0.030522019,-0.40301538,0.039354146,0.8713844
WOLFSKILL_Pleven_Mychat_4417,-0.02501471,-0.40426314,0.017976312,0.8687707
VINEYARDS_5C_cab_madera_y2018_4731,0.32484254,0.011545997,-0.78632206,-0.016455062
WOLFSKILL_Pais_1563,-0.124665506,-0.28414768,0.3627882,0.7543969
WOLFSKILL_Kali_Sag_4063,-0.13049002,-0.086357586,0.35553443,0.25682467
WOLFSKILL_Torrontes_Riojano_9493,-0.11400954,0.1882,0.24475455,-0.4392829
WOLFSKILL_Nimrang_4488,-0.024440221,-0.36006138,0.030779501,0.7823368
WOLFSKILL_Lombardia_2907,-0.013951556,-0.4065751,-0.022714203,0.85622615
WOLFSKILL_Verdelho_7671,-0.07163326,-0.20272769,0.20815474,0.4995021
WOLFSKILL_Tokay_1831,-0.020511016,-0.37254477,0.012867877,0.80205864
WOLFSKILL_Pinot_Noir_8118,-0.025698967,-0.4040543,0.022782532,0.87047887
WOLFSKILL_Feher_Som_5777,-0.051138252,0.30826455,0.07720137,-0.6993146
WOLFSKILL_Aspiran_Noir_5344,-0.022057425,0.38332358,-0.0011969879,-0.83232796
WOLFSKILL_Torrontes_Riojano_9492,-0.030020267,-0.40851432,0.034869798,0.8788742
WOLFSKILL_Nimrang_4489,-0.1233544,-0.19336654,0.36620077,0.529258
WOLFSKILL_Wittberger_9067,-0.015898984,-0.42561832,-0.01976002,0.89699763
WOLFSKILL_Lombardia_2906,-0.012148666,0.33507612,-0.018931646,-0.7334309
VINEYARDS_5C_cab_madera_y2018_4730,0.36234316,0.014762521,-0.8794706,-0.021731328
WOLFSKILL_Kali_Sag_4062,-0.048238397,-0.3203122,0.13076398,0.7355918
WOLFSKILL_Pais_1562,-0.025997289,-0.41542572,0.018355278,0.88534254
UCDAVIS_PARELLADA_371,0.32588384,0.01117643,-0.79303116,-0.016644724
WOLFSKILL_Verdelho_7670,-0.08190591,-0.2210149,0.23742026,0.5491283
WOLFSKILL_Pinot_Noir_8119,-0.030507356,-0.4225675,0.033422604,0.9093597
WOLFSKILL_Blauer_Fruheburgunder_5008,-0.0976927,-0.17481017,0.28780556,0.45322853
ALGERIA_Ahmeur Bou Ahmeur_44,-0.027389195,-0.4399341,0.013297109,0.93032235
WOLFSKILL_Sereksiya_Rosavi_3641,-0.033406664,-0.39827308,0.05166509,0.8664178
WOLFSKILL_Kishmishi_3121,0.027874019,0.2169859,-0.10175512,-0.48279536
WOLFSKILL_Moscato_Di_Terracina_4503,0.028362583,-0.30583352,-0.11307453,0.6393913
WOLFSKILL_Bixby_8205,-0.024962425,-0.41595325,0.015631555,0.8920729
VINEYARDS_5C_chard_san_joaquin_y2018_3698,0.3575665,0.0145880245,-0.8673683,-0.022402171
WOLFSKILL_Rousseau_7177,0.20144922,0.0116940625,-0.48939222,-0.02809311
WOLFSKILL_Sicilien_2955,0.1490861,-0.13493253,-0.38652623,0.28383744
VINEYARDS_5C_chard_san_joaquin_y2018_3699,0.37715673,0.017317783,-0.9157984,-0.027525108
WOLFSKILL_Bixby_8204,-0.021120947,-0.4119578,0.0003466308,0.87859493
WOLFSKILL_Rousseau_7176,-0.0127117885,0.2574963,-0.008000939,-0.58150494
WOLFSKILL_Sereksiya_Rosavi_3640,-0.029712833,-0.39057446,0.042993084,0.85337055
ALGERIA_Ahmeur Bou Ahmeur_45,-0.026921205,-0.43924055,0.010403993,0.9270501
VINEYARDS_1103P_cab_merced_y2018_2989,0.37237236,0.012851436,-0.90059704,-0.00998373
VINEYARDS_5C_cab_san_joaquin_y2018_2968,0.37069723,0.015696745,-0.8991734,-0.023444828
WOLFSKILL_Moscato_Di_Terracina_4502,-0.014121248,-0.3830285,-0.010660389,0.8195487
WOLFSKILL_Kishmishi_3120,-0.05082152,-0.3356436,0.13128176,0.7708148
WOLFSKILL_Sicilien_2954,0.26130232,0.009820174,-0.6329006,-0.020216357
WOLFSKILL_Khalili_2527,-0.014399552,-0.38734984,-0.0062417556,0.8356457
WOLFSKILL_Psevthosirico_2187,-0.0077002803,-0.35337606,-0.024217539,0.7521727
WOLFSKILL_Zweigelt-rebe_9079,-0.027909044,-0.42884892,0.021390582,0.92167497
WOLFSKILL_b_40-4_Mlc_3835,0.35878795,0.014319252,-0.8711083,-0.021622945
WOLFSKILL_Futuna_699_227,0.061724715,-0.22772703,-0.18290721,0.48516917
VINEYARDS_1103P_chard_madera_y2019_1375,0.31421772,0.0030711517,-0.7589688,0.0070993863
WOLFSKILL_Naboda_6689,-0.0495534,-0.33840615,0.12542392,0.775977
WOLFSKILL_Late_Edessa_2898,0.40198836,0.014400553,-0.9732555,-0.013217136
VINEYARDS_freedom_cab_madera_y2018_2807,0.37600937,0.018439036,-0.91329515,-0.028533127
WOLFSKILL_Dschan_Im_Isium_11,-0.023754574,-0.35957974,0.028192075,0.7793323
WOLFSKILL_Berurargoon_3468,0.055582866,0.30994767,-0.17090364,-0.66877174
WOLFSKILL_5-15_2503,-0.03480184,-0.33578956,0.07684707,0.7454554
WOLFSKILL_Shtur_Angur_508,-0.1433193,0.16351776,0.3305354,-0.3622761
WOLFSKILL_Montils_6522,-0.0051099174,-0.35118183,-0.029522778,0.7510821
WOLFSKILL_5-17_3846,-0.023617066,-0.3839123,0.023756312,0.83672047
WOLFSKILL_Treixadura_Blanca_4071,0.022618182,0.31430614,-0.10077061,-0.6796025
WOLFSKILL_Zweigelt-rebe_9078,-0.014298269,-0.43861187,-0.032282546,0.91396385
WOLFSKILL_Psevthosirico_2186,-0.041682824,0.29217625,0.05373083,-0.66302747
WOLFSKILL_b_40-4_Mlc_3834,0.07800151,-0.25322977,-0.22928554,0.5261375
ALGERIA_Amer Bouamar_128,-0.019550864,-0.385803,0.0072237905,0.8266114
WOLFSKILL_Futuna_699_226,0.2332734,-0.07773864,-0.57970077,0.17353737
VINEYARDS_1103P_chard_madera_y2019_1374,0.37608364,0.015616134,-0.91328883,-0.024582613
WOLFSKILL_Naboda_6688,-0.042897124,-0.38811916,0.095027454,0.86768353
WOLFSKILL_Berurargoon_3469,-0.029272545,-0.41258648,0.035355374,0.8873851
WOLFSKILL_Treixadura_Blanca_4070,-0.024588555,-0.38742062,0.023765003,0.8388343
WOLFSKILL_5-17_3847,-0.108039014,0.2771983,0.2155238,-0.65193844
WOLFSKILL_Montils_6523,-0.025450017,-0.3309232,0.04440514,0.7271693
WOLFSKILL_Shtur_Angur_509,-0.041173965,0.2873512,0.05169464,-0.652246
WOLFSKILL_Dschan_Im_Isium_10,-0.039760806,-0.35969245,0.08890996,0.799604
WOLFSKILL_Late_Edessa_2899,-0.03355603,-0.37232405,0.059050106,0.81814677
WOLFSKILL_Anna_Maria_4397,-0.09624598,-0.24416249,0.28739077,0.6275673
WOLFSKILL_Traminer_7596,-0.03366085,-0.3025326,0.07918256,0.6796807
VINEYARDS_freedom_cab_merced_y2018_3005,0.35980317,0.01353132,-0.87269384,-0.017411508
WOLFSKILL_Kabuli_3441,0.26732913,0.024950605,-0.6523256,-0.054822747
WOLFSKILL_Smederevka_4711,-0.03198125,-0.40619832,0.044501685,0.87703884
WOLFSKILL_Yugoslavia_2798_9119,-0.018222384,-0.36328197,0.0065350737,0.78231174
VINEYARDS_freedom_cab_merced_y2018_3004,0.295509,0.011068154,-0.7158553,-0.018480469
WOLFSKILL_Kabuli_3440,0.14906599,-0.14365673,-0.38905427,0.30295265
VINEYARDS_freedom_chard_madera_y2018_2791,0.39159158,0.01595473,-0.95131695,-0.020771887
WOLFSKILL_Ghula_Dari_1217,-0.010529623,-0.30670345,-0.002857713,0.66361284
WOLFSKILL_Yugoslavia_2798_9118,-0.015176856,-0.4259496,-0.025258949,0.89119613
VINEYARDS_5C_chard_san_joaquin_y2019_1750,0.39790955,0.01735054,-0.9669601,-0.027427223
VINEYARDS_freedom_chard_merced_y2019_1604,0.3650266,0.014181923,-0.8853131,-0.019028373
WOLFSKILL_Slankamenka_7344,-0.09406017,0.07659489,0.24257112,-0.14857519
WOLFSKILL_Muscat_De_Pantellana_8329,-0.021215044,-0.38824803,0.011839455,0.8379075
WOLFSKILL_Blanc_Rame_8420,-0.030221365,0.2739905,0.03514301,-0.62048495
WOLFSKILL_Donzillinho_8849,-0.03294836,-0.43602633,0.03957144,0.93885255
WOLFSKILL_Neelilay_3923,0.09350392,0.14637893,-0.248258,-0.32022288
WOLFSKILL_Rotberger_5138,-0.01861886,-0.35242036,0.013024213,0.769014
WOLFSKILL_Buckland_s_Sweetwater_2710,-0.056752473,-0.34370774,0.15464008,0.7994037
VINEYARDS_1103P_cab_merced_y2019_1618,0.3464733,0.008692455,-0.8384312,-0.005893171
VINEYARDS_1103P_cab_san_joaquin_y2018_3159,0.37386653,0.013448801,-0.90565836,-0.016845651
WOLFSKILL_Blanc_Rame_8421,0.040609967,-0.23695542,-0.12472033,0.515388
WOLFSKILL_Neelilay_3922,0.3153762,0.005814839,-0.7642889,-0.005417105
WOLFSKILL_Rotberger_5139,0.1280792,0.13572465,-0.32805762,-0.2964388
VINEYARDS_freedom_chard_merced_y2019_1605,0.38106218,0.013031438,-0.92468905,-0.017431755
WOLFSKILL_Slankamenka_7345,0.30529314,-0.0017103516,-0.7385062,0.020702744
VINEYARDS_freedom_cab_san_joaquin_y2019_1810,0.38493836,0.016240474,-0.934848,-0.020706337
WOLFSKILL_Muscat_De_Pantellana_8328,-0.05308385,-0.38979113,0.13460413,0.8885397
VINEYARDS_1103P_cab_san_joaquin_y2018_3158,0.36255303,0.011228181,-0.87881994,-0.012896139
WOLFSKILL_Buckland_s_Sweetwater_2711,0.1558508,-0.21594322,-0.409575,0.44765264
WOLFSKILL_Red_Roumi_313,-0.014000093,-0.35620987,-0.0073989425,0.75789505
VINEYARDS_1103P_cab_san_joaquin_y2018_2833,0.33658746,-0.011534937,-0.8145135,0.04862306
WOLFSKILL_Malvasia_Rosario_6337,-0.020794712,-0.39494368,0.008245768,0.84549505
WOLFSKILL_Zinfandel_8247,0.010789556,0.3268565,-0.07253788,-0.7031282
WOLFSKILL_Sauvignon_Vert_7274,-0.07271657,-0.36324722,0.20756733,0.8754468
WOLFSKILL_Muscat_of_Alexandria_6545,0.38579342,0.013351329,-0.93445057,-0.014342107
WOLFSKILL_Laubscher_s_Gem_1329,0.23362029,-0.060599517,-0.575925,0.13374926
WOLFSKILL_Morrastel_8627,0.023742896,0.26588634,-0.09388288,-0.58374137
UCDAVIS_44-53M_193,0.36758235,0.01232402,-0.8919041,-0.017008051
WOLFSKILL_Boal_Doce_5512,-0.05871526,-0.341465,0.15559123,0.7998353
WOLFSKILL_Carignane_8108,-0.020811971,-0.40166143,0.005326649,0.8608334
WOLFSKILL_Parargoon_3478,-0.03266319,-0.37876886,0.055027597,0.82887775
WOLFSKILL_Sauvignon_Vert_7275,0.2661118,-0.03362451,-0.64888144,0.083657295
WOLFSKILL_Zinfandel_8246,-0.026300933,-0.41200706,0.021268422,0.885406
WOLFSKILL_Muscat_Gros_Noir_Hatif_1423,-0.09453057,-0.3286963,0.2744488,0.8301995
WOLFSKILL_Muscat_of_Alexandria_6544,0.02936646,-0.3264649,-0.11817195,0.6874193
WOLFSKILL_Red_Roumi_312,-0.052860614,0.31884596,0.08515598,-0.7277278
WOLFSKILL_Carignane_8109,-0.020309769,-0.40344805,-0.0019262601,0.8559148
WOLFSKILL_Parargoon_3479,-0.028356947,0.34258282,0.017743433,-0.7603292
WOLFSKILL_Ferral_De_Izalva_7869,-0.044650383,-0.3306681,0.10970362,0.74829316
WOLFSKILL_Laubscher_s_Gem_1328,0.31568417,0.0017438009,-0.7621691,0.0072818883
WOLFSKILL_Clairette_Blanche_9234,-0.023292918,0.40168178,-0.002781283,-0.87220085
WOLFSKILL_Morrastel_8626,-0.030064695,-0.39897236,0.039168067,0.86442
WOLFSKILL_Erlihane_3705,-0.029940471,0.39143902,0.022214374,-0.86051846
WOLFSKILL_Olmo_j5-58_9089,0.055057965,-0.2640552,-0.16553733,0.57150686
WOLFSKILL_Keknyelu_6151,-0.046666842,0.3631032,0.064415194,-0.8163439
WOLFSKILL_Chasselas_Michel_Tompa_396,-0.03806118,-0.31418824,0.091144465,0.7028568
WOLFSKILL_UNKNOWN_CULTIVAR_9730,0.2700332,-0.026520627,-0.655,0.07485127
WOLFSKILL_Zinfandel_Heritage_Sel._15_4561,-0.0824422,-0.25655696,0.23426777,0.6388539
WOLFSKILL_Negru_Virtos_8910,0.003258814,-0.33790943,-0.04943604,0.7153057
WOLFSKILL_Bermestia_Bianca_8414,-0.0046032937,-0.35068655,-0.031073337,0.7533946
WOLFSKILL_Victoria_s_Choice_1_3187,-0.020068243,-0.3979361,-0.00041634962,0.8451134
WOLFSKILL_UNKNOWN_CULTIVAR_9556,0.002067999,0.26350173,-0.04409316,-0.5807454
ALGERIA_Amer Bouamar_97,-0.01460264,-0.40827206,-0.0309082,0.8470766
WOLFSKILL_Olmo_j5-58_9088,-0.030409086,-0.41122732,0.03656081,0.8900038
WOLFSKILL_Keknyelu_6150,-0.031307776,0.39381373,0.018399587,-0.8625902
WOLFSKILL_Erlihane_3704,0.02049902,-0.38098478,-0.10974802,0.79566586
WOLFSKILL_Victoria_s_Choice_1_3186,-0.010786601,-0.3872793,-0.020843716,0.8286405
WOLFSKILL_Bermestia_Bianca_8415,-0.028190244,0.39323878,0.012864618,-0.8599017
WOLFSKILL_UNKNOWN_CULTIVAR_9557,0.13338728,0.10585491,-0.33578116,-0.22631076
WOLFSKILL_Chasselas_Michel_Tompa_397,-0.021086719,-0.36682415,0.020682773,0.7848038
VINEYARDS_5C_cab_san_joaquin_y2019_1762,0.40886247,0.016111292,-0.9907819,-0.016931392
WOLFSKILL_UNKNOWN_CULTIVAR_9731,0.06887049,-0.25037745,-0.19979838,0.5287525
VINEYARDS_freedom_chard_san_joaquin_y2019_2300,0.39654854,0.016377091,-0.9606794,-0.019203011
WOLFSKILL_5-12_2489,-0.03991738,-0.39578217,0.08624346,0.87628484
VINEYARDS_freedom_cab_merced_y2019_1202,0.367625,0.009463016,-0.8902261,-0.0055624135
WOLFSKILL_Kakourdess_Weis_805,-0.017117336,-0.42989808,-0.019920025,0.8980582
WOLFSKILL_Kishmishi_2878,0.065945424,-0.2149626,-0.18781938,0.4622098
WOLFSKILL_Doral_8976,-0.026381213,-0.43819332,0.011743883,0.9281229
WOLFSKILL_Triplett_T194-1_9358,-0.15594983,-0.13509598,0.4370154,0.40788218
WOLFSKILL_Patrino_8743,0.27771544,-0.015845483,-0.67387414,0.053617973
VINEYARDS_freedom_cab_merced_y2018_5062,-0.019933704,0.30648598,0.0010608993,-0.6780657
WOLFSKILL_5-12_2488,0.013963079,0.30053908,-0.07857367,-0.6519525
VINEYARDS_1103P_cab_san_joaquin_y2018_2430,0.35487252,0.008271147,-0.8585396,-0.003136091
VINEYARDS_freedom_cab_merced_y2019_1203,0.36190575,0.0106830895,-0.8758669,-0.008866139
WOLFSKILL_Kakourdess_Weis_804,-0.009218396,-0.37277633,-0.02378199,0.79468095
WOLFSKILL_Patrino_8742,-0.060290612,-0.34339064,0.1607054,0.80670166
VINEYARDS_freedom_cab_merced_y2018_5063,-0.029058494,0.2514548,0.031133575,-0.5694659
UCDAVIS_DOG_RIDGE_394,-0.03599181,-0.39694878,0.06416298,0.8719063
WOLFSKILL_Doral_8977,-0.03692016,-0.3746646,0.07584218,0.82699406
WOLFSKILL_Tarrango_II_3670,0.0021121623,-0.3528825,-0.048830368,0.750852
WOLFSKILL_Tschilaci_1856,-0.010761728,-0.33827007,-0.0064644646,0.7345883
WOLFSKILL_Vorosmarthy_1900,-0.037852664,0.35076424,0.043315038,-0.7846928
WOLFSKILL_Bonarda_8433,-0.025331307,-0.4215557,0.015503688,0.90103924
WOLFSKILL_Cabernet_Sauvignon_8265,-0.022918396,-0.3937845,0.012467602,0.84315133
WOLFSKILL_Probella_4142,0.0187678,-0.34348592,-0.09723589,0.7167483
WOLFSKILL_Perla_Di_Csaba_1580,-0.035710856,-0.37452197,0.07348379,0.82385457
WOLFSKILL_White_Calabrian_718,-0.028440472,-0.32127932,0.058554083,0.70811373
WOLFSKILL_Asma_Sohwars_754,-0.029179431,-0.38148347,0.043574117,0.82849574
WOLFSKILL_Korente_3720,-0.045391537,-0.308406,0.11329428,0.69925654
WOLFSKILL_Tokay_438,0.015355947,-0.2832625,-0.06982537,0.6068988
WOLFSKILL_Nimrang_58_1507,-0.0018728515,-0.3393496,-0.039598465,0.7163308
WOLFSKILL_White_Riesling_4684,0.012733948,-0.26040673,-0.05592913,0.572174
WOLFSKILL_Rosa_Minna_819,0.03497217,0.27400565,-0.124317676,-0.5937618
WOLFSKILL_Cabernet_Sauvignon_8264,-0.020627864,-0.3945514,0.006951539,0.8471576
WOLFSKILL_Probella_4143,-0.020145018,-0.34841114,0.018533828,0.75151324
WOLFSKILL_Tschilaci_1857,-0.039165474,-0.34364843,0.08919855,0.7673432
WOLFSKILL_Bonarda_8432,-0.16791381,0.11143623,0.41258338,-0.22084314
WOLFSKILL_Vorosmarthy_1901,-0.04230183,0.35774797,0.052570485,-0.80220157
WOLFSKILL_Rosa_Minna_818,-0.03518264,-0.41992837,0.05404374,0.9113863
WOLFSKILL_Nimrang_58_1506,-0.08192094,-0.32875955,0.2355895,0.8181875
WOLFSKILL_White_Riesling_4685,-0.07660956,-0.25994682,0.22379608,0.64042604
WOLFSKILL_Asma_Sohwars_755,-0.028281067,-0.39266005,0.037428945,0.84740674
WOLFSKILL_White_Calabrian_719,-0.07509476,-0.31019998,0.21897638,0.7570396
WOLFSKILL_Tokay_439,-0.007315303,-0.37326735,-0.02580745,0.8021172
WOLFSKILL_Korente_3721,0.19394203,0.034885477,-0.47205988,-0.08104995
WOLFSKILL_Moscatel_Ros._De_Blas_668,-0.04303683,0.36502123,0.05643042,-0.8185247
WOLFSKILL_Olmo_030-53_3236,0.3173767,-0.0030579157,-0.769495,0.021878632
WOLFSKILL_Moscato_Samos_8632,-0.01916762,-0.33687213,0.016603084,0.7262482
VINEYARDS_freedom_cab_madera_y2019_1705,0.32091048,0.0061177798,-0.7762713,-0.004021615
VINEYARDS_freedom_cab_merced_y2018_4330,0.37623182,0.00916877,-0.9087815,0.001399979
WOLFSKILL_Pinot_Noir_7006,-0.029406317,-0.4248726,0.030504702,0.92049706
WOLFSKILL_July_Early_Amber_4481,-0.0546484,-0.34819698,0.14530487,0.8036914
WOLFSKILL_Muscat_Rouge_Fouce_2472,-0.022381485,-0.3881797,0.01632397,0.8341422
VINEYARDS_1103P_cab_merced_y2019_549,0.3361835,0.009695772,-0.8140094,-0.010389522
WOLFSKILL_Rhazaki_3622,-0.028597351,-0.4341566,0.021164117,0.9211303
WOLFSKILL_Muscat_Hamburg_2332,-0.008533328,-0.37785652,-0.02654841,0.8010021
WOLFSKILL_Malvasia_Bianca_4973,-0.01852994,-0.38302594,0.0037297271,0.8205563
WOLFSKILL_Sultana_Moscata_1788,-0.0109499125,-0.40307504,-0.027852423,0.8530906
WOLFSKILL_Chasselas_Hs_14-33_4_5013,0.012801058,-0.33609033,-0.076584026,0.71271807
WOLFSKILL_Prosecco_Tondo_7107,-0.021869041,-0.36014587,0.022609575,0.7840298
WOLFSKILL_Imperator_p._264_1252,0.30072704,-0.009785127,-0.7259625,0.035077743
WOLFSKILL_July_Early_Amber_4480,-0.041575663,-0.35838687,0.09876768,0.80191433
VINEYARDS_1103P_cab_merced_y2019_548,0.33553848,0.008936312,-0.8145383,-0.011913098
WOLFSKILL_Zengo_9114,0.12783244,-0.05047334,-0.32615033,0.107715294
WOLFSKILL_Muscat_Rouge_Fouce_2473,-0.018815704,-0.39102566,-0.0005528871,0.8359465
WOLFSKILL_Liatico_6269,-0.03127425,0.3048156,0.027829772,-0.6820116
VINEYARDS_freedom_cab_madera_y2019_1704,0.34410506,0.0062918477,-0.83202267,0.001067292
WOLFSKILL_Moscatel_Ros._De_Blas_669,0.34700292,0.012906905,-0.8422578,-0.018954035
WOLFSKILL_Olmo_030-53_3237,0.21937646,-0.13347231,-0.553931,0.28450292
WOLFSKILL_Moscato_Samos_8633,-0.027163848,-0.37027144,0.03646008,0.8005124
WOLFSKILL_Honigber_6056,-0.035674505,-0.30788064,0.08373312,0.68833387
WOLFSKILL_Pinot_Noir_7007,-0.07834982,-0.323233,0.22401892,0.7969485
WOLFSKILL_Arnsburger_8955,-0.024524286,-0.381243,0.021795692,0.81771314
WOLFSKILL_Imperator_p._264_1253,-0.1545467,-0.14180066,0.43001533,0.424869
WOLFSKILL_Chaouch_2727,-0.006505294,0.27873468,-0.028088134,-0.61462146
WOLFSKILL_Sultana_Moscata_1789,-0.23393077,-0.023110524,0.62788916,0.19256088
WOLFSKILL_Malvasia_Bianca_4972,0.07764057,0.10406649,-0.2054247,-0.2313354
WOLFSKILL_Muscat_Hamburg_2333,-0.19355632,0.04577859,0.506762,-0.024016868
WOLFSKILL_Rhazaki_3623,-0.02679237,-0.39458638,0.029058417,0.8502783
WOLFSKILL_Prosecco_Tondo_7106,-0.0068053575,-0.36952996,-0.02830112,0.7909883
WOLFSKILL_Chasselas_Hs_14-33_4_5012,-0.0905421,-0.16665052,0.25845343,0.42012742
VINEYARDS_5C_cab_madera_y2018_4256,0.3340042,0.0064959675,-0.8086207,0.0023743473
WOLFSKILL_Jurancon_Blanc_4751,-0.036011953,-0.3725976,0.07308378,0.82511497
WOLFSKILL_Bequignol_4959,0.06394276,0.10305427,-0.17436443,-0.24077407
WOLFSKILL_Zinfandel_4869,-0.024141166,-0.40191752,0.015829505,0.86081207
VINEYARDS_1103P_chard_madera_y2019_242,0.3708084,0.011373602,-0.8964181,-0.007668536
WOLFSKILL_Agoumastos_7822,-0.029073827,-0.26647064,0.06961257,0.5911652
WOLFSKILL_UNKNOWN_CULTIVAR_9638,0.06652234,-0.2668095,-0.19394748,0.56550735
WOLFSKILL_Lal_2889,0.028564226,-0.33323872,-0.12470939,0.6795355
WOLFSKILL_Meunier_6473,-0.022610202,-0.39766642,0.017543042,0.86054724
WOLFSKILL_Ehrenfelser_5044,-0.021843646,-0.4014951,0.009757133,0.86421853
WOLFSKILL_Zinfandel_4868,-0.023007303,-0.4028856,0.012408173,0.86408997
WOLFSKILL_Calzin_5584,-0.053564414,0.36919773,0.08427597,-0.8352366
WOLFSKILL_Taschli_2643,-0.032554775,-0.36893028,0.060740076,0.8116865
WOLFSKILL_Bequignol_4958,0.001225363,-0.36782452,-0.05000548,0.78546524
WOLFSKILL_Lal_2888,0.24268705,0.028279554,-0.58598953,-0.06074583
WOLFSKILL_Aromatico_5328,-0.024158373,-0.3908948,0.02233891,0.8415263
WOLFSKILL_Meunier_6472,0.33330867,0.004570078,-0.80640197,0.008639712
WOLFSKILL_Agoumastos_7823,0.115025766,-0.23408405,-0.3178813,0.48269695
WOLFSKILL_UNKNOWN_CULTIVAR_9639,-0.021163013,-0.33085018,0.02725129,0.7208218
WOLFSKILL_Delight_1122,-0.031297583,-0.42220837,0.03835459,0.9125357
WOLFSKILL_Donzelinho_De_Castelo_7866,-0.05031526,-0.37170893,0.12404705,0.8410896
WOLFSKILL_Teneron_1388,-0.04292482,0.33046812,0.05639886,-0.7463262
WOLFSKILL_Steinschiller_7395,0.0941277,0.18289404,-0.25536025,-0.39858428
WOLFSKILL_Macaroli_6291,-0.013283043,0.36954272,-0.021067835,-0.7959639
WOLFSKILL_Ferral_Tamara_2789,-0.027884528,-0.45281368,0.01359096,0.9607081
WOLFSKILL_Chasselas_Ciotat_3102,-0.012545153,-0.33787167,-0.013726914,0.70018715
WOLFSKILL_Tinta_Cao_7561,-0.028133877,0.34497243,0.020219045,-0.7645593
WOLFSKILL_Doradillo_8863,-0.015308012,-0.35548013,-0.0006461423,0.7619599
VINEYARDS_freedom_cab_madera_y2018_4222,0.35398898,0.010096211,-0.8566591,-0.008496545
WOLFSKILL_Souzao_7353,-0.08054633,-0.2847871,0.227498,0.7063934
WOLFSKILL_Rosaki_1951,-0.03076011,-0.37142035,0.052873254,0.81491446
WOLFSKILL_Steinschiller_7394,-0.035946038,-0.3740635,0.070214845,0.8239549
WOLFSKILL_Chasselas_Ciotat_3103,-0.013154061,-0.30879718,-0.0019718427,0.64306587
WOLFSKILL_Tinta_Cao_7560,-0.017975457,0.31342238,-0.0036023762,-0.6873075
WOLFSKILL_Ferral_Tamara_2788,-0.025361314,0.39111406,0.009157198,-0.8515799
WOLFSKILL_Donzelinho_De_Castelo_7867,-0.031446066,-0.33059,0.0685058,0.7382624
WOLFSKILL_Delight_1123,-0.013291904,-0.37080407,-0.009327695,0.79585445
WOLFSKILL_Rosaki_1950,-0.02783537,-0.36627382,0.04315208,0.8003921
WOLFSKILL_Souzao_7352,-0.037267704,-0.38781172,0.08091055,0.85481584
VINEYARDS_freedom_cab_madera_y2018_4223,0.3821197,0.013649762,-0.9262743,-0.01606097
WOLFSKILL_Doradillo_8862,-0.02870877,0.38185745,0.014482362,-0.83690596
WOLFSKILL_Criolla_Negra_4735,-0.013844675,-0.37458092,-0.010628546,0.7946067
WOLFSKILL_Blanc_De_Crimei_777,-0.022180166,-0.40949047,0.008528097,0.87855095
WOLFSKILL_Muscat_Blanc_530,0.005154549,0.24811451,-0.048797578,-0.55136245
VINEYARDS_freedom_cab_merced_y2019_2116,0.32092905,0.0025921203,-0.77351844,0.0072740056
WOLFSKILL_St._Catherine_s_East_Arbor_4169,-0.053744793,-0.34661195,0.14502573,0.80499387
WOLFSKILL_Maria_Pirovano_2153,0.0044935364,-0.31157327,-0.04886606,0.66562545
WOLFSKILL_Barbableu_2464,-0.017379627,-0.34858048,0.005962262,0.745823
VINEYARDS_freedom_cab_san_joaquin_y2019_2035,0.36453596,0.010003947,-0.8829427,-0.007682476
VINEYARDS_1103P_cab_merced_y2019_33,0.33058283,0.0055099875,-0.7985809,0.0012826137
WOLFSKILL_Bhokri_2369,-0.009505154,0.3650236,-0.031074323,-0.787071
WOLFSKILL_Boal_Madeira_5513,0.0064567826,-0.33371213,-0.05757246,0.71395695
VINEYARDS_freedom_chard_merced_y2018_3016,0.38041756,0.012719747,-0.9208181,-0.009008437
WOLFSKILL_Furmint_5873,-0.0013164366,-0.37985647,-0.048106812,0.8081584
WOLFSKILL_Flame_Seedless_140,0.31109455,0.005512167,-0.7531112,0.0011303164
ALGERIA_Louali_362,-0.016282246,-0.40473968,-0.017971989,0.84996545
WOLFSKILL_Barbableu_2465,0.012824039,-0.37426925,-0.089704365,0.7806591
WOLFSKILL_St._Catherine_s_East_Arbor_4168,-0.1537093,-0.1216345,0.41940945,0.36849946
WOLFSKILL_Maria_Pirovano_2152,-0.05653783,0.30150604,0.09181948,-0.68879884
VINEYARDS_freedom_cab_san_joaquin_y2019_2034,0.36690116,0.009872083,-0.8866576,-0.005050812
VINEYARDS_1103P_cab_merced_y2019_32,0.3279827,0.00855932,-0.79327536,-0.008303579
WOLFSKILL_Dunkelfelder_9219,0.013277316,-0.2806136,-0.06742042,0.59790576
WOLFSKILL_Blanc_De_Crimei_776,-0.03553486,-0.39770973,0.062083058,0.8716185
WOLFSKILL_Muscat_Blanc_531,-0.014793561,-0.37007374,-0.0052566566,0.7958826
WOLFSKILL_Flame_Seedless_141,-0.0067422073,-0.35130852,-0.020136105,0.7621311
WOLFSKILL_Furmint_5872,0.015404104,0.23228057,-0.07105395,-0.5198754
ALGERIA_Louali_363,-0.021016985,-0.40029755,0.0034743063,0.8508034
WOLFSKILL_Bhokri_2368,-0.019071296,-0.40600246,0.0010174699,0.86711353
VINEYARDS_1103P_chard_san_joaquin_y2019_1424,0.35990217,0.010205567,-0.8718129,-0.0072560273
WOLFSKILL_Merlot_9038,-0.029073372,-0.43955132,0.019712126,0.936395
WOLFSKILL_Baharat_Early_615,-0.03388337,-0.2756449,0.07983375,0.6174099
VINEYARDS_freedom_chard_san_joaquin_y2019_836,0.38042527,0.017666493,-0.92410195,-0.027129237
WOLFSKILL_Verdea_7664,-0.025727205,-0.4220253,0.014841875,0.9000771
WOLFSKILL_Khusaine_Red_236,-0.032026026,-0.39042723,0.05227253,0.8502429
VINEYARDS_5C_cab_san_joaquin_y2019_941,-0.013774899,-0.38100383,-0.010389904,0.81570184
WOLFSKILL_Chasselas_Ciotat_3098,-0.0018227482,-0.19139278,-0.008664914,0.40397078
WOLFSKILL_Criyicless_crujicless_4987,-0.032663263,0.33974585,0.034856826,-0.757989
WOLFSKILL_Terret_Blanc_8675,-0.035662804,-0.39782196,0.06234695,0.8738431
WOLFSKILL_Muscat_Oliver_3593,-0.068292506,-0.27012095,0.19767764,0.6521767
WOLFSKILL_Hycales_42,-0.0032022176,-0.215513,-0.0022890046,0.47477013
WOLFSKILL_Servant_77,-0.010979776,0.34781185,-0.02384503,-0.7554511
WOLFSKILL_Cirmisi_Sap_De_Sudak_786,-0.031682767,-0.3536985,0.062163815,0.7802344
UCDAVIS_110R_863,-0.0141766695,-0.3561908,0.0021885466,0.7716466
WOLFSKILL_Verdea_7665,-0.08327144,-0.33128077,0.24216062,0.8266524
WOLFSKILL_Khusaine_Red_237,0.12332935,0.12802686,-0.31858158,-0.27481413
WOLFSKILL_Chasselas_Ciotat_3099,-0.019649163,-0.35771054,0.005732147,0.75025976
WOLFSKILL_Murma_Isium_17,-0.0404983,-0.29698676,0.09798024,0.6728636
VINEYARDS_1103P_chard_madera_y2019_298,0.37986597,0.012312099,-0.9195576,-0.009792991
WOLFSKILL_Baharat_Early_614,-0.053466797,0.34004903,0.080217876,-0.77031815
VINEYARDS_freedom_chard_san_joaquin_y2019_837,0.38184586,0.016445316,-0.9262083,-0.020302307
WOLFSKILL_Aurora_2435,-0.033346526,0.41285294,0.022130365,-0.9054477
WOLFSKILL_Khir_Ghulaman_2863,-0.008635222,-0.35519278,-0.031084929,0.7292459
WOLFSKILL_Terret_Blanc_8674,-0.026888378,-0.4280244,0.01842113,0.91391635
WOLFSKILL_Servant_76,-0.029457647,-0.38741457,0.042220257,0.8471429
WOLFSKILL_Cirmisi_Sap_De_Sudak_787,-0.021911375,-0.36196095,0.023175413,0.78913903
WOLFSKILL_Hycales_43,-0.014457648,-0.2718498,0.020455116,0.59983194
WOLFSKILL_Criyicless_crujicless_4986,-0.049058966,-0.3636552,0.12753472,0.8287948
WOLFSKILL_Robin_Noir_7160,-0.012417293,-0.36797523,-0.014992729,0.7829095
WOLFSKILL_Muscat_Crime_6658,-0.017676529,-0.34179443,0.010338796,0.73062944
VINEYARDS_freedom_cab_madera_y2018_2619,0.36456767,0.0074886493,-0.8809321,0.0023122095
VINEYARDS_1103P_cab_merced_y2018_2358,0.3417935,0.013533384,-0.8291532,-0.020013098
WOLFSKILL_Asprorombola_5352,-0.027203158,-0.4170335,0.022472655,0.8857729
WOLFSKILL_Morescono_5173,-0.007865096,-0.38651398,-0.03286062,0.8178412
WOLFSKILL_Guydouriha_5890,0.21160406,0.05867056,-0.5191166,-0.12960196
WOLFSKILL_Palomino_6856,0.040509596,-0.320881,-0.14426464,0.6712105
VINEYARDS_5C_cab_san_joaquin_y2018_3170,0.3443446,0.009583306,-0.8346473,-0.009896014
WOLFSKILL_Robin_Noir_7161,-0.029446013,0.34311464,0.024044795,-0.76444113
WOLFSKILL_Muscat_Crime_6659,-0.042390257,0.34365064,0.05348625,-0.77283776
WOLFSKILL_Guydouriha_5891,-0.042929422,-0.40627015,0.08734318,0.90150607
WOLFSKILL_Palomino_6857,-0.021406539,-0.43230194,-0.0065931063,0.9087862
VINEYARDS_freedom_chard_madera_y2018_3980,-0.028049532,0.36758387,0.01372713,-0.8057548
VINEYARDS_freedom_chard_madera_y2018_3510,0.35355255,0.015070528,-0.85697305,-0.023675848
VINEYARDS_freedom_cab_san_joaquin_y2019_1007,-0.013737573,-0.3571049,-0.005297834,0.7673701
VINEYARDS_freedom_chard_merced_y2019_1282,0.32904404,0.006223265,-0.79468656,0.00023494661
WOLFSKILL_Folle_Blanche_5833,-0.035279445,-0.36825895,0.07096253,0.8140955
VINEYARDS_1103P_cab_san_joaquin_y2018_3182,0.31327203,0.005860947,-0.7548625,0.0029443763
WOLFSKILL_Rulander_7220,-0.10982234,0.10101913,0.26036,-0.22165528
ALGERIA_Bouabane des Aures_177,-0.030222692,-0.3459506,0.05401043,0.759168
WOLFSKILL_Vranac_4940,-0.07173712,0.23549314,0.13703838,-0.5545356
WOLFSKILL_UNKNOWN_CULTIVAR_9671,-0.018917203,-0.38721123,-0.0031864084,0.8204302
WOLFSKILL_Rougitza_Rouge_3971,-0.13601254,-0.109075785,0.3869918,0.3289187
VINEYARDS_freedom_cab_san_joaquin_y2018_3755,0.34117863,0.0058044903,-0.8244058,0.0066215806
WOLFSKILL_Trollinger_5147,-0.07230811,0.29518336,0.13300961,-0.68545616
VINEYARDS_1103P_chard_san_joaquin_y2019_1385,0.38571563,0.012906525,-0.9338581,-0.011163987
WOLFSKILL_Gyongyrizling_9008,-0.012475991,-0.31719527,0.0017786641,0.69025415
WOLFSKILL_Vranac_4941,-0.0025914041,-0.32233924,-0.031383887,0.6837768
WOLFSKILL_Lagrain_6241,-0.028794855,-0.40110487,0.03424652,0.87142956
WOLFSKILL_UNKNOWN_CULTIVAR_9670,-0.016626995,-0.39919916,-0.014735548,0.83888054
WOLFSKILL_Queen_Of_The_Vineyard_1630,-0.094639674,-0.2681879,0.27564555,0.68718255
WOLFSKILL_Folle_Blanche_5832,-0.020563014,0.35743982,-0.002303077,-0.7815137
ALGERIA_Bouabane des Aures_176,-0.008611605,-0.3842654,-0.038101997,0.80091566
WOLFSKILL_Rulander_7221,-0.08837775,0.2521164,0.17054999,-0.58992654
WOLFSKILL_Tscharas_86,0.025253482,0.27082494,-0.098170005,-0.5911506
WOLFSKILL_Sauvis_2221,-0.015600619,-0.40605333,-0.015823336,0.85672736
VINEYARDS_1103P_chard_madera_y2018_4768,0.38375294,0.016199995,-0.93126696,-0.024581742
WOLFSKILL_Rougitza_Rouge_3970,-0.018451817,-0.36509717,0.00853877,0.7897395
WOLFSKILL_Gyongyrizling_9009,-0.04028013,-0.35239062,0.08852994,0.7865625
VINEYARDS_freedom_cab_san_joaquin_y2018_3754,0.3556634,0.0056096874,-0.8585501,0.008236628
WOLFSKILL_Trollinger_5146,0.09004439,0.1274239,-0.2342332,-0.2840104
WOLFSKILL_Perle_9144,-0.061945185,-0.26249087,0.17265122,0.61961377
WOLFSKILL_Morio_Muscat_9768,-0.029764384,-0.41467828,0.036195576,0.8968785
WOLFSKILL_Askari_2667,-0.028197154,-0.38822633,0.03640741,0.839769
WOLFSKILL_Olmo_34F_9132,0.16183674,0.03326523,-0.3964959,-0.07773496
VINEYARDS_freedom_chard_merced_y2018_5071,-0.0349541,0.3897763,0.033542633,-0.85954773
VINEYARDS_freedom_cab_madera_y2018_3443,0.38053158,0.012170404,-0.9213091,-0.008596864
WOLFSKILL_Chasselas_Dore_2738,-0.019383196,0.32942277,0.00019165315,-0.72326493
VINEYARDS_freedom_chard_merced_y2018_3378,0.37135926,0.012948919,-0.89953345,-0.009273771
WOLFSKILL_Hillbilly_9129,-0.026482463,-0.35431698,0.040969044,0.7756535
WOLFSKILL_Xerez_7778,-0.01044467,-0.40409565,-0.028865121,0.85561544
VINEYARDS_freedom_chard_merced_y2018_5070,-0.02140788,0.35406977,-0.0008327011,-0.7741247
WOLFSKILL_Olmo_34F_9133,0.23557319,-0.05985888,-0.58039963,0.13788593
WOLFSKILL_Red_Veltliner_7124,-0.08543303,-0.22675882,0.24507338,0.5617913
WOLFSKILL_Morio_Muscat_9769,-0.03857597,-0.38485295,0.079269595,0.85223997
WOLFSKILL_Perle_9145,-0.07199863,-0.29126796,0.20785719,0.7101898
VINEYARDS_1103P_cab_merced_y2018_3365,0.33511314,0.0071732476,-0.81084,-0.0024427809
WOLFSKILL_Kandhar_4216,0.2851038,0.026749495,-0.69405484,-0.05253708
VINEYARDS_freedom_chard_merced_y2018_3379,0.36190245,0.0122459605,-0.8753892,-0.009640906
VINEYARDS_freedom_cab_madera_y2018_3442,0.37130436,0.009958304,-0.8988031,-0.0032446943
WOLFSKILL_Long_Emperor_1347,0.004938077,-0.3499571,-0.06364639,0.72981423
WOLFSKILL_Xerez_7779,-0.035452977,-0.36721748,0.07083503,0.80972624
WOLFSKILL_Hillbilly_9128,-0.029946007,-0.39093655,0.04130093,0.85034335
WOLFSKILL_UNKNOWN_CULTIVAR_2552,-0.10502961,-0.22965239,0.30805492,0.59926134
WOLFSKILL_Khalili_2856,0.18618669,0.060746413,-0.4558676,-0.13112766
WOLFSKILL_Sangioveto_8342,0.012970919,-0.25856733,-0.048437707,0.56720436
WOLFSKILL_Mavroudi_School_Of_Patras_8312,-0.031815074,-0.39751366,0.045851074,0.8621048
WOLFSKILL_Zinfandel_7813,-0.01672921,-0.3529926,0.0018356852,0.7509531
WOLFSKILL_Olmo_034-16_3261,-0.057673164,-0.31842378,0.15084052,0.7450366
ALGERIA_Ichmoul_247,-0.018983413,-0.40556246,-0.0077702533,0.8554354
WOLFSKILL_Fileri_7965,-0.03207206,0.41058832,0.021269342,-0.8996254
WOLFSKILL_White_Riesling_7764,-0.000692192,-0.32489106,-0.035956524,0.7032707
WOLFSKILL_Mavroudi_School_Of_Patras_8313,-0.07479525,0.23178755,0.14149073,-0.5448412
WOLFSKILL_Sangioveto_8343,-0.009452918,-0.3145667,-0.006587485,0.68169165
VINEYARDS_freedom_chard_merced_y2018_2683,-0.029183641,0.31782454,0.018774817,-0.7087584
WOLFSKILL_Olmo_034-16_3260,0.2267958,0.035316344,-0.54859865,-0.07540433
WOLFSKILL_UNKNOWN_CULTIVAR_2553,-0.02498833,-0.42424405,0.014990525,0.91169834
WOLFSKILL_Khalili_2857,-0.03494098,-0.3709303,0.071942694,0.8167481
VINEYARDS_1103P_chard_san_joaquin_y2019_1078,-0.026156478,-0.41730887,0.022090888,0.90151703
WOLFSKILL_Fileri_7964,-0.02024467,-0.43134093,-0.0036854688,0.9158849
WOLFSKILL_Ezerjo_5776,-0.060029864,-0.35334855,0.1663923,0.82837117
ALGERIA_Ichmoul_246,-0.016708855,-0.38394964,-0.011665285,0.8104287
WOLFSKILL_Barbera_5400,0.37843713,0.008749224,-0.9136356,-2.6214868e-05
WOLFSKILL_Kurtelaska_47,-0.039366342,-0.37314636,0.08443869,0.8300983
WOLFSKILL_Verdal_2259,0.21574287,0.03475235,-0.521288,-0.07536568
WOLFSKILL_Xarello_4843,-0.01716533,-0.3694568,0.001405051,0.7962465
UCDAVIS_1613C_58,-0.01056113,0.31645632,-0.021038698,-0.69832885
WOLFSKILL_Malukato_6318,-0.016640157,-0.36231852,-0.0016011894,0.7704044
WOLFSKILL_Parianoh_6814,-0.018640481,-0.36814755,0.007315235,0.7934491
VINEYARDS_freedom_chard_madera_y2018_3419,0.3491712,0.014017303,-0.84783846,-0.021534469
WOLFSKILL_Veronese_7694,-0.024280325,-0.39862898,0.016768182,0.8534906
WOLFSKILL_Kurtelaska_46,-0.04090036,-0.3330291,0.09975616,0.75019574
WOLFSKILL_Verdal_2258,5.3802505e-06,0.32639515,-0.046556734,-0.71055853
WOLFSKILL_Veronese_7695,-0.030803941,-0.3613528,0.05705405,0.7949982
WOLFSKILL_Malukato_6319,-0.014142037,-0.39169934,-0.011138963,0.8398374
WOLFSKILL_Parianoh_6815,0.28489578,-0.007908037,-0.6894056,0.031314753
VINEYARDS_freedom_chard_san_joaquin_y2018_3199,0.34146333,0.014191717,-0.82969373,-0.02428804
WOLFSKILL_Aricaras_2981,0.3115037,0.009743076,-0.7562611,-0.013102278
VINEYARDS_freedom_cab_merced_y2019_1660,0.358044,0.010499973,-0.8671321,-0.009772096
WOLFSKILL_La_Reinha_6251,-0.0025962507,0.2468263,-0.029996691,-0.553429
WOLFSKILL_Vrathiano_7738,-0.020339813,-0.4125561,-0.0010843854,0.87705505
WOLFSKILL_Luquaci_Thompson_1365,-0.033705696,-0.4051994,0.051796578,0.87936443
WOLFSKILL_Migdali_6480,0.18104258,0.03990644,-0.44481322,-0.095745996
VINEYARDS_freedom_cab_san_joaquin_y2019_659,0.3819334,0.015972517,-0.9266009,-0.021135133
WOLFSKILL_Raboso_Piave_7114,0.050555833,-0.2520643,-0.15565486,0.5336454
WOLFSKILL_Lambrusco_8717,-0.0117058335,-0.42151484,-0.03038801,0.8910643
WOLFSKILL_Calmeria_1011,-0.066510335,-0.3265386,0.18505721,0.7819829
VINEYARDS_1103P_chard_madera_y2018_2779,0.34966668,0.018442683,-0.84840596,-0.03405897
WOLFSKILL_Ladikinah_6229,-0.025143657,-0.4073699,0.016928205,0.8715886
WOLFSKILL_UNKNOWN_CULTIVAR_9568,0.010908685,0.28240344,-0.065683335,-0.61807203
WOLFSKILL_Carriere_7302,-0.016192067,-0.38584283,-0.005893633,0.8236834
WOLFSKILL_Chauche_Noir_8469,-0.018116392,-0.3181874,0.02167519,0.69858694
ALGERIA_Tizi Ouinine_381,-0.028808746,-0.42582113,0.0250378,0.9104037
VINEYARDS_freedom_cab_merced_y2019_1661,0.36797395,0.008554619,-0.89027125,-0.0018579401
WOLFSKILL_Aricaras_2980,0.22895531,-0.011095464,-0.5502234,0.033168167
WOLFSKILL_Criolla_Negra_4742,-0.024459329,0.36896372,0.00483601,-0.8064703
WOLFSKILL_Vrathiano_7739,-0.034642152,-0.42018294,0.050107062,0.91086346
WOLFSKILL_Calmeria_1010,-0.10196141,-0.31486863,0.29036838,0.80731165
WOLFSKILL_Lambrusco_8716,-0.034353755,-0.44352198,0.04357726,0.9545932
WOLFSKILL_Raboso_Piave_7115,-0.078430586,-0.3656588,0.22547755,0.8909477
WOLFSKILL_Chauche_Noir_8468,-0.08939131,0.2617396,0.17174253,-0.6143122
WOLFSKILL_Carriere_7303,-0.036731213,-0.41753387,0.059316106,0.90947735
ALGERIA_Tizi Ouinine_380,-0.017132845,-0.40227997,-0.011044702,0.8492632
WOLFSKILL_Ladikinah_6228,-0.0019083703,0.32456878,-0.044805735,-0.70626533
WOLFSKILL_UNKNOWN_CULTIVAR_9569,0.22552024,-0.002554059,-0.54280394,0.012017064
WOLFSKILL_Migdali_6481,0.22187684,-0.004184313,-0.5400641,0.015241191
WOLFSKILL_Teinturier_Male_7471,-0.024820931,-0.42712373,0.012968609,0.91251826
WOLFSKILL_Flame_Seedless_137,-0.02862668,-0.38965052,0.03704544,0.8441369
VINEYARDS_freedom_chard_madera_y2019_1905,0.3766192,0.014709622,-0.91475856,-0.022602629
WOLFSKILL_Goyura_3582,-0.02792155,-0.39659804,0.033424802,0.85669196
ALGERIA_Louali_315,-0.021500219,-0.3891883,0.0018810928,0.81413937
WOLFSKILL_Durif_6888,-0.040744685,-0.35144782,0.096498854,0.7856049
WOLFSKILL_Pirobelle_4007,-0.027568933,-0.39280576,0.033847183,0.8503889
WOLFSKILL_Prokupao_9213,-0.013802948,-0.40634844,-0.019696703,0.8583306
WOLFSKILL_Divromos_5704,-0.06412718,-0.30063987,0.18587552,0.72070503
WOLFSKILL_Chasselas_Musque_1033,-0.0439685,-0.31306967,0.11468697,0.7123108
WOLFSKILL_Ruby_Cabernet_7212,0.018665556,-0.3840651,-0.1077321,0.800499
VINEYARDS_freedom_cab_madera_y2018_2592,0.39492485,0.012304269,-0.9577287,-0.009409811
WOLFSKILL_5-30_3864,-0.013864995,-0.37094882,-0.00903173,0.7956759
WOLFSKILL_Durif_6889,-0.00047939643,0.021037344,0.0068724826,-0.04682063
WOLFSKILL_Pirobelle_4006,0.20707674,-0.09676236,-0.51923233,0.21140282
WOLFSKILL_Prokupao_9212,-0.08504418,-0.3173337,0.24198562,0.79231375
WOLFSKILL_Flame_Seedless_136,-0.027506545,-0.41922635,0.019224657,0.88590133
WOLFSKILL_Teinturier_Male_7470,-0.011789053,-0.37737536,-0.015117893,0.80945104
ALGERIA_Louali_314,-0.015932571,-0.39256704,-0.015497392,0.82105345
VINEYARDS_freedom_chard_madera_y2019_1904,0.37872782,0.017110907,-0.9186609,-0.02448691
WOLFSKILL_Goyura_3583,-0.035301507,-0.39117217,0.060157858,0.8580061
VINEYARDS_1103P_chard_san_joaquin_y2019_111,0.37484756,0.013229623,-0.90729696,-0.0104727
WOLFSKILL_5-30_3865,-0.032355115,0.3675152,0.024035377,-0.8111793
WOLFSKILL_Chasselas_Musque_1032,-0.030133538,-0.300547,0.070220254,0.66578496
WOLFSKILL_Ruby_Cabernet_7213,-0.0078909965,-0.3494988,-0.02263161,0.7425095
WOLFSKILL_Moscato_Bianco_6567,-0.017354447,-0.38613325,-0.002438536,0.82692266
VINEYARDS_5C_chard_merced_y2018_4341,0.37896144,0.011629466,-0.91609246,-0.0068335496
WOLFSKILL_Yugoslavia_360_3362,-0.030996263,-0.4254217,0.03626301,0.917918
WOLFSKILL_Golden_Champion_2813,0.1255658,-0.20550844,-0.33771408,0.43148875
WOLFSKILL_Volarova_2246,-0.0912628,0.2924075,0.1777739,-0.68577605
WOLFSKILL_UNKNOWN_CULTIVAR_9694,0.005743023,-0.27774733,-0.044956766,0.59163505
WOLFSKILL_Syrah_8027,-0.03323014,-0.3913598,0.049813002,0.849105
ALGERIA_Bouabane des Aures_192,-0.017264396,-0.40115628,-0.01192102,0.8470079
WOLFSKILL_Primitivo_De_Gioia_473_5120,-0.026926324,0.37347764,0.01509208,-0.8201026
WOLFSKILL_Carriere_7298,-0.01656951,-0.41302502,-0.0111295935,0.88048995
WOLFSKILL_Golden_Champion_2812,-0.031277683,-0.42358434,0.036288336,0.91196334
WOLFSKILL_Yugoslavia_360_3363,-0.036325283,0.36491334,0.040063173,-0.8137778
WOLFSKILL_Volarova_2247,-0.03533778,0.38754463,0.034289226,-0.8597989
WOLFSKILL_Moscato_Bianco_6566,-0.056071155,0.2528118,0.09251585,-0.58212143
VINEYARDS_5C_chard_merced_y2018_4340,0.4062014,0.015128303,-0.9847504,-0.014375713
ALGERIA_Bouabane des Aures_193,-0.019323047,-0.39304042,-0.0030193496,0.82863355
WOLFSKILL_Carriere_7299,-0.041124582,0.39246348,0.050112583,-0.87538177
WOLFSKILL_Aurora_2442,-0.056262277,0.32877845,0.08772578,-0.74973166
WOLFSKILL_UNKNOWN_CULTIVAR_9695,-0.031966403,-0.2895174,0.0764027,0.649042
WOLFSKILL_Black_Kishmish_2594,-0.016055081,-0.38979298,-0.0093918275,0.82460403
WOLFSKILL_Triplett_T51-16A_9334,-0.018990163,-0.4139911,-0.0039731916,0.8778446
WOLFSKILL_Syrah_8026,-0.013885667,-0.37377423,-0.0056723915,0.8037473
WOLFSKILL_Alicante_Branca_7835,-0.09920297,-0.25071836,0.2865938,0.6479771
WOLFSKILL_Centennial_4X_4368,-0.021732073,-0.35344255,0.020164428,0.7591872
WOLFSKILL_Lady_Hutt_449,-0.015981149,-0.37761712,-0.011251314,0.7949973
WOLFSKILL_Oubeidy_542,-0.023006901,-0.40186745,0.011574442,0.8612084
WOLFSKILL_Himrisnky_2661,-0.09151959,-0.26453444,0.26397917,0.6729415
WOLFSKILL_Norakert_PRG_2224_3728,0.007528792,-0.36561367,-0.06702583,0.7787981
WOLFSKILL_UNKNOWN_CULTIVAR_4524,-0.02699817,0.34593424,0.012840668,-0.7621449
WOLFSKILL_Jubileum_9437,0.14174598,-0.12991668,-0.3632759,0.28223002
VINEYARDS_freedom_chard_san_joaquin_y2018_2463,0.35542592,0.010707237,-0.86179453,-0.011016879
WOLFSKILL_White_Riesling_x_Sauvignon_Blanc_9485,-0.057123385,-0.28670982,0.15906143,0.6721128
WOLFSKILL_Lady_Hutt_448,-0.016281962,-0.36698103,0.00017742254,0.7860826
WOLFSKILL_Oubeidy_543,-0.069325335,0.20739156,0.1306717,-0.49211627
WOLFSKILL_Alicante_Branca_7834,-0.06747432,-0.2745963,0.19344163,0.6625171
VINEYARDS_1103P_chard_san_joaquin_y2018_4707,0.3491147,0.008799102,-0.8428898,-0.0022451952
WOLFSKILL_Taminga_8946,-0.030917969,-0.43941194,0.028876724,0.9408467
WOLFSKILL_White_Riesling_x_Sauvignon_Blanc_9484,-0.053224728,-0.33923516,0.14583993,0.7846346
WOLFSKILL_Himrisnky_2660,-0.046364293,-0.34852213,0.11056281,0.78707856
WOLFSKILL_UNKNOWN_CULTIVAR_4525,-0.015222893,0.35894686,-0.01795115,-0.7813251
WOLFSKILL_Pfeffer_4779,0.068055935,0.2425481,-0.20224184,-0.52640796
WOLFSKILL_Norakert_PRG_2224_3729,-0.032379884,-0.4230252,0.041024268,0.91524494
WOLFSKILL_Kristalli_6214,-0.021501344,0.36510095,-0.0016274303,-0.7929216
WOLFSKILL_Royalty_7187,0.2756627,0.020751778,-0.6690326,-0.042721014
ALGERIA_Ahmeur Bou Ahmeur_49,-0.026921205,-0.43924055,0.010403993,0.9270501
WOLFSKILL_Blauer_Fruheburgunder_5005,0.053051252,-0.29135552,-0.16784756,0.61517453
WOLFSKILL_Fresno_32-139_517,-0.01887573,-0.3936476,0.002653351,0.8425664
VINEYARDS_1103P_cab_merced_y2018_2985,0.33773848,0.005146671,-0.8168221,0.0050175376
WOLFSKILL_B_15-19_3879,-0.021207258,-0.39485753,0.009574225,0.8483796
VINEYARDS_5C_chard_merced_y2018_3074,0.39577565,0.016241789,-0.95991844,-0.020127993
WOLFSKILL_Fraula_Kihi_2063,0.055646002,0.20781861,-0.16924061,-0.4515337
WOLFSKILL_Vranac_4937,-0.09403994,-0.25462303,0.26660508,0.64557195
WOLFSKILL_Sicilien_2958,0.3340362,-0.0047189947,-0.80803645,0.028076187
WOLFSKILL_Red-white_Veltliner_7129,0.2647994,0.03252914,-0.64496017,-0.070107
WOLFSKILL_Aramon_5303,-0.035461042,-0.4261914,0.049242213,0.9183299
WOLFSKILL_UNKNOWN_CULTIVAR_9606,0.029106125,0.22672357,-0.10122969,-0.49885827
WOLFSKILL_Folle_Blanche_5844,-0.013034889,-0.41906336,-0.02728502,0.8860631
UCDAVIS_DOG_RIDGE_499,-0.025436293,-0.4164053,0.021628546,0.8969497
WOLFSKILL_Bakari_Mavro_5422,-0.036677938,0.33223712,0.040004477,-0.74231374
VINEYARDS_freedom_chard_san_joaquin_y2019_2051,0.3830535,0.014764305,-0.93015397,-0.020388614
WOLFSKILL_Pavai_6830,-0.0056976182,0.27933478,-0.023606699,-0.6259842
WOLFSKILL_Blauer_Fruheburgunder_5004,0.26380256,-0.04752288,-0.6444669,0.11146928
WOLFSKILL_Fresno_32-139_516,-0.023483679,-0.41526678,0.0059774946,0.87632054
VINEYARDS_1103P_cab_merced_y2018_2984,0.3211103,0.012651574,-0.7793275,-0.018829122
ALGERIA_Ahmeur Bou Ahmeur_48,-0.02508448,-0.40085012,0.017489864,0.85179675
WOLFSKILL_Royalty_7186,0.007931331,-0.39813662,-0.07484521,0.84544194
WOLFSKILL_B_15-19_3878,0.018506162,-0.31483093,-0.08468069,0.6709204
WOLFSKILL_Fraula_Kihi_2062,-0.02602629,-0.38230366,0.029541364,0.8247726
VINEYARDS_5C_chard_san_joaquin_y2018_3694,0.39453322,0.014300454,-0.9558904,-0.013592798
WOLFSKILL_Kristalli_6215,0.10482872,0.15853162,-0.2757793,-0.3362427
WOLFSKILL_Bakari_Mavro_5423,-0.008405183,0.30628252,-0.022694867,-0.6747049
WOLFSKILL_Pavai_6831,-0.023534205,-0.3700425,0.029850466,0.8106263
WOLFSKILL_Vranac_4936,-0.07793308,0.31580096,0.14643043,-0.733548
UCDAVIS_110R_886,0.023075271,-0.29051834,-0.07908949,0.63585246
WOLFSKILL_UNKNOWN_CULTIVAR_9607,0.20343009,-0.04839214,-0.5013462,0.10846616
WOLFSKILL_Sicilien_2959,-0.012191414,-0.37750632,-0.016167602,0.80339646
WOLFSKILL_Red-white_Veltliner_7128,-0.080014855,-0.31484315,0.23127657,0.7730259
WOLFSKILL_Aramon_5302,-0.020353701,0.35993624,-0.0029218812,-0.78412163
WOLFSKILL_Ezerfuertu_8986,-0.033742517,-0.37893718,0.060018934,0.8328083
WOLFSKILL_Olmo_035-11_3312,-0.0028535407,-0.34890723,-0.032154813,0.74764794
ALGERIA_Amer Bouamar_124,-0.0333123,-0.44233692,0.03530886,0.94112754
WOLFSKILL_Kulidzhinski_4375,-0.03413938,-0.42727256,0.046070047,0.9232497
WOLFSKILL_Shando_Khari_1753,-0.011320938,-0.36357003,-0.01482871,0.7766556
VINEYARDS_5C_cab_san_joaquin_y2019_2154,0.36090136,0.013621993,-0.8744459,-0.015676178
WOLFSKILL_Late_Edessa_2895,0.00047884975,0.29773122,-0.04081706,-0.65194154
ALGERIA_Tizi Ouinine_421,-0.017874338,-0.36676657,-0.0007561799,0.77646685
VINEYARDS_5C_chard_merced_y2018_2672,-0.02977974,0.38463455,0.019515438,-0.84329236
WOLFSKILL_Shando_Khari_1752,-0.044719674,0.34541565,0.05844701,-0.7770177
VINEYARDS_freedom_cab_madera_y2018_3435,0.3645183,0.012977567,-0.8835865,-0.011612572
VINEYARDS_5C_cab_san_joaquin_y2019_2155,0.37164178,0.012989968,-0.901404,-0.015346479
WOLFSKILL_Zweigelt-rebe_9075,-0.040127292,-0.38466656,0.08517067,0.8529433
WOLFSKILL_Olmo_035-11_3313,-0.014971952,-0.30748022,0.014586685,0.6696491
VINEYARDS_1103P_chard_madera_y2019_1379,0.33358893,0.00744297,-0.807251,-0.0030662008
WOLFSKILL_Kulidzhinski_4374,-0.023809724,-0.4322942,0.005999787,0.91708493
WOLFSKILL_Late_Edessa_2894,-0.06661945,-0.34972522,0.18434058,0.8330531
ALGERIA_Tizi Ouinine_420,-0.03177856,-0.38615772,0.047546193,0.8380942
VINEYARDS_5C_chard_merced_y2018_2673,-0.023939718,0.36391217,0.008693906,-0.7954079
WOLFSKILL_Mamelon_2133,-0.057569325,-0.35007855,0.15500534,0.81957555
WOLFSKILL_Trieste_4x_3171,-0.026221655,-0.3591314,0.03536456,0.78022647
WOLFSKILL_Kokinelia_6170,0.05817374,0.21669872,-0.17622232,-0.47308183
VINEYARDS_1103P_cab_san_joaquin_y2019_775,0.34879026,0.012093309,-0.8444948,-0.013387151
WOLFSKILL_Robin_3632,-0.027408443,-0.35278982,0.0431927,0.77013826
ALGERIA_Ichmoul_230,-0.025089212,-0.4054157,0.009938037,0.8524991
WOLFSKILL_Chasselas_Napoleon_1041,-0.03138899,-0.42426276,0.038543016,0.9173056
VINEYARDS_5C_chard_san_joaquin_y2019_1400,0.39271727,0.01685609,-0.9536782,-0.025080498
WOLFSKILL_Tabyrn_4x_8757,0.00076914206,0.30865598,-0.046867482,-0.67534536
WOLFSKILL_Fokianoh_5822,-0.022025317,-0.41354105,0.009236613,0.89089686
WOLFSKILL_Fantasy_Seedless_4310,-0.031462483,-0.38523608,0.04924036,0.83803415
WOLFSKILL_Aramon_5299,-0.11870358,-0.26192674,0.34529197,0.6971635
VINEYARDS_freedom_cab_san_joaquin_y2018_2470,0.3051491,0.004306663,-0.73596984,0.0036240667
WOLFSKILL_Netter_1490,-0.036146358,0.32833034,0.043270342,-0.7365674
WOLFSKILL_Itonychi_Mavro_1986,-0.08401563,-0.2847614,0.24751478,0.7152717
ALGERIA_Ichmoul_231,-0.015798397,-0.40230504,-0.01936678,0.84602904
WOLFSKILL_Chasselas_Napoleon_1040,-0.023842823,-0.41307694,0.013773179,0.8829852
VINEYARDS_5C_cab_madera_y2018_4195,0.37202576,0.011042383,-0.9007898,-0.0082973875
WOLFSKILL_Tabyrn_4x_8756,-0.053702265,-0.21382757,0.14486797,0.5044136
WOLFSKILL_Fokianoh_5823,-0.05711866,0.317307,0.08830655,-0.7226701
WOLFSKILL_Trieste_4x_3170,-0.029470507,0.36225438,0.019988598,-0.801343
WOLFSKILL_Kokinelia_6171,-0.023679968,-0.38264972,0.022719966,0.8239575
WOLFSKILL_Robin_3633,-0.026145484,-0.41186124,0.017850516,0.87611806
VINEYARDS_1103P_chard_madera_y2018_3522,0.36264524,0.011149578,-0.87917876,-0.010108471
WOLFSKILL_Royal_2212,0.015170435,-0.37953317,-0.08916017,0.80603284
WOLFSKILL_Itonychi_Mavro_1987,-0.031170212,0.38768345,0.020196745,-0.8499378
WOLFSKILL_Fantasy_Seedless_4311,-0.0148545755,-0.37769163,-0.0095809605,0.8041841
WOLFSKILL_Netter_1491,-0.0317913,-0.44791687,0.025959874,0.95027995
WOLFSKILL_Aramon_5298,-0.046230532,0.41950992,0.066034384,-0.936084
WOLFSKILL_Nimrang_4485,-0.069506444,-0.37353116,0.19350007,0.88988423
WOLFSKILL_Mueller-thurgau_6633,0.31616518,0.016179744,-0.7679457,-0.029372614
WOLFSKILL_Grosse_Blaue_6010,-0.015738122,-0.3827209,-0.008161517,0.80795795
WOLFSKILL_Bargoon_3457,0.008349296,-0.32810035,-0.060455516,0.6972518
WOLFSKILL_Mueller-thurgau_6632,-0.14882092,0.1953616,0.33844322,-0.4354509
WOLFSKILL_Cortese_5673,-0.053542987,-0.37505406,0.13676266,0.8554593
WOLFSKILL_Bargoon_3456,-0.018988602,-0.29283485,0.03192942,0.6330421
WOLFSKILL_Grosse_Blaue_6011,-0.122492366,-0.2989719,0.35094497,0.7868258
WOLFSKILL_Blauer_Spatburgunder_5463,-0.048039954,-0.31860563,0.12045974,0.72434944
WOLFSKILL_Olmo_035-41_3315,0.055319995,0.18198429,-0.1622076,-0.40624958
WOLFSKILL_Pardala_8645,-0.027403265,0.34186736,0.017310387,-0.7582984
VINEYARDS_1103P_cab_san_joaquin_y2019_1489,0.30857596,0.009864539,-0.7473595,-0.010971423
WOLFSKILL_Alicante_Bouschet_4586,-0.06498893,-0.338615,0.17724493,0.8011561
WOLFSKILL_Pinot_Vert_Dore_7053,-0.059966564,-0.3525261,0.16138583,0.82755643
WOLFSKILL_Buraburi_3491,-0.024491228,-0.39182815,0.022647774,0.84699404
WOLFSKILL_Tsambato_7635,-0.0452471,-0.29625556,0.11537502,0.67411053
WOLFSKILL_Peloursin_5735,-0.028098665,-0.4045462,0.03010287,0.86803395
WOLFSKILL_Kabuli_3436,-0.021054357,-0.39191428,0.0068857074,0.83854294
WOLFSKILL_Alicante_Bouschet_4587,-0.043276303,-0.3657587,0.09979066,0.8197063
VINEYARDS_1103P_cab_san_joaquin_y2019_1488,0.32600233,0.0013090111,-0.7861053,0.01641077
WOLFSKILL_Pardala_8644,-0.06653618,-0.310301,0.18561894,0.74568033
WOLFSKILL_Green_Hungarian_5989,-0.08319906,-0.2693102,0.24169916,0.67448884
UCDAVIS_ALICANTE_BOUSCHET_49,0.28463092,-0.0011939183,-0.68952984,0.011780988
WOLFSKILL_Pinot_Vert_Dore_7052,-0.08937686,-0.23882571,0.26219812,0.60374695
WOLFSKILL_Blauer_Spatburgunder_5462,0.027764052,0.29485416,-0.1083769,-0.6387944
WOLFSKILL_Olmo_035-41_3314,-0.004992783,-0.33626455,-0.025794253,0.72838414
WOLFSKILL_Black_Hamburg_2611,-0.12062905,-0.26201516,0.3517861,0.6955949
WOLFSKILL_Kabuli_3437,0.017930942,-0.40868276,-0.11046424,0.8508748
WOLFSKILL_Tsambato_7634,-0.116367646,-0.16011871,0.34010294,0.43983322
WOLFSKILL_Peloursin_5734,-0.028096665,-0.41933644,0.021901594,0.89512354
WOLFSKILL_Stophiliatico_7412,-0.034155082,0.35275358,0.036929704,-0.7893389
WOLFSKILL_Siewiernyi_9056,0.05447244,0.18757372,-0.15920386,-0.4105995
VINEYARDS_5C_chard_san_joaquin_y2018_2486,0.37091956,0.0093414225,-0.8963804,-0.0030518807
WOLFSKILL_Mosho_Patata_7956,-0.023006719,-0.42965192,0.0011804197,0.90806603
WOLFSKILL_Longyan_4913,-0.026803456,-0.44399464,0.014612528,0.9392227
WOLFSKILL_Solferino_1772,-0.023463923,-0.45905942,-0.0053498205,0.96613246
WOLFSKILL_Vertzami_7707,-0.050603393,-0.30481577,0.127568,0.70023215
WOLFSKILL_Agwam_8839,0.0058068126,-0.34009433,-0.05161716,0.73728263
WOLFSKILL_Perle_8918,-0.021298863,-0.4212818,-0.0002620872,0.8917121
VINEYARDS_freedom_cab_merced_y2019_354,0.31042105,0.0045568757,-0.7492106,-0.0010054447
WOLFSKILL_Frankenthal_2804,-0.02793498,-0.39177203,0.03359873,0.8482547
WOLFSKILL_Mosho_Patata_7957,-0.033168625,0.38416782,0.030413063,-0.8485161
WOLFSKILL_Olmo_6F_V19_9206,0.03199124,0.2698448,-0.113888,-0.5875555
WOLFSKILL_Stophiliatico_7413,-0.007214465,0.31363556,-0.02459662,-0.6904136
WOLFSKILL_Siewiernyi_9057,0.003112805,-0.37089577,-0.06549548,0.77202
WOLFSKILL_Ladyfinger_Mutant_of_Thompson_Seedless4X_3402,-0.026191637,-0.4052089,0.024126707,0.8693641
WOLFSKILL_Perle_8919,-0.022344667,-0.4170736,0.006442329,0.8932106
WOLFSKILL_Frankenthal_2805,-0.021534465,0.36771983,-0.002470279,-0.80124116
WOLFSKILL_Solferino_1773,-0.039286476,-0.3913244,0.085581906,0.86520237
WOLFSKILL_Vertzami_7706,-0.028772466,-0.4266361,0.028631525,0.9184202
WOLFSKILL_Agwam_8838,-0.0036448091,0.24266614,-0.024213804,-0.55014336
WOLFSKILL_UNKNOWN_CULTIVAR_4691,-0.01957117,-0.40162963,-0.0016357694,0.85227144
WOLFSKILL_Schonburger_4824,0.12266471,-0.07921214,-0.31665432,0.17136993
WOLFSKILL_Dunkelfelder_9226,-0.0020711534,-0.3339233,-0.03496602,0.7144321
WOLFSKILL_Diamente_Nero_2317,-0.08677497,0.27218026,0.17160445,-0.64090675
WOLFSKILL_Olmo_030-51_3232,-0.020848345,-0.40322083,0.0052511524,0.86531496
WOLFSKILL_Choultu_White_4177,0.14039758,-0.18763332,-0.37179857,0.3898606
WOLFSKILL_Zinfandel_8230,-0.024482463,-0.452028,-0.0011850018,0.95115304
UCDAVIS_RAMSEY_308,0.029382747,0.3222396,-0.11804744,-0.6934624
WOLFSKILL_Terret_Gris_7511,-0.042775497,-0.38051432,0.0966967,0.84967875
WOLFSKILL_Otscha_Bala_5193,0.072938435,-0.25842595,-0.20808706,0.55151206
WOLFSKILL_Coristano_5657,-0.0288742,-0.4211706,0.027154462,0.8993684
WOLFSKILL_Malvasia_Rosario_6340,0.0044702673,0.31911737,-0.0608844,-0.6939468
WOLFSKILL_Diamente_Nero_2316,-0.022887934,-0.34247082,0.02963346,0.74675757
WOLFSKILL_Olmo_030-51_3233,0.01989993,-0.31502524,-0.08751774,0.67645156
WOLFSKILL_Schonburger_4825,-0.031458776,-0.39792532,0.045354962,0.86464405
VINEYARDS_freedom_chard_san_joaquin_y2018_2921,0.3755642,0.014609899,-0.91301847,-0.020348724
WOLFSKILL_Otscha_Bala_5192,-0.014936385,-0.28707325,0.016578035,0.62443024
WOLFSKILL_Malvasia_Rosario_6341,0.069574155,-0.1479508,-0.1927821,0.31727216
WOLFSKILL_Mavro_Spetzon_6439,-0.028151125,-0.3973441,0.034138307,0.86218214
WOLFSKILL_Choultu_White_4176,0.2867684,-0.0037419386,-0.692889,0.022261782
WOLFSKILL_Zinfandel_8231,-0.007759272,-0.34184432,-0.020821251,0.73459744
WOLFSKILL_Malvasia_Del_Chianti_6345,-0.056412123,-0.28421378,0.15257955,0.66660273
WOLFSKILL_Terret_Gris_7510,-0.026428755,-0.4063124,0.026320552,0.8803836
WOLFSKILL_Pinot_Noir_6989,-0.009268385,-0.26494625,0.009402713,0.5855249
WOLFSKILL_Blackrose_4x_3420,0.30051848,-0.0042678714,-0.7276081,0.023788553
WOLFSKILL_Boal_Cachudo_5494,0.23618062,0.05547763,-0.57714903,-0.120089665
WOLFSKILL_Duc_De_Malakoff_1140,-0.008909865,-0.4043841,-0.03545586,0.85012686
WOLFSKILL_Malvasia_Bianca_6333,-0.09191606,-0.2367604,0.2642186,0.6037401
WOLFSKILL_Pinot_Noir_Espinett_5091,-0.034708627,-0.4080695,0.05336874,0.8904697
WOLFSKILL_UNKNOWN_CULTIVAR_9521,-0.019688446,-0.3883005,0.0038888883,0.8290868
ALGERIA_Babari_153,-0.016833492,-0.33681676,0.01265659,0.7341535
WOLFSKILL_UNKNOWN_CULTIVAR_9747,-0.018571116,-0.33837044,0.014418056,0.73369366
WOLFSKILL_Seedless_Emperor_1744,-0.08341009,-0.2653727,0.23490167,0.65947735
WOLFSKILL_Bellino_981,-0.028229933,-0.4406761,0.017855449,0.936523
WOLFSKILL_Greco_Bianco_5975,-0.17433216,-0.0829387,0.48418975,0.2941718
WOLFSKILL_Negrara_Gattinara_5056,-0.02596873,-0.3906896,0.028670913,0.8514498
WOLFSKILL_Mariposa_Muscat_4510,-0.026447214,-0.37624377,0.034705378,0.8181311
WOLFSKILL_UNKNOWN_CULTIVAR_9746,-0.02876588,-0.43741298,0.019884212,0.92852855
WOLFSKILL_Seedless_Emperor_1745,-0.06339583,-0.2986883,0.17665474,0.71003044
WOLFSKILL_Blackrose_4x_3421,-0.022184834,-0.32312402,0.03253062,0.7053801
WOLFSKILL_Pinot_Noir_6988,-0.025951162,-0.40905085,0.021404592,0.88061166
UCDAVIS_5C_625,-0.026497938,0.38545424,0.010877246,-0.84031904
WOLFSKILL_Malvasia_Bianca_6332,-0.029491238,-0.32258642,0.059617884,0.7104926
WOLFSKILL_Pinot_Noir_Espinett_5090,-0.02256313,-0.38821417,0.016515559,0.8385723
WOLFSKILL_Duc_De_Malakoff_1141,-0.031499878,0.31432799,0.032708213,-0.7039825
WOLFSKILL_Boal_Cachudo_5495,-0.049998354,0.3530049,0.07390382,-0.7979796
WOLFSKILL_UNKNOWN_CULTIVAR_9520,-0.016748417,-0.40018186,-0.005717568,0.8556782
WOLFSKILL_Mariposa_Muscat_4511,-0.021775875,-0.3728225,0.018970275,0.8061172
WOLFSKILL_Greco_Bianco_5974,-0.09798754,0.23321421,0.19460645,-0.5506661
VINEYARDS_1103P_chard_madera_y2018_3969,-0.054514922,0.3617202,0.0858854,-0.8183731
WOLFSKILL_Bellino_980,-0.019847617,-0.37666062,0.012144497,0.8096955
VINEYARDS_1103P_cab_merced_y2018_4301,0.3699254,0.009632755,-0.8945671,7.1462244e-05
WOLFSKILL_Psara_7981,-0.06409181,-0.3335064,0.17117721,0.7874688
WOLFSKILL_Fuji_3156,-0.018460955,-0.412742,-0.010148844,0.87025225
WOLFSKILL_Royal_Thompson_170,-0.03279531,-0.42065835,0.0404234,0.9082283
WOLFSKILL_Blaue_Elbe_5454,0.042927325,0.2534299,-0.14305016,-0.55226755
VINEYARDS_5C_chard_san_joaquin_y2019_964,-0.014399615,-0.41280848,-0.017584255,0.88033205
VINEYARDS_freedom_chard_madera_y2018_4780,0.39056632,0.017216291,-0.948712,-0.0275
WOLFSKILL_Primitivo_De_Gioia_473_8779,-0.019036725,0.3549011,-0.00350615,-0.77468556
ALGERIA_Ichmoul_Bacha_279,-0.014735294,-0.40026754,-0.012706881,0.8545232
VINEYARDS_1103P_chard_madera_y2018_4203,0.35548684,0.0071241,-0.8591764,9.6764416e-05
WOLFSKILL_Violento_4671,-0.038654953,-0.34614033,0.084271275,0.76916814
WOLFSKILL_B5_4146,-0.051737923,-0.32810885,0.14021434,0.7596532
VINEYARDS_freedom_chard_san_joaquin_y2018_2523,0.38130078,0.013385575,-0.9271849,-0.019293603
VINEYARDS_1103P_cab_merced_y2018_4300,0.28547025,0.02249169,-0.6946764,-0.04631627
WOLFSKILL_Askathari_5336,-0.041367207,-0.06723349,0.11055959,0.16066638
WOLFSKILL_Fuji_3157,-0.026329588,-0.41889447,0.017015157,0.89151454
WOLFSKILL_Psara_7980,-0.02253468,-0.3945149,0.013074951,0.846627
WOLFSKILL_Royal_Thompson_171,-0.022552174,-0.37797672,0.01885827,0.8142953
VINEYARDS_1103P_chard_madera_y2018_4202,0.38028082,0.012253631,-0.92013234,-0.010181699
ALGERIA_Ichmoul_Bacha_278,-0.016456064,-0.38473088,-0.008981746,0.8132493
WOLFSKILL_B5_4147,-0.06458583,-0.31554404,0.18118364,0.75535905
WOLFSKILL_Blaue_Elbe_5455,-0.024837065,-0.40980452,0.019128224,0.87782204
VINEYARDS_freedom_chard_madera_y2018_4781,0.3919192,0.013035741,-0.9491157,-0.009650301
UCDAVIS_THOMPSON_SEEDLESS_573,-0.04452697,0.346372,0.061215796,-0.7812553
WOLFSKILL_Primitivo_De_Gioia_473_8778,-0.025255948,0.34006098,0.010918876,-0.7503301
ALGERIA_Amer Bouamar_72,-0.018793095,-0.41579187,-0.0071894377,0.88047713
WOLFSKILL_Tsoupi_8048,-0.029023468,-0.4101941,0.027491586,0.87128997
VINEYARDS_5C_cab_san_joaquin_y2019_1970,0.40062517,0.013780128,-0.9700597,-0.010363903
WOLFSKILL_Kleinberger_6154,-0.018898897,0.3594405,-0.0066944715,-0.7860877
WOLFSKILL_Trincadeiro_Branco_7608,-0.06602355,-0.32653895,0.18417476,0.78301454
WOLFSKILL_Saint_Emilion_7226,0.2084988,0.021521363,-0.5010844,-0.044500727
WOLFSKILL_Psarotherico_7984,-0.028491713,-0.42717117,0.025492819,0.9181309
WOLFSKILL_Trincadeiro_Branco_7609,0.04205838,0.17129123,-0.13027693,-0.3784252
ALGERIA_Amer Bouamar_73,-0.021792538,-0.4428748,-0.015147092,0.9171468
WOLFSKILL_Tsoupi_8049,-0.014286314,-0.35726973,-0.0053536985,0.76446766
WOLFSKILL_Kleinberger_6155,-0.026266813,-0.42093104,0.021693906,0.9032681
WOLFSKILL_Psarotherico_7985,0.0022218637,-0.4008793,-0.06383937,0.8428222
VINEYARDS_1103P_chard_san_joaquin_y2019_1046,-0.008771137,-0.41336775,-0.03262669,0.8808868
WOLFSKILL_Saint_Emilion_7227,0.3079106,0.0015835017,-0.7424318,0.00746404
WOLFSKILL_Bombino_Bianco_5528,-0.026500184,-0.37584147,0.03201539,0.81576717
WOLFSKILL_Kokinyah_8578,-0.031586286,-0.40066838,0.046885423,0.8702191
WOLFSKILL_Petit_Manseng_7025,-0.085003264,0.16541797,0.18084452,-0.37614006
WOLFSKILL_UNKNOWN_CULTIVAR_6868,-0.07445351,0.24600635,0.13576105,-0.5750812
WOLFSKILL_Leanoy_8904,-0.014613868,-0.4054362,-0.023484576,0.8503881
WOLFSKILL_Dan_Ben_Hanna_3693,-0.015886605,-0.38682073,-0.0065281,0.8297963
WOLFSKILL_Marzemino_6392,-0.06986826,0.331464,0.12265573,-0.7613463
WOLFSKILL_Aleatico_5234,-0.05258922,-0.3188485,0.13572976,0.73599017
WOLFSKILL_Inzolia_8571,-0.022740252,-0.38506427,0.016309066,0.8276117
WOLFSKILL_Barlinka_2681,-0.029018432,-0.42334467,0.029092034,0.9111104
WOLFSKILL_Petite_Verdot_6916,-0.04515405,0.32302698,0.06584054,-0.7333935
WOLFSKILL_Olmo_030-53_3241,0.21411158,-0.037651546,-0.5226707,0.09101181
WOLFSKILL_Triplett_T203-1_9362,-0.03147873,-0.3380474,0.06492112,0.74743277
WOLFSKILL_Canaiolo_Nero_5586,0.238723,-0.059238583,-0.58734095,0.13719776
WOLFSKILL_Fahri_Kalamak_1200,0.24986203,0.02407201,-0.6085989,-0.048905175
WOLFSKILL_Boal_Da_Figueira_5500,0.14501819,-0.19506559,-0.38220125,0.41127652
WOLFSKILL_Kokinyah_8579,-0.052219283,-0.36723885,0.13949779,0.84239936
WOLFSKILL_UNKNOWN_CULTIVAR_6869,-0.13773994,0.14330067,0.32299587,-0.3105634
WOLFSKILL_Petit_Manseng_7024,0.0114925,0.19179243,-0.062031664,-0.4361009
VINEYARDS_1103P_chard_san_joaquin_y2018_2845,0.31573802,0.011101063,-0.76437825,-0.014025841
WOLFSKILL_Triplett_T203-1_9363,-0.037519522,-0.44473237,0.05822804,0.9629705
WOLFSKILL_Canaiolo_Nero_5587,-0.069967456,0.30934748,0.13041446,-0.7155881
WOLFSKILL_Fahri_Kalamak_1201,0.27231386,-0.0028830878,-0.66152465,0.019165719
WOLFSKILL_Boal_Da_Figueira_5501,-0.034763023,-0.4246515,0.05115869,0.9218452
WOLFSKILL_Petite_Verdot_6917,-0.020849627,-0.41616023,0.0029228535,0.8883831
WOLFSKILL_Olmo_030-53_3240,-0.02546969,-0.3484924,0.038781628,0.760302
WOLFSKILL_Aleatico_5235,-0.15963547,-0.15071817,0.45247304,0.45608062
WOLFSKILL_Marzemino_6393,-0.04526689,-0.3409658,0.11046592,0.7709874
WOLFSKILL_Barlinka_2680,-0.012252108,-0.3848406,-0.01706105,0.82226235
WOLFSKILL_Mavrokorakas_6423,0.16056833,-0.1057411,-0.41207507,0.22717789
WOLFSKILL_Inzolia_8570,-0.018615171,-0.41063067,-0.0099721495,0.8613879
WOLFSKILL_Beli_Potok_4893,-0.013477913,-0.3890641,-0.019670557,0.8241502
WOLFSKILL_Ferdinand_De_Lesseps_1211,-0.03415069,-0.42719772,0.045325838,0.9271283
WOLFSKILL_Dizmar_1133,-0.020754281,-0.39975193,0.007935708,0.8609889
WOLFSKILL_Vuthomato_7716,-0.029624619,-0.41128847,0.03321889,0.88568395
WOLFSKILL_Plavac_Mali_4796,-0.065543436,-0.2868819,0.1863004,0.69131106
WOLFSKILL_Cereza_9170,-0.024308562,-0.35195476,0.03586133,0.77130735
WOLFSKILL_Autumn_Black_4288,-0.018650971,-0.39318335,-0.00525121,0.8297882
WOLFSKILL_Mezes_4631,-0.06626641,-0.31138653,0.18415922,0.7486205
WOLFSKILL_Malta_Seedless_660,-0.026954886,-0.4062327,0.022091476,0.8652897
WOLFSKILL_Cardinal_1027,-0.018075217,-0.4208132,-0.005974183,0.8998202
WOLFSKILL_Zlahtina_2286,-0.028967217,-0.41590732,0.029908562,0.89083016
WOLFSKILL_Zinfandel_Heritage_Sel._17_4565,-0.013690867,-0.34347764,-0.0034767222,0.73268557
WOLFSKILL_Vidal_99T_9481,-0.016518421,-0.32470056,0.018471448,0.711822
UCDAVIS_GRENACHE_NOIR_720,-0.016125929,-0.34447867,0.0030489191,0.7378911
WOLFSKILL_Autumn_Black_4289,-0.026835255,-0.4389071,0.011381624,0.92690676
WOLFSKILL_Vuthomato_7717,-0.03625109,-0.43334028,0.051452793,0.9359387
WOLFSKILL_Plavac_Mali_4797,-0.026897933,-0.4149312,0.020106127,0.88461894
WOLFSKILL_Beli_Potok_4892,-0.03289009,-0.39047977,0.05176743,0.8480255
WOLFSKILL_Ferdinand_De_Lesseps_1210,-0.023302078,-0.39368987,0.015871277,0.84654975
WOLFSKILL_Dizmar_1132,-0.03049473,-0.41848606,0.035183422,0.90397614
WOLFSKILL_Zlahtina_2287,-0.016499396,-0.41154468,-0.012605235,0.86684453
WOLFSKILL_Vidal_99T_9480,-0.05811166,-0.29235718,0.16439936,0.6882665
WOLFSKILL_Malta_Seedless_661,0.34887794,0.00615884,-0.84285694,0.0017866567
WOLFSKILL_Cardinal_1026,-0.0037119007,-0.37140372,-0.038916234,0.7908267
WOLFSKILL_Mezes_4630,-0.13029389,-0.18570495,0.38189566,0.5174327
WOLFSKILL_Kleinberger_6160,-0.029269386,0.34233046,0.021777095,-0.7616626
WOLFSKILL_Black_Kishmish_2686,-0.02597208,-0.41021025,0.021933647,0.8830937
WOLFSKILL_UNKNOWN_CULTIVAR_2558,-0.055127446,0.24980779,0.09213243,-0.5797743
WOLFSKILL_Kotzifali_7898,-0.10192054,-0.24987566,0.2968821,0.65046716
WOLFSKILL_UNKNOWN_CULTIVAR_9587,-0.16441445,-0.034583367,0.42946965,0.1535756
WOLFSKILL_Zinfandel_7819,-0.016451553,-0.3793611,-0.0060256906,0.8059027
WOLFSKILL_Peverella_6931,0.3432444,0.0014118925,-0.8296974,0.0145353265
VINEYARDS_5C_cab_san_joaquin_y2018_2413,0.33343387,0.0008835979,-0.8063704,0.015989872
WOLFSKILL_Royal_E_1681,-0.0286871,-0.4205466,0.030162873,0.90340734
VINEYARDS_freedom_cab_merced_y2018_3580,0.37056494,0.008992117,-0.8960517,-0.002146311
VINEYARDS_5C_cab_madera_y2019_1327,0.32954162,0.007481914,-0.7965316,-0.0038482659
WOLFSKILL_Zinfandel_7818,-0.014322395,-0.35620028,-0.0048448276,0.75922954
VINEYARDS_freedom_chard_merced_y2018_2689,-0.0058150142,0.30614161,-0.030741636,-0.67317176
WOLFSKILL_Black_Kishmish_2687,-0.013175488,-0.40108597,-0.025167415,0.8382108
VINEYARDS_1103P_chard_madera_y2018_2797,0.34996283,0.00875229,-0.846417,0.0022361726
WOLFSKILL_UNKNOWN_CULTIVAR_9586,-0.13402435,0.14866872,0.31196815,-0.3242122
WOLFSKILL_Kotzifali_7899,-0.030385796,-0.38400868,0.045586176,0.83761215
VINEYARDS_freedom_cab_merced_y2018_3581,0.331026,0.0077992417,-0.798687,-0.0023973845
VINEYARDS_5C_cab_madera_y2019_1326,0.37420246,0.011985429,-0.90699244,-0.011993509
WOLFSKILL_Royal_E_1680,-0.013947359,-0.38479406,-0.013820818,0.81928575
WOLFSKILL_Peverella_6930,-0.04553178,-0.346009,0.11071391,0.78087497
WOLFSKILL_Verdal_2253,-0.020295598,-0.36330223,0.014808239,0.78577965
WOLFSKILL_Walsch_Riesling_7746,-0.030225322,-0.44429433,0.026469568,0.95282805
WOLFSKILL_Xarello_4849,-0.02607023,-0.3526148,0.04019008,0.7718396
WOLFSKILL_Siegerrebe_9276,-0.026387349,-0.38571948,0.030311374,0.8393108
VINEYARDS_freedom_cab_madera_y2018_3943,0.3629749,0.010733001,-0.8792545,-0.010155503
WOLFSKILL_Guydouria_5884,-0.03373152,0.35737568,0.030506035,-0.7936621
WOLFSKILL_Malvasia_Rosavenda_6357,0.13679038,-0.112234324,-0.3497275,0.24372263
WOLFSKILL_L_Arvine_8892,0.04927838,0.2199486,-0.15530616,-0.48119998
WOLFSKILL_Boal_Branco_5486,-0.01816601,-0.40400606,-0.0034612995,0.8631569
WOLFSKILL_Kraljevina_7917,-0.07576022,0.17393091,0.15010257,-0.40672117
WOLFSKILL_Thomuscat_1847,-0.16128191,0.1170477,0.39436382,-0.23176414
WOLFSKILL_Siegerrebe_9277,-0.010918665,-0.35810137,-0.010844784,0.7742561
WOLFSKILL_Xarello_4848,-0.087678306,0.27683163,0.16786143,-0.6479387
WOLFSKILL_Walsch_Riesling_7747,-0.03567367,0.39410222,0.03343089,-0.8729047
WOLFSKILL_L_Arvine_8893,-0.0050589247,-0.41781917,-0.04679712,0.8834171
WOLFSKILL_Hisakasy_6041,-0.0883184,-0.15946816,0.2520921,0.40504003
WOLFSKILL_Boal_Branco_5487,0.0074121403,-0.33036053,-0.06026277,0.7014275
WOLFSKILL_Kraljevina_7916,-0.07960416,0.27634072,0.14732435,-0.6413537
VINEYARDS_freedom_cab_madera_y2018_3942,0.36279234,0.011362128,-0.8801559,-0.013410013
WOLFSKILL_Malvasia_Rosavenda_6356,-0.06716185,0.2786216,0.11691708,-0.6460756
WOLFSKILL_Skiathopoulo_7331,-0.11809606,0.17380871,0.25958538,-0.40075326
WOLFSKILL_Folle_Blanche_5839,0.19951807,-0.054788746,-0.49444592,0.1258133
WOLFSKILL_Muscat_Szauter_8731,-0.016126722,-0.31863594,0.013679275,0.69217384
WOLFSKILL_Fresno_C_78-53_2X_4336,-0.03659015,-0.42886123,0.055440538,0.9288627
WOLFSKILL_Hakiki_1968,-0.03167298,-0.40026653,0.046470754,0.86258346
WOLFSKILL_Coudsi_1081,-0.017272137,-0.3823864,-0.00033192337,0.8187555
VINEYARDS_5C_chard_merced_y2019_1306,0.41023436,0.01586423,-0.9947453,-0.018040083
VINEYARDS_1103P_chard_san_joaquin_y2018_3080,0.38753667,0.0149783045,-0.9399719,-0.01630462
WOLFSKILL_Rousanne_5171,-0.06422825,0.2570174,0.113326184,-0.5962284
WOLFSKILL_Muscat_Szauter_8730,0.035755575,-0.30223143,-0.12524627,0.64418507
VINEYARDS_freedom_chard_merced_y2018_2713,-0.03159163,0.39256853,0.024040347,-0.8631834
WOLFSKILL_Hakiki_1969,-0.026163645,0.3301838,0.018090973,-0.73462385
WOLFSKILL_Tintureiro_7580,-0.019477349,-0.36868432,0.012681829,0.79784346
WOLFSKILL_Skiathopoulo_7330,0.11000594,0.17474467,-0.2930753,-0.373277
WOLFSKILL_Folle_Blanche_5838,0.24904881,-0.025704604,-0.60621566,0.07337762
VINEYARDS_5C_chard_merced_y2019_1307,0.36458233,0.009973031,-0.8838812,-0.008780759
WOLFSKILL_Rousanne_5170,-0.058398224,-0.3009195,0.1589297,0.7107728
VINEYARDS_1103P_cab_san_joaquin_y2019_2149,0.29520866,0.00045372918,-0.71044207,0.016625972
WOLFSKILL_Coudsi_1080,-0.050671447,-0.3108518,0.12821838,0.71348417
WOLFSKILL_Gyongyrizling_9003,-0.029285911,-0.37502855,0.044346504,0.819548
ALGERIA_Ahmeur Bou Ahmeur_35,-0.029241785,-0.4325586,0.019416893,0.91576916
WOLFSKILL_Refosco_4805,-0.011587747,-0.40459722,-0.025064556,0.85839486
VINEYARDS_freedom_cab_merced_y2019_57,0.31342512,0.007362485,-0.7585007,-0.008842405
WOLFSKILL_Ladikinah_4695,-0.019441493,-0.38567722,0.0037122816,0.8271781
WOLFSKILL_Etraire_De_L_adhui_5766,0.22353968,0.03339203,-0.542182,-0.07357615
WOLFSKILL_Olmo_34F_9138,-0.018468104,-0.44403666,-0.013450773,0.9382844
WOLFSKILL_Kastour_Rumi_325,-0.04961527,0.3491394,0.07478977,-0.78842
WOLFSKILL_Kule_Dary_2367,-0.018911198,0.32887775,-0.0022307653,-0.7226176
WOLFSKILL_Hillbilly_9123,-0.031078503,-0.36635363,0.052225545,0.8010574
VINEYARDS_freedom_chard_merced_y2018_3372,0.3714116,0.012136526,-0.90024525,-0.01031407
WOLFSKILL_Chaush_White_124,-0.007630338,-0.4034024,-0.044235237,0.83748204
WOLFSKILL_Chasselas_Dore_2732,-0.029516246,0.33670533,0.022807663,-0.7493472
VINEYARDS_5C_cab_madera_y2019_1885,0.3338244,0.0112787,-0.8089092,-0.016345154
WOLFSKILL_Olmo_19-25_D_4090,-0.030952394,-0.4253665,0.03167908,0.9114218
WOLFSKILL_Pizzutello_59,-0.026307851,-0.42481396,0.018473992,0.9083601
WOLFSKILL_Etraire_De_L_adhui_5767,0.239879,-0.06820214,-0.59588826,0.15266623
WOLFSKILL_Kastour_Rumi_324,-0.03569532,0.36518162,0.038889334,-0.8130363
VINEYARDS_5C_cab_madera_y2019_272,0.3682748,0.012636416,-0.8936527,-0.017249953
WOLFSKILL_Refosco_4804,-0.011350493,0.40350515,-0.029895954,-0.867162
WOLFSKILL_Triplett_T82-4B_9406,-0.032147158,-0.44054604,0.035660252,0.9472964
VINEYARDS_freedom_cab_merced_y2019_56,0.3274553,0.010708377,-0.79384565,-0.018546049
WOLFSKILL_Mouska_6616,-0.020251747,0.34450838,-0.00085881725,-0.7554326
WOLFSKILL_Olmo_19-25_D_4091,-0.024066616,-0.4213035,0.009050256,0.8925495
WOLFSKILL_Xerez_7773,-0.0139538525,-0.32848364,0.0029600672,0.7099036
WOLFSKILL_Kule_Dary_2366,-0.012526804,-0.34429276,-0.0065678935,0.7398201
WOLFSKILL_Chasselas_Dore_2733,-0.012228851,-0.44227606,-0.03962121,0.923377
VINEYARDS_freedom_chard_merced_y2018_3373,0.38140908,0.0152159,-0.9250561,-0.01801227
WOLFSKILL_Chaush_White_125,-0.027544744,-0.45111927,0.01220792,0.9549898
VINEYARDS_1103P_cab_san_joaquin_y2019_1073,-0.014290535,-0.3747226,-0.008095926,0.8044139
WOLFSKILL_Ree_3754,-0.035855416,-0.38766852,0.07506486,0.8512486
WOLFSKILL_Shami_1748,0.31926236,0.011546735,-0.77270305,-0.01447634
WOLFSKILL_Moscato_Di_Terracina_6680,0.025505845,-0.32838577,-0.106159106,0.6956564
WOLFSKILL_Chasselas_Jaunce_Cire_383,0.120439015,0.007592052,-0.29933918,-0.023937266
WOLFSKILL_Grillo_8562,-0.021021184,-0.37357092,0.015373187,0.80370504
WOLFSKILL_Olmo_035-07_3301,-0.026400339,-0.38556048,0.032635055,0.8381228
WOLFSKILL_Muscat_Oliver_3599,-0.03754869,-0.32909837,0.08741581,0.7384752
VINEYARDS_freedom_chard_madera_y2018_4272,0.3849356,0.017072104,-0.933738,-0.024715554
WOLFSKILL_Khir_Ghulaman_2868,0.06055377,-0.23224743,-0.1798158,0.48265198
WOLFSKILL_Casculho_8844,-0.04159824,0.34747064,0.05094509,-0.78187597
WOLFSKILL_Ree_3755,-0.031972583,-0.39996284,0.045251735,0.8653566
WOLFSKILL_Shami_1749,0.30605575,0.005757574,-0.74071693,0.0019047558
WOLFSKILL_Nosargoon_3530,0.026296068,-0.30291247,-0.10416385,0.6418267
WOLFSKILL_Olmo_035-07_3300,-0.055049766,-0.31876054,0.14507845,0.73453116
VINEYARDS_freedom_cab_merced_y2019_361,0.3280734,0.0103994645,-0.79398584,-0.01221703
WOLFSKILL_Muscat_Oliver_3598,-0.022201534,-0.38218176,0.016501414,0.82527304
WOLFSKILL_Casculho_8845,-0.019331936,-0.39651436,-0.0020361636,0.8372794
VINEYARDS_freedom_chard_madera_y2018_4273,0.38815954,0.01469573,-0.940541,-0.015711036
WOLFSKILL_Khir_Ghulaman_2869,-0.027121596,-0.35990548,0.042078264,0.7870938
WOLFSKILL_Chasselas_Jaunce_Cire_382,0.09883427,0.17833643,-0.26405182,-0.3817469
WOLFSKILL_Grillo_8563,-0.025863267,-0.39389503,0.02528129,0.8488197
WOLFSKILL_Moscato_Di_Terracina_6681,0.0042516096,-0.35760853,-0.054971762,0.76924515
WOLFSKILL_Ferral_De_Izalva_2781,-0.0051558884,0.28881025,-0.030386042,-0.64141107
WOLFSKILL_Olmo_035-41_3321,-0.013870289,-0.3412975,-0.00063804723,0.7353906
VINEYARDS_freedom_cab_madera_y2019_435,0.3470302,0.013570208,-0.84182286,-0.020636033
WOLFSKILL_Teroldego_7491,-0.118349485,-0.27885923,0.34629226,0.73956525
WOLFSKILL_Chasselas_Tompa_2755,-0.02431897,-0.41650626,0.010058252,0.8841579
WOLFSKILL_Blauer_Spatburgunder_5457,0.0021892525,-0.32440123,-0.040324464,0.7018372
VINEYARDS_5C_chard_san_joaquin_y2019_2012,0.39203298,0.014264796,-0.951037,-0.016147029
WOLFSKILL_Spanna_7370,0.094087906,-0.24326773,-0.26119098,0.5125713
VINEYARDS_freedom_cab_madera_y2019_1922,0.3712005,0.014014538,-0.90098846,-0.019338246
VINEYARDS_1103P_chard_madera_y2018_4159,0.37845582,0.012551088,-0.9167628,-0.011829734
WOLFSKILL_Schiraz_7290,-0.123274915,-0.2116969,0.363272,0.57429373
WOLFSKILL_Red_Hanepoot_2193,-0.021713603,-0.37394568,0.017431846,0.8070359
WOLFSKILL_Morescono_5179,0.044845838,-0.22885184,-0.14115603,0.48662838
VINEYARDS_freedom_cab_madera_y2019_434,0.36378482,0.012369327,-0.8809149,-0.012347709
VINEYARDS_1103P_cab_merced_y2019_1294,0.3493221,0.008927844,-0.84503007,-0.007724952
WOLFSKILL_Teroldego_7490,-0.015729655,-0.41517857,-0.020319376,0.8699479
WOLFSKILL_Ferral_De_Izalva_2780,-0.03808541,0.3149504,0.044922046,-0.7108572
WOLFSKILL_Chasselas_Tompa_2754,-0.006873925,-0.38225412,-0.03292908,0.8124351
WOLFSKILL_Triplett_F3-4_9306,-0.023586605,-0.39279538,0.01761763,0.8464471
WOLFSKILL_Red_Hanepoot_2192,0.11531442,0.16121332,-0.30484197,-0.34566966
WOLFSKILL_Morescono_5178,0.002772444,-0.36991343,-0.05737175,0.783213
WOLFSKILL_Mathiasz_Y_Ne_40_4445,-0.042185426,-0.3831936,0.09866131,0.8557155
VINEYARDS_freedom_cab_madera_y2019_1923,0.35448626,0.015142433,-0.86070216,-0.024408419
WOLFSKILL_Spanna_7371,-0.08201197,-0.29885462,0.2358652,0.73872215
WOLFSKILL_Schiraz_7291,-0.011926523,0.35050634,-0.025238927,-0.7666433
VINEYARDS_freedom_chard_merced_y2019_1288,0.37955144,0.009905364,-0.9194043,-0.005401626
WOLFSKILL_Teneron_1382,0.12144607,0.13236727,-0.31393987,-0.28659755
ALGERIA_Babari_167,-0.015818112,-0.36438757,-0.00067212805,0.7826075
WOLFSKILL_UNKNOWN_CULTIVAR_9515,-0.023486078,-0.37007004,0.023288669,0.79891956
ALGERIA_Bouabane des Aures_213,-0.02491261,-0.40449506,0.008960707,0.85006976
WOLFSKILL_UNKNOWN_CULTIVAR_8375,-0.025744922,-0.38127,0.0280697,0.82312125
ALGERIA_Bouabane des Aures_212,-0.00062145386,-0.33598414,-0.04040432,0.7137742
WOLFSKILL_UNKNOWN_CULTIVAR_8374,-0.0008668471,-0.32097188,-0.030045416,0.6981038
WOLFSKILL_UNKNOWN_CULTIVAR_9514,-0.042234354,0.31901327,0.054338597,-0.7203073
WOLFSKILL_Teneron_1383,-0.029458463,-0.39065275,0.043127947,0.85453737
ALGERIA_Babari_166,-0.022491124,-0.3427685,0.028738735,0.7429106
WOLFSKILL_Karabryimis_4687,-0.027263246,-0.37337786,0.03522057,0.8101094
WOLFSKILL_Kokinorobola_6167,-0.019278921,0.11865623,0.0225239,-0.28830338
WOLFSKILL_Olivette_Blanche_1521,-0.025881387,0.37776676,0.011567304,-0.8265358
WOLFSKILL_Diamente_Nero_2323,-0.02101681,-0.38763255,0.008193297,0.8287184
WOLFSKILL_Unknown_Cultivar_4853,0.33457723,0.00537521,-0.80934703,-0.0006824732
WOLFSKILL_St._Catherine_s_East_Arbor_4163,-0.024013836,-0.43095875,0.0013342649,0.9089574
WOLFSKILL_Pirovano_47_192,-0.023453303,0.36986533,0.005918516,-0.8082638
VINEYARDS_freedom_chard_san_joaquin_y2019_1443,0.38369647,0.013065267,-0.93043685,-0.014034364
WOLFSKILL_Velana_8057,-0.016407438,-0.33491856,0.00872021,0.7222886
ALGERIA_Louali_368,-0.030429542,-0.40722635,0.03209973,0.8679132
WOLFSKILL_Coristano_5663,-0.06974773,-0.35450593,0.19336835,0.84999835
WOLFSKILL_Feher_Szagos_5787,-0.031336285,-0.41593096,0.041232854,0.9006483
WOLFSKILL_Olho_De_Pargo_2159,-0.106339514,0.06320906,0.26344973,-0.12639394
VINEYARDS_5C_cab_madera_y2018_3474,0.36936015,0.011469696,-0.89407337,-0.008874863
WOLFSKILL_Boal_Madeira_5519,-0.0048681702,-0.37911016,-0.041096985,0.8016217
WOLFSKILL_Diamente_Nero_2322,0.064685315,-0.2929616,-0.19559933,0.62233645
WOLFSKILL_Pirovano_47_193,-0.020132132,-0.41996336,-0.0079630725,0.88113856
WOLFSKILL_St._Catherine_s_East_Arbor_4162,-0.019957434,-0.3949125,-0.0018191002,0.8324207
WOLFSKILL_Unknown_Cultivar_4852,-0.028922677,0.33317706,0.022190282,-0.7402946
WOLFSKILL_Olivette_Blanche_1520,-0.032193217,0.37185282,0.03179416,-0.82446635
WOLFSKILL_Coristano_5662,-0.019196697,-0.38336283,0.0062687322,0.82619715
WOLFSKILL_Feher_Szagos_5786,-0.022246454,-0.41290736,0.0058162417,0.8777211
ALGERIA_Louali_369,-0.02660539,-0.42569602,0.01393556,0.90306884
WOLFSKILL_Boal_Madeira_5518,-0.06520001,-0.30817983,0.17974238,0.73690134
WOLFSKILL_Olho_De_Pargo_2158,-0.09227588,0.2680943,0.17877804,-0.63076556
VINEYARDS_5C_cab_madera_y2018_3475,0.32801977,0.0069962926,-0.793535,-0.0023924746
VINEYARDS_freedom_chard_san_joaquin_y2019_1442,0.38413942,0.012836296,-0.9291536,-0.010905568
WOLFSKILL_Velana_8056,-0.025636908,-0.37808812,0.028243406,0.816757
WOLFSKILL_Platani_7966,-0.021006089,-0.30534726,0.035742864,0.6712327
ALGERIA_Amer Bouamar_110,-0.02099,-0.43975472,-0.0073540974,0.92640835
WOLFSKILL_Julius_Caesar_2099,-0.026086342,-0.4267082,0.017829807,0.91351086
WOLFSKILL_Moscato_Samos_8638,-0.03641285,-0.39917877,0.066651054,0.8745916
VINEYARDS_1103P_cab_san_joaquin_y2019_215,0.38400686,0.0107805915,-0.9295774,-0.006355528
WOLFSKILL_Muscat_Rouge_Fouce_2478,-0.0248436,-0.3894295,0.02416093,0.8430377
WOLFSKILL_Unkown_Cultivar_5645,-0.015806288,-0.36853224,0.00076523237,0.79645085
WOLFSKILL_Pinot_Nero_6981,0.02227109,-0.26571888,-0.085835546,0.5729519
WOLFSKILL_Rhazaki_3628,-0.02951952,-0.41221553,0.034548424,0.886135
WOLFSKILL_Charbono_5604,-0.021362953,-0.40966558,0.004214799,0.8775296
WOLFSKILL_Fayoumi_8865,-0.03260001,-0.38247466,0.056173302,0.83786464
ALGERIA_Tizi Ouinine_415,-0.024708144,-0.38701424,0.017714778,0.8190782
WOLFSKILL_Imperator_p._264_1258,-0.052271865,-0.32308316,0.14033851,0.75081515
VINEYARDS_1103P_cab_san_joaquin_y2019_214,0.36440772,0.008867707,-0.8801058,-0.0034695081
WOLFSKILL_Keshmesh_2105,-0.043966435,-0.3346903,0.108098425,0.75486463
WOLFSKILL_Moscato_Samos_8639,-0.031178303,-0.3738971,0.05142235,0.8179018
WOLFSKILL_Julius_Caesar_2098,0.010109055,0.33625466,-0.07781902,-0.72650504
WOLFSKILL_Platani_7967,-0.01318114,-0.3670823,-0.010963896,0.7867805
ALGERIA_Tizi Ouinine_414,-0.029137015,-0.42141145,0.024571085,0.90151405
WOLFSKILL_Imperator_p._264_1259,-0.016924512,0.32307667,-0.005297847,-0.70723057
WOLFSKILL_Unkown_Cultivar_5644,0.0215289,0.27094316,-0.090594396,-0.5941233
WOLFSKILL_Pinot_Nero_6980,-0.06463375,-0.34760952,0.17387392,0.8197737
WOLFSKILL_Charbono_5605,0.2035165,-0.041300792,-0.5019651,0.094043486
WOLFSKILL_Bequignol_4953,-0.032026708,-0.37242573,0.05677727,0.8178286
WOLFSKILL_Taschli_2648,-0.03742846,-0.35413387,0.08251617,0.78790665
WOLFSKILL_Yourutico_2275,-0.04427409,-0.41191718,0.09620847,0.91669774
WOLFSKILL_Fraula_Kihi_2057,0.10980078,0.17167948,-0.29410133,-0.37102202
WOLFSKILL_Ab_Jusht_884,-0.0838773,0.11816256,0.19316235,-0.267272
WOLFSKILL_Kishmishi_3118,-0.0148541285,-0.33900887,0.0036167558,0.7299969
WOLFSKILL_Ohanes_1514,-0.0216446,0.22176217,0.015022816,-0.50761396
WOLFSKILL_Fresno_32-139_523,-0.015797753,-0.42596254,-0.022192543,0.89430153
WOLFSKILL_UNKNOWN_CULTIVAR_9632,-0.08760081,-0.28263375,0.25094604,0.71303844
VINEYARDS_5C_cab_madera_y2019_492,0.335567,0.008116659,-0.8122394,-0.0061489157
WOLFSKILL_Esparte_9177,-0.014194188,-0.38943037,-0.012955105,0.83168685
WOLFSKILL_Mission_Jalama_6497,-0.03670098,0.40411818,0.04184825,-0.89587176
WOLFSKILL_Agoumastos_7828,-0.014574594,-0.35971665,-0.0046249386,0.7728222
WOLFSKILL_Terret_Noir_8032,-0.07649473,-0.28665128,0.21948381,0.7074044
WOLFSKILL_Aromatico_5323,-0.025433667,-0.42161927,0.01703818,0.90244544
WOLFSKILL_Ab_Jusht_885,-0.051638998,-0.33709705,0.12754522,0.7705774
WOLFSKILL_Kishmishi_3119,-0.032293882,0.35061082,0.029132625,-0.7790928
WOLFSKILL_Ohanes_1515,-0.022809587,0.3695243,-0.0013812575,-0.80548584
WOLFSKILL_Fraula_Kihi_2056,0.026660379,-0.22901462,-0.0916094,0.48979396
WOLFSKILL_Fresno_32-139_522,0.0013255924,0.11503495,-0.025518699,-0.27678367
WOLFSKILL_Taschli_2649,-0.03706114,-0.36542675,0.077357,0.8100768
WOLFSKILL_White_Elbling_7756,-0.013524999,-0.39502445,-0.017824575,0.83831334
UCDAVIS_VIOGNIER_429,-0.04406374,0.34427655,0.05773034,-0.77289724
WOLFSKILL_Yourutico_2274,-0.023886181,-0.41195175,0.013911473,0.8794105
WOLFSKILL_Meunier_6478,-0.032812595,-0.40854463,0.04506281,0.88631785
WOLFSKILL_Aromatico_5322,-0.028990574,-0.40906575,0.035869062,0.88165915
VINEYARDS_freedom_cab_madera_y2019_247,0.35984144,0.01192189,-0.8729916,-0.014914248
WOLFSKILL_Bakari_Mavro_5417,0.12291574,-0.2321072,-0.33393672,0.48450193
WOLFSKILL_UNKNOWN_CULTIVAR_9633,-0.01150781,0.30667502,-0.017140452,-0.67144156
VINEYARDS_5C_cab_madera_y2019_493,0.37754598,0.012689348,-0.9162627,-0.015582744
WOLFSKILL_Esparte_9176,-0.020053267,-0.43462843,-0.0060455482,0.9220316
WOLFSKILL_Terret_Noir_8033,-0.018974252,-0.3446504,0.013657501,0.7457305
WOLFSKILL_Mission_Jalama_6496,-0.022483759,0.3989246,-0.0040287115,-0.86637235
WOLFSKILL_Aitah_Ghulaman_901,0.05208774,-0.12420499,-0.13291068,0.28066382
WOLFSKILL_Julius_Caesar_2103,0.19541436,0.08914395,-0.48461795,-0.19559896
WOLFSKILL_Kishmishi_2872,-0.035987265,-0.2944964,0.08141758,0.6555963
WOLFSKILL_Fahri_2774,0.054467,-0.26330686,-0.16728985,0.5585177
WOLFSKILL_Daphne_2035,-0.029122595,0.38196087,0.014949074,-0.8378106
WOLFSKILL_Pinot_Noir_8121,-0.011909951,-0.381528,-0.01629746,0.8179441
WOLFSKILL_Triplett_T194-1_9352,-0.10461504,-0.18067753,0.29889792,0.4696601
WOLFSKILL_Gewurtztraminer_1795,0.040986087,-0.3617571,-0.15071985,0.766595
WOLFSKILL_Gruner_Veltlinger_9002,-0.014631891,-0.3689912,-0.008134838,0.78927326
WOLFSKILL_Markandi_2141,0.02744956,0.26688105,-0.10735751,-0.5816883
WOLFSKILL_Julius_Caesar_2102,-0.02955588,0.4199496,0.013415633,-0.91581017
WOLFSKILL_Aitah_Ghulaman_900,0.05594849,-0.21566068,-0.16433941,0.46193787
WOLFSKILL_Pinot_Noir_8120,-0.03473135,-0.4128458,0.053288586,0.89852166
WOLFSKILL_Cabernet_Sauvignon_5576,-0.11204309,0.12763311,0.26338077,-0.2775631
WOLFSKILL_Triplett_T194-1_9353,-0.06058959,-0.3314685,0.1659162,0.7802233
WOLFSKILL_Kishmishi_2873,-0.039022096,-0.33805972,0.08869674,0.75572205
WOLFSKILL_Fahri_2775,-0.022151478,-0.38572806,0.016005794,0.8319239
WOLFSKILL_Olivette_Noir_2602,-0.017766286,-0.37579626,0.0008278992,0.80109334
WOLFSKILL_Daphne_2034,-0.035001867,-0.46663225,0.041148208,1.0035697
WOLFSKILL_Tabyrn_4x_8763,-0.03889107,0.3686716,0.043136537,-0.8230709
WOLFSKILL_Tinta_Francisca_7534,-0.020351801,-0.41720915,-0.0041594766,0.8826425
VINEYARDS_freedom_chard_madera_y2018_4155,0.37377456,0.012930777,-0.9040388,-0.009623606
WOLFSKILL_De_Hero_Di_St._Vallier_1108,-0.09090105,-0.29258424,0.26523632,0.7448454
WOLFSKILL_White_Calabrian_712,-0.041080307,-0.35042936,0.09488941,0.78430915
WOLFSKILL_Seedless_Tokay_2380,-0.046258405,-0.33796147,0.11665719,0.76941025
WOLFSKILL_Arcathinoh_5306,0.040195413,0.28906494,-0.13805617,-0.625168
WOLFSKILL_Preto_Manteudo_7088,-0.029447153,-0.38679063,0.04126232,0.839489
VINEYARDS_1103P_chard_san_joaquin_y2019_2193,0.3985317,0.016904533,-0.9676373,-0.024462637
WOLFSKILL_Pinot_Noir_6966,-0.029871847,-0.3765368,0.0467439,0.8233296
WOLFSKILL_Sultana_Crimson_3647,0.022770189,-0.31696677,-0.09531949,0.6773875
WOLFSKILL_Tabyrn_4x_8762,0.02738208,-0.1669314,-0.080837846,0.36604273
VINEYARDS_freedom_chard_madera_y2018_4154,0.3723798,0.013987891,-0.90135956,-0.014773
WOLFSKILL_Tinta_Francisca_7535,-0.035702497,-0.41341972,0.0637002,0.9010915
WOLFSKILL_Pinot_Noir_6967,-0.04533507,0.28639975,0.06262798,-0.65058184
WOLFSKILL_Arcathinoh_5307,-0.00634004,-0.3409763,-0.019066589,0.7414752
WOLFSKILL_Preto_Manteudo_7089,-0.02988584,-0.40346864,0.037862636,0.8728317
WOLFSKILL_Sultana_Crimson_3646,-0.013013841,-0.3567483,-0.0037574824,0.7705547
WOLFSKILL_De_Hero_Di_St._Vallier_1109,-0.0637848,-0.26644352,0.17562282,0.6376579
UCDAVIS_VERDELHO_815,-0.050980486,0.36555016,0.07294967,-0.8244579
WOLFSKILL_White_Calabrian_713,-0.02326899,-0.3599878,0.026221124,0.78134495
WOLFSKILL_Joao_Santarem_6073,-0.05421829,-0.34414265,0.14377749,0.79405063
WOLFSKILL_Seedless_Tokay_2381,-0.021298867,0.3533485,-0.0012193453,-0.7762286
ALGERIA_Louali_321,-0.028829634,-0.41510364,0.02392993,0.88608634
WOLFSKILL_Red_Roumi_319,-0.021208186,-0.39812744,0.010233788,0.8570824
WOLFSKILL_Muscat_Gros_Noir_Hatif_1428,-0.09854226,-0.24269815,0.28729534,0.62646455
WOLFSKILL_Mavro_Spetzon_6445,0.009158513,-0.32529005,-0.0603562,0.6998595
WOLFSKILL_Gewurztraminer_5941,0.170867,-0.10291606,-0.43040922,0.22970596
WOLFSKILL_Orange_Muscat_501,-0.031106971,-0.38538235,0.04732924,0.84113497
WOLFSKILL_Limberger_4767,-0.029728942,-0.38830048,0.041431807,0.8442716
WOLFSKILL_Tannat_7461,-0.027546562,-0.40644705,0.026121689,0.87214124
WOLFSKILL_Talia_7453,-0.02524522,-0.3792969,0.03040248,0.8231474
WOLFSKILL_Gamay_Freaux_9236,0.14086181,0.111681834,-0.35554153,-0.23755705
WOLFSKILL_Carignane_8102,-0.021860715,-0.396429,0.012471622,0.85493815
WOLFSKILL_Muscat_Gros_Noir_Hatif_1429,-0.069224276,-0.26681718,0.19609728,0.64433324
WOLFSKILL_Gewurztraminer_5940,0.012562567,0.3341441,-0.07895698,-0.7248586
WOLFSKILL_Mavro_Spetzon_6444,0.0017979769,0.29991686,-0.04881318,-0.6598032
ALGERIA_Louali_320,-0.03125982,-0.39769855,0.03739442,0.8534423
WOLFSKILL_Red_Roumi_318,-0.006522918,-0.4055907,-0.041215286,0.85455495
WOLFSKILL_Carignane_8103,-0.03729851,-0.42935348,0.05772683,0.93543506
WOLFSKILL_Talia_7452,-0.028466947,-0.42191482,0.02992248,0.9087546
WOLFSKILL_Orange_Muscat_500,-0.024260957,-0.3771862,0.027655898,0.82167315
VINEYARDS_1103P_cab_merced_y2019_71,0.30134484,0.013830375,-0.72974026,-0.024623659
WOLFSKILL_Tannat_7460,-0.019012883,-0.37759882,0.0033828337,0.8007897
VINEYARDS_freedom_cab_merced_y2019_1654,0.34063095,0.012279723,-0.8254448,-0.018008586
WOLFSKILL_Terret_Bourret_7504,-0.07824839,-0.2169037,0.23202133,0.5431068
WOLFSKILL_Olmo_j5-58_9083,-0.029271018,-0.39239904,0.03936179,0.8554747
WOLFSKILL_Satino_7258,-0.0098107355,-0.3307963,-0.0098715145,0.7110411
WOLFSKILL_Seedless_Emperor_1739,-0.01598375,-0.38403994,-0.0055772457,0.82272947
WOLFSKILL_Primitivo_de_Gioia_2_9207,-0.06455197,-0.32412174,0.18508203,0.7748807
WOLFSKILL_Unknown_Cultivar_6325,0.0059556006,-0.32617015,-0.053771667,0.6976684
WOLFSKILL_Terret_Bourret_7505,-0.036349814,0.3703239,0.03455738,-0.82084435
VINEYARDS_freedom_cab_merced_y2019_1655,0.3427491,0.0071989037,-0.8281711,-0.0018455349
VINEYARDS_1103P_cab_san_joaquin_y2019_2008,0.32582313,0.0042025335,-0.78602064,0.0042124055
WOLFSKILL_Unknown_Cultivar_6324,-0.04553839,-0.35683626,0.10826833,0.803493
WOLFSKILL_Satino_7259,-0.04692842,-0.36258757,0.11085815,0.81786156
WOLFSKILL_Roussas_8007,-0.007950748,-0.33916378,-0.01759791,0.7338446
WOLFSKILL_Olmo_035-47_3325,-0.0025237473,0.26420718,-0.034467407,-0.59059536
WOLFSKILL_Green_Veltliner_4610,-0.010237976,-0.3975671,-0.025665298,0.84577477
WOLFSKILL_Chasselas_Dore_5628,-0.08605163,-0.27711535,0.25593978,0.69985354
WOLFSKILL_Boyalsing_II_8797,-0.024885517,-0.40581948,0.022690615,0.8782519
WOLFSKILL_Seedless_Tokay_2420,-0.015369766,-0.30616355,0.014115004,0.66858613
WOLFSKILL_Emerald_Riesling_5749,0.05301448,-0.22712342,-0.1578407,0.48589528
WOLFSKILL_Pfeffer_8652,-0.056100808,-0.3226513,0.14617294,0.74595064
WOLFSKILL_Adjem_Misquet_4,0.0015291469,-0.15944944,-0.007372166,0.34365466
WOLFSKILL_Shuwarti_3505,-0.022187639,-0.39561602,0.013802009,0.8470417
WOLFSKILL_Araclinos_5290,-0.06542037,0.36714745,0.10942019,-0.8374866
WOLFSKILL_Stravaganza_Vidor_603,-0.042156488,0.35531324,0.051200382,-0.79670817
WOLFSKILL_Chasselas_Dore_5629,0.08557358,0.15811789,-0.22725531,-0.3403787
WOLFSKILL_Green_Veltliner_4611,-0.028508294,-0.36701632,0.044873543,0.8023215
VINEYARDS_5C_chard_san_joaquin_y2019_1395,0.37658694,0.0147806145,-0.9138335,-0.017703455
WOLFSKILL_Roussas_8006,-0.033763647,-0.43964073,0.03930585,0.9436988
WOLFSKILL_Olmo_035-47_3324,-0.028365985,-0.43186688,0.024168817,0.92652893
WOLFSKILL_Yellow_Ortlieber_7789,-0.03167784,-0.43202174,0.033849925,0.9325238
WOLFSKILL_Stravaganza_Vidor_602,-0.007336558,0.29353184,-0.027800296,-0.6477396
WOLFSKILL_Adjem_Misquet_5,-0.027704537,-0.31866813,0.056574292,0.7015725
WOLFSKILL_Shuwarti_3504,0.025802825,-0.27244297,-0.093712874,0.58310074
WOLFSKILL_Araclinos_5291,0.2992709,0.0064866506,-0.72619677,-0.0021395013
WOLFSKILL_Boyalsing_II_8796,0.14900595,-0.028272372,-0.37276557,0.05171223
WOLFSKILL_Pfeffer_8653,0.10072867,0.17105229,-0.26629883,-0.368976
WOLFSKILL_Seedless_Tokay_2421,-0.030883454,-0.39824492,0.040242933,0.86349285
WOLFSKILL_Emerald_Riesling_5748,0.019265972,-0.23482482,-0.06821112,0.51469123
WOLFSKILL_Oki_di_Boi_6778,-0.030756451,-0.41456422,0.040592402,0.8983318
WOLFSKILL_Malbec_6306,-0.053304948,-0.30901593,0.13908604,0.7103933
WOLFSKILL_Korfiatis_6194,0.0399761,0.26838624,-0.13611765,-0.5837522
WOLFSKILL_Muscat_Caillaba_700,-0.06755442,-0.3006121,0.19262904,0.7237375
WOLFSKILL_Cinsaut_8684,-0.024036925,-0.39330018,0.01808394,0.84652066
WOLFSKILL_Khawngi_4219,-0.027279384,-0.4407701,0.014986945,0.9349434
VINEYARDS_1103P_chard_madera_y2019_1710,0.40189776,0.016189244,-0.9755714,-0.018652365
WOLFSKILL_Cannon_Hall_1020,-0.054188512,-0.2978616,0.14065494,0.6894064
WOLFSKILL_Precoce_D_astrachan_2637,0.3219113,-0.01605379,-0.77783585,0.052301586
VINEYARDS_5C_chard_merced_y2019_346,0.41352347,0.0166158,-1.0043982,-0.020794135
WOLFSKILL_Sylvaner_7425,0.08489057,0.08700895,-0.22015192,-0.20042966
WOLFSKILL_Argant_4996,-0.13608131,0.020495541,0.35323226,-0.0015024282
WOLFSKILL_Princess_4276,-0.028759964,-0.37167948,0.04224591,0.8071199
VINEYARDS_5C_cab_san_joaquin_y2019_97,0.40494296,0.013569076,-0.9808066,-0.008019511
WOLFSKILL_Khawngi_4218,-0.035171986,0.3513522,0.036859028,-0.7842077
VINEYARDS_1103P_chard_madera_y2019_1711,0.3552967,0.012740176,-0.8627708,-0.0195602
WOLFSKILL_Korfiatis_6195,-0.026590511,0.3584178,0.014933517,-0.7923879
WOLFSKILL_Oki_di_Boi_6779,0.28059557,0.0134785175,-0.67893875,-0.021962445
WOLFSKILL_Malbec_6307,-0.121605285,-0.31397092,0.3516639,0.8257756
WOLFSKILL_Cinsaut_8685,-0.0066222847,-0.3941933,-0.037256807,0.8333712
WOLFSKILL_Argant_4997,0.26222196,0.03254642,-0.6322906,-0.06694768
WOLFSKILL_Sylvaner_7424,-0.028549694,-0.4223128,0.029718095,0.9082758
WOLFSKILL_Cannon_Hall_1021,-0.021143071,-0.32692716,0.03037837,0.7123919
WOLFSKILL_Precoce_D_astrachan_2636,-0.026305184,-0.3850261,0.02904327,0.82825184
WOLFSKILL_UNKNOWN_CULTIVAR_6862,-0.024762444,-0.34201777,0.042648785,0.7531973
WOLFSKILL_Bombino_Bianco_5522,-0.025530912,0.3903066,0.006791858,-0.8513477
WOLFSKILL_Pizzutello_66,-0.020836893,0.3878584,-0.0036778674,-0.8411118
WOLFSKILL_Mavrokorakas_6428,0.35532567,-0.019448537,-0.86033225,0.06303942
WOLFSKILL_Littorio_i.p._90_1340,-0.0035508713,-0.34367502,-0.0332461,0.73076993
VINEYARDS_1103P_chard_san_joaquin_y2019_1989,0.37783086,0.012185678,-0.9153309,-0.010216437
WOLFSKILL_Kali_Sahehi_1281,-0.03718783,-0.34104925,0.08495059,0.7598895
WOLFSKILL_Yaghotti_No._2_3065,-0.019616362,-0.3657078,0.010309642,0.7868389
VINEYARDS_freedom_cab_merced_y2019_1183,0.33448845,0.0064566694,-0.8078633,-0.001994554
WOLFSKILL_Barmak_Isium_763,-0.024159756,0.36088026,0.0067688767,-0.7929146
WOLFSKILL_Marzemino_6398,0.0039913883,-0.32759658,-0.05216626,0.6957599
WOLFSKILL_Dan_Ben_Hanna_3699,-0.037995696,-0.382899,0.0756939,0.8486255
WOLFSKILL_Red_Roumi_266,0.40031996,0.015182082,-0.9687838,-0.015979923
WOLFSKILL_Souzao_No._809_7365,-0.036999837,-0.42267156,0.058685318,0.9183741
WOLFSKILL_Triplett_F101-4_9320,-0.052920636,-0.36082,0.13831645,0.8321723
VINEYARDS_1103P_cab_san_joaquin_y2018_2946,0.33718014,0.01011451,-0.8165502,-0.010039058
WOLFSKILL_Trincadeiro_7604,0.02238759,0.25405163,-0.09177979,-0.56032497
WOLFSKILL_Tinta_Mole_7569,-0.02514983,-0.3863964,0.0224457,0.830324
WOLFSKILL_UNKNOWN_CULTIVAR_6863,0.0012895446,0.35650033,-0.056930706,-0.77014744
WOLFSKILL_Bombino_Bianco_5523,-0.009945204,-0.36363044,-0.020158242,0.77710164
WOLFSKILL_Triplett_F101-4_9321,-0.020882305,-0.42531067,-0.00023414567,0.90383744
WOLFSKILL_Red_Roumi_267,0.018184174,0.28870463,-0.08299735,-0.62829435
WOLFSKILL_Souzao_No._809_7364,-0.03656944,-0.44359368,0.055109277,0.95620084
VINEYARDS_1103P_cab_san_joaquin_y2018_2947,0.38441727,0.013334345,-0.9323514,-0.015419956
WOLFSKILL_Littorio_i.p._90_1341,-0.018452652,-0.29469314,0.022159709,0.63948524
WOLFSKILL_Kali_Sahehi_1280,-0.1353019,-0.15635388,0.39507717,0.45139188
WOLFSKILL_Mavrokorakas_6429,-0.008757471,-0.38685626,-0.026283966,0.82861793
WOLFSKILL_Barmak_Isium_762,0.092319205,0.05164371,-0.23960379,-0.12525815
VINEYARDS_freedom_cab_merced_y2019_1182,0.34934303,0.010177854,-0.84525144,-0.010371495
WOLFSKILL_Dan_Ben_Hanna_3698,-0.040335543,0.38188222,0.04712286,-0.85424376
WOLFSKILL_Yaghotti_No._2_3064,-0.032484777,-0.43066928,0.03783679,0.92626417
WOLFSKILL_Ehrenfelser_5039,-0.05078689,-0.34983724,0.1294379,0.7998555
WOLFSKILL_Neiretto_Verzuolo_6758,-0.046188816,-0.38711864,0.10512113,0.8669572
WOLFSKILL_Dizmar_1139,-0.027865168,-0.41492605,0.027679509,0.89356005
WOLFSKILL_CG_1481_3395,-0.03022978,0.36447838,0.024728348,-0.80536723
WOLFSKILL_Beli_Potok_4899,-0.016357359,-0.43024114,-0.023426345,0.88978636
WOLFSKILL_UNKNOWN_CULTIVAR_9645,0.2759162,-0.010329785,-0.667533,0.031537727
WOLFSKILL_Sahibi_1697,-0.035771668,-0.32760936,0.081092946,0.7277639
WOLFSKILL_Augustiatico_2011,0.03290729,0.22824688,-0.11464378,-0.5028993
WOLFSKILL_Olmo_030-37_3214,0.2588788,0.0075812303,-0.6244304,-0.010894265
WOLFSKILL_Moscatel_Galego_6547,-0.112538606,0.057118695,0.2851774,-0.10248041
WOLFSKILL_Stavrohioticoh_7405,-0.055025265,0.36113405,0.083647236,-0.81730103
WOLFSKILL_UNKNOWN_CULTIVAR_9644,0.034925885,-0.22862624,-0.11524683,0.48329264
WOLFSKILL_Augustiatico_2010,0.0075483695,-0.35918185,-0.06446352,0.7661958
WOLFSKILL_Olmo_030-37_3215,-0.02628925,-0.39033437,0.028633451,0.84078145
WOLFSKILL_Ehrenfelser_5038,0.008030477,-0.37706,-0.077021725,0.79081786
WOLFSKILL_Neiretto_Verzuolo_6759,0.030091979,-0.23076855,-0.09767949,0.5034871
WOLFSKILL_Dizmar_1138,-0.026577927,-0.38717538,0.030374737,0.8405901
WOLFSKILL_CG_1481_3394,-0.05548244,-0.37397254,0.14708053,0.8677509
WOLFSKILL_Beli_Potok_4898,-0.008411039,-0.42911816,-0.043781534,0.8977462
WOLFSKILL_Stavrohioticoh_7404,-0.017995149,-0.38896745,-2.3143366e-05,0.83572805
WOLFSKILL_Saint_Laurent_9274,-0.031956498,-0.41154653,0.044505723,0.89117175
WOLFSKILL_Fakdi_2051,-0.0341774,0.38898408,0.027232641,-0.8577646
VINEYARDS_UNKNOWN_ID_4473,0.35225883,0.002991654,-0.84946096,0.012604855
WOLFSKILL_Selection_360_4052,-0.03413769,-0.43622947,0.04242497,0.93669385
WOLFSKILL_Parianoh_6820,-0.019633032,0.33897084,-0.0028297976,-0.7452824
WOLFSKILL_Dan_Ben_Chana_3572,-0.031146824,-0.39804614,0.046298258,0.86649734
VINEYARDS_1103P_chard_madera_y2018_4209,0.33002624,0.015772328,-0.7990352,-0.027916607
ALGERIA_Ichmoul_Bacha_273,-0.014530701,-0.36283576,-0.0067024324,0.7716187
WOLFSKILL_Selection_360_4053,0.13275811,0.1600645,-0.34535205,-0.33909443
VINEYARDS_5C_cab_madera_y2018_2611,0.33377454,0.012506675,-0.809574,-0.018351663
WOLFSKILL_Gamay_Toma_4945,-0.069204725,-0.3201204,0.19736582,0.7714
WOLFSKILL_Fakdi_2050,-0.082500085,0.29862624,0.15094587,-0.69042385
VINEYARDS_freedom_chard_san_joaquin_y2018_2529,0.3443655,0.014485177,-0.8347504,-0.021892268
VINEYARDS_UNKNOWN_ID_4472,0.36785343,0.009624261,-0.88896006,-0.0027717464
WOLFSKILL_Thompson_Seedless_1846,-0.04280004,-0.38815415,0.10056456,0.8682106
ALGERIA_Ichmoul_Bacha_272,-0.028975498,-0.42091233,0.03124406,0.90422916
VINEYARDS_1103P_chard_madera_y2018_4208,0.3484997,0.011321504,-0.8441757,-0.01115128
WOLFSKILL_Parianoh_6821,-0.13652717,0.18638478,0.3032375,-0.4266782
WOLFSKILL_Dan_Ben_Chana_3573,-0.033279277,-0.3742885,0.059485726,0.82155025
WOLFSKILL_Vaftra_vaspa_7645,-0.028950077,-0.36819765,0.0446039,0.80543053
WOLFSKILL_Khalili_2862,-0.04396286,-0.29471332,0.11175945,0.66681695
WOLFSKILL_UNKNOWN_CULTIVAR_2566,-0.032316666,-0.38453013,0.053654604,0.84057736
WOLFSKILL_Beli_Potok_4903,-0.02913097,-0.28643373,0.06632567,0.63170165
WOLFSKILL_Unkown_Cultivar_5366,-0.057568125,-0.36539438,0.15198798,0.8524086
WOLFSKILL_Kalamak_3081,0.21017809,-0.018491898,-0.5128272,0.040180724
WOLFSKILL_Perruno_4643,-0.0062118536,-0.35889494,-0.025035314,0.7747677
WOLFSKILL_French_Colombard_5851,0.2685909,0.03710742,-0.65274835,-0.07836354
VINEYARDS_5C_cab_madera_y2019_1319,0.36269888,0.0117191225,-0.87878865,-0.010307867
VINEYARDS_1103P_cab_san_joaquin_y2019_736,0.3925626,0.0101444125,-0.9479836,-8.6244196e-05
WOLFSKILL_Moscato_D_adda_355,-0.0044706995,-0.40195945,-0.046905935,0.84590673
WOLFSKILL_Kalamak_3080,-0.031480633,0.3259977,0.030259652,-0.72872186
WOLFSKILL_UNKNOWN_CULTIVAR_2567,-0.03189928,0.38309798,0.025004925,-0.84634256
WOLFSKILL_Unkown_Cultivar_5367,-0.0415743,-0.38288832,0.091225065,0.85352874
WOLFSKILL_Beli_Potok_4902,-0.019115444,-0.36907223,0.010618819,0.78410983
ALGERIA_Amer Bouamar_79,-0.023110792,-0.4438369,-0.011125913,0.92004645
VINEYARDS_5C_cab_madera_y2019_1318,0.3655446,0.013282429,-0.88620543,-0.015140109
VINEYARDS_1103P_cab_san_joaquin_y2019_737,0.31402335,0.013235722,-0.7621704,-0.025014784
WOLFSKILL_French_Colombard_5850,-0.10765223,0.29415572,0.21646059,-0.69236034
WOLFSKILL_Moscato_D_adda_354,-0.041886285,0.372814,0.052391775,-0.8347235
WOLFSKILL_Perruno_4642,-0.024120621,-0.3803131,0.02521971,0.82637
WOLFSKILL_Folle_Blanche_7056,-0.063848116,-0.31532687,0.17768475,0.7487776
WOLFSKILL_Black_Queen_724,-0.035385612,-0.3066122,0.081038035,0.6843567
WOLFSKILL_Alulu_21,-0.008516071,-0.40437847,-0.036552884,0.8540108
WOLFSKILL_Gamay_Burgoyne_5909,0.004267904,0.33628702,-0.058009937,-0.7295984
VINEYARDS_freedom_cab_merced_y2019_2122,0.39274698,0.013189506,-0.9506445,-0.009879909
VINEYARDS_1103P_chard_san_joaquin_y2018_4829,0.36398724,0.011316396,-0.8807893,-0.0077919625
WOLFSKILL_Gewurztraminer_5936,-0.0024891077,0.29502404,-0.038446113,-0.6530838
ALGERIA_Louali_356,-0.022802532,-0.4123615,0.0041355137,0.8698051
WOLFSKILL_Rodites_2306,0.036835544,0.171786,-0.120558076,-0.39072916
VINEYARDS_freedom_cab_san_joaquin_y2018_4366,0.31593475,0.013891991,-0.7636423,-0.019839969
WOLFSKILL_Seeded_Thompson_2427,-0.025053255,-0.35444683,0.038400054,0.7759893
VINEYARDS_freedom_cab_merced_y2019_2123,0.35452446,0.011202831,-0.8587969,-0.013095502
VINEYARDS_1103P_chard_san_joaquin_y2019_152,0.3653838,0.010704689,-0.8837174,-0.006681837
WOLFSKILL_Folle_Blanche_7057,-0.04126968,-0.34662467,0.10089203,0.7758701
WOLFSKILL_Black_Queen_725,-0.042222455,-0.34374154,0.0986002,0.7713423
WOLFSKILL_Rodites_2307,-0.0011685882,0.38380557,-0.056601003,-0.8238841
ALGERIA_Louali_357,0.0028631436,-0.3364516,-0.05139128,0.7125892
WOLFSKILL_Muscat_of_Alexandria_6539,-0.14422692,-0.05655209,0.38363028,0.19520296
WOLFSKILL_Gewurztraminer_5937,-0.0020543216,-0.33688232,-0.034188684,0.7276311
VINEYARDS_5C_chard_san_joaquin_y2018_2516,0.38575438,0.012142558,-0.934191,-0.009908441
VINEYARDS_5C_chard_merced_y2018_5050,-0.039555132,0.39763516,0.041087084,-0.8807744
VINEYARDS_freedom_chard_san_joaquin_y2019_998,-0.035958663,-0.43570712,0.051858507,0.94478405
ALGERIA_Babari_159,-0.014132469,-0.39110026,-0.012274895,0.83379394
VINEYARDS_1103P_cab_merced_y2019_1599,0.39487112,0.01020848,-0.9560724,-0.0016218349
WOLFSKILL_Triplett_T82-4B_9399,-0.023157816,-0.39046633,0.018092675,0.8439925
WOLFSKILL_Delight_1116,-0.016386978,-0.413408,-0.011360083,0.8791015
WOLFSKILL_Pinot_Noir_6983,-0.026453558,-0.419284,0.018590307,0.896258
WOLFSKILL_Gustolidi_5953,-0.06997394,-0.3382492,0.19457206,0.8147512
WOLFSKILL_Catarratto_8300,-0.055316713,-0.3243575,0.14613992,0.75407964
WOLFSKILL_Muscat_Of_Alexandria_3130,-0.022049472,-0.38451108,0.015310137,0.825214
WOLFSKILL_Hongjixin_300,-0.009865084,0.33047435,-0.023523144,-0.7218348
VINEYARDS_freedom_cab_madera_y2018_4216,0.3798123,0.011352275,-0.9188138,-0.0073244236
WOLFSKILL_Doradillo_8857,0.065111294,-0.21796252,-0.18915142,0.4674904
WOLFSKILL_Chasselas_Rouge_4225,0.005179045,-0.3169637,-0.050364673,0.6739134
WOLFSKILL_Kozanitis_6204,0.03715099,0.30110055,-0.13809845,-0.64875144
WOLFSKILL_Black_Corinth_2351,-0.053834647,-0.29463533,0.14709193,0.68558097
VINEYARDS_1103P_chard_madera_y2018_3962,-0.03175231,0.388691,0.024678944,-0.85659647
WOLFSKILL_Gustolidi_5952,0.10757637,0.1770698,-0.28569794,-0.3766193
VINEYARDS_5C_chard_merced_y2018_5051,-0.045748726,0.32956666,0.06867606,-0.746997
VINEYARDS_5C_chard_san_joaquin_y2018_2517,0.36064196,0.0125099905,-0.8739481,-0.014593501
ALGERIA_Babari_158,-0.0118163815,-0.37353855,-0.016474456,0.79522884
WOLFSKILL_Delight_1117,-0.024942234,-0.38481933,0.027352301,0.83866847
WOLFSKILL_Pinot_Noir_6982,-0.021044564,-0.399054,0.008457521,0.85721934
VINEYARDS_1103P_cab_merced_y2019_1598,0.37752798,0.01438174,-0.9165173,-0.016998943
WOLFSKILL_Black_Corinth_2350,-0.05783534,-0.28326204,0.15396911,0.6630175
WOLFSKILL_Kozanitis_6205,-0.0065281363,-0.3948299,-0.037063673,0.83836484
WOLFSKILL_Catarratto_8301,-0.0092640845,-0.3412749,-0.01642054,0.73773134
WOLFSKILL_Muscat_Of_Alexandria_3131,0.010139476,-0.3562098,-0.07397729,0.7515727
WOLFSKILL_Hongjixin_301,-0.024966441,-0.4432786,0.008039279,0.94527596
WOLFSKILL_Mrs_Pince_Black_Muscat_460,-0.07306453,0.29908338,0.13109727,-0.6922668
WOLFSKILL_Hermitage_4750,-0.037677906,-0.4141022,0.063993864,0.904799
WOLFSKILL_Stambulari_stambul_Ali_875,-0.0074722664,-0.3705359,-0.029383274,0.7874611
WOLFSKILL_Muscat_Bowood_3125,-0.0895802,0.24913724,0.17890969,-0.59087265
WOLFSKILL_Barbera_5395,0.014891298,-0.27180126,-0.06817654,0.5778462
VINEYARDS_1103P_chard_madera_y2018_4167,0.38336143,0.020213682,-0.9307899,-0.034308862
WOLFSKILL_White_Cabernet_8190,-0.057589173,-0.26357362,0.15692934,0.62289023
WOLFSKILL_Kabajink_6081,-0.03445973,0.3579446,0.03435789,-0.79648554
WOLFSKILL_Muscat_Bowood_3124,0.08920159,0.13534234,-0.23820858,-0.29807663
WOLFSKILL_Stambulari_stambul_Ali_874,-0.06436097,0.4062168,0.10987655,-0.9211095
WOLFSKILL_Mrs_Pince_Black_Muscat_461,-0.045589417,-0.30124113,0.11907502,0.6885717
WOLFSKILL_Daphnata_daphnia_5700,-0.088217,0.34060335,0.16521953,-0.78978586
WOLFSKILL_White_Cabernet_8191,-0.037226804,0.08887687,0.06924257,-0.21640879
WOLFSKILL_Mausac_Blanc_6414,-0.016783029,-0.34954774,0.009563116,0.75788844
WOLFSKILL_Barbera_5394,0.002016577,-0.3356809,-0.05317705,0.6997428
VINEYARDS_1103P_chard_madera_y2018_4166,0.28109148,0.032529,-0.6825969,-0.06812902
VINEYARDS_5C_cab_san_joaquin_y2019_783,0.3349329,0.013845142,-0.8112843,-0.02117556
WOLFSKILL_Longyan_4919,-0.05216029,-0.34826767,0.12937456,0.800683
WOLFSKILL_Aspruda_Santorinih_7846,-0.07655429,-0.30898553,0.21583886,0.7617107
WOLFSKILL_Fernao_Pires_5797,0.20228489,-0.10460845,-0.50903815,0.22840534
VINEYARDS_5C_cab_madera_y2019_477,0.32840067,0.013198793,-0.79563314,-0.019007515
WOLFSKILL_Precoce_D_astrachan_2640,-0.027478553,-0.40968314,0.027881542,0.8828324
WOLFSKILL_Agwam_8833,-0.005549362,-0.35683239,-0.02516485,0.7704816
VINEYARDS_freedom_chard_san_joaquin_y2018_3226,0.38260502,0.013116274,-0.92868423,-0.016255926
WOLFSKILL_Slankamenka_7339,0.24211782,0.019373689,-0.5859237,-0.03813527
VINEYARDS_freedom_chard_merced_y2019_406,0.38493225,0.014383558,-0.9344801,-0.019313168
WOLFSKILL_Hibron_Blanc_6035,-0.018713783,0.30108845,0.0035525765,-0.6740906
WOLFSKILL_Aspruda_Santorinih_7847,-0.11051067,-0.17635593,0.3183555,0.46940917
WOLFSKILL_Longyan_4918,-0.022904899,0.14654614,0.029749995,-0.34839696
VINEYARDS_5C_cab_madera_y2019_476,0.3495881,0.005445,-0.8456052,0.0065382235
WOLFSKILL_Precoce_D_astrachan_2641,-0.19103132,0.00086513534,0.5079129,0.09115242
VINEYARDS_freedom_chard_merced_y2019_407,0.38905284,0.015776992,-0.944346,-0.022436012
UCDAVIS_MARSANNE_328,0.35118562,0.014647838,-0.8560324,-0.023724858
WOLFSKILL_Slankamenka_7338,0.23310436,-0.018170351,-0.56866413,0.053091392
WOLFSKILL_Hibron_Blanc_6034,-0.018455762,-0.34478173,0.020485016,0.756765
WOLFSKILL_Pinot_Fin_6961,-0.1025865,-0.1939265,0.30826852,0.5120094
WOLFSKILL_Muscat_Of_Hungary_706,-0.03692459,-0.36287567,0.075963266,0.804889
WOLFSKILL_Fokianoh_5828,-0.023827828,-0.3617949,0.030230666,0.78846717
WOLFSKILL_Anatolitico_5271,-0.11156869,0.19752549,0.2366724,-0.4591912
WOLFSKILL_Summer_Muscat_4277,0.016304456,0.3073174,-0.084558554,-0.6708847
WOLFSKILL_Chasselas_Rose_Royal_445,-0.07953996,-0.29149324,0.23415503,0.7248588
WOLFSKILL_Diamond_Jubilee_1124,-0.02883285,-0.39115268,0.042305082,0.85773957
WOLFSKILL_Rubired_7234,0.29426703,0.024227142,-0.71355087,-0.04667441
WOLFSKILL_Carignane_8706,-0.033133082,-0.38774103,0.05455803,0.85019666
WOLFSKILL_Boyalsing_I_8792,0.30388546,0.013049487,-0.7412622,-0.025741238
WOLFSKILL_Sylvaner_749_9459,0.27058563,-0.008437984,-0.65561956,0.027551804
WOLFSKILL_Melon_6454,-0.053276174,0.38914177,0.08060985,-0.87704074
WOLFSKILL_Pinot_Fin_6960,-0.102828905,-0.2590138,0.30612516,0.6766628
WOLFSKILL_Muscat_Of_Hungary_707,-0.00994656,-0.33762997,-0.011958158,0.7263359
WOLFSKILL_Carignane_8707,-0.0035214098,-0.3599846,-0.03548425,0.7703808
WOLFSKILL_Anatolitico_5270,0.019472321,0.31403026,-0.09726922,-0.6819648
WOLFSKILL_Diamond_Jubilee_1125,-0.02868586,-0.39674407,0.035855338,0.864547
WOLFSKILL_Rubired_7235,0.30431342,0.012653794,-0.7364171,-0.022235405
WOLFSKILL_Olivette_Noire_2479,-0.016298097,-0.3698964,-0.00055527687,0.79273474
WOLFSKILL_Chasselas_Rose_Royal_444,0.13872015,-0.19663055,-0.365541,0.41380554
WOLFSKILL_Mourvedre_Famellestadt_811,-0.030812666,-0.4269002,0.03364388,0.91627324
WOLFSKILL_Torrontes_Riojano_9494,-0.071424596,0.20740452,0.13355133,-0.4869169
VINEYARDS_freedom_chard_merced_y2019_1190,0.36205524,0.010405425,-0.8767311,-0.007485941
WOLFSKILL_Pais_1564,-0.025235526,-0.4158765,0.016069269,0.8856008
WOLFSKILL_Estellat_1177,-0.030599214,-0.40829325,0.03895633,0.8842603
WOLFSKILL_Kali_Sag_4064,-0.14202137,-0.0651199,0.38022935,0.21269795
VINEYARDS_1103P_chard_san_joaquin_y2018_4462,0.37616602,0.016035084,-0.913702,-0.025772575
VINEYARDS_5C_cab_madera_y2018_4736,0.35408774,0.010433517,-0.8576585,-0.008397449
WOLFSKILL_Red_Roumi_Tanta_610,-0.018146254,-0.33591104,0.014156783,0.72847843
WOLFSKILL_Aspiran_Noir_5343,0.15633114,-0.14809456,-0.40506947,0.3144009
WOLFSKILL_Cortese_5678,0.030978192,0.2612872,-0.11048364,-0.57137924
WOLFSKILL_Verdelho_7676,-0.05133974,-0.3013281,0.13405488,0.69349843
WOLFSKILL_Tokay_1836,-0.097862296,0.1903995,0.19923005,-0.45091823
WOLFSKILL_Kali_Sag_4065,-0.05178753,-0.23678012,0.14476757,0.5595476
VINEYARDS_1103P_chard_san_joaquin_y2018_4463,0.3815039,0.012902357,-0.92389977,-0.012883071
WOLFSKILL_Estellat_1176,-0.09765316,-0.14095993,0.2776457,0.36995375
VINEYARDS_5C_cab_madera_y2018_4737,0.3725271,0.013010073,-0.9026805,-0.013036165
WOLFSKILL_Mourvedre_Famellestadt_810,-0.02776613,-0.4410178,0.016073247,0.9369399
VINEYARDS_freedom_chard_merced_y2019_1191,0.40595755,0.01731952,-0.98513055,-0.021552827
UCDAVIS_PINOTAGE_724,-0.022877567,0.37641096,0.00011813268,-0.82041866
WOLFSKILL_Tokay_1837,0.16398232,-0.039708503,-0.41247067,0.08674574
WOLFSKILL_Cortese_5679,0.1797623,-0.10940623,-0.45572206,0.2400934
WOLFSKILL_Red_Roumi_Tanta_611,0.035844482,-0.28547138,-0.1240537,0.60192114
WOLFSKILL_Aspiran_Noir_5342,-0.07727092,0.23170461,0.14728415,-0.5481032
WOLFSKILL_Khalili_277,0.069795884,0.23155479,-0.20019644,-0.50108576
WOLFSKILL_Bixby_8202,-0.018041398,-0.4212008,-0.010891078,0.8926467
VINEYARDS_5C_cab_madera_y2018_4262,0.38377237,0.012684301,-0.9301903,-0.012484226
WOLFSKILL_Mermark_7946,-0.020690747,-0.38120317,0.010775847,0.8194797
WOLFSKILL_Moscato_Di_Terracina_4504,-0.0047213202,-0.3462201,-0.032790102,0.72746825
ALGERIA_Ahmeur Bou Ahmeur_43,-0.014948298,-0.4142166,-0.030098302,0.857435
WOLFSKILL_G4-74_Seedless_Calmeria_4195,0.018334314,0.2792692,-0.08647304,-0.6106241
WOLFSKILL_Nasa_Veltliner_6700,-0.029514149,-0.35043085,0.05151833,0.76950073
WOLFSKILL_Ithani_Mavro_8381,-0.03960884,0.3557275,0.046237074,-0.7952442
WOLFSKILL_Mermark_7947,-0.023641977,-0.38946038,0.022893405,0.8429514
WOLFSKILL_Khalili_276,0.23570137,0.029263135,-0.5743201,-0.06548548
WOLFSKILL_Bixby_8203,-0.03835981,-0.34484714,0.08094647,0.7677003
WOLFSKILL_Nasa_Veltliner_6701,-0.00049896305,-0.29252186,-0.031018041,0.62657654
WOLFSKILL_Ithani_Mavro_8380,-0.006601344,-0.3921798,-0.03638853,0.8348845
WOLFSKILL_G4-74_Seedless_Calmeria_4194,0.025122728,-0.3379665,-0.11014647,0.7074995
WOLFSKILL_Bermestia_Violacea_5432,-0.03616723,0.40873918,0.029127495,-0.8978923
WOLFSKILL_b_40-4_Mlc_3832,0.032807056,-0.31580117,-0.12627436,0.65668523
WOLFSKILL_Futuna_699_220,-0.023718502,-0.36609825,0.024864612,0.79196566
VINEYARDS_freedom_chard_san_joaquin_y2018_4594,0.3692083,0.013247747,-0.8934889,-0.014039975
WOLFSKILL_5-15_2504,-0.029662699,0.27395806,0.030931754,-0.62051266
WOLFSKILL_Montils_6525,0.015341268,0.23294194,-0.07195662,-0.521085
VINEYARDS_5C_chard_merced_y2019_542,0.35530528,0.01234968,-0.8617653,-0.016692992
WOLFSKILL_Mamelon_2138,0.1772022,0.02083496,-0.42618337,-0.045404565
WOLFSKILL_Chasselas_Michel_Tompa_402,-0.02471324,-0.3728652,0.027842307,0.79872084
WOLFSKILL_Shindu_Khari_2946,-0.09539306,0.22772838,0.19333515,-0.54179835
WOLFSKILL_Perle_9139,0.011900177,-0.32248357,-0.0743436,0.67887944
WOLFSKILL_Arnsburger_8960,-0.009382739,-0.38277754,-0.0313961,0.803295
WOLFSKILL_Dschan_Im_Isium_16,-0.03222123,-0.37242866,0.05811823,0.8172054
VINEYARDS_1103P_chard_madera_y2019_1115,0.3150529,0.004904188,-0.76220626,0.0047312714
WOLFSKILL_Shando_Khari_1758,-0.012002024,0.25667727,-0.009028876,-0.57234716
VINEYARDS_1103P_chard_madera_y2019_1373,0.37020442,0.013522912,-0.89645267,-0.01579016
VINEYARDS_1103P_cab_merced_y2018_5011,0.06192425,0.22318064,-0.18709901,-0.48350096
WOLFSKILL_Psevthosirico_2181,-0.021612346,-0.36367247,0.019368136,0.78778374
WOLFSKILL_b_40-4_Mlc_3833,-0.03510108,0.38963225,0.036299415,-0.8628905
WOLFSKILL_Futuna_699_221,0.07349553,-0.1249381,-0.19590527,0.2753156
WOLFSKILL_Arnsburger_8961,-0.00905024,-0.37979776,-0.033258855,0.79256904
WOLFSKILL_Shindu_Khari_2947,-0.006822806,-0.2900977,-0.00878969,0.6227412
VINEYARDS_freedom_chard_madera_y2018_2551,0.36458948,0.013008554,-0.8837726,-0.013579611
WOLFSKILL_5-15_2505,-0.021788541,-0.38803512,0.013539093,0.83620006
WOLFSKILL_Montils_6524,-0.008955678,-0.38860312,-0.027692202,0.8249955
WOLFSKILL_Mamelon_2139,-0.025956482,-0.3817295,0.03045814,0.8231642
WOLFSKILL_Chasselas_Michel_Tompa_403,0.009319994,-0.28080818,-0.05699165,0.5924424
VINEYARDS_5C_chard_merced_y2019_543,0.3759561,0.012471676,-0.91194034,-0.01499857
WOLFSKILL_Sovereign_Rose_422,-0.09140338,0.35430276,0.17606097,-0.821499
WOLFSKILL_Ghula_Dari_2523,-0.0017828485,-0.3203565,-0.027523017,0.6976812
WOLFSKILL_Tabyrn_7433,-0.010718049,-0.36237895,-0.016403526,0.7740993
VINEYARDS_freedom_chard_merced_y2019_1630,0.37640116,0.012174901,-0.913042,-0.014176343
WOLFSKILL_Kishmish_Hishrau_151,-0.023429945,-0.41034436,0.011167245,0.8741215
WOLFSKILL_Caus_X_Perle_Of_Csaba_620,-0.025526647,0.352825,0.012006482,-0.7761508
WOLFSKILL_Tadone_7443,-0.027001794,-0.4225103,0.017417608,0.8957187
WOLFSKILL_Yugoslavia_360_3368,-0.028200917,-0.3746644,0.042058744,0.8117446
WOLFSKILL_White_Corinth_1914,-0.08773385,-0.19520734,0.248959,0.4896282
WOLFSKILL_Kini_Yatch_3432,0.0071270433,-0.3348639,-0.059796937,0.7133286
WOLFSKILL_Churgoon_3519,0.011874259,-0.305933,-0.054194182,0.67286026
ALGERIA_Bouabane des Aures_198,-0.012067118,-0.36730605,-0.011941349,0.788255
WOLFSKILL_Yugoslavia_360_3369,-0.029169738,-0.4446383,0.020574776,0.9439863
WOLFSKILL_Tadone_7442,-0.0382786,-0.36275265,0.08623801,0.8087587
WOLFSKILL_Ghula_Dari_2522,-0.10749007,-0.23163088,0.32072213,0.60531944
WOLFSKILL_Sovereign_Rose_423,-0.03215774,-0.4343459,0.037172027,0.9311874
WOLFSKILL_Kishmish_Hishrau_150,-0.011631501,0.35626638,-0.020611666,-0.7768169
WOLFSKILL_Caus_X_Perle_Of_Csaba_621,-0.01617403,-0.39092422,-0.00834365,0.83273774
VINEYARDS_freedom_chard_merced_y2019_1631,0.408557,0.016231388,-0.9904976,-0.01750559
WOLFSKILL_Tabyrn_7432,-0.011852992,-0.29225245,0.0077148266,0.63787556
ALGERIA_Bouabane des Aures_199,-0.00062753353,-0.3620488,-0.046332613,0.76532626
UCDAVIS_SIEGERREBE_335,-0.022773314,0.3761027,-0.00090924464,-0.8190001
WOLFSKILL_Kini_Yatch_3433,-0.029818844,-0.38961765,0.042430364,0.845106
WOLFSKILL_White_Corinth_1915,-0.0009663375,0.3867972,-0.054384664,-0.8314745
WOLFSKILL_Churgoon_3518,-0.01172009,-0.38443202,-0.017892154,0.8196924
WOLFSKILL_Centennial_4X_4362,0.021150578,-0.36194897,-0.105503194,0.75749326
WOLFSKILL_Red_Fujii_4326,0.029319476,-0.3503371,-0.12220571,0.7340795
WOLFSKILL_Vermentino_Favorita_7677,-0.050255373,-0.28698018,0.13137251,0.65904635
WOLFSKILL_Affenthaler_5197,-0.03437823,0.3613677,0.032393023,-0.80252683
WOLFSKILL_Kishmish_Sorkh_2539,-0.01565564,-0.41534704,-0.02374005,0.86913687
WOLFSKILL_Ghula_Dari_1222,-0.009915034,-0.3954454,-0.028304629,0.83820635
WOLFSKILL_Black_Rose_2705,-0.022107761,-0.41279894,0.0026478749,0.8728439
VINEYARDS_5C_cab_madera_y2018_2751,0.39317653,0.016752493,-0.95472956,-0.02545892
VINEYARDS_1103P_cab_merced_y2018_2324,0.37459895,0.01232744,-0.9068461,-0.010224447
WOLFSKILL_Centennial_4X_4363,0.31288138,0.0031312518,-0.75883174,9.980053e-06
WOLFSKILL_Zinfandel_Heritage_Sel._76_9502,0.21609461,0.010912117,-0.5197342,-0.022006404
WOLFSKILL_Ghula_Dari_1223,-0.010314503,0.352953,-0.026324186,-0.77285457
VINEYARDS_5C_cab_madera_y2018_2750,0.37072644,0.015550617,-0.8980677,-0.019073661
WOLFSKILL_Triplett_T34-1_9391,-0.03401605,-0.4159385,0.047697403,0.9025359
WOLFSKILL_Black_Rose_2704,-0.032119125,-0.43142682,0.03574428,0.92303747
WOLFSKILL_Red_Fujii_4327,-0.0024073245,-0.4128725,-0.06018281,0.85569215
WOLFSKILL_Kishmish_Sorkh_2538,-0.013382069,-0.33633736,-0.0028070584,0.72515947
WOLFSKILL_UNKNOWN_CULTIVAR_5129,-0.0128090875,-0.34621358,-0.0087418705,0.7372718
VINEYARDS_freedom_chard_madera_y2019_1337,0.37926495,0.014822453,-0.91955185,-0.017691623
VINEYARDS_freedom_chard_san_joaquin_y2018_3193,0.3843654,0.016432513,-0.93294066,-0.023902532
WOLFSKILL_Vital_8185,-0.015022722,-0.41981193,-0.020359857,0.88779634
WOLFSKILL_Italia_IP_65_3109,-0.048823178,0.20397411,0.08384455,-0.47987795
WOLFSKILL_UNKNOWN_CULTIVAR_9704,-0.024851851,-0.35323438,0.03135427,0.75761056
WOLFSKILL_UNKNOWN_CULTIVAR_9562,-0.02464173,-0.41764987,0.014626371,0.88798195
WOLFSKILL_Staphythambelo_7380,-0.0124731595,-0.38852707,-0.018123256,0.8283584
WOLFSKILL_Bonvedro_5529,-0.11175508,-0.2776159,0.31894314,0.71849334
WOLFSKILL_Vrathiano_7733,-0.02060578,-0.41401833,0.0012082681,0.88412774
WOLFSKILL_Vital_8184,-0.020878632,-0.43983585,-0.0044537373,0.9339638
WOLFSKILL_Italia_IP_65_3108,-0.01988925,-0.40100005,-0.00022852421,0.8531261
UCDAVIS_1616C_662,-0.017101072,0.39840823,-0.011983861,-0.86252135
WOLFSKILL_UNKNOWN_CULTIVAR_9563,-0.10059839,0.030149277,0.24664468,-0.05782937
WOLFSKILL_Staphythambelo_7381,-0.040055573,-0.41068307,0.07554547,0.90537304
WOLFSKILL_Sahebi_1694,-0.013505016,-0.37650594,-0.01295138,0.7991155
WOLFSKILL_UNKNOWN_CULTIVAR_9705,-0.023034878,-0.43485957,0.0031006504,0.91312313
WOLFSKILL_Gamay_5896,-0.06761391,0.35584956,0.11540411,-0.81326276
WOLFSKILL_Zinfandel_Heritage_Sel._76_9499,-0.10632842,-0.20706393,0.30111638,0.5383944
VINEYARDS_freedom_chard_madera_y2018_3866,0.35153428,0.012715284,-0.8516822,-0.01599738
WOLFSKILL_Clotilde_Prosperi_2025,-0.035577703,-0.42413116,0.053476408,0.9213665
VINEYARDS_1103P_chard_san_joaquin_y2018_4860,0.3201221,0.012185354,-0.7739711,-0.016553488
WOLFSKILL_Karvouniariz_6105,-0.02529551,-0.3724481,0.03244251,0.81008
WOLFSKILL_Zinfandel_8273,-0.0819757,0.29064664,0.15068176,-0.6751653
WOLFSKILL_Ganjehi_3035,-0.041091654,-0.25877622,0.10726657,0.5858133
WOLFSKILL_Chasselas_Musque_1039,-0.015774675,-0.32524836,0.015767379,0.70127946
WOLFSKILL_Victoria_s_Choice_4431,-0.055159137,-0.3657431,0.1479677,0.8493676
VINEYARDS_freedom_chard_madera_y2019_280,0.34743384,0.011537772,-0.8414323,-0.014348317
WOLFSKILL_Clotilde_Prosperi_2024,-0.038442746,0.37914747,0.04655136,-0.8461174
VINEYARDS_1103P_chard_san_joaquin_y2018_4861,0.37298545,0.01408783,-0.90406924,-0.014653932
WOLFSKILL_Prokupao_9218,0.0053931717,0.24735303,-0.04697402,-0.5523219
WOLFSKILL_Sultanina_Marble_1810,0.11050018,-0.13776472,-0.29444805,0.28995067
WOLFSKILL_Zinfandel_8272,-0.08796096,0.2779329,0.17014521,-0.65258706
VINEYARDS_freedom_chard_san_joaquin_y2019_1435,0.39047745,0.012548801,-0.94375867,-0.00712632
WOLFSKILL_Gamay_5897,-0.02683638,-0.41254988,0.02791396,0.8881297
VINEYARDS_freedom_cab_madera_y2018_2599,0.37219155,0.010675333,-0.900754,-0.0064518563
WOLFSKILL_Helena_6025,-0.021991841,-0.39802703,0.009949433,0.84857357
WOLFSKILL_Victoria_s_Choice_4430,-0.047293026,-0.34880674,0.11962304,0.79310364
WOLFSKILL_Chasselas_Musque_1038,-0.003941981,-0.30978644,-0.022094978,0.65979624
ALGERIA_Tizi Ouinine_441,-0.019581705,-0.3769633,0.0072458424,0.8083483
WOLFSKILL_Askari_2670,-0.027708288,-0.40438446,0.028009037,0.86857176
WOLFSKILL_Rodiares_7997,-0.09392061,-0.22318356,0.2640905,0.56664646
WOLFSKILL_5-14_2500,0.004319515,-0.3608852,-0.061058424,0.7566612
WOLFSKILL_UNKNOWN_CULTIVAR_3417,-0.025751628,-0.4268767,0.012575431,0.9009279
WOLFSKILL_Malvasia_del_Chianti_6265,-0.020041209,-0.36943322,0.01176844,0.79772973
WOLFSKILL_Aswad_3873,-0.023089398,-0.44014394,-0.0012817252,0.92892146
WOLFSKILL_Ithani_Lefko_5220,0.15595011,0.18168287,-0.40474153,-0.38544598
WOLFSKILL_Olmo_034-55_3294,0.13759394,-0.15494813,-0.36130765,0.32943106
WOLFSKILL_Futuna_700_245,-0.06450266,-0.32792518,0.18029413,0.7846507
WOLFSKILL_UNKNOWN_CULTIVAR_3416,-0.026630431,0.20202556,0.028621426,-0.46802717
WOLFSKILL_Askari_2671,-0.0743381,-0.30902272,0.21199535,0.75653845
ALGERIA_Tizi Ouinine_440,-0.02024056,-0.3821754,0.010238657,0.81844646
WOLFSKILL_5-14_2501,-0.0688702,0.30503386,0.1180562,-0.70158803
WOLFSKILL_Rodiares_7996,-0.029173993,-0.32929927,0.055632718,0.72330546
WOLFSKILL_Futuna_700_244,0.2982374,0.013501588,-0.7247879,-0.021663915
WOLFSKILL_Long_Emperor_1350,-0.038055867,0.35970917,0.044243254,-0.8054128
WOLFSKILL_Malvasia_del_Chianti_6264,-0.006862035,-0.3428273,-0.022435045,0.7324169
WOLFSKILL_Aswad_3872,0.01495116,-0.3455057,-0.08307092,0.72909343
WOLFSKILL_Olmo_034-55_3295,-0.034666255,-0.29396263,0.08193775,0.6570761
WOLFSKILL_Tscharas_90,-0.026926585,-0.28047198,0.055346593,0.6176281
WOLFSKILL_Chalian_De_Drome_624,-0.1454903,0.052568685,0.37284595,-0.07653019
WOLFSKILL_Summer_Royal_4257,-0.029555738,-0.4066111,0.03526908,0.871417
WOLFSKILL_Queen_Of_The_Vineyard_1626,-0.02973999,-0.3886764,0.04298017,0.84360075
WOLFSKILL_UNKNOWN_CULTIVAR_9666,0.011157131,-0.30264142,-0.06060999,0.65378964
WOLFSKILL_Memory_Of_Queen_Elizabeth_1409,-0.017092843,-0.43312663,-0.020392785,0.9090005
WOLFSKILL_Trollinger_5150,-0.056618072,0.15491521,0.10728235,-0.3659079
WOLFSKILL_Siar_1763,-0.094167106,-0.30533293,0.27222076,0.7799585
WOLFSKILL_Olmo_034-29_3272,0.23358698,0.02932274,-0.563186,-0.059292343
WOLFSKILL_Kandhari_256,-0.06390541,-0.2877144,0.17872821,0.6851327
WOLFSKILL_Rougitza_Rouge_3966,-0.11141815,0.0910133,0.28431034,-0.17668985
WOLFSKILL_Mavrovomaico_6436,-0.12714967,0.09660362,0.30081654,-0.20554656
WOLFSKILL_UNKNOWN_CULTIVAR_9667,-0.018177927,-0.35371488,0.013270272,0.7679759
WOLFSKILL_Queen_Of_The_Vineyard_1627,-0.060027964,-0.2982731,0.16876358,0.7081845
WOLFSKILL_Memory_Of_Queen_Elizabeth_1408,-0.032039355,-0.40783086,0.04728172,0.88692284
WOLFSKILL_Tscharas_91,-0.035412665,0.34524816,0.03823463,-0.77274704
WOLFSKILL_Chalian_De_Drome_625,-0.0042238412,0.3363768,-0.039502606,-0.7369516
WOLFSKILL_Mavrovomaico_6437,-0.06336704,-0.29662612,0.17714879,0.70828986
WOLFSKILL_Touriga_7588,0.007234223,-0.34106398,-0.06350629,0.7246337
WOLFSKILL_Siar_1762,-0.019540198,-0.42105135,-0.0073816013,0.8929932
WOLFSKILL_Trollinger_5151,-0.045666274,0.25850606,0.07199088,-0.5946972
WOLFSKILL_Rougitza_Rouge_3967,-0.15582834,-0.12652393,0.4496858,0.39290032
ALGERIA_Ahmeur Bou Ahmeur_28,-0.019658048,-0.3957149,-0.0038014427,0.8317316
WOLFSKILL_Kandhari_257,-0.028497472,0.3703182,0.015454831,-0.81569445
WOLFSKILL_Kurtelaska_50,-0.035815697,0.42987806,0.035387695,-0.94626147
WOLFSKILL_Durif_5725,-0.06610834,0.17482801,0.12837389,-0.41057736
WOLFSKILL_Rhazaki_Anatolico_2299,-0.06634411,0.34722447,0.11098736,-0.793628
WOLFSKILL_Serphiotico_7325,0.30224454,-0.004019711,-0.72976494,0.027186722
WOLFSKILL_Gamay_Teinturier_8533,-0.1096272,0.21884488,0.22890449,-0.5162016
WOLFSKILL_Chaouchi_Politico_2230,-0.09338449,0.2647537,0.18619543,-0.6254537
WOLFSKILL_Balta_4155,-0.029262781,-0.39556003,0.04149981,0.8638663
WOLFSKILL_Terret_Schwarz_8208,-0.033382103,-0.4297259,0.042783603,0.9235549
WOLFSKILL_Serphiotico_7324,0.0039951922,0.29074055,-0.049873076,-0.6402296
WOLFSKILL_Kurtelaska_51,-0.026453655,-0.4263354,0.019451777,0.91869235
WOLFSKILL_Rhazaki_Anatolico_2298,0.01606303,-0.31352806,-0.08093652,0.6663334
WOLFSKILL_Durif_5724,0.32610098,0.008601073,-0.7879931,-0.0055294037
VINEYARDS_freedom_chard_madera_y2019_279,0.39781407,0.015179634,-0.9648783,-0.016322922
WOLFSKILL_Terret_Schwarz_8209,-0.017132655,-0.4139567,-0.015694262,0.8714169
WOLFSKILL_Balta_4154,-0.033904765,-0.4160055,0.04932423,0.90666854
WOLFSKILL_Gamay_Teinturier_8532,0.2630705,0.029317748,-0.6374228,-0.0619788
WOLFSKILL_Chaouchi_Politico_2231,-0.020150539,-0.42601952,-0.00816589,0.89258313
WOLFSKILL_Staphythambelo_7378,-0.028164934,-0.36162308,0.046443142,0.79209596
VINEYARDS_1103P_cab_merced_y2018_3627,0.39308062,0.013066791,-0.9528218,-0.010736752
WOLFSKILL_Chasselas_Tompa_3046,-0.03552533,-0.40346003,0.06079579,0.8796996
WOLFSKILL_Black_Morocco_992,-0.016104013,-0.4090056,-0.020268505,0.8562516
WOLFSKILL_Mavroudi_7939,-0.041162595,-0.35535866,0.09258919,0.7946099
WOLFSKILL_Kovalewka_850,-0.02519856,-0.34504983,0.04116942,0.7587792
WOLFSKILL_Malaga_Rosada_1389,-0.014437688,-0.34556252,-0.00016265921,0.7464259
VINEYARDS_1103P_cab_merced_y2018_3626,0.3679624,0.012469791,-0.89007556,-0.012762267
WOLFSKILL_Shingargoon_3553,0.17989878,-0.112552494,-0.4550719,0.24383661
VINEYARDS_5C_cab_san_joaquin_y2019_1958,0.34814525,0.005588375,-0.8420001,0.002803091
WOLFSKILL_Staphythambelo_7379,-0.01836025,-0.39118445,0.0013306532,0.8388492
WOLFSKILL_Kovalewka_851,-0.031573363,-0.40049964,0.04618559,0.8734675
WOLFSKILL_Chasselas_Tompa_3047,-0.043637723,-0.40087354,0.10333354,0.8978951
WOLFSKILL_Mavroudi_7938,0.017212387,-0.34893966,-0.08879378,0.7401935
WOLFSKILL_Black_Morocco_993,-0.04105802,-0.40568662,0.09066459,0.89973927
ALGERIA_Ichmoul_251,-0.011254893,-0.41125524,-0.040298823,0.8518888
WOLFSKILL_Semillon_7313,-0.03012019,0.30512208,0.027007474,-0.68367934
WOLFSKILL_Affenthaler_5201,-0.04689458,-0.34930652,0.11190095,0.7877538
WOLFSKILL_Muscat_Blanc_527,-0.042059503,-0.36075646,0.09752006,0.80932426
WOLFSKILL_Cortese_5680,0.03028877,0.28883255,-0.10936514,-0.6297115
WOLFSKILL_UNKNOWN_CULTIVAR_6949,-0.088022314,0.19777597,0.17734909,-0.46088868
VINEYARDS_freedom_cab_merced_y2019_629,0.3377036,0.008262221,-0.8172022,-0.0034528114
WOLFSKILL_Pinot_Noir_9149,-0.04541131,-0.36940444,0.10982079,0.83081853
WOLFSKILL_Sultana_2394,-0.05240273,-0.3354795,0.13515258,0.7691982
ALGERIA_Louali_375,-0.021213245,-0.41615516,-0.0003149528,0.8781127
WOLFSKILL_Furmint_5864,-0.0708119,0.29623127,0.12822974,-0.6861683
WOLFSKILL_Semillon_7312,-0.03652277,-0.36523157,0.07467934,0.8093224
WOLFSKILL_Affenthaler_5200,-0.040757567,-0.41226494,0.07684052,0.90777063
WOLFSKILL_Muscat_Blanc_526,-0.028592579,-0.3843339,0.038659975,0.83279276
WOLFSKILL_UNKNOWN_CULTIVAR_6948,-0.17974818,-0.06717547,0.4949,0.25652236
ALGERIA_Louali_374,-0.010144086,-0.3218333,-0.0059849713,0.6959176
WOLFSKILL_Sultana_2395,-0.053307176,0.28739518,0.08803975,-0.6590924
WOLFSKILL_Furmint_5865,-0.020043701,-0.3606357,0.017392645,0.7824379
WOLFSKILL_Pinot_Noir_9148,-0.050048694,-0.33356285,0.13057409,0.76576984
WOLFSKILL_UNKNOWN_CULTIVAR_9508,-0.0776119,-0.35221666,0.2226638,0.8575069
WOLFSKILL_Olmo_030-33_3209,0.2983,-0.0026046745,-0.7191778,0.01655695
WOLFSKILL_Baidh_Ul_Haman_953,-0.0734388,-0.22738256,0.20509762,0.5522628
WOLFSKILL_Sultanina_Rose_1811,-0.019878406,-0.42966348,-0.006897047,0.9072865
WOLFSKILL_Stein_4839,0.040793367,-0.25326604,-0.12826192,0.54900753
WOLFSKILL_Troja_7617,-0.06688217,-0.3504727,0.18486013,0.8352299
WOLFSKILL_Appley_Towers_32,-0.018320605,-0.33951277,0.0131588075,0.7351042
WOLFSKILL_Fresno_35-75_480,-0.026207961,-0.4497109,0.0066310223,0.9510457
WOLFSKILL_Macaroli_6286,-0.027852222,0.25871077,0.026073402,-0.5843589
VINEYARDS_5C_cab_san_joaquin_y2018_3654,0.3731989,0.013479274,-0.90660655,-0.017699238
WOLFSKILL_Mureto_6640,-0.032403704,0.35881287,0.03285709,-0.798699
WOLFSKILL_Olivette_Noire_2480,-0.018408626,-0.40276545,-0.006046297,0.8528222
WOLFSKILL_Black_Ferrara_3095,-0.028310351,-0.40043432,0.033567004,0.8679827
WOLFSKILL_Assirtico_8408,0.19800192,-0.09985706,-0.49753997,0.2164528
WOLFSKILL_Rambola_1636,-0.06331705,0.31062067,0.11179533,-0.71476835
WOLFSKILL_Muscat_Noir_2919,0.31908205,0.004159879,-0.7710646,-0.00024420395
UCDAVIS_TOURIGA_NACIONAL_786,-0.11724794,0.2841792,0.23799342,-0.6671289
WOLFSKILL_Muscat_De_L_adda_496,-0.039769642,0.35071385,0.04761643,-0.78704166
WOLFSKILL_Tarrango_I_3667,-0.025032125,-0.41163164,0.016761204,0.8756677
WOLFSKILL_Monukka_1456,-0.028175965,-0.3757332,0.039915092,0.8134871
WOLFSKILL_Mureto_6641,-0.022031467,-0.41850504,0.0029297695,0.890099
WOLFSKILL_Olivette_Noire_2481,-0.003611247,-0.33803192,-0.03300907,0.71790004
WOLFSKILL_Fresno_35-75_481,-0.0973269,0.3042899,0.1971881,-0.7172722
WOLFSKILL_Macaroli_6287,0.06512908,0.22989453,-0.19558944,-0.4946264
UCDAVIS_5BB_176,-0.029293563,0.38842353,0.020790642,-0.85349286
WOLFSKILL_Black_Ferrara_3094,-0.042191327,-0.399778,0.08728073,0.886754
UCDAVIS_AGLICANICO_472,-0.014503983,-0.36097753,-0.0045681447,0.7753655
WOLFSKILL_Olmo_030-33_3208,-0.020618383,-0.3506958,0.023536386,0.7628735
WOLFSKILL_UNKNOWN_CULTIVAR_9509,0.063890256,0.055224475,-0.16736859,-0.13258901
VINEYARDS_freedom_chard_madera_y2019_443,0.3759038,0.0128602795,-0.9115397,-0.012656774
WOLFSKILL_Appley_Towers_33,-0.02426995,-0.35471028,0.03433147,0.77864134
WOLFSKILL_Baidh_Ul_Haman_952,0.0040131975,-0.26834488,-0.037641067,0.57410777
WOLFSKILL_Troja_7616,-0.012658793,-0.3386927,-0.0049330126,0.72643316
WOLFSKILL_Muscat_De_L_adda_497,-0.024782963,-0.41376102,0.0133937355,0.88005185
WOLFSKILL_Muscat_Noir_2918,-0.0035266094,-0.3549509,-0.035809714,0.7551033
WOLFSKILL_Tarrango_I_3666,0.09567167,0.19688971,-0.25697866,-0.4244327
WOLFSKILL_Monukka_1457,-0.030581787,-0.37472123,0.049171925,0.8147075
WOLFSKILL_Assirtico_8409,0.05044816,0.20175986,-0.15005887,-0.43998164
WOLFSKILL_St._Catherine_s_Old_Vine_4248,-0.027690768,-0.43433356,0.018592214,0.92115784
WOLFSKILL_Rambola_1637,0.062077478,0.22653307,-0.18738669,-0.49126446
VINEYARDS_freedom_cab_madera_y2019_428,0.38656768,0.011038136,-0.93552303,-0.004928082
VINEYARDS_freedom_chard_san_joaquin_y2018_2893,0.39301535,0.011756249,-0.9515676,-0.0067073368
WOLFSKILL_Unknown_Cultivar_6625,0.01803134,0.32259303,-0.09269054,-0.69628316
WOLFSKILL_Tavriz_9101,-0.02716206,-0.36998585,0.040036716,0.8070359
WOLFSKILL_Petite_Noir_7319,-0.038809262,0.33894545,0.043040298,-0.75578725
WOLFSKILL_Chardonay_7288,-0.04368897,-0.40748012,0.090051554,0.9040761
WOLFSKILL_Dabouki_2515,-0.038850766,-0.36950102,0.08306836,0.82159173
WOLFSKILL_Milton_1415,-0.038222335,0.39767623,0.037836574,-0.87946355
WOLFSKILL_Merlot_6456,-0.02644556,-0.44936785,0.009141991,0.95320094
WOLFSKILL_Kara_Lakana_6134,0.006554124,0.2997144,-0.062014416,-0.65890634
WOLFSKILL_Asprorombola_5345,-0.021247387,-0.36467117,0.019990029,0.7889931
WOLFSKILL_Favorita_Segaria_8514,-0.049726143,-0.32432008,0.12423629,0.74002934
WOLFSKILL_Bacchus_8282,-0.028756216,-0.31814086,0.062162526,0.70048016
WOLFSKILL_Guydouriha_5887,-0.030202333,0.30789882,0.023321843,-0.69001603
WOLFSKILL_Muscat_Noir_De_Hongrie_1463,-0.03653703,-0.3648647,0.07792922,0.8089261
WOLFSKILL_Petite_Noir_7318,-0.0064012716,-0.40797907,-0.041464403,0.86233705
WOLFSKILL_Unknown_Cultivar_6624,-0.036631368,-0.39646304,0.064060666,0.87317514
VINEYARDS_freedom_chard_san_joaquin_y2018_2892,0.3662301,0.011131346,-0.8857521,-0.009177078
WOLFSKILL_Guydouriha_5886,0.00799137,-0.35058886,-0.06605935,0.7449329
WOLFSKILL_Kara_Lakana_6135,0.044963494,0.24724735,-0.14365788,-0.5417602
WOLFSKILL_Favorita_Segaria_8515,0.096746914,-0.15160464,-0.258428,0.32341775
WOLFSKILL_Bacchus_8283,-0.038864367,-0.3687023,0.08419684,0.8171867
WOLFSKILL_Chardonay_7289,-0.06699518,0.2414933,0.123032935,-0.5663217
WOLFSKILL_Dabouki_2514,-0.087215416,0.28841275,0.16602969,-0.67296726
WOLFSKILL_Milton_1414,-0.030261219,-0.37310016,0.05005902,0.8175696
WOLFSKILL_Merlot_6457,-0.017719366,-0.41770172,-0.01662922,0.87325794
WOLFSKILL_Ithani_Mavro_8379,-0.03254437,0.4000128,0.026672171,-0.88034725
WOLFSKILL_Dehbina_8513,0.12604015,0.17768149,-0.33154216,-0.37575537
WOLFSKILL_Poet_Matabon_185,-0.021952763,-0.38508895,0.014656598,0.8193153
WOLFSKILL_Kurutaktas_2123,0.0069679758,-0.34872198,-0.06412787,0.739064
WOLFSKILL_Ree_3749,-0.028666817,-0.44253546,0.017618703,0.9357245
WOLFSKILL_Platirahah_7065,-0.024420489,-0.38054147,0.02492032,0.82266414
WOLFSKILL_Criyicless_crujicless_4990,-0.02476605,-0.41345125,0.012889942,0.88313746
WOLFSKILL_Grignolino_5994,-0.037920877,-0.39456475,0.07121047,0.86994916
WOLFSKILL_Taifi_552,-0.008256462,-0.37033612,-0.027598413,0.78830624
VINEYARDS_freedom_chard_merced_y2018_3555,0.36967024,0.013222482,-0.89623165,-0.013634156
WOLFSKILL_Valdepenas_8137,-0.029502247,-0.44454682,0.02119009,0.947566
WOLFSKILL_Cirmisi_Sap_De_Sudak_791,-0.026355311,-0.24819799,0.06661232,0.55450773
WOLFSKILL_Dehbina_8512,-0.030803815,-0.3277398,0.06523951,0.7286601
WOLFSKILL_Ithani_Mavro_8378,-0.023550443,-0.40383163,0.013611747,0.86479133
WOLFSKILL_Early_Red_Malvasia_5737,0.016760338,-0.31364894,-0.08407699,0.6568415
WOLFSKILL_Kurutaktas_2122,-0.012586315,0.36682582,-0.021226872,-0.79537106
WOLFSKILL_Poet_Matabon_184,-0.027631555,-0.377078,0.03639488,0.81563365
WOLFSKILL_Mondeuse_6511,-0.015318467,-0.4285221,-0.023947379,0.8999561
WOLFSKILL_Cirmisi_Sap_De_Sudak_790,0.0037603192,-0.29597202,-0.042159747,0.63157797
WOLFSKILL_Valdepenas_8136,-0.029227838,-0.3929753,0.039366126,0.85462934
WOLFSKILL_Grignolino_5995,0.06101865,-0.23400451,-0.17652929,0.505586
WOLFSKILL_Taifi_553,-0.058427505,0.32333976,0.09650029,-0.7394551
WOLFSKILL_Platirahah_7064,-0.010721986,-0.39634994,-0.02912061,0.83640325
WOLFSKILL_Criyicless_crujicless_4991,-0.044802487,-0.36674097,0.113856114,0.82939965
VINEYARDS_freedom_chard_merced_y2018_3554,0.3780749,0.013252143,-0.9159934,-0.013539251
WOLFSKILL_Moscato_Jesus_8325,-0.033549495,-0.35557494,0.06816329,0.7862235
WOLFSKILL_Grey_Riesling_8542,0.3023215,0.0018312931,-0.7312708,0.0043985806
ALGERIA_Ichmoul_219,-0.0140823135,-0.37674165,-0.017013235,0.793807
WOLFSKILL_Kepraico_6224,-0.018422626,0.336563,-0.004561441,-0.7371178
VINEYARDS_5C_chard_san_joaquin_y2018_4811,0.40189055,0.019286018,-0.975301,-0.02868959
WOLFSKILL_De_Hero_Di_St._Vallier_1115,0.00869544,-0.33336094,-0.06434701,0.7078294
VINEYARDS_5C_chard_merced_y2019_2107,0.37186328,0.012743298,-0.89940566,-0.011890728
WOLFSKILL_Agadia_890,-0.022317674,-0.40642598,0.008179942,0.8665234
WOLFSKILL_Fernao_Pires_5803,-0.033033535,0.40386924,0.026123533,-0.8876666
WOLFSKILL_Nimrang_58_1510,-0.029907737,0.3924232,0.021127982,-0.8623831
VINEYARDS_5C_chard_merced_y2019_27,0.3493284,0.01171023,-0.8483327,-0.014666341
VINEYARDS_5C_chard_san_joaquin_y2018_4810,0.32659116,0.009292942,-0.79178184,-0.010859635
ALGERIA_Ichmoul_218,-0.015798397,-0.40230504,-0.01936678,0.84602904
WOLFSKILL_Moscato_Jesus_8324,-0.019964308,-0.338133,0.024189116,0.740865
WOLFSKILL_Grey_Riesling_8543,0.12256194,-0.16784032,-0.32376447,0.3527232
WOLFSKILL_Fernao_Pires_5802,-0.016289316,-0.36292464,-0.00017818436,0.7789839
VINEYARDS_5C_chard_merced_y2019_26,0.3613393,0.012967389,-0.8754375,-0.016476445
WOLFSKILL_De_Hero_Di_St._Vallier_1114,-0.022696972,-0.36262593,0.022811739,0.78349036
WOLFSKILL_Agadia_891,-0.11195641,-0.10204388,0.31012347,0.28623128
WOLFSKILL_Tamarez_7455,-0.041616738,-0.26659155,0.10472835,0.60576236
WOLFSKILL_Moscato_Mavro_6574,-0.044948258,0.4112698,0.061540276,-0.91756
WOLFSKILL_Loose_Perlette_569,0.17505129,0.03851178,-0.42458183,-0.08660838
WOLFSKILL_Kishmish_Sorkh_2882,-0.06438852,0.25844195,0.114478566,-0.60083133
WOLFSKILL_Dermatas_2045,-0.026949715,-0.36306292,0.041855715,0.7955723
WOLFSKILL_Bien_Donnie_3741,-0.051436067,-0.33072302,0.12892528,0.75620383
WOLFSKILL_Optima_9252,-0.048458338,-0.36191365,0.12400473,0.8232466
WOLFSKILL_UNKNOWN_CULTIVAR_6992,-0.008212707,-0.334616,-0.016687848,0.7164686
WOLFSKILL_Tamarez_7454,-0.033158958,-0.3981762,0.050815225,0.86657906
WOLFSKILL_Marengo_P._205_1396,-0.018534709,-0.35764098,0.009778393,0.7653319
WOLFSKILL_Moscato_Mavro_6575,0.010145177,-0.36492375,-0.07305737,0.7772541
WOLFSKILL_UNKNOWN_CULTIVAR_6993,-0.053381067,0.34753704,0.080493376,-0.78913856
WOLFSKILL_Optima_9253,-0.13075961,-0.21664788,0.38345522,0.5943679
WOLFSKILL_Gamay_Noir_5057,-0.050806496,-0.34305924,0.13201737,0.7854137
WOLFSKILL_Volta_2543,-0.025210291,0.33101118,0.01206336,-0.7323568
WOLFSKILL_Loose_Perlette_568,0.0022727353,-0.330107,-0.046795942,0.69770044
WOLFSKILL_Kishmish_Sorkh_2883,-0.040529367,0.31768844,0.05271677,-0.7165141
WOLFSKILL_Dermatas_2044,-0.035581775,-0.38579786,0.06609819,0.84883404
WOLFSKILL_Yourutico_2268,0.14981578,0.11342499,-0.3778264,-0.24585792
ALGERIA_Ahmeur Bou Ahmeur_60,-0.018423218,-0.39203894,-0.0057751816,0.82371616
WOLFSKILL_Prince_Of_Wales_1612,0.002975362,-0.35181502,-0.053654626,0.746412
WOLFSKILL_Aspruda_Halkidos_7841,-0.05279263,-0.35690716,0.12972105,0.8170346
WOLFSKILL_Koptcha_8585,-0.036655344,0.3996312,0.039806247,-0.8848673
WOLFSKILL_Cardinal_4x_3774,0.0042065494,-0.31192192,-0.04757172,0.6631062
WOLFSKILL_Mataro_6399,-0.014833274,-0.42011648,-0.023324206,0.8830589
VINEYARDS_5C_chard_san_joaquin_y2018_2474,0.34026095,0.010037474,-0.82381487,-0.011286218
WOLFSKILL_Prince_Of_Wales_1613,-0.01013302,-0.3440339,-0.01663698,0.73439455
ALGERIA_Ahmeur Bou Ahmeur_61,-0.020767558,-0.42057258,-0.006158175,0.88558084
VINEYARDS_1103P_chard_madera_y2018_3491,0.37846616,0.009042162,-0.91393864,0.0007988326
WOLFSKILL_Yourutico_2269,-0.034617636,0.37808335,0.031625807,-0.83755046
WOLFSKILL_Fogarina_5820,0.002067756,0.28448972,-0.048913643,-0.6262336
WOLFSKILL_Koptcha_8584,-0.03066871,-0.40144926,0.041085847,0.8713802
WOLFSKILL_Cardinal_4x_3775,-0.019684475,-0.37101737,0.010384807,0.7963799
WOLFSKILL_Zinfandel_Heritage_Sel._11_4549,-0.024985261,-0.37515262,0.026722534,0.81163806
VINEYARDS_5C_chard_san_joaquin_y2018_2475,0.37900335,0.015358608,-0.918911,-0.020970222
WOLFSKILL_Aspruda_Halkidos_7840,-0.020187233,-0.34234622,0.022399867,0.7464787
WOLFSKILL_Pinot_Noir_7011,-0.051936902,-0.36616015,0.13241744,0.83694446
WOLFSKILL_Chardonay_7035,-0.02999333,-0.4228203,0.031989284,0.904945
WOLFSKILL_Koret_4136,-0.030283216,-0.41041267,0.038685657,0.89308095
WOLFSKILL_Hassaine_8876,0.36399114,0.008767184,-0.8817606,-0.0041141696
WOLFSKILL_Chamo_4048,-0.028597318,-0.3060495,0.056986958,0.67390543
WOLFSKILL_Muscat_Br39_2389,-0.030431446,-0.37358975,0.048477568,0.8166448
WOLFSKILL_Parnicko_7077,-0.01685853,-0.35461304,0.0054009277,0.7649458
WOLFSKILL_Black_Hamburg_985,-0.18992342,-0.18082868,0.53960526,0.5629486
WOLFSKILL_Pinot_Blanc_8116,-0.029274538,-0.4076789,0.033387184,0.881966
VINEYARDS_freedom_chard_merced_y2018_2388,0.3870181,0.016013049,-0.9385071,-0.020190198
VINEYARDS_freedom_cab_madera_y2018_2823,0.34216115,0.009066209,-0.82764757,-0.007160235
WOLFSKILL_Chamo_4049,0.2864687,0.0046005286,-0.69470245,-0.0012267642
WOLFSKILL_Muscat_Br39_2388,-0.025189087,-0.38768232,0.025445951,0.8355131
WOLFSKILL_Chardonay_7034,-0.028135397,-0.4406016,0.022764692,0.9469688
WOLFSKILL_Pinot_Noir_7010,-0.034634344,-0.39977884,0.057408236,0.87602574
WOLFSKILL_Hassaine_8877,-0.025399953,0.3017167,0.0172693,-0.6734457
WOLFSKILL_Koret_4137,0.04183037,-0.33145058,-0.14389373,0.7059454
WOLFSKILL_Pinot_Blanc_8117,-0.026074372,-0.4218102,0.019017762,0.9003834
VINEYARDS_freedom_chard_merced_y2018_2389,0.37665924,0.012962114,-0.91206956,-0.012612175
WOLFSKILL_Black_Hamburg_984,-0.050928798,-0.36793447,0.13500264,0.8453339
ALGERIA_Tizi Ouinine_409,-0.02667037,-0.4406842,0.013754832,0.93342364
WOLFSKILL_Chaouch_2730,-0.09995077,0.12637521,0.2154972,-0.30046552
WOLFSKILL_Chasselas_Zulauf_4461,-0.048403174,-0.3906349,0.12694246,0.8869618
VINEYARDS_5C_cab_madera_y2018_2587,0.36569017,0.010128882,-0.8844752,-0.005266499
WOLFSKILL_Parnicko_7076,-0.027577769,-0.3917973,0.033270545,0.849178
WOLFSKILL_Lal_Sorkh_1321,0.04443085,-0.27242365,-0.1395765,0.5805677
VINEYARDS_1103P_cab_san_joaquin_y2019_654,0.35017654,0.011715293,-0.84895647,-0.010720462
VINEYARDS_freedom_cab_madera_y2019_1128,0.2816212,-0.008068752,-0.6806916,0.03300143
VINEYARDS_5C_chard_san_joaquin_y2019_1747,0.37521988,0.013139006,-0.91081834,-0.014155071
WOLFSKILL_b_39-59a_Mlc_3814,-0.030604608,-0.379652,0.047006257,0.82705057
WOLFSKILL_Van_Der_Laan_1887,0.06393387,0.24950476,-0.1922819,-0.53670853
WOLFSKILL_Bias_Kukuzeti_770,-0.07482617,-0.29600492,0.21463168,0.7223964
WOLFSKILL_Olmo_030-44_3221,-0.0050564604,-0.36793303,-0.033886205,0.7857602
WOLFSKILL_Refosco_7134,0.38409415,0.012734741,-0.92880183,-0.00875248
WOLFSKILL_Buckland_s_Sweetwater_2707,-0.060970835,-0.33675033,0.16297609,0.7901182
WOLFSKILL_Beli_Prokupac_8149,0.027556226,0.30097896,-0.11067039,-0.6496737
VINEYARDS_1103P_cab_san_joaquin_y2019_1027,-0.014815942,-0.37638718,-0.008455025,0.8078495
WOLFSKILL_Van_Der_Laan_1886,-0.16664352,-0.11658867,0.46758574,0.37234324
WOLFSKILL_Bias_Kukuzeti_771,-0.11241515,-0.24600348,0.3257816,0.64535165
WOLFSKILL_b_39-59a_Mlc_3815,-0.026876882,-0.3939248,0.03165228,0.8478965
WOLFSKILL_Refosco_7135,-0.011824056,-0.41016287,-0.02697798,0.8649037
WOLFSKILL_Olmo_030-44_3220,-0.02766598,-0.40721655,0.027354496,0.8733755
WOLFSKILL_Lal_Sorkh_1320,-0.08847447,-0.19998907,0.2573701,0.5014724
VINEYARDS_freedom_cab_madera_y2019_1129,0.36205426,0.011906829,-0.87817,-0.012565114
WOLFSKILL_Beli_Prokupac_8148,-0.04596904,-0.37478796,0.108413406,0.8411657
VINEYARDS_freedom_chard_san_joaquin_y2018_3682,0.38806602,0.012703951,-0.94025594,-0.010802727
WOLFSKILL_Yellow_Ortlieber_7795,-0.035759542,0.4154769,0.035571843,-0.91508555
WOLFSKILL_Palomino_6808,-0.03042557,-0.41869882,0.032017328,0.89426994
WOLFSKILL_Heroldrebe_9016,-0.060850546,0.35203153,0.102378674,-0.8045375
WOLFSKILL_Kali_Sahehi_1279,0.020090874,-0.3105857,-0.08409796,0.6715846
WOLFSKILL_Triplett_30-47_9284,-0.05253241,-0.3363257,0.1407168,0.7812037
WOLFSKILL_Victor_1891,-0.044067822,-0.3604456,0.10130517,0.80918294
VINEYARDS_freedom_chard_madera_y2018_2787,0.3839027,0.014293332,-0.93049306,-0.013604742
VINEYARDS_5C_chard_san_joaquin_y2019_2046,0.3503144,0.012729049,-0.84891,-0.01678307
WOLFSKILL_Malvasia_Roxa_6361,-0.030886889,-0.34524018,0.061666794,0.76012945
WOLFSKILL_Heroldrebe_9017,0.008203544,-0.3277861,-0.06001576,0.70010746
WOLFSKILL_Kecskemet_8888,-0.17202432,-0.0656997,0.47423965,0.24856299
WOLFSKILL_Kali_Sahehi_1278,0.25639454,-0.0032436885,-0.6205678,0.017709568
WOLFSKILL_Palomino_6809,-0.0108049875,0.27032787,-0.014139547,-0.59864
WOLFSKILL_Yellow_Ortlieber_7794,0.40014648,0.015787315,-0.9721904,-0.0218173
WOLFSKILL_Victor_1890,-0.004615794,-0.3538177,-0.032736715,0.75289655
VINEYARDS_freedom_chard_madera_y2018_2786,0.37866935,0.015250638,-0.91721565,-0.019569036
WOLFSKILL_Triplett_30-47_9285,-0.0492632,-0.3890195,0.12380508,0.88022894
VINEYARDS_5C_chard_san_joaquin_y2019_2047,0.37827602,0.011675056,-0.91594064,-0.008430932
WOLFSKILL_Chenin_Noir_5633,0.089631505,-0.18117782,-0.24306569,0.3869028
WOLFSKILL_Teltfurtu_3996,-0.07323928,0.3321277,0.13273479,-0.76548696
WOLFSKILL_Keknyelu_6146,-0.031534635,0.376996,0.022546122,-0.83294207
WOLFSKILL_Black_Prince_2697,-0.16823359,-0.1434317,0.47562748,0.44326556
VINEYARDS_1103P_cab_san_joaquin_y2019_2272,0.38176134,0.011960462,-0.92436236,-0.008507516
WOLFSKILL_Kalamak_3079,-0.018253941,-0.40317386,-0.0006892402,0.8672812
UCDAVIS_EMERALD_REISLING_910,-0.034258008,0.32361603,0.033102117,-0.72421515
WOLFSKILL_Vustolethi_2264,0.023725051,-0.31172627,-0.09811876,0.66227555
VINEYARDS_5C_cab_san_joaquin_y2019_1774,0.34973103,0.013715427,-0.84924245,-0.023407158
WOLFSKILL_UNKNOWN_CULTIVAR_9727,-0.031929612,-0.44391903,0.028197763,0.9433811
WOLFSKILL_UNKNOWN_CULTIVAR_9541,0.053784326,0.21260619,-0.16244015,-0.46505845
WOLFSKILL_Cabernet_Franc_5565,0.1772603,0.1270605,-0.44586536,-0.27424213
WOLFSKILL_Negru_Virtos_8907,-0.030319002,-0.42549917,0.03370437,0.9168271
WOLFSKILL_Victoria_s_Choice_1_3190,-0.11446758,0.25008857,0.23784256,-0.593466
WOLFSKILL_Keknyelu_6147,-0.042409915,-0.40838975,0.09261078,0.90603614
WOLFSKILL_Teltfurtu_3997,-0.029037483,0.36171046,0.016242312,-0.79791296
WOLFSKILL_Black_Prince_2696,-0.11844135,-0.30786967,0.34048796,0.80366814
VINEYARDS_freedom_cab_merced_y2018_3547,0.38093212,0.01061587,-0.92066735,-0.0033435859
ALGERIA_Amer Bouamar_81,-0.029625505,-0.40127832,0.028710878,0.85015917
WOLFSKILL_UNKNOWN_CULTIVAR_9540,-0.08580668,-0.21984933,0.25595045,0.55293286
WOLFSKILL_Victoria_s_Choice_1_3191,0.03235468,-0.22593434,-0.111229904,0.47894138
WOLFSKILL_Negru_Virtos_8906,-0.030466426,-0.44225788,0.024771592,0.93875796
WOLFSKILL_Cabernet_Franc_5564,-0.023617588,0.28764394,0.011974135,-0.6435004
WOLFSKILL_Kalamak_3078,-0.004516986,-0.34074643,-0.026916798,0.7304492
VINEYARDS_freedom_cab_san_joaquin_y2019_671,0.37019417,0.013193879,-0.89691615,-0.015043788
WOLFSKILL_UNKNOWN_CULTIVAR_9726,-0.070627935,-0.27558833,0.19584787,0.6651449
WOLFSKILL_Vustolethi_2265,0.080596976,0.18354215,-0.22574666,-0.40139922
VINEYARDS_1103P_cab_san_joaquin_y2018_4372,0.3470558,0.011230148,-0.8402243,-0.012317058
WOLFSKILL_Burger_5548,-0.10112188,0.10597353,0.23127139,-0.24378985
WOLFSKILL_Crimson_Seedless_4308,0.20947228,-0.066259444,-0.5194579,0.14654098
VINEYARDS_freedom_chard_merced_y2018_3048,0.37405983,0.01560745,-0.9081392,-0.02221005
WOLFSKILL_Castelao_8448,-0.109466545,-0.1456665,0.3060894,0.38098758
WOLFSKILL_Gros_Maroc_1235,-0.06990158,0.10472317,0.17323515,-0.22564453
WOLFSKILL_Zinfandel_8250,-0.011367281,-0.38907328,-0.020398833,0.8312721
WOLFSKILL_Colombard_8487,0.14602967,0.066901416,-0.3583539,-0.14388342
WOLFSKILL_Yaghotti_No._1_3012,0.16076808,0.016172435,-0.39105666,-0.03721046
WOLFSKILL_Zinfandel_9098,-0.006261944,-0.37144282,-0.034895044,0.7895818
WOLFSKILL_Niunai_303,-0.05854874,-0.319488,0.16303006,0.7537559
WOLFSKILL_Rangspray_161,0.0023743967,-0.37118876,-0.054715507,0.7907926
WOLFSKILL_Triplett_T61-13_9338,-0.021924015,-0.38481858,0.015350489,0.8280933
WOLFSKILL_Viognier_5155,-0.010225392,-0.32294434,-0.008762144,0.6876327
WOLFSKILL_Boal_Doce_5505,-0.032494936,-0.4074792,0.04635869,0.88891846
WOLFSKILL_Gros_Maroc_1234,0.088635944,-0.26719153,-0.25076798,0.56637347
WOLFSKILL_Castelao_8449,-0.024066329,-0.3727915,0.027354186,0.8114561
VINEYARDS_freedom_chard_madera_y2018_4773,0.38730153,0.016374495,-0.93952274,-0.021995265
UCDAVIS_BONARDA_146,0.004621881,0.3267203,-0.0560966,-0.7059723
WOLFSKILL_Zinfandel_8251,-0.06904882,0.24498494,0.12460051,-0.5710232
WOLFSKILL_Burger_5549,-0.04902443,0.41241583,0.067082755,-0.9216628
VINEYARDS_freedom_chard_merced_y2018_3049,0.34008282,0.0145767145,-0.8245094,-0.02189042
WOLFSKILL_Rangspray_160,-0.023016479,-0.3686225,0.026718585,0.80361116
WOLFSKILL_Triplett_T61-13_9339,-0.014899855,-0.44328356,-0.027737081,0.9306866
WOLFSKILL_Niunai_302,-0.024232544,-0.3092908,0.048584342,0.6806227
WOLFSKILL_Viognier_5154,-0.029697686,-0.34969953,0.05546742,0.7676116
UCDAVIS_DOLCETTO_794,-0.043324247,0.36289048,0.056702442,-0.8155619
WOLFSKILL_Colombard_8486,-0.00044423714,-0.39396197,-0.05728946,0.8243828
WOLFSKILL_Yaghotti_No._1_3013,-0.020159021,0.31240645,0.005304236,-0.6957534
VINEYARDS_5C_chard_san_joaquin_y2018_2909,0.39242655,0.012555309,-0.95094836,-0.008412618
WOLFSKILL_Moscato_D_adda_348,-0.039829843,0.34814715,0.05011847,-0.78229785
WOLFSKILL_Zinfandel_Heritage_Sel._28_4577,0.0019243285,-0.3898949,-0.061863005,0.8162917
WOLFSKILL_Moscato_D_adda_349,-0.035795443,-0.4075433,0.05741296,0.88827115
WOLFSKILL_Schiradzouli_Blanc_1723,-0.02697055,-0.41525185,0.024536127,0.89489377
VINEYARDS_1103P_cab_merced_y2018_4316,0.38662866,0.015169021,-0.9398087,-0.022555228
WOLFSKILL_Royal_Thompson_167,-0.036610138,-0.43105558,0.056111418,0.93239677
WOLFSKILL_Chardonnay_8229,-0.030552506,0.3731989,0.022488074,-0.82538223
WOLFSKILL_Tokay_1862,-0.039818645,0.40090054,0.046388023,-0.88982594
WOLFSKILL_Malmsey_8612,-0.020683572,-0.37697294,0.010546131,0.81167537
WOLFSKILL_Reichensteiner_9262,-0.042669863,-0.37649566,0.09730693,0.84092087
WOLFSKILL_Russian_Seedless_3387,-0.0077708038,-0.37718612,-0.027159747,0.8065007
WOLFSKILL_B5_4151,-0.04820631,-0.3660924,0.120033525,0.8286965
WOLFSKILL_Karadzhandal_642,-0.022967864,-0.4174,0.008509608,0.890404
WOLFSKILL_Grenache_8553,0.22002211,-0.0036321506,-0.53199506,0.011654254
VINEYARDS_1103P_cab_merced_y2018_4317,0.3774049,0.014081173,-0.9152608,-0.018278401
WOLFSKILL_Royal_Thompson_166,0.3881866,0.01296876,-0.9395777,-0.011976525
WOLFSKILL_Malmsey_8613,-0.022946358,-0.37168685,0.019899378,0.8013177
WOLFSKILL_Chardonnay_8228,0.22411878,0.055728745,-0.5477029,-0.12021525
WOLFSKILL_Tokay_1863,0.1469596,0.1851263,-0.38293356,-0.38939103
WOLFSKILL_B5_4150,-0.056516506,-0.36720794,0.15599778,0.8533674
WOLFSKILL_Russian_Seedless_3386,-0.027182609,-0.3499608,0.043355823,0.76669574
VINEYARDS_5C_chard_san_joaquin_y2019_1091,0.0053714225,-0.37771145,-0.06370428,0.8051251
WOLFSKILL_Karadzhandal_643,-0.02143544,0.42530504,-0.008136613,-0.91939855
WOLFSKILL_Grenache_8552,0.06521489,0.24331163,-0.19117364,-0.5258333
WOLFSKILL_Reichensteiner_9263,-0.029482007,-0.3415078,0.06156034,0.7470201
WOLFSKILL_Cereza_9167,-0.026064828,-0.40176252,0.023505757,0.86304927
WOLFSKILL_UNKNOWN_CULTIVAR_9658,0.007282188,-0.34193173,-0.06603566,0.71585095
WOLFSKILL_Saint_Laurent_9268,-0.07088766,-0.28728518,0.20301676,0.69412744
ALGERIA_Ahmeur Bou Ahmeur_17,-0.027893167,-0.3441246,0.044418246,0.7526578
WOLFSKILL_Muscat_Hamburg_1453,-0.04305233,-0.354675,0.10480256,0.7967807
WOLFSKILL_Audibert_9433,-0.022472594,-0.42052424,0.0066637006,0.8973129
WOLFSKILL_Cardinal_1030,-0.047525663,-0.36942145,0.122668274,0.8373465
VINEYARDS_5C_cab_madera_y2018_4236,0.366376,0.013538979,-0.8874215,-0.013580829
WOLFSKILL_Pirovano_5_2583,-0.021363672,-0.43388724,-0.0027365144,0.9236767
WOLFSKILL_Zlahtina_2291,-0.03169768,0.38301045,0.026087945,-0.8457262
WOLFSKILL_Zinfandel_Heritage_Sel._17_4572,-0.00629717,0.3225347,-0.029983653,-0.70117354
WOLFSKILL_Oki_di_Boi_6780,0.031793572,-0.36269212,-0.13307692,0.75501835
WOLFSKILL_Royale_4x_3198,-0.19043554,-0.12688091,0.5311307,0.4227078
WOLFSKILL_UNKNOWN_CULTIVAR_9659,-0.007038369,-0.36521035,-0.02792892,0.7807425
WOLFSKILL_Aspruda_Halkidos_7837,-0.011661039,-0.35561112,-0.010680173,0.7692388
WOLFSKILL_Cereza_9166,-0.15575711,-0.14248253,0.44142234,0.42895064
WOLFSKILL_Zlahtina_2290,-0.030883607,-0.36509144,0.054545917,0.8030894
WOLFSKILL_Oki_di_Boi_6781,0.3836288,0.010023978,-0.92772555,-0.00551847
WOLFSKILL_Royale_4x_3199,0.25731555,0.040777247,-0.62560767,-0.087504506
WOLFSKILL_Husseive_2578,0.39527935,0.017977696,-0.9591813,-0.027296703
WOLFSKILL_Cardinal_1031,-0.017722733,-0.39444184,-0.009609485,0.8249596
WOLFSKILL_El_Bejuco_4888,0.005697415,-0.38013178,-0.066750966,0.803852
VINEYARDS_5C_cab_madera_y2018_4237,0.37157118,0.012229487,-0.89960575,-0.010811452
WOLFSKILL_Pirovano_5_2582,-0.021468561,-0.37755448,0.013400154,0.8099733
WOLFSKILL_Audibert_9432,0.27305785,0.01528636,-0.6620442,-0.029806804
WOLFSKILL_Saint_Laurent_9269,-0.019002918,-0.42559853,-0.006950954,0.90459263
ALGERIA_Ahmeur Bou Ahmeur_16,-0.018812515,-0.40820178,-0.013595877,0.85186833
WOLFSKILL_Muscat_Hamburg_1452,-0.08815582,-0.21395846,0.25754797,0.5408278
WOLFSKILL_Pinot_St.george_7040,-0.015189429,-0.42388532,-0.022122478,0.8882336
WOLFSKILL_Olivette_Noir_2595,-0.037837144,0.2959421,0.045835204,-0.6696887
UCDAVIS_CHARDONNAY_747,-0.027780667,0.37842637,0.012805456,-0.82868004
WOLFSKILL_Parreira_6829,-0.13982986,-0.16638927,0.40870756,0.47600174
WOLFSKILL_Ajmi_4393,-0.015319199,-0.45102,-0.02940205,0.94543374
WOLFSKILL_Muscat_Hamburg_2352,-0.023120865,-0.38146394,0.02133383,0.82335883
WOLFSKILL_Inzolia_8566,-0.0017174296,-0.38890612,-0.048662797,0.827197
WOLFSKILL_Rhazaki_Mavro_3141,-0.08675068,-0.26650533,0.2512683,0.67151034
VINEYARDS_freedom_chard_san_joaquin_y2018_3667,0.38460407,0.014229521,-0.93238837,-0.016046207
WOLFSKILL_Diamond_Muscat_4262,-0.036432635,-0.36871016,0.08243368,0.8188884
WOLFSKILL_Persian_R27_4108,-0.034336925,-0.45467857,0.037916064,0.96879303
WOLFSKILL_Canaiolo_Nero_5591,-0.09513341,-0.2541238,0.26888517,0.6443579
WOLFSKILL_Ajmi_4392,-0.019492563,-0.43079543,-0.010354603,0.90850925
VINEYARDS_5C_chard_merced_y2019_6,0.3937821,0.015880227,-0.9556364,-0.020646613
WOLFSKILL_Muscat_Hamburg_2353,-0.01580095,-0.4292311,-0.026411617,0.8896159
WOLFSKILL_Husseine_rish_Baba_2839,-0.031164616,-0.3587076,0.056959406,0.7842586
WOLFSKILL_Trousseau_6538,-0.030778129,0.3673439,0.020260835,-0.8097614
WOLFSKILL_Parreira_6828,0.23274715,-0.09202379,-0.5790246,0.20167728
VINEYARDS_freedom_cab_merced_y2019_578,0.35687092,0.010068793,-0.8632946,-0.008768525
WOLFSKILL_Diamond_Muscat_4263,-0.023812164,-0.3594647,0.027703604,0.7778349
WOLFSKILL_Canaiolo_Nero_5590,-0.04476601,0.34452137,0.059036963,-0.77724963
WOLFSKILL_Persian_R27_4109,-0.02225034,-0.4514637,-0.009903662,0.9465114
WOLFSKILL_Inzolia_8567,0.16794887,0.0775691,-0.41709974,-0.1744948
WOLFSKILL_Rhazaki_Mavro_3140,-0.04699317,-0.27053648,0.1295639,0.6218758
WOLFSKILL_Mavrodaphne_6420,-0.031959347,-0.33650756,0.066462465,0.74452376
WOLFSKILL_Vernatschia_Alternatures_8177,-0.18608601,-0.13766629,0.5227695,0.44690862
WOLFSKILL_Triplett_T170-9B_9349,-0.04758732,-0.33185893,0.12447905,0.7588737
WOLFSKILL_Marvel_Of_Vaucluse_1404,-0.18491904,-0.11100714,0.5144613,0.37601423
WOLFSKILL_Syrian_474,-0.0048654173,-0.3677528,-0.035205215,0.78224707
VINEYARDS_freedom_cab_merced_y2018_2663,-0.033883534,0.33897728,0.03259173,-0.7559545
WOLFSKILL_Johanna_Mathiasz_1264,-0.009582379,0.14092846,-0.0032188483,-0.32923087
WOLFSKILL_Kontocladi_7903,0.0006769141,-0.32976308,-0.0408315,0.7046569
VINEYARDS_1103P_chard_san_joaquin_y2018_3257,0.4090763,0.018563662,-0.99304914,-0.027666982
WOLFSKILL_Kritico_3004,-0.038184024,-0.42185956,0.06533746,0.9218502
WOLFSKILL_Perbos_139_416,0.0006591636,-0.383811,-0.054221377,0.8091532
WOLFSKILL_Opale_1552,-0.044478975,-0.39450324,0.10335345,0.88379383
WOLFSKILL_Calzin_5577,-0.06614862,-0.3355527,0.18477571,0.8044871
WOLFSKILL_Eununi_1189,-0.042024925,-0.3436241,0.099113576,0.7718986
WOLFSKILL_B7-7_Thompson_mutant_4513,-0.016991314,-0.4172619,-0.010786567,0.88741314
WOLFSKILL_Johanna_Mathiasz_1265,-0.11692975,0.092107564,0.2952948,-0.17910758
VINEYARDS_5C_cab_san_joaquin_y2019_969,-0.0131068,-0.35360265,-0.0036983248,0.761742
WOLFSKILL_Kontocladi_7902,-0.013385194,-0.42254484,-0.028476704,0.8863894
WOLFSKILL_Mavrodaphne_6421,-0.09516273,-0.22668298,0.2836438,0.5849297
WOLFSKILL_Vernatschia_Alternatures_8176,-0.009919287,-0.4251085,-0.04044439,0.89021665
WOLFSKILL_Triplett_T170-9B_9348,-0.03735939,-0.37982184,0.072452,0.83866316
WOLFSKILL_Syrian_475,-0.023068503,0.3054945,0.011134395,-0.6778768
VINEYARDS_freedom_cab_merced_y2018_2662,0.00096892565,0.29470944,-0.044785112,-0.6470051
VINEYARDS_freedom_chard_madera_y2018_4250,0.33135876,0.0009197891,-0.7989069,0.01301774
WOLFSKILL_Eununi_1188,-0.1308556,-0.05796829,0.34999067,0.1850597
WOLFSKILL_Kritico_3005,-0.0248814,-0.32302338,0.044612065,0.7103063
WOLFSKILL_Opale_1553,-0.035606645,-0.3838848,0.06541946,0.8437828
WOLFSKILL_Perbos_139_417,-0.17073038,-0.16919994,0.47372103,0.5082328
WOLFSKILL_Perle_de_Csaba_8929,-0.023271274,-0.3809896,0.021761408,0.8212467
WOLFSKILL_Sauvignon_Gris_4818,-0.0065564876,-0.37451124,-0.032743,0.79646546
WOLFSKILL_Antibo_5284,-0.01921799,0.38316786,-0.009858844,-0.82769895
WOLFSKILL_Ghlicopati_8539,-0.09194841,0.20148875,0.18732458,-0.471752
WOLFSKILL_Muscat_St._Laurent_58,-0.0026951833,-0.35657564,-0.038158428,0.7589562
WOLFSKILL_Pinot_Nero_6979,0.31687123,-0.0049573462,-0.7712491,0.029999562
WOLFSKILL_Sovereign_Coronation_430,-0.0650988,0.23203062,0.117785804,-0.5442877
WOLFSKILL_Mausac_Blanc_6408,-0.01422022,-0.3860164,-0.006983852,0.83258516
WOLFSKILL_Barbera_5388,0.21146815,0.1024892,-0.5238226,-0.22156247
VINEYARDS_freedom_cab_san_joaquin_y2018_3146,0.3915067,0.0137827955,-0.94889426,-0.010812372
WOLFSKILL_Roussico_8018,-0.21206562,-0.14193,0.579792,0.47450835
WOLFSKILL_Muscat_Ottonel_6674,-0.08313732,-0.28267068,0.24440354,0.7107742
WOLFSKILL_Husseine_2832,0.0065458966,-0.27879003,-0.040529095,0.6080931
WOLFSKILL_Picpoule_Noir_6939,-0.021711972,0.3188843,0.0048653483,-0.704637
WOLFSKILL_Gewurtztraminer_1800,-0.034739204,-0.39729786,0.055411905,0.86624205
WOLFSKILL_Sovereign_Coronation_431,-0.020474125,-0.43362778,-0.00471057,0.9236679
WOLFSKILL_Pinot_Nero_6978,-0.025819287,-0.4184879,0.017030692,0.8946222
WOLFSKILL_Perle_de_Csaba_8928,0.33055905,0.007326089,-0.8013867,-0.004721444
WOLFSKILL_Ghlicopati_8538,-0.17251478,0.0039941333,0.46365526,0.07335074
WOLFSKILL_Antibo_5285,-0.061099984,-0.26505965,0.16905865,0.6277655
WOLFSKILL_Husseine_2833,0.012955569,-0.35427478,-0.077295505,0.7535957
WOLFSKILL_Gewurtztraminer_1801,-0.02186212,-0.34994906,0.028161934,0.7632733
WOLFSKILL_Picpoule_Noir_6938,-0.013292999,-0.37705755,-0.012762016,0.80622077
WOLFSKILL_Barbera_5389,0.17825957,-0.14741239,-0.45644158,0.3085124
VINEYARDS_freedom_cab_san_joaquin_y2018_3147,0.3691075,0.012037609,-0.893806,-0.011759032
WOLFSKILL_Mausac_Blanc_6409,0.0731663,0.18005703,-0.20053652,-0.39481145
WOLFSKILL_Roussico_8019,-0.07123308,-0.34412694,0.1998202,0.82605594
WOLFSKILL_Muscat_Ottonel_6675,0.116777234,-0.2099716,-0.31388885,0.44131437
WOLFSKILL_UNKNOWN_CULTIVAR_9536,-0.008534792,-0.32139617,-0.014807753,0.68255293
ALGERIA_Babari_144,-0.015236911,-0.4014874,-0.018045649,0.8448175
WOLFSKILL_Sev_Lernatu_PRG_2224_9044,-0.021250509,-0.41545725,0.00462847,0.891748
WOLFSKILL_Seedless_Tokay_2378,-0.018859088,-0.31390274,0.022609988,0.6809311
WOLFSKILL_Karrithato_6117,-0.028678186,-0.3662476,0.047724538,0.7995579
WOLFSKILL_UNKNOWN_CULTIVAR_9750,-0.028342653,-0.34597817,0.045350306,0.7571347
VINEYARDS_5C_chard_merced_y2018_3344,0.38407603,0.012175903,-0.9301257,-0.010899272
WOLFSKILL_Early_Muscat_4192,-0.023572855,-0.44640437,-0.0025279056,0.93915796
WOLFSKILL_Monakka_1420,-0.026863862,-0.37004656,0.034132436,0.7963722
WOLFSKILL_Mariposa_Muscat_4507,-0.03179229,-0.37427616,0.056341283,0.8211854
WOLFSKILL_Seedless_Tokay_2379,0.001346244,-0.3230642,-0.040192638,0.69914967
WOLFSKILL_Karrithato_6116,-0.03644,0.33372712,0.038727954,-0.74618936
WOLFSKILL_UNKNOWN_CULTIVAR_9751,0.013607139,-0.3193852,-0.07372666,0.6789159
ALGERIA_Babari_145,-0.020756569,-0.39677227,0.0038278792,0.84378964
WOLFSKILL_UNKNOWN_CULTIVAR_9537,0.16109295,-0.014425147,-0.3935778,0.025481269
VINEYARDS_freedom_cab_madera_y2019_325,0.32719016,0.007839207,-0.7918117,-0.0053330846
WOLFSKILL_Sev_Lernatu_PRG_2224_9045,-0.024235036,-0.42442718,0.008172447,0.90203
WOLFSKILL_Early_Muscat_4193,-0.01734266,-0.42428854,-0.019928634,0.8894944
VINEYARDS_5C_chard_merced_y2018_3345,0.35737577,0.006678384,-0.8633778,0.000878267
WOLFSKILL_Barbara_5681,-0.021239743,-0.39421856,0.008844638,0.84562916
WOLFSKILL_Monakka_1421,-0.029006276,0.2802906,0.030132623,-0.6343284
WOLFSKILL_Mariposa_Muscat_4506,0.19398923,0.03655861,-0.46910298,-0.07292499
WOLFSKILL_Dardari_3539,-0.00023073098,-0.39625752,-0.055335157,0.83468145
WOLFSKILL_Flame_Tokay_4344,-0.01675485,-0.38058996,-0.004051339,0.8113688
WOLFSKILL_Alloued_Zeine_908,-0.060363963,-0.34943077,0.16549495,0.8218554
VINEYARDS_1103P_cab_san_joaquin_y2019_1994,0.35416934,0.008148368,-0.85581774,-0.0022361465
VINEYARDS_1103P_cab_merced_y2018_3023,0.32818055,0.00992379,-0.79527414,-0.011081401
WOLFSKILL_Tsoumbrena_Mavri_8043,-0.019596603,-0.25310737,0.041724555,0.5578545
WOLFSKILL_Gamay_Burgoyne_5914,0.2909945,0.015853014,-0.70650405,-0.030041251
WOLFSKILL_Lagrein_6905,-0.011134096,-0.40602905,-0.029324954,0.8566787
WOLFSKILL_Esperia_1171,-0.03779696,-0.38965872,0.07713331,0.8604152
WOLFSKILL_Terret_Gris_7506,-0.01641776,-0.40265644,-0.0069321766,0.8611288
WOLFSKILL_Fer_Servadou_5049,-0.03515722,-0.4211232,0.05262646,0.91299635
VINEYARDS_1103P_cab_merced_y2019_421,0.3341188,0.008330613,-0.8107841,-0.01039242
VINEYARDS_freedom_cab_merced_y2018_3399,0.39915714,0.01386594,-0.96631235,-0.010194223
WOLFSKILL_Magliasina_4542,-0.026845269,-0.45249707,0.009250147,0.96014416
VINEYARDS_1103P_cab_san_joaquin_y2019_1995,0.38428456,0.007310793,-0.92627716,0.0062025525
VINEYARDS_1103P_cab_merced_y2018_3022,0.3682693,0.012777269,-0.89327085,-0.015591782
WOLFSKILL_Tsoumbrena_Mavri_8042,-0.061952613,-0.34092554,0.16150844,0.79838157
WOLFSKILL_Gamay_Burgoyne_5915,-0.08543376,-0.25090292,0.25105035,0.6284524
WOLFSKILL_Lagrein_6904,-0.029473238,0.36551714,0.01963663,-0.8072549
VINEYARDS_freedom_chard_san_joaquin_y2018_2936,0.409614,0.012753438,-0.9921404,-0.007499337
WOLFSKILL_Alloued_Zeine_909,-0.101850376,-0.32193357,0.3008867,0.83366215
VINEYARDS_5C_chard_merced_y2018_2725,-0.017545644,0.3394528,-0.011870192,-0.7451265
VINEYARDS_freedom_cab_merced_y2018_3398,0.34921604,0.0076295584,-0.8439169,-0.002113115
WOLFSKILL_Magliasina_4543,-0.0365572,-0.4368219,0.053926826,0.94602704
WOLFSKILL_Terret_Gris_7507,-0.036727637,-0.37704158,0.07299627,0.8307488
WOLFSKILL_Esperia_1170,0.33620903,0.006272014,-0.8129498,0.00040838495
VINEYARDS_1103P_cab_merced_y2019_420,0.36401492,0.008792143,-0.8810028,-0.003469333
WOLFSKILL_Malvasia_Del_Chianti_6352,-0.06828614,-0.34974605,0.18901423,0.8372366
WOLFSKILL_Fer_Servadou_5048,-0.05454695,-0.35178065,0.1416792,0.8094285
WOLFSKILL_Precoce_De_Malingre_1597,-0.03649763,-0.41916502,0.06174331,0.913092
WOLFSKILL_Naboda_6693,-0.029485807,-0.4141065,0.031932622,0.8893894
WOLFSKILL_Khalchili_1291,-0.031220298,-0.39874366,0.046013348,0.87103975
ALGERIA_Amer Bouamar_133,-0.018662054,-0.38195008,-0.002507398,0.807814
WOLFSKILL_Neeli_3944,0.011705796,-0.32067412,-0.067544885,0.68659854
WOLFSKILL_Shtur_Angur_512,-0.0928726,0.23156281,0.18583478,-0.551135
ALGERIA_Tizi Ouinine_436,-0.009181582,-0.35124823,-0.019012505,0.74773765
WOLFSKILL_Negro_Amaro_6735,0.07536229,0.2070169,-0.21520677,-0.4473134
WOLFSKILL_Victoria_s_Choice_3683,0.010871749,-0.31282255,-0.06626214,0.6671592
WOLFSKILL_Ferral_De_Izalva_2779,-0.036143266,0.31801683,0.041571714,-0.7161503
WOLFSKILL_Neeli_3945,-0.011198959,-0.3360149,-0.004868621,0.7237066
WOLFSKILL_Naboda_6692,-0.102578826,-0.32353914,0.29586336,0.8328105
WOLFSKILL_Precoce_De_Malingre_1596,-0.022842262,-0.36205083,0.024164366,0.78507996
WOLFSKILL_Morescono_5180,-0.03427282,-0.3461825,0.07209884,0.7666378
WOLFSKILL_Khalchili_1290,-0.019739006,-0.3519945,0.01603142,0.7571337
ALGERIA_Tizi Ouinine_437,-0.19092463,-0.079866365,0.5174062,0.29939726
WOLFSKILL_Negro_Amaro_6734,-0.024936818,-0.40810406,0.020203413,0.8816939
WOLFSKILL_Victoria_s_Choice_3682,-0.030561477,-0.36884293,0.05109196,0.8072872
WOLFSKILL_Shtur_Angur_513,0.0043520303,-0.3435377,-0.053179137,0.73336375
WOLFSKILL_Olivette_Vendemien_1546,-0.038839135,-0.36538023,0.08448825,0.8129975
WOLFSKILL_Lakemont_8221,-0.017872382,-0.3751759,0.007136695,0.8057157
WOLFSKILL_Pinot_5903,-0.008467763,0.30125502,-0.024928873,-0.66500986
VINEYARDS_5C_chard_merced_y2018_3063,0.3743265,0.013195816,-0.9080409,-0.015224926
WOLFSKILL_Khorestini_3563,-0.028006189,-0.36386296,0.043800294,0.79509115
WOLFSKILL_Ak_Schekerek_2310,0.11433645,-0.15341437,-0.29991698,0.3320858
WOLFSKILL_Moscato_Di_Terracina_6678,0.14800219,-0.19629095,-0.38831523,0.41625383
WOLFSKILL_UNKNOWN_CULTIVAR_9611,0.082806446,0.038520407,-0.21354836,-0.09109691
WOLFSKILL_Rish_Baba_4321,-0.02369773,-0.38454652,0.018633982,0.825867
WOLFSKILL_Terra_Promessa_375,0.1112572,0.15076071,-0.2866555,-0.3284175
WOLFSKILL_Unknown_Cultivar_8071,-0.04843563,-0.36859578,0.11924776,0.834272
WOLFSKILL_Tana-Kuzi_4208,-0.013496022,0.32802343,-0.014897171,-0.7222922
WOLFSKILL_Ak_Schekerek_2311,-0.040216476,-0.39494663,0.080830865,0.8743897
WOLFSKILL_Moscato_Di_Terracina_6679,-0.035085097,0.38772333,0.031191105,-0.8575636
WOLFSKILL_Khorestini_3562,-0.0022785887,-0.327144,-0.03357497,0.6978196
WOLFSKILL_Lakemont_8220,-0.0095730955,-0.3790388,-0.022452714,0.8107142
WOLFSKILL_Pinot_5902,0.09450311,0.20404808,-0.26310927,-0.43699625
WOLFSKILL_Olivette_Vendemien_1547,-0.017874535,-0.36790818,0.0052862037,0.77826077
WOLFSKILL_Unknown_Cultivar_8070,-0.0591114,-0.3698163,0.15541545,0.86236835
WOLFSKILL_Terra_Promessa_374,-0.117809124,0.12984976,0.27089024,-0.29037094
WOLFSKILL_UNKNOWN_CULTIVAR_9610,-0.16346024,-0.13028297,0.45585203,0.40196136
WOLFSKILL_Rish_Baba_4320,-0.03809196,-0.43814498,0.06061197,0.94910574
VINEYARDS_1103P_chard_san_joaquin_y2019_850,0.3915409,0.010752872,-0.94826597,-0.005571235
WOLFSKILL_Matum_Margoon_5165,-0.021375384,-0.34817857,0.020880831,0.75415885
VINEYARDS_freedom_chard_san_joaquin_y2018_4675,0.342779,0.0062465817,-0.83035314,0.0050150603
WOLFSKILL_Himrisnky_558,0.18672833,0.061253626,-0.45588267,-0.13270925
WOLFSKILL_Trousseau_7622,-0.07577696,-0.28458622,0.21183619,0.697809
WOLFSKILL_Nimrang_4492,-0.04354489,-0.38598192,0.098876245,0.8639333
WOLFSKILL_Torrontes_Riojano_9489,-0.07593983,-0.3348869,0.2177186,0.81930065
VINEYARDS_freedom_cab_madera_y2018_3929,0.34951648,0.0117901005,-0.8492875,-0.019449387
WOLFSKILL_Riesling_Muscat_5123,-0.036473926,0.34112662,0.037220903,-0.7623081
WOLFSKILL_Longyan_8363,-0.03225369,0.37895304,0.022982301,-0.8361646
WOLFSKILL_Ter_Gulmer_7483,-0.023704547,-0.3803349,0.021715285,0.82369983
WOLFSKILL_Itchkimar_3710,-0.02873224,-0.3840521,0.03870985,0.83304054
WOLFSKILL_Salvador_7244,-0.13668312,-0.26194406,0.4002775,0.7131585
WOLFSKILL_Valdepenas_7657,-0.01832908,-0.36364725,0.0063467827,0.78083634
VINEYARDS_1103P_chard_san_joaquin_y2018_2510,0.390078,0.011612855,-0.94282615,-0.005647503
WOLFSKILL_Sabalkanskoi_4388,-0.028723277,-0.4465244,0.020736171,0.9545096
WOLFSKILL_Riesling_Muscat_5122,-0.005743281,-0.39914146,-0.04208969,0.83883095
VINEYARDS_freedom_cab_madera_y2018_3928,0.3718979,0.012098778,-0.9002359,-0.010064304
WOLFSKILL_Himrisnky_559,-0.047675222,0.3428393,0.065438055,-0.77259386
WOLFSKILL_Trousseau_7623,-0.08882756,-0.25014794,0.25233284,0.6261684
WOLFSKILL_Negrette_5074,-0.0020474456,-0.40025625,-0.051638357,0.8434692
WOLFSKILL_Matum_Margoon_5164,-0.023445327,0.2997391,0.012389621,-0.6689989
VINEYARDS_freedom_chard_san_joaquin_y2018_4674,0.38571703,0.015438203,-0.93771446,-0.02146222
WOLFSKILL_Torrontes_Riojano_9488,-0.03423274,0.3459118,0.035253473,-0.77027154
WOLFSKILL_Salvador_7245,-0.15975258,-0.1608582,0.45710087,0.48385614
WOLFSKILL_Valdepenas_7656,-0.030235112,-0.35600793,0.05288563,0.78196275
WOLFSKILL_Itchkimar_3711,-0.116471805,-0.043953028,0.31997243,0.14806323
VINEYARDS_1103P_chard_san_joaquin_y2018_2511,0.3879105,0.011987243,-0.93812495,-0.007176984
WOLFSKILL_Ter_Gulmer_7482,-0.026863225,-0.34570277,0.044176884,0.7581589
WOLFSKILL_Longyan_8362,-0.09323739,-0.27838978,0.2773583,0.70827425
WOLFSKILL_Ribier_1665,-0.05193706,-0.35847926,0.126959,0.8169204
WOLFSKILL_Trieste_4x_3166,0.013836298,-0.36109632,-0.08659668,0.76018465
WOLFSKILL_Melon_6448,-0.046849087,0.39836225,0.06419665,-0.8928322
WOLFSKILL_Budrilay_8807,-0.030608274,-0.40194547,0.0428489,0.86985636
VINEYARDS_5C_cab_madera_y2018_4183,0.37488845,0.012825727,-0.9068811,-0.012550347
WOLFSKILL_Primiera_1603,-0.024975229,-0.39519852,0.02000329,0.8509147
WOLFSKILL_Red_Ohanez_2943,-0.024573654,0.30882573,0.0143550765,-0.688714
ALGERIA_Ichmoul_227,-0.011007237,-0.40949595,-0.038207248,0.85160184
WOLFSKILL_Prokupac_8160,-0.028060228,0.35321674,0.01876959,-0.78155744
WOLFSKILL_Netter_1487,-0.028212585,-0.43311924,0.020156285,0.91962636
WOLFSKILL_Rofar_Vidor_591,-0.00799618,-0.37918347,-0.027118726,0.8078047
WOLFSKILL_Frankenthal_Blanc_4965,-0.028029341,-0.39460087,0.037710458,0.8544767
WOLFSKILL_Nebbiolo_Fino_6722,-0.02026986,-0.37996128,0.009694828,0.8185785
WOLFSKILL_Budrilay_8806,-0.048587725,-0.21046719,0.13318527,0.49211782
WOLFSKILL_Red_Ohanez_2942,-0.065272145,-0.31390688,0.18209402,0.75144184
WOLFSKILL_Primiera_1602,-0.013176917,-0.38184533,-0.013943169,0.8183233
ALGERIA_Ichmoul_226,-0.029865108,-0.42372647,0.026181476,0.90735614
VINEYARDS_freedom_chard_madera_y2018_4177,0.3855866,0.01577114,-0.93394446,-0.018944118
WOLFSKILL_Ribier_1664,-0.02247829,-0.3940723,0.016156772,0.8458495
WOLFSKILL_Trieste_4x_3167,-0.011757047,-0.35410398,-0.013752341,0.75623703
WOLFSKILL_Melon_6449,-0.1780759,0.100544974,0.44463408,-0.17933276
WOLFSKILL_Rofar_Vidor_590,-0.0365593,-0.36496925,0.07786653,0.80802095
WOLFSKILL_Frankenthal_Blanc_4964,-0.019339722,0.39266437,-0.009138539,-0.85139465
WOLFSKILL_Nebbiolo_Fino_6723,-0.01215846,-0.36155942,-0.012069253,0.7758355
WOLFSKILL_Royal_2205,-0.023294717,-0.4437428,0.00059846975,0.9378271
WOLFSKILL_Prokupac_8161,-0.033375397,0.37232804,0.034021087,-0.8287996
WOLFSKILL_Teinturier_Male_7466,0.090589,-0.19067805,-0.24670416,0.41172975
WOLFSKILL_Askari_4406,-0.04196435,-0.39033028,0.09437204,0.86794364
WOLFSKILL_Muscato_Vidor_572,-0.022781841,-0.3918779,0.015116295,0.84289956
WOLFSKILL_Fresno_35-33_532,0.2661947,0.014953028,-0.64466393,-0.024697486
VINEYARDS_freedom_chard_san_joaquin_y2018_4481,0.3606591,0.019576069,-0.8754802,-0.036496308
WOLFSKILL_Sauvignon_Blanc_7263,0.0061313948,0.29830268,-0.059075177,-0.6481112
WOLFSKILL_Pirobelle_4010,-0.002055047,-0.35702094,-0.041020688,0.75674534
WOLFSKILL_Ranny_Vira_3738,0.04893806,0.21326877,-0.15015025,-0.46423125
WOLFSKILL_Tagouti_Rouge_1929,-0.1014057,0.20822136,0.20891523,-0.497589
WOLFSKILL_Chasselas_Des_Bouches-du-rhone_364,-0.042625412,0.36169153,0.054514863,-0.8112039
WOLFSKILL_Itonychi_Lefko_1978,-0.04200913,-0.36995906,0.10344339,0.8323113
WOLFSKILL_Pirobelle_4011,-0.04172344,-0.3107272,0.10645894,0.7012851
WOLFSKILL_Sauvignon_Blanc_7262,-0.03904963,0.3764149,0.04172817,-0.83854896
ALGERIA_Louali_303,-0.03195209,-0.35412133,0.05989202,0.777802
WOLFSKILL_Muscato_Vidor_573,-0.0776893,-0.28951693,0.21866092,0.71552885
VINEYARDS_5C_chard_san_joaquin_y2018_3123,0.39416507,0.016065557,-0.9567094,-0.019782353
WOLFSKILL_Fresno_35-33_533,0.34959775,0.010123294,-0.8460248,-0.007665582
WOLFSKILL_Askari_4407,-0.05496226,-0.31998122,0.14871582,0.74687827
WOLFSKILL_Teinturier_Male_7467,-0.01852943,0.37558928,-0.009404048,-0.81561995
WOLFSKILL_Chasselas_Des_Bouches-du-rhone_365,-0.014266298,-0.37591362,-0.006572826,0.8012117
WOLFSKILL_Itonychi_Lefko_1979,-0.011040612,0.37510806,-0.02584118,-0.80530035
WOLFSKILL_Mataro_6406,-0.0071851583,-0.33824867,-0.020097585,0.72437227
WOLFSKILL_Ranny_Vira_3739,-0.013639172,-0.35972023,-0.01169955,0.75718147
WOLFSKILL_Tagouti_Rouge_1928,-0.014510666,-0.33783907,0.0040205326,0.73131305
VINEYARDS_1103P_chard_madera_y2018_3936,0.38716343,0.013486657,-0.9392278,-0.014961269
WOLFSKILL_Noir_D_automne_861,-0.15479733,-0.089519545,0.42299244,0.28731522
WOLFSKILL_Alicante_Bouschet_5244,-0.09957862,-0.3139336,0.28920355,0.8044082
WOLFSKILL_Royal_E_1679,0.0071067326,-0.42049152,-0.085466586,0.8763052
WOLFSKILL_Luquaci_Thompson_1372,-0.035006337,-0.31429756,0.08137233,0.70349413
WOLFSKILL_Bonvedro_5535,0.29955202,-0.015559964,-0.72636735,0.048834093
WOLFSKILL_Kandahari_1286,-0.008809202,-0.3530295,-0.020420518,0.7573462
WOLFSKILL_Vidal_9_9477,-0.07122739,-0.2930081,0.20441729,0.7098303
VINEYARDS_freedom_cab_madera_y2018_4242,0.36132368,0.009897687,-0.87528104,-0.0065894537
WOLFSKILL_Muscat_Talebot_1484,-0.0289988,-0.39759955,0.037767053,0.86059207
WOLFSKILL_Fatai_3938,-0.01322529,0.36943918,-0.018092219,-0.80284154
WOLFSKILL_Patrino_8336,-0.03280645,-0.39377844,0.050653525,0.8564862
WOLFSKILL_Mureto_6637,-0.0360602,-0.42460555,0.05462151,0.92081606
WOLFSKILL_Nebbiolo_Bourgu_6712,0.3122998,-0.023906104,-0.7566556,0.06717993
WOLFSKILL_Black_Kishmish_2418,-0.008408022,0.30136657,-0.024206998,-0.6584287
WOLFSKILL_Red_Malaga_1641,-0.048525106,-0.31420556,0.120712854,0.71674246
WOLFSKILL_UNKNOWN_CULTIVAR_9719,0.24714196,0.013714563,-0.5965471,-0.023008924
ALGERIA_Tizi Ouinine_396,-0.009765859,-0.3946214,-0.025527067,0.8424851
WOLFSKILL_Loin_De_L_oeil_8594,-0.10747943,-0.18287323,0.305201,0.47640437
WOLFSKILL_Vidal_9_9476,-0.15939309,-0.018352216,0.4309338,0.11974926
WOLFSKILL_Kandahari_1287,-0.014524006,0.1875893,0.006534133,-0.43307126
WOLFSKILL_Bonvedro_5534,-0.1765382,-0.1529099,0.49312246,0.4738882
VINEYARDS_freedom_cab_madera_y2018_4243,0.36534294,0.01221434,-0.8863722,-0.012658827
VINEYARDS_1103P_chard_madera_y2018_3937,0.3621718,0.008967508,-0.8773006,-0.0025305003
WOLFSKILL_Noir_D_automne_860,-0.03267041,-0.3229342,0.07038968,0.7156924
WOLFSKILL_Garanoir_9239,0.0124590155,0.019086573,-0.045589663,-0.06054874
VINEYARDS_freedom_cab_merced_y2018_3579,0.33899567,0.0035381801,-0.8159602,0.012451664
ALGERIA_Tizi Ouinine_397,-0.034611467,-0.4256302,0.048025414,0.9171528
UCDAVIS_AXR1_453,-0.020336125,-0.41430908,-0.0003090799,0.88087356
WOLFSKILL_Loin_De_L_oeil_8595,-0.120277636,-0.10546152,0.32055247,0.28987586
WOLFSKILL_Mureto_6636,-0.025974613,-0.43426603,0.01052499,0.918041
WOLFSKILL_Nebbiolo_Bourgu_6713,-0.002697275,-0.32818115,-0.03283719,0.6982401
VINEYARDS_freedom_cab_san_joaquin_y2018_2864,0.31745598,0.010581691,-0.76969737,-0.018501699
WOLFSKILL_Muscat_Talebot_1485,0.18225236,0.040530164,-0.44040862,-0.08596243
WOLFSKILL_Fatai_3939,0.0020598578,-0.37999842,-0.06110748,0.7958915
WOLFSKILL_Patrino_8337,0.1459773,0.09256038,-0.36685997,-0.2035218
WOLFSKILL_UNKNOWN_CULTIVAR_9718,0.0111001395,-0.29406822,-0.06358402,0.62713027
ALGERIA_Louali_298,-0.02483122,-0.42011586,0.006140843,0.88218015
VINEYARDS_freedom_chard_merced_y2018_5083,-0.04156107,0.37076265,0.049346246,-0.8273
WOLFSKILL_UNKNOWN_CULTIVAR_5135,0.2966475,0.011444684,-0.7182013,-0.017823521
WOLFSKILL_UNKNOWN_CULTIVAR_6652,-0.15707386,0.10402347,0.39607814,-0.19181028
WOLFSKILL_Madeleine_Celine_2912,0.3522983,0.0034756772,-0.8500942,0.008357786
WOLFSKILL_Seedless_Tokay_2403,-0.056618065,0.36544716,0.09217592,-0.8281479
VINEYARDS_freedom_chard_madera_y2019_307,0.38521507,0.011337683,-0.9321854,-0.0060675517
WOLFSKILL_Barlinka_4722,-0.042038217,-0.36511678,0.09268256,0.8159409
WOLFSKILL_Lakemont_4762,-0.005019009,-0.41516352,-0.05131028,0.8648492
ALGERIA_Louali_299,-0.018490382,-0.4102767,-0.010121308,0.8609797
WOLFSKILL_Barlinka_4723,-0.019579992,-0.39616233,0.0024801549,0.8462044
WOLFSKILL_Sylvaner_742_9451,-0.02495189,-0.38937718,0.027300974,0.84067655
WOLFSKILL_Clairette_De_Limoux_5024,0.022343714,-0.25987437,-0.08077849,0.56689906
VINEYARDS_1103P_cab_san_joaquin_y2018_4618,0.34111306,0.011044536,-0.8251424,-0.009618174
WOLFSKILL_Seedless_Tokay_2402,-0.028213732,-0.4078493,0.03101818,0.87783575
WOLFSKILL_UNKNOWN_CULTIVAR_6653,-0.07640498,0.33020356,0.13447367,-0.75858784
WOLFSKILL_UNKNOWN_CULTIVAR_5134,-0.026626099,-0.4100058,0.023333566,0.88112164
WOLFSKILL_Madeleine_Celine_2913,0.05176942,-0.34569347,-0.18613695,0.7079622
WOLFSKILL_Exotic_1197,-0.04342197,0.39696282,0.058787063,-0.8877076
WOLFSKILL_Chardonnay_5616,0.1440197,0.03146958,-0.35348445,-0.07623877
WOLFSKILL_Valdepenas_8140,-0.019627105,-0.41120622,-0.006006198,0.87197465
WOLFSKILL_Beclan_5413,-0.03497649,-0.3691786,0.069264896,0.8184141
WOLFSKILL_Moscato_Bianco_6570,-0.007210266,-0.3764075,-0.032170504,0.7965338
VINEYARDS_1103P_chard_san_joaquin_y2018_3078,0.3585312,0.01060969,-0.86781514,-0.007548373
WOLFSKILL_Volarova_2251,-0.009740633,-0.3739816,-0.02112733,0.79517853
WOLFSKILL_Aurora_947,-0.009300013,0.32242203,-0.025315307,-0.70056903
WOLFSKILL_Coudsi_1079,-0.058738306,-0.3381093,0.15391302,0.7910791
VINEYARDS_freedom_cab_san_joaquin_y2018_4666,0.35528633,0.013012588,-0.86181307,-0.017227966
WOLFSKILL_White_Corinth_1909,-0.045528997,0.3993129,0.055734836,-0.89059514
WOLFSKILL_Tintureiro_7579,-0.012245112,-0.36137316,-0.007993823,0.7830552
WOLFSKILL_Petrolianos_6924,-0.048365198,-0.27779955,0.1294546,0.63841176
WOLFSKILL_UNKNOWN_CULTIVAR_9683,-0.025249027,-0.4113108,0.017248547,0.88285947
WOLFSKILL_Pinot_Noir-marianfeld_5108,-0.059243016,-0.33200967,0.15803118,0.7790307
WOLFSKILL_English_Colossal_1162,-0.035290435,-0.41982454,0.051378287,0.91201955
ALGERIA_Bouabane des Aures_185,-0.0151670175,-0.37176138,-0.008252604,0.7866961
WOLFSKILL_Early_Red_Malvasia_5741,0.27296898,-0.01989576,-0.6644273,0.05453303
WOLFSKILL_Katsano_6128,-0.010273715,0.1970634,-0.005685281,-0.45043403
WOLFSKILL_Aurora_946,0.31911772,-0.015613321,-0.7767103,0.05295936
WOLFSKILL_Volarova_2250,-0.0319086,-0.39719704,0.049971215,0.86499166
WOLFSKILL_Coudsi_1078,0.024618424,-0.23097318,-0.08755592,0.5027976
WOLFSKILL_Exotic_1196,-0.030609578,-0.4552546,0.020911412,0.9649768
WOLFSKILL_Valdepenas_8141,-0.032859474,-0.41392463,0.043313406,0.8958557
WOLFSKILL_Chardonnay_5617,-0.02752677,-0.4227745,0.02467362,0.9113972
VINEYARDS_1103P_chard_san_joaquin_y2018_3079,0.39545515,0.017749235,-0.96205235,-0.025887664
VINEYARDS_freedom_chard_san_joaquin_y2019_857,0.37744096,0.013918016,-0.9145642,-0.014133107
WOLFSKILL_Katsano_6129,0.006392408,-0.3326101,-0.060802557,0.70412946
WOLFSKILL_Early_Red_Malvasia_5740,-0.056801707,0.20973718,0.10146889,-0.49381775
WOLFSKILL_Pinot_Noir-marianfeld_5109,-0.02216693,-0.38773763,0.016805625,0.8364181
WOLFSKILL_English_Colossal_1163,0.041757226,-0.282695,-0.13104044,0.61487645
WOLFSKILL_Tintureiro_7578,-0.011061874,-0.35484412,-0.013682244,0.76577586
WOLFSKILL_White_Corinth_1908,-0.09024537,-0.25742787,0.266316,0.6556712
WOLFSKILL_Petrolianos_6925,-0.10788951,-0.15977105,0.3022483,0.41919044
WOLFSKILL_Muscat_Szauter_1476,-0.035833567,-0.32431296,0.08294306,0.72271436
WOLFSKILL_UNKNOWN_CULTIVAR_9682,-0.026108805,-0.41471934,0.019280462,0.8885331
WOLFSKILL_Chenin_Noir_5639,-0.06583779,-0.34563333,0.18826254,0.82342434
UCDAVIS_CARIGNANE_385,0.07289027,0.23542555,-0.20859733,-0.5118952
VINEYARDS_5C_chard_merced_y2018_3339,0.36273497,0.008738358,-0.876343,-0.0017589927
WOLFSKILL_Primitivo_de_Gioia_2_9210,-0.025842927,0.35981786,0.013280621,-0.79204476
WOLFSKILL_Plavac_Mali_4802,-0.02218834,-0.43696567,-0.004716726,0.9181216
WOLFSKILL_Husseine_1244,-0.030745111,-0.3973845,0.045487665,0.86919093
ALGERIA_Babari_139,-0.015818112,-0.36438757,-0.00067212805,0.7826075
WOLFSKILL_Madam_Matijas_3588,-0.027929205,-0.36662436,0.043845527,0.8027709
UCDAVIS_EMERALD_RIESLING_355,-0.034258008,0.32361603,0.033102117,-0.72421515
WOLFSKILL_Dardari_3544,0.015045179,-0.34370464,-0.08309927,0.7255769
WOLFSKILL_Chenin_Noir_5638,-0.026790649,-0.33108675,0.048037283,0.7258233
WOLFSKILL_Gros_Sapat_2823,-0.030423105,-0.39758605,0.041154124,0.86151993
VINEYARDS_5C_chard_merced_y2018_3338,0.35336927,0.009261556,-0.85475135,-0.0050652474
WOLFSKILL_Husseine_1245,-0.021318693,-0.39226672,0.010708088,0.844944
ALGERIA_Babari_138,-0.031359605,-0.38039064,0.046610184,0.8277895
WOLFSKILL_Madam_Matijas_3589,-0.011862137,-0.36477193,-0.010656251,0.78471434
WOLFSKILL_Crimson_Seedless_4302,-0.024122529,-0.42119223,0.007950621,0.89635146
WOLFSKILL_Danuque_2765,-0.024980403,-0.39393428,0.021607054,0.8452093
ALGERIA_Ichmoul_Bacha_281,-0.028294511,-0.42846203,0.017366199,0.9065712
WOLFSKILL_Primitivo_De_Gioia_473_8781,-0.02466891,-0.43061393,0.0072216447,0.910428
WOLFSKILL_Castelao_8442,-0.04064095,-0.38280907,0.084743164,0.85032386
WOLFSKILL_Muscat_of_Alexandria_6558,0.17497928,0.0011274442,-0.42453742,-0.0004127659
WOLFSKILL_Zinfandel_9092,-0.013106232,-0.42015472,-0.03321776,0.8727531
WOLFSKILL_Clairette_Blanche_9228,-0.059360005,0.27527922,0.09796875,-0.63125396
WOLFSKILL_Limberger_4770,-0.0047217095,-0.3528537,-0.028130969,0.7618587
WOLFSKILL_Tand_1828,0.019090477,0.3136422,-0.09385161,-0.67608905
WOLFSKILL_Primus_2931,0.089511216,-0.15665033,-0.24239483,0.33245853
WOLFSKILL_Flame_Tokay_4339,0.012297977,0.2800333,-0.071362816,-0.6132201
WOLFSKILL_Psara_7979,-0.15037838,-0.12878041,0.42264825,0.38840896
VINEYARDS_freedom_chard_merced_y2019_2082,0.33618632,0.008554399,-0.8141303,-0.0059416406
WOLFSKILL_Niunai_309,-0.02590298,0.37581325,0.010766523,-0.8214481
WOLFSKILL_Ferral_De_Izalva_7875,-0.090399124,-0.26436123,0.26201978,0.6695421
WOLFSKILL_Primitivo_De_Gioia_473_8780,-0.026420336,0.36513868,0.01577845,-0.8021841
VINEYARDS_freedom_chard_madera_y2018_4779,0.36159298,0.012659933,-0.87640476,-0.014007088
WOLFSKILL_Muscat_of_Alexandria_6559,-0.038580656,-0.34840006,0.08343374,0.7751756
WOLFSKILL_Castelao_8443,-0.027802639,-0.39888665,0.033689007,0.8656974
WOLFSKILL_Crimson_Seedless_4303,-0.030244369,0.36851314,0.020495066,-0.81554556
VINEYARDS_5C_chard_san_joaquin_y2018_3117,0.37054083,0.01496017,-0.89880687,-0.017679594
ALGERIA_Ichmoul_Bacha_280,-0.029849056,-0.40973422,0.03245391,0.8757742
WOLFSKILL_Danuque_2764,-0.06292801,-0.34410995,0.17240801,0.81556636
ALGERIA_Louali_337,-0.023448255,-0.41736633,-0.0030253418,0.8700353
WOLFSKILL_Flame_Tokay_4338,-0.036553286,-0.43351465,0.053690396,0.9345191
VINEYARDS_freedom_cab_san_joaquin_y2019_2206,0.3487515,0.0134448,-0.8458475,-0.020553667
VINEYARDS_freedom_chard_merced_y2019_2083,0.3605876,0.01281945,-0.87180674,-0.011964794
WOLFSKILL_Psara_7978,-0.17518784,0.17938888,0.4170979,-0.3873223
WOLFSKILL_Tand_1829,-0.02107025,-0.41336018,0.0028516632,0.8825142
WOLFSKILL_Primus_2930,-0.024541248,-0.34786248,0.032717183,0.7543363
WOLFSKILL_Ferral_De_Izalva_7874,-0.107194714,-0.2569549,0.30851224,0.6717873
WOLFSKILL_Niunai_308,0.372217,0.011349507,-0.90161455,-0.0069770887
WOLFSKILL_Clairette_Blanche_9229,-0.066947415,-0.30145654,0.18690622,0.7227634
WOLFSKILL_Zinfandel_9093,-0.023319103,-0.40842444,0.011927618,0.87250817
WOLFSKILL_Olmo_n4-59_3345,0.32083386,-0.0014348514,-0.77392787,0.018979214
WOLFSKILL_Cinsaut_8693,-0.044048175,-0.36226222,0.11059261,0.8165648
VINEYARDS_freedom_cab_madera_y2019_1122,0.38243234,0.01150902,-0.9273171,-0.01008049
WOLFSKILL_Vidal_99T_9479,-0.018743776,-0.37095392,0.0105362665,0.7996211
VINEYARDS_freedom_chard_merced_y2018_3770,0.3544264,0.011575643,-0.85824823,-0.0108383335
WOLFSKILL_Batta_3961,0.053595345,-0.33908385,-0.1784373,0.71052414
WOLFSKILL_Chardonnay_5622,-0.02413566,-0.40416026,0.01831956,0.8687147
WOLFSKILL_Juracon_Noir_5068,-0.026738994,-0.43717164,0.014133377,0.9289882
VINEYARDS_freedom_cab_merced_y2018_3846,0.38586769,0.016238488,-0.934856,-0.017877556
WOLFSKILL_Donzillinho_8854,-0.1414175,-0.12051068,0.39550358,0.3548768
VINEYARDS_freedom_cab_san_joaquin_y2018_4652,0.30865112,0.013976958,-0.746982,-0.021461722
WOLFSKILL_Muscadelle_De_Bordelais_6645,-0.022788133,-0.40422362,0.010935741,0.8629639
WOLFSKILL_Rondinella_8935,-0.041557416,-0.38244653,0.08991622,0.85132694
WOLFSKILL_Kerner_9248,-0.034062367,-0.31721598,0.079473205,0.7041731
WOLFSKILL_Beli_Prokupac_8143,0.035402823,0.32818478,-0.13218482,-0.70644045
VINEYARDS_5C_cab_san_joaquin_y2019_1482,0.40168157,0.01389296,-0.97268665,-0.010770787
WOLFSKILL_Donzillinho_8855,-0.161235,-0.13970114,0.4648376,0.4276827
VINEYARDS_freedom_cab_san_joaquin_y2018_4653,0.3348237,0.011798158,-0.8115298,-0.015310485
WOLFSKILL_Muscadelle_De_Bordelais_6644,-0.014173578,-0.39951673,-0.017217707,0.8496773
VINEYARDS_freedom_chard_merced_y2019_601,0.3737341,0.014046196,-0.9056629,-0.015290409
VINEYARDS_freedom_cab_madera_y2019_1123,0.3692448,0.010768082,-0.89445674,-0.008005716
WOLFSKILL_Olmo_n4-59_3344,-0.020324439,-0.41434693,0.0020171534,0.8827838
WOLFSKILL_Cinsaut_8692,-0.042334773,-0.37195548,0.09792953,0.8349
WOLFSKILL_Chardonnay_5623,-0.054505587,-0.33642668,0.13848665,0.7719159
VINEYARDS_1103P_chard_madera_y2018_3899,0.3748384,0.010951366,-0.9060978,-0.006369453
WOLFSKILL_Juracon_Noir_5069,-0.03529925,-0.40876698,0.057493366,0.8900093
WOLFSKILL_Batta_3960,-0.22781296,-0.043564856,0.6151351,0.23947701
VINEYARDS_freedom_chard_merced_y2018_3771,0.36969486,0.014866997,-0.8962756,-0.018338889
WOLFSKILL_Rondinella_8934,0.067208506,-0.26590443,-0.20696735,0.54801726
WOLFSKILL_Kerner_9249,-0.03928967,-0.33988267,0.090352185,0.7595192
VINEYARDS_5C_cab_san_joaquin_y2019_1483,0.37044,0.013017822,-0.89777005,-0.012131847
WOLFSKILL_Beli_Prokupac_8142,-0.05381996,-0.31796914,0.13926826,0.7342371
VINEYARDS_freedom_chard_merced_y2019_11,0.34973523,0.0108849,-0.84814394,-0.013734661
WOLFSKILL_Agria_8156,-0.046512395,-0.36676204,0.11486725,0.83108014
WOLFSKILL_Angevine_Oberlin_921,-0.022035323,-0.35382622,0.028695712,0.77680826
WOLFSKILL_Roussas_8010,-0.034145422,-0.3980389,0.055175617,0.8707056
WOLFSKILL_July_Muscat_1270,-0.104266234,0.27325332,0.2072916,-0.6426244
WOLFSKILL_Barlinka_2679,-0.043743998,-0.38078353,0.10252648,0.85200334
WOLFSKILL_Catarratto_8452,-0.030267373,-0.3817271,0.04595972,0.8343469
WOLFSKILL_Green_Veltliner_4607,-0.028210312,-0.31437606,0.0568904,0.69210076
WOLFSKILL_Kecskemet_8883,-0.14438842,0.18273948,0.3303372,-0.40669647
WOLFSKILL_Conte_Rosso_1060,-0.021229163,-0.40678883,0.0034440495,0.8636703
WOLFSKILL_Tchilar_9061,-0.023817435,-0.3973542,0.01891697,0.8481256
WOLFSKILL_Kokinyah_8580,0.3325335,0.00999476,-0.8031335,-0.007964734
WOLFSKILL_Barlinka_2678,-0.082854226,-0.3039031,0.23799372,0.7570235
WOLFSKILL_July_Muscat_1271,-0.055251896,0.36494997,0.085805975,-0.8257594
WOLFSKILL_Catarratto_8453,0.21225904,-0.03891606,-0.5200307,0.09525795
WOLFSKILL_Kecskemet_8882,-0.05317541,0.3562799,0.08028523,-0.80701715
WOLFSKILL_Green_Veltliner_4606,-0.05262459,-0.35680878,0.1395022,0.82718855
WOLFSKILL_Angevine_Oberlin_920,-0.03794674,-0.4282546,0.06022547,0.93423826
WOLFSKILL_Agria_8157,-0.09842699,0.23914026,0.19420242,-0.5638603
WOLFSKILL_Roussas_8011,-0.023854047,-0.36332807,0.026798526,0.7865716
WOLFSKILL_Kokinyah_8581,0.35235605,-0.00384612,-0.8511206,0.026765851
WOLFSKILL_Conte_Rosso_1061,-0.013263282,-0.39631325,-0.019917218,0.835135
WOLFSKILL_Xylomaherudah_7781,0.0133703,-0.37825793,-0.08832283,0.79577553
WOLFSKILL_Lakemont_8215,-0.01712415,-0.39239562,0.0032472555,0.8397789
WOLFSKILL_b_40-6_Mlc_3843,-0.059077226,0.28385705,0.096827835,-0.6513897
UCDAVIS_TREBBIANO_231,-0.045489654,0.30014694,0.067016475,-0.68377674
WOLFSKILL_Magno_6300,-0.026409768,-0.38510215,0.030004693,0.82868004
WOLFSKILL_Olmo_035-50_3332,-0.12863748,-0.07616721,0.34583753,0.22898532
UCDAVIS_RS_3_890,0.0038827136,0.3552119,-0.0652041,-0.7628113
WOLFSKILL_UNKNOWN_CULTIVAR_9625,0.027747784,0.2603101,-0.10371459,-0.5673395
VINEYARDS_5C_cab_madera_y2019_485,0.37292597,0.016350731,-0.9065079,-0.026373606
WOLFSKILL_Leanyka_4619,-0.062257327,-0.3261369,0.17182742,0.77148306
WOLFSKILL_Italia_IP_65_2086,0.23341112,0.032361124,-0.56512797,-0.06877583
WOLFSKILL_Olmo_035-50_3333,-0.074720375,0.2695085,0.13666119,-0.62629163
WOLFSKILL_b_40-6_Mlc_3842,-0.034243446,-0.35554036,0.06933529,0.78510535
WOLFSKILL_Lakemont_8214,-0.0068542687,-0.3895516,-0.03033672,0.83080435
WOLFSKILL_Italia_IP_65_2087,0.057334848,-0.17727217,-0.16316691,0.3836549
WOLFSKILL_Leanyka_4618,-0.13673495,-0.27264223,0.3999915,0.73987436
WOLFSKILL_UNKNOWN_CULTIVAR_9624,0.03744665,0.2628071,-0.13042492,-0.5687563
VINEYARDS_5C_cab_madera_y2019_484,0.359098,0.0038645454,-0.8680854,0.010707654
WOLFSKILL_Platani_7971,0.16507843,-0.10790706,-0.4209298,0.2311153
ALGERIA_Amer Bouamar_107,-0.020898093,-0.43521255,-0.011041481,0.91337025
WOLFSKILL_Liatico_6275,-0.13531701,-0.21028377,0.39550662,0.583844
WOLFSKILL_Moscatel_Ros._De_Blas_675,-0.027881853,-0.4116161,0.024536626,0.87802935
WOLFSKILL_Orleans_6797,0.010787658,0.28652442,-0.06558264,-0.62321943
VINEYARDS_freedom_chard_madera_y2018_3947,-0.036257923,0.39483798,0.038496964,-0.8727659
WOLFSKILL_Roussette_7201,-0.012398056,-0.37769318,-0.015997106,0.80419135
WOLFSKILL_Bastardo_5401,-0.10159193,0.28967515,0.19720381,-0.67918885
WOLFSKILL_Chamo_4042,-0.04335364,0.38408178,0.052781276,-0.85934883
WOLFSKILL_Zengo_9108,-0.032240152,-0.4237277,0.042157315,0.9166361
WOLFSKILL_Malvasia_Tinta_6370,0.012483963,0.26084587,-0.069206424,-0.5755714
WOLFSKILL_Husseine_rish_Baba_2845,-0.048582815,-0.35477114,0.12595697,0.81283
WOLFSKILL_Unkown_Cultivar_5652,0.36910793,0.008077763,-0.8933331,-0.001768332
WOLFSKILL_Fayoumi_8872,-0.027734287,-0.42551547,0.022336071,0.9137744
WOLFSKILL_Harslevelu_6021,0.02268039,0.28147542,-0.09801847,-0.61277115
VINEYARDS_freedom_chard_merced_y2018_2382,0.38901916,0.016256481,-0.9442247,-0.021239739
WOLFSKILL_Unknown_Cultivar_6802,-0.017787568,-0.3499851,0.014746899,0.76190645
ALGERIA_Tizi Ouinine_402,-0.021828167,-0.3883214,0.010720236,0.82852757
WOLFSKILL_Voltzicki_7732,-0.04218161,-0.34071326,0.10060658,0.7682979
WOLFSKILL_Chamo_4043,0.26638958,0.033273812,-0.64862096,-0.068272546
WOLFSKILL_Zengo_9109,-0.02400108,-0.39094573,0.021334725,0.84321964
WOLFSKILL_Malvasia_Tinta_6371,-0.021789864,-0.3705734,0.019408518,0.8041978
WOLFSKILL_Keshmesh_2112,-0.036747288,0.13422222,0.06403683,-0.31942403
WOLFSKILL_Moscatel_Ros._De_Blas_674,0.117892995,-0.13912103,-0.31233215,0.29651326
WOLFSKILL_Platani_7970,-0.019660667,-0.36259136,0.012201114,0.77824736
WOLFSKILL_Liatico_6274,0.12870204,0.07644555,-0.32296318,-0.16814679
WOLFSKILL_Orleans_6796,-0.14442393,-0.17220257,0.41903442,0.49652463
WOLFSKILL_Roussette_7200,-0.037326306,-0.34157407,0.083131514,0.7599565
WOLFSKILL_Harslevelu_6020,-0.01654369,-0.37919438,-0.0017890073,0.81298673
VINEYARDS_5C_chard_merced_y2018_2650,0.0045284256,0.28478652,-0.0576728,-0.62635905
ALGERIA_Tizi Ouinine_403,-0.00604528,-0.37190807,-0.040437102,0.7741684
VINEYARDS_freedom_chard_merced_y2018_2383,0.3818414,0.014827464,-0.9281045,-0.019741904
WOLFSKILL_Unknown_Cultivar_6803,-0.024211016,0.38752356,0.0002208054,-0.84495264
WOLFSKILL_Unkown_Cultivar_5653,-0.017552193,-0.3413242,0.013403529,0.7429459
WOLFSKILL_Sultana_Moscata_1794,-0.15762873,0.2224464,0.36528936,-0.5099846
WOLFSKILL_Husseine_rish_Baba_2844,0.070441745,0.2430756,-0.209012,-0.5228085
WOLFSKILL_Grey_Riesling_8548,0.029226072,-0.3447982,-0.11881176,0.7274198
WOLFSKILL_CG_1481_4x_3898,-0.0036482029,-0.39236325,-0.046241574,0.8270775
WOLFSKILL_Kreatza_96,-0.035907444,-0.42547506,0.053687982,0.9224839
WOLFSKILL_Bellino_979,0.037409484,-0.34804663,-0.13894466,0.73345363
WOLFSKILL_Sidezitis_Proimo_2971,-0.026859216,0.38425767,0.009180082,-0.840301
WOLFSKILL_White_Tokay_1921,-0.025787912,0.37665772,0.0077647325,-0.8264529
WOLFSKILL_Aligote_5253,-0.03882533,-0.36937755,0.08270865,0.8210373
WOLFSKILL_Arcathinoh_5311,0.05249405,-0.24756439,-0.15566766,0.53330904
WOLFSKILL_Pinot_Noir_6971,-0.09975356,-0.26147527,0.29373085,0.6786792
WOLFSKILL_Kreatza_97,-0.044729427,-0.4163818,0.1048742,0.92809165
WOLFSKILL_Sidezitis_Proimo_2970,0.32554755,0.016238447,-0.789697,-0.028677423
WOLFSKILL_Bellino_978,-0.03348393,-0.3295045,0.07193725,0.731279
WOLFSKILL_Grey_Riesling_8549,-0.09149181,-0.24942966,0.26217794,0.6297715
WOLFSKILL_CG_1481_4x_3899,-0.04416815,0.40882725,0.058270037,-0.9114432
VINEYARDS_1103P_cab_merced_y2018_3403,0.35754332,0.010029715,-0.86599016,-0.0063265115
WOLFSKILL_Sultana_Crimson_3651,-0.0354681,-0.38591522,0.066400915,0.8503134
UCDAVIS_FURMINT_811,-0.01567822,0.38927427,-0.020438803,-0.8373967
WOLFSKILL_Pinot_Noir_6970,-0.12803987,-0.2006618,0.37769595,0.55232596
WOLFSKILL_Arcathinoh_5310,-0.015175276,-0.33687344,0.0053975675,0.721418
WOLFSKILL_Aligote_5252,-0.10015433,0.3084185,0.2009475,-0.72616625
WOLFSKILL_White_Tokay_1920,-0.032883856,-0.40622222,0.04604684,0.8826139
VINEYARDS_freedom_cab_san_joaquin_y2018_2452,0.3518962,0.01032785,-0.850667,-0.0072401017
WOLFSKILL_5-12_2494,0.17172779,-0.0015467815,-0.41477382,0.0037809573
WOLFSKILL_Gungargoon_3459,-0.1654201,-0.047177695,0.4484113,0.19032481
WOLFSKILL_Austrian_Seedless_2461,-0.0082629975,-0.40979666,-0.040188417,0.85945326
VINEYARDS_freedom_chard_san_joaquin_y2018_4427,0.37829393,0.015572254,-0.917531,-0.019477334
VINEYARDS_freedom_cab_madera_y2019_1874,0.35766318,0.010974921,-0.866166,-0.012263723
WOLFSKILL_Muscat_Galego_6668,-0.033705525,-0.40517956,0.049869888,0.8823403
WOLFSKILL_Volta_2548,0.21879484,-0.08082704,-0.54512984,0.18021162
WOLFSKILL_Thiakon_7516,-0.027478188,-0.3927739,0.033943966,0.844348
WOLFSKILL_Trincadeiro_7599,-0.043243833,-0.36290684,0.099045925,0.8135154
WOLFSKILL_Khaldar_1305,-0.047116306,-0.29795802,0.12464369,0.6859163
WOLFSKILL_Optima_9258,-0.034420468,-0.39770722,0.05527783,0.86802846
VINEYARDS_freedom_cab_madera_y2019_1875,0.37587592,0.01296128,-0.91180784,-0.015437037
VINEYARDS_freedom_chard_san_joaquin_y2018_4426,0.31465378,0.018822871,-0.7617519,-0.031856846
WOLFSKILL_Hungarian_Millenium_6064,-0.026630815,0.38961756,0.009088242,-0.85056794
WOLFSKILL_Austrian_Seedless_2460,0.29159525,-0.009811576,-0.70566535,0.041034035
WOLFSKILL_Trincadeiro_7598,-0.01915253,-0.1597228,0.051959373,0.36037043
WOLFSKILL_Khaldar_1304,0.005461068,-0.3534633,-0.06039068,0.74993837
WOLFSKILL_Muscat_Galego_6669,-0.06863191,-0.2638117,0.1996965,0.64212143
WOLFSKILL_Thiakon_7517,-0.043684866,-0.3612557,0.1014376,0.8074938
WOLFSKILL_Volta_2549,-0.0100429235,-0.39698434,-0.028799882,0.8393084
VINEYARDS_freedom_chard_san_joaquin_y2019_135,0.3539972,0.0071765967,-0.85592043,0.00424695
WOLFSKILL_Citronelle_1055,-0.031589605,-0.41767704,0.03144183,0.8881004
WOLFSKILL_Emile_Royal_1148,-0.024590123,0.3988693,1.9574538e-05,-0.8675642
VINEYARDS_1103P_cab_san_joaquin_y2018_4892,0.31297806,0.0066731162,-0.7578236,-0.0069262832
WOLFSKILL_Damas_Rose_1094,-0.04478372,-0.31830773,0.106553145,0.7193109
WOLFSKILL_Muscat_Noir_De_Hongrie_1468,-0.08327668,-0.29756063,0.24059802,0.7432432
WOLFSKILL_Spanna_7367,-0.038684882,-0.3778736,0.08006137,0.8376694
WOLFSKILL_Muscat_Pappo_4472,-0.061566524,-0.352448,0.16545051,0.828547
VINEYARDS_1103P_chard_madera_y2019_1380,0.35652116,0.012172762,-0.86564773,-0.016221024
WOLFSKILL_Sciacarello_4833,-0.026338872,-0.40115577,0.028736008,0.8702863
VINEYARDS_freedom_cab_merced_y2019_2090,0.31665275,0.0066532455,-0.76492935,-0.004267432
WOLFSKILL_Damas_Rose_1095,-0.06047807,-0.25077447,0.1672272,0.5958735
WOLFSKILL_Muscat_Noir_De_Hongrie_1469,-0.040461447,-0.36788124,0.0939552,0.8237318
UCDAVIS_O39_16_422,-0.047043838,0.36771947,0.0698921,-0.8278107
WOLFSKILL_Citronelle_1054,-0.0074635018,-0.37315127,-0.041148424,0.7702477
WOLFSKILL_Emile_Royal_1149,-0.0013722442,-0.30733547,-0.02833068,0.66757673
WOLFSKILL_Mathiasz_Y_Ne_40_4452,0.2782891,-0.044028614,-0.6772913,0.108508795
VINEYARDS_1103P_chard_madera_y2019_1381,0.37021282,0.015370406,-0.8972939,-0.020461466
WOLFSKILL_Sciacarello_4832,0.10212452,-0.26548788,-0.28799456,0.5506255
WOLFSKILL_Spanna_7366,-0.04161543,-0.3816439,0.09077737,0.8492925
WOLFSKILL_Muscat_Pappo_4473,-0.11849011,-0.30933592,0.34370434,0.81048167
WOLFSKILL_Berzamino_5436,-0.025788382,-0.41873482,0.0181297,0.8956302
VINEYARDS_1103P_cab_merced_y2018_3543,0.3424541,0.006863266,-0.8280088,-0.00040018186
WOLFSKILL_Nosargoon_3526,-0.07206602,0.0656105,0.1867891,-0.1307929
WOLFSKILL_Japanese_Burgundy_4530,-0.029549293,0.3355353,0.02263722,-0.7438855
WOLFSKILL_b_39-52_Mlc_3802,-0.029180855,-0.4180669,0.02293825,0.88080645
WOLFSKILL_B_15-19_3881,0.17457804,0.07297653,-0.427404,-0.1573115
WOLFSKILL_Olmo_033-60_3255,-0.12540174,-0.085304536,0.34709734,0.25487068
WOLFSKILL_Pearl_of_Zola_3610,-0.17401104,0.18840171,0.4153384,-0.40332192
WOLFSKILL_Chasselas_Napoleon_3024,0.0064643715,-0.35544187,-0.0613944,0.7546836
WOLFSKILL_b_39-52_Mlc_3803,-0.016571313,-0.40344095,-0.017885601,0.84352994
WOLFSKILL_Japanese_Burgundy_4531,-0.029560342,-0.4388605,0.025623595,0.9384251
WOLFSKILL_Kurutaktas_2128,-0.020830479,0.36408854,-0.00053584017,-0.7980177
VINEYARDS_freedom_cab_merced_y2018_2656,0.013887804,0.25634778,-0.07572428,-0.56361395
WOLFSKILL_Berzamino_5437,-0.021584045,0.32573742,0.0046564993,-0.71988595
WOLFSKILL_Mavrodaphne_6415,0.10418994,-0.25403622,-0.28424817,0.54189426
WOLFSKILL_Nosargoon_3527,0.046550263,-0.19888961,-0.13861404,0.42277128
WOLFSKILL_Olmo_033-60_3254,-0.047345746,-0.21048144,0.13235831,0.49345702
WOLFSKILL_Pearl_of_Zola_3611,-0.073885635,0.3219374,0.13351959,-0.7432757
WOLFSKILL_Chasselas_Napoleon_3025,-0.010761532,0.34614342,-0.021497294,-0.75576615
WOLFSKILL_B_15-19_3880,0.02795222,0.29247916,-0.11423907,-0.6332821
WOLFSKILL_UNKNOWN_CULTIVAR_6943,-0.041662168,-0.3397255,0.09792765,0.7622168
WOLFSKILL_Feher_Som_5782,0.2560249,-0.013260262,-0.6180192,0.04218159
VINEYARDS_5C_cab_san_joaquin_y2018_3290,0.39770547,0.012673415,-0.96264637,-0.007440999
VINEYARDS_1103P_cab_san_joaquin_y2019_1756,0.3623292,0.006971132,-0.87602466,0.0011277497
WOLFSKILL_Kandahar_2852,-0.1376654,0.039665613,0.36303335,-0.041905146
WOLFSKILL_Trifera_2240,-0.034568954,-0.3307616,0.0778173,0.7351928
WOLFSKILL_Nilok_3911,-0.028341286,-0.33860123,0.0541401,0.74592745
WOLFSKILL_Bhokri_2374,-0.03937258,-0.38866743,0.08676109,0.86434925
VINEYARDS_1103P_chard_san_joaquin_y2018_4800,0.38679004,0.014909554,-0.93890965,-0.0209799
ALGERIA_Ahmeur Bou Ahmeur_6,-0.025746547,-0.4005391,0.023352271,0.8632071
WOLFSKILL_Feher_Szagos_5790,-0.16874987,-0.10261972,0.47002757,0.33837324
WOLFSKILL_Trifera_2241,-0.01936264,-0.4034732,-0.004247617,0.85480964
WOLFSKILL_Kandahar_2853,-0.08808472,0.13269028,0.19686307,-0.30143332
WOLFSKILL_Feher_Som_5783,-0.014770114,-0.39394706,-0.015363023,0.8345297
WOLFSKILL_UNKNOWN_CULTIVAR_6942,-0.15622939,-0.036699925,0.4230739,0.16100605
WOLFSKILL_Feher_Szagos_5791,-0.028141577,-0.3712403,0.040073104,0.80793
ALGERIA_Ahmeur Bou Ahmeur_7,-0.024218176,-0.43170974,-6.1653554e-07,0.9004034
WOLFSKILL_Nilok_3910,-0.07219362,0.3199292,0.12969476,-0.7375615
WOLFSKILL_Bhokri_2375,-0.022717621,0.36012882,0.0013261568,-0.78633857
ALGERIA_Babari_170,-0.031099968,-0.3852822,0.04592537,0.84048223
WOLFSKILL_Olmo_030-33_3203,0.031079814,-0.27801466,-0.1098071,0.593127
WOLFSKILL_UNKNOWN_CULTIVAR_9764,-0.0012044082,-0.37108612,-0.049651496,0.77621627
ALGERIA_Bouabane des Aures_204,-0.022725876,-0.37541258,0.017445078,0.8074912
WOLFSKILL_St._Catherine_s_Old_Vine_4243,-0.042510547,0.32427406,0.05520291,-0.73056245
WOLFSKILL_Assirtico_8402,-0.025112495,-0.36694422,0.033878043,0.80221736
WOLFSKILL_Garanoir_9245,0.21886852,0.05565309,-0.5320903,-0.116467744
WOLFSKILL_Emperor_1155,-0.025465094,-0.35815436,0.035992205,0.7806156
WOLFSKILL_Alicante_Bouschet_5239,-0.13839974,-0.10988037,0.3873502,0.32839173
WOLFSKILL_Mourisco_6599,0.27571765,0.0050209574,-0.66986305,-0.0014895089
WOLFSKILL_Verdal_1947,-0.0032212865,0.3000146,-0.03791941,-0.6578996
WOLFSKILL_Dalnato_I_3932,0.28353003,0.0036105178,-0.68669873,0.0004002899
VINEYARDS_freedom_cab_madera_y2018_4059,0.0027200351,0.27021807,-0.045107737,-0.59570545
WOLFSKILL_Summer_Muscat_4284,-0.023099016,-0.39802277,0.01406757,0.849079
ALGERIA_Bouabane des Aures_205,-0.023979586,-0.38375193,0.01870695,0.8234747
WOLFSKILL_UNKNOWN_CULTIVAR_9503,0.020049658,0.14176236,-0.08055124,-0.3310727
ALGERIA_Babari_171,-0.018521827,-0.42223713,-0.01315395,0.888229
WOLFSKILL_Olmo_030-33_3202,0.28302917,-0.0011866838,-0.6828857,0.011496346
WOLFSKILL_Emperor_1154,0.31351188,0.008252475,-0.7600696,-0.009610515
WOLFSKILL_Alicante_Bouschet_5238,-0.13148506,-0.14524707,0.376533,0.41297996
WOLFSKILL_Garanoir_9244,0.3072358,0.0015154742,-0.73799396,0.010871042
VINEYARDS_freedom_cab_madera_y2018_4058,-0.007152631,0.33729044,-0.031862885,-0.73342764
WOLFSKILL_Dalnato_I_3933,0.30615357,0.00039355084,-0.7419616,0.0060050227
WOLFSKILL_Mourisco_6598,-0.02164957,-0.38907832,0.011672845,0.83851767
WOLFSKILL_Verdal_1946,0.15288539,0.07870206,-0.37599444,-0.16494486
WOLFSKILL_St._Catherine_s_Old_Vine_4242,-0.01860426,-0.41313738,-0.008940598,0.8748072
WOLFSKILL_Karabryimis_4690,-0.021848712,-0.38980836,0.01115855,0.8324572
WOLFSKILL_Assirtico_8403,0.28699335,0.028090212,-0.6952851,-0.056464847
WOLFSKILL_Rhazaki_Anatolico_2293,0.01776139,0.3019867,-0.08916577,-0.6571953
WOLFSKILL_Salvador_7239,0.35398415,0.017879061,-0.86050457,-0.034892287
UCDAVIS_3309C_633,-0.013003341,0.32954207,-0.01088261,-0.72464824
WOLFSKILL_Prune_De_Cazouls_72,-0.02691703,0.2658427,0.02443741,-0.59981567
WOLFSKILL_White_Veltliner_7768,-0.018111143,0.35154837,-0.008544923,-0.7710541
WOLFSKILL_Muscat_Canelli_8722,-0.017677814,-0.3875666,-0.003041597,0.8251087
WOLFSKILL_Montanaccio_8615,-0.023816261,-0.43928578,0.0042488407,0.92969906
WOLFSKILL_Poet_Matabon_2456,-0.019919485,0.2755245,0.007778039,-0.6130962
WOLFSKILL_Thomuscat_1850,0.10285845,0.19014855,-0.27791503,-0.40199107
VINEYARDS_freedom_chard_madera_y2018_3894,0.37406197,0.010785054,-0.9054044,-0.006051045
VINEYARDS_1103P_chard_madera_y2019_525,0.3785031,0.015941788,-0.9166297,-0.018706035
WOLFSKILL_Rhazaki_Anatolico_2292,-0.040867224,-0.40565345,0.08395833,0.9002867
WOLFSKILL_Prune_De_Cazouls_73,-0.019946221,0.29372686,0.0027900804,-0.6510886
WOLFSKILL_Salvador_7238,0.10428205,-0.29498583,-0.29325384,0.62262464
WOLFSKILL_Poet_Matabon_2457,-0.03119687,0.34683478,0.030701483,-0.7727906
WOLFSKILL_Muscat_Canelli_8723,-0.011827952,-0.36231992,-0.012100363,0.7763707
VINEYARDS_5C_cab_madera_y2018_3860,0.35435966,0.008257519,-0.8575158,-0.004176516
WOLFSKILL_Montanaccio_8614,-0.016973108,-0.4315223,-0.023573559,0.8980981
VINEYARDS_freedom_chard_madera_y2018_3895,0.35831833,0.01220851,-0.86833715,-0.015366752
VINEYARDS_5C_cab_madera_y2019_1909,0.3327861,0.011466518,-0.80782956,-0.015572604
WOLFSKILL_White_Veltliner_7769,0.22410066,-0.04306868,-0.55246866,0.1019594
ALGERIA_Tizi Ouinine_379,-0.029855132,-0.42291105,0.03128484,0.9068216
VINEYARDS_freedom_chard_san_joaquin_y2019_923,-0.028660025,-0.39975134,0.03520108,0.8664236
WOLFSKILL_UNKNOWN_CULTIVAR_9590,-0.08683814,0.20648134,0.17226861,-0.49203217
VINEYARDS_1103P_chard_madera_y2018_2781,0.38468888,0.012594692,-0.9310309,-0.010429323
WOLFSKILL_Gros_Manzenc_6004,-0.031292275,-0.39916834,0.04430765,0.8621636
VINEYARDS_5C_cab_san_joaquin_y2019_1953,0.37692997,0.010210212,-0.9126798,-0.0030584596
WOLFSKILL_Shingargoon_3558,-0.047055043,-0.19275394,0.13041441,0.44956335
VINEYARDS_1103P_cab_san_joaquin_y2018_3263,0.33146036,0.010474116,-0.80208385,-0.010121003
WOLFSKILL_Peverella_6926,-0.011679758,-0.3839214,-0.01870933,0.8191034
WOLFSKILL_Nerello_Calabrese_6754,-0.03340011,-0.3529927,0.07299503,0.7801824
WOLFSKILL_Black_Morocco_998,-0.0113221975,-0.40663782,-0.032934014,0.85039955
WOLFSKILL_Aricaras_2979,0.0040578255,-0.31629443,-0.048728473,0.6719065
VINEYARDS_5C_chard_san_joaquin_y2019_119,0.32853547,0.012808118,-0.7949008,-0.018719431
VINEYARDS_1103P_chard_san_joaquin_y2019_1064,-0.008267059,-0.39943135,-0.033905376,0.8453534
WOLFSKILL_Shingargoon_3559,-0.030743666,-0.3481364,0.05954151,0.76639956
VINEYARDS_1103P_cab_san_joaquin_y2018_3262,0.36201522,0.0125387125,-0.8767926,-0.0124663375
WOLFSKILL_Migdali_6479,-0.027603768,-0.41798222,0.022168757,0.894899
WOLFSKILL_UNKNOWN_CULTIVAR_9591,-0.011848058,0.3598603,-0.024901543,-0.783635
VINEYARDS_freedom_chard_san_joaquin_y2019_922,-0.019233596,-0.41472334,-0.004106337,0.8845168
ALGERIA_Tizi Ouinine_378,-0.020472635,-0.37289935,0.012702754,0.7985336
WOLFSKILL_Black_Kishmish_2690,-0.015876435,-0.3980677,-0.014531096,0.83864796
VINEYARDS_1103P_chard_madera_y2018_2780,0.38901937,0.016336102,-0.94285727,-0.021180827
WOLFSKILL_Gros_Manzenc_6005,-0.09201362,-0.2913927,0.27054563,0.7404312
WOLFSKILL_Nerello_Calabrese_6755,-0.043809623,-0.33958352,0.1086,0.7661389
WOLFSKILL_Black_Morocco_999,-0.009168665,-0.40086463,-0.036029655,0.8426888
WOLFSKILL_Peverella_6927,-0.025764253,0.37226892,0.00917246,-0.8181386
WOLFSKILL_Aricaras_2978,0.0009834012,0.23486955,-0.03529124,-0.5316653
WOLFSKILL_Grec_Rouge_5981,-0.059716865,-0.3187707,0.1682539,0.75209147
WOLFSKILL_Syrah_6898,-0.05466419,0.37003857,0.085819244,-0.83784306
WOLFSKILL_Pfeffer_4780,-0.054451518,0.31442973,0.08507096,-0.71996474
WOLFSKILL_Early_Muscat_2769,-0.1679988,-0.17589527,0.4755488,0.5254541
VINEYARDS_5C_cab_madera_y2019_264,0.35052428,0.017285738,-0.8516978,-0.02811091
WOLFSKILL_Iviar_Oliver_2092,-0.021478795,-0.42427784,-0.0023667365,0.89622575
VINEYARDS_freedom_chard_madera_y2019_1691,0.3610715,0.013629891,-0.8746857,-0.017358031
WOLFSKILL_Charas_8464,0.015945993,-0.2980913,-0.068695754,0.65143
VINEYARDS_5C_cab_madera_y2019_1892,0.37961826,0.010565374,-0.9202328,-0.005986538
WOLFSKILL_Muscat_Flame_1441,-0.038462326,-0.38665682,0.08040898,0.85362583
WOLFSKILL_Jampal_6069,-0.08713415,-0.118168995,0.23729283,0.29800949
WOLFSKILL_Syrah_6899,-0.012388128,-0.3821386,-0.017375113,0.81113183
WOLFSKILL_Early_Muscat_2768,-0.027958121,-0.42725974,0.022938272,0.91891265
VINEYARDS_5C_cab_madera_y2019_265,0.33083722,0.0026965477,-0.79842854,0.0065710954
WOLFSKILL_Pfeffer_4781,-0.038138032,0.36119014,0.042119242,-0.8068837
WOLFSKILL_Iviar_Oliver_2093,-0.028402522,-0.3706577,0.0417384,0.8049259
WOLFSKILL_Vermentino_Favorita_7684,-0.059494354,-0.20166795,0.167018,0.47874373
WOLFSKILL_Charas_8465,0.007986121,-0.34325856,-0.06343035,0.7284905
WOLFSKILL_Muscat_Flame_1440,-0.05641833,-0.39956707,0.14911443,0.92069364
WOLFSKILL_Jampal_6068,-0.124515735,-0.23222981,0.35255548,0.61946094
VINEYARDS_5C_cab_madera_y2019_1893,0.37158322,0.009958494,-0.8994911,-0.0051475056
WOLFSKILL_Vidal_804_9472,0.14759119,0.11974788,-0.3722737,-0.25729328
ALGERIA_Ahmeur Bou Ahmeur_23,-0.015362079,-0.37825903,-0.013923449,0.7943858
WOLFSKILL_Touriga_7583,-0.024410658,0.38028705,0.0036735106,-0.82698774
VINEYARDS_freedom_cab_san_joaquin_y2018_3748,0.3605179,0.007916871,-0.87155116,-0.00038856268
WOLFSKILL_Nonno_Giovanni_586,0.33745256,0.00860573,-0.8169724,-0.0052980483
VINEYARDS_5C_cab_san_joaquin_y2018_4696,0.37150097,0.010569699,-0.89786845,-0.0045357905
VINEYARDS_1103P_chard_san_joaquin_y2019_2056,0.3827127,0.014780808,-0.93041414,-0.022883285
WOLFSKILL_Nonno_Giovanni_587,-0.033594195,0.377353,0.02848236,-0.83403444
ALGERIA_Ahmeur Bou Ahmeur_22,-0.019814163,-0.42161325,-0.010605859,0.87655795
VINEYARDS_freedom_cab_san_joaquin_y2018_3749,0.34789506,0.009654019,-0.8416128,-0.006526038
WOLFSKILL_Touriga_7582,-0.016216971,0.3484201,-0.012731667,-0.757145
WOLFSKILL_Black_Malvoisie_5447,-0.03450094,0.4136455,0.02743697,-0.90783536
WOLFSKILL_Semillon_8243,-0.025319822,0.35945737,0.0102668945,-0.79094493
WOLFSKILL_Xerez_7780,-0.034052845,-0.30814606,0.07789128,0.6866381
WOLFSKILL_Chasselas_Doree_Apyrene_4877,-0.061920285,-0.30588004,0.17300299,0.72498024
WOLFSKILL_Triplett_F3-5_9309,-0.06497152,-0.34679028,0.17668954,0.8198911
VINEYARDS_freedom_chard_madera_y2019_1674,0.34916297,0.00787605,-0.84603995,-0.0036746822
WOLFSKILL_Mourisco_Branco_6608,0.09100712,0.21458246,-0.25470763,-0.4648354
WOLFSKILL_Lady_Hutt_454,-0.014439537,-0.3367442,0.0021089222,0.72455835
WOLFSKILL_Ruby_Seedless_3977,0.29243058,-0.0018963628,-0.70837164,0.016827306
WOLFSKILL_Red_Fujii_4331,0.09070479,0.17231704,-0.24443623,-0.37347907
WOLFSKILL_Ribier_2200,-0.023419674,0.3790021,0.003800856,-0.82981277
VINEYARDS_5C_cab_madera_y2018_2746,0.33432063,0.013164289,-0.8113507,-0.021067146
WOLFSKILL_Chasselas_Doree_Apyrene_4876,-0.03994326,-0.3873936,0.08431496,0.85839105
WOLFSKILL_Triplett_F3-5_9308,-0.058656685,-0.33079565,0.15741558,0.77381635
WOLFSKILL_Lady_Hutt_455,-0.034643136,0.3550681,0.032926016,-0.7890326
WOLFSKILL_Mourisco_Branco_6609,-0.009128264,-0.3544853,-0.019538712,0.763933
WOLFSKILL_Black_Malvoisie_5446,-0.025238596,0.2921533,0.01676518,-0.6539973
WOLFSKILL_Alicante_Branca_7829,-0.030823808,-0.35791895,0.055925883,0.78981256
WOLFSKILL_Semillon_8242,-0.032360833,-0.3957754,0.049556635,0.85938954
WOLFSKILL_Gaschochi_8824,-0.006043422,-0.3553458,-0.027643168,0.75895715
ALGERIA_Louali_293,-0.024470743,-0.42866638,0.0067517627,0.9045154
WOLFSKILL_Red_Fujii_4330,-0.02575124,-0.4209383,0.015323183,0.8972976
WOLFSKILL_Ribier_2201,-0.07209097,-0.31748056,0.20252627,0.7735975
WOLFSKILL_Ruby_Seedless_3976,-0.024367467,0.37245587,0.005507922,-0.8154082
WOLFSKILL_Beba_5408,-0.020872679,-0.38483894,0.012786044,0.8341733
WOLFSKILL_Foster_s_Seedling_2795,-0.02699738,-0.45600742,0.009849278,0.9662284
WOLFSKILL_Kishmish_Hishrau_146,0.017686259,-0.3329122,-0.087245636,0.70602894
WOLFSKILL_Chatus_8699,-0.022681147,-0.3947361,0.0154926125,0.85121095
WOLFSKILL_Kara_Dzhidzhigi_634,-0.119561814,0.006720446,0.31145257,0.02132158
WOLFSKILL_Neo-Muscat_3605,-0.042502794,-0.36946,0.102849044,0.82934
VINEYARDS_5C_chard_san_joaquin_y2019_1985,0.38826883,0.011929028,-0.9427537,-0.010955136
WOLFSKILL_Rosaki_1657,-0.01895015,-0.34338582,0.01600237,0.7424133
WOLFSKILL_b_39-59a_Mlc_3820,-0.001953627,0.36893544,-0.05042442,-0.7913763
WOLFSKILL_UNKNOWN_CULTIVAR_9689,-0.038336843,-0.32714158,0.09501079,0.73257905
WOLFSKILL_Tintureiro_7573,-0.014478606,0.17244993,0.00406383,-0.40449768
WOLFSKILL_Black_Kishmish_2588,-0.018633999,-0.41909185,-0.016522337,0.86770356
WOLFSKILL_Pedro_Ximenez_6871,0.122896895,-0.17622529,-0.32661012,0.3696196
WOLFSKILL_Ishkin_8811,0.1599469,0.12589316,-0.40327406,-0.27485663
WOLFSKILL_Kala_Kostan_3534,-0.02564457,0.3545071,0.010203557,-0.7794841
WOLFSKILL_Triplett_T51-16A_9328,-0.005586002,-0.41647857,-0.04566315,0.8748299
WOLFSKILL_Silver_Frontignan_385,-0.037747573,0.3632517,0.046484716,-0.81310606
WOLFSKILL_Black_Damascus_3758,-0.036587603,-0.4393334,0.055803813,0.9493451
WOLFSKILL_Folle_Blanche_4864,-0.0072257137,0.08818832,-0.005914323,-0.21516937
VINEYARDS_5C_chard_san_joaquin_y2019_1984,0.32998356,0.0110811405,-0.7967806,-0.009359695
WOLFSKILL_Neo-Muscat_3604,-0.020056963,-0.38793635,0.004256012,0.8227887
WOLFSKILL_Rosaki_1656,-0.016341746,-0.36092854,0.00020292588,0.7739012
UCDAVIS_TOURIGA_NACIONAL_896,-0.04022965,0.36238515,0.04499556,-0.80921793
WOLFSKILL_b_39-59a_Mlc_3821,0.19125931,0.11518979,-0.4752516,-0.24487579
WOLFSKILL_Kishmish_Hishrau_147,-0.018870082,-0.41182745,-0.00587235,0.87433434
WOLFSKILL_Foster_s_Seedling_2794,0.3351656,0.004614558,-0.8100618,0.0072797798
WOLFSKILL_Chatus_8698,-0.026542187,-0.41361463,0.022995314,0.88840014
WOLFSKILL_Beba_5409,0.28458425,-0.00043139607,-0.69160277,0.011422873
WOLFSKILL_Taify_Pink_4496,-0.043242432,-0.36728215,0.09934526,0.8224826
WOLFSKILL_Kara_Dzhidzhigi_635,-0.15216154,-0.051739696,0.40560362,0.18932603
VINEYARDS_1103P_cab_san_joaquin_y2019_1012,-0.013962139,-0.38669795,-0.01264197,0.82663476
WOLFSKILL_Silver_Frontignan_384,-0.015129835,-0.38771638,-0.011286698,0.8256246
WOLFSKILL_Black_Damascus_3759,-0.019897878,-0.42158204,-0.0073344577,0.8870237
WOLFSKILL_Berzamino_5440,-0.02373514,-0.41369563,0.012023671,0.88506424
WOLFSKILL_Nicolas_Horthy_39_1495,-0.008823943,-0.3610117,-0.020779265,0.772266
WOLFSKILL_UNKNOWN_CULTIVAR_9688,0.34631506,-0.0017997883,-0.8373109,0.022289498
WOLFSKILL_Ishkin_8810,0.3635429,0.0064711533,-0.88038003,0.0015191026
WOLFSKILL_Kala_Kostan_3535,-0.0061156917,-0.373173,-0.032909833,0.7971738
WOLFSKILL_Triplett_T51-16A_9329,-0.024983738,0.3649714,0.009108512,-0.8014426
WOLFSKILL_Black_Kishmish_2589,-0.0051993225,0.3056381,-0.03130301,-0.67189574
WOLFSKILL_Pedro_Ximenez_6870,-0.02883077,-0.36111528,0.047222637,0.79007006
WOLFSKILL_Fresno_35-33_538,-0.11710203,0.24539162,0.24141896,-0.5795555
WOLFSKILL_Muscato_Vidor_578,-0.01841611,-0.33749518,0.01806491,0.7345481
VINEYARDS_freedom_chard_madera_y2018_3871,0.34349144,0.0182552,-0.834406,-0.034432735
ALGERIA_Louali_308,-0.020656962,-0.39991677,0.002095813,0.8509461
WOLFSKILL_Lambrusca_di_Alessandria_8495,-0.018076587,-0.34809524,0.015206082,0.7583349
WOLFSKILL_Karvouniariz_6112,-0.027395539,0.37163323,0.012224769,-0.8162643
WOLFSKILL_Sauvignon_Blanc_7269,-0.037709795,0.40539348,0.040671818,-0.8982148
WOLFSKILL_Sultanina_Marble_1806,-0.02848411,0.38354778,0.013961157,-0.841066
WOLFSKILL_Sochal_Kara-kash_686,-0.018696379,-0.3472371,0.01386801,0.7553289
VINEYARDS_freedom_cab_merced_y2018_2374,0.3335181,0.005666662,-0.80357003,0.0011659004
WOLFSKILL_Malagusiah_8600,-0.00796231,-0.36772698,-0.02634511,0.78116465
WOLFSKILL_Trifera_2237,-0.018328778,-0.39282864,-0.003655767,0.83003163
WOLFSKILL_Hakiki_288,-0.10676525,0.09121749,0.24864048,-0.20606506
WOLFSKILL_Touriga_8085,-0.029912755,-0.41915166,0.02853197,0.8959007
WOLFSKILL_Itonychi_Lefko_1972,-0.031113077,-0.43941098,0.026775984,0.9354409
WOLFSKILL_Niunai_337,-0.21257985,0.15623112,0.52825224,-0.30615819
WOLFSKILL_Sauvignon_Blanc_7268,0.29855725,0.018357579,-0.7264112,-0.034388985
WOLFSKILL_Sultanina_Marble_1807,-0.025439017,-0.38808113,0.026986977,0.8371781
WOLFSKILL_Guydouria_5877,-0.044513978,-0.3107412,0.104232155,0.6985476
WOLFSKILL_Sochal_Kara-kash_687,-0.07592551,0.33826813,0.14059436,-0.7804516
WOLFSKILL_Autumn_Seedless_4300,0.3665059,0.011408817,-0.88809955,-0.012494918
WOLFSKILL_Fresno_35-33_539,-0.1775224,0.12362838,0.43670475,-0.23707804
VINEYARDS_5C_chard_san_joaquin_y2018_3129,0.36932242,0.01106647,-0.8931662,-0.008163143
WOLFSKILL_Muscato_Vidor_579,-0.027272664,0.3195309,0.020383375,-0.71235824
WOLFSKILL_Lambrusca_di_Alessandria_8494,-0.0009811455,-0.3751263,-0.046318457,0.80095315
VINEYARDS_5C_chard_san_joaquin_y2019_1040,-0.029680382,-0.44901335,0.024383763,0.96206445
ALGERIA_Louali_309,-0.11833208,0.030991193,0.29553473,-0.04717162
WOLFSKILL_Viognier_5160,0.33068624,0.013447478,-0.80178463,-0.02261519
WOLFSKILL_Helena_6032,0.07597063,0.21342999,-0.2171163,-0.4622332
WOLFSKILL_Touriga_8084,-0.02600852,-0.40021202,0.027514407,0.8641776
WOLFSKILL_Niunai_336,-0.13650307,0.18409531,0.31026903,-0.41588873
WOLFSKILL_Itonychi_Lefko_1973,-0.03495072,-0.39524847,0.060549498,0.8645227
WOLFSKILL_Hakiki_289,-0.019741174,-0.41641903,-0.0038908962,0.8802391
WOLFSKILL_Ranny_Vira_3733,-0.024503015,-0.31302682,0.045319997,0.6792468
WOLFSKILL_Mammolo_Toscano_6375,-0.028454028,-0.43521616,0.019414539,0.927029
WOLFSKILL_Malagusiah_8601,-0.058131605,0.3803112,0.091373526,-0.86144966
VINEYARDS_freedom_cab_san_joaquin_y2018_4900,0.36371645,0.012126707,-0.88234675,-0.015099134
WOLFSKILL_Queen_1619,-0.052927673,-0.33442605,0.14175038,0.7740259
WOLFSKILL_Chatus_8703,-0.026222382,-0.42486507,0.014635352,0.90129447
VINEYARDS_freedom_cab_san_joaquin_y2018_4590,0.37756604,0.012013365,-0.9129934,-0.006708212
WOLFSKILL_Red_Malaga_2_4x_3781,-0.095294885,-0.22637655,0.27634227,0.572214
WOLFSKILL_Calmeria_116,-0.02147102,-0.4238001,-0.0039998777,0.8889014
WOLFSKILL_Albana_5227,-0.05829101,0.32590145,0.09077639,-0.74245334
WOLFSKILL_Cape_Currant_38,-0.051484052,-0.3583448,0.13477488,0.82600456
WOLFSKILL_UNKNOWN_CULTIVAR_9713,-0.037871428,-0.39535743,0.074226834,0.8695976
WOLFSKILL_Black_Kishmish_2412,-0.04975543,-0.32929677,0.12781706,0.757507
UCDAVIS_AIREN_916,0.003483763,0.30271596,-0.048034817,-0.6618983
WOLFSKILL_Madeleine_Royale_4458,-0.03198296,-0.38262755,0.055873908,0.84424675
WOLFSKILL_UNKNOWN_CULTIVAR_9575,0.19233154,-0.061319172,-0.47869554,0.13611788
WOLFSKILL_Calmeria_117,-0.022291888,-0.4119943,0.0015913751,0.8666335
WOLFSKILL_Red_Malaga_2_4x_3780,-0.0748853,-0.28216788,0.21281686,0.6932671
WOLFSKILL_Albana_5226,-0.04265692,0.37214917,0.050350465,-0.8309583
WOLFSKILL_Cape_Currant_39,-0.043946862,-0.3463086,0.10312741,0.77853477
WOLFSKILL_Chatus_8702,-0.02408529,-0.4029204,0.01723819,0.86826426
WOLFSKILL_Queen_1618,-0.018933345,-0.3603708,0.012771344,0.7755639
VINEYARDS_freedom_cab_san_joaquin_y2018_4901,0.3502626,0.009319525,-0.8479483,-0.0057511404
WOLFSKILL_Ortega_4771,-0.028835528,-0.38080478,0.04021799,0.82864183
WOLFSKILL_Madeleine_Royale_4459,-0.0018017096,-0.3201797,-0.031475697,0.69200987
WOLFSKILL_UNKNOWN_CULTIVAR_9574,-0.03718695,-0.3833573,0.07118254,0.8444948
WOLFSKILL_UNKNOWN_CULTIVAR_9712,-0.15845127,-0.17266755,0.4477915,0.50884485
WOLFSKILL_Black_Kishmish_2413,-0.041167982,0.28998813,0.056272186,-0.6573578
WOLFSKILL_Vuthomato_3018,-0.026289165,-0.417715,0.017131848,0.88426906
WOLFSKILL_Madeleine_Sylvaner_9777,-0.022666823,-0.3833872,0.016168838,0.8254233
WOLFSKILL_Trousseau_7628,-0.025590658,-0.38127983,0.030100072,0.8300428
WOLFSKILL_Muscat_Of_Alexandria_1435,-0.07855822,-0.27631235,0.22974649,0.6864995
VINEYARDS_1103P_cab_san_joaquin_y2019_1945,0.37025768,0.011967812,-0.8980084,-0.014772434
WOLFSKILL_Olmo_672_4105,-0.083956935,-0.29358232,0.244456,0.7372781
WOLFSKILL_Ter_Gulmer_7489,-0.057853587,0.30020052,0.09170329,-0.6882598
WOLFSKILL_Red_Roumi_Tanta_607,-0.030515421,-0.45187765,0.02060839,0.95567644
WOLFSKILL_Longyan_8369,-0.12663026,0.23348154,0.26820666,-0.5511993
VINEYARDS_5C_cab_san_joaquin_y2018_3275,0.38317025,0.011882421,-0.92787796,-0.010249224
WOLFSKILL_Anacelatta_5275,-0.026801974,-0.40398014,0.0202312,0.8561235
VINEYARDS_freedom_cab_merced_y2018_5041,0.005341364,0.30740887,-0.058966137,-0.66786194
WOLFSKILL_Sabalkanskoi_4382,-0.034196142,-0.3780239,0.06885383,0.8283049
WOLFSKILL_Gamay_Noir_5062,-0.013289322,-0.38216454,-0.014812427,0.8098984
WOLFSKILL_Madeleine_Angevine_1377,0.10115086,-0.20572226,-0.27868402,0.42633533
WOLFSKILL_Pinot_Noir_2a_5101,0.008428837,-0.19334899,-0.014475567,0.44576085
WOLFSKILL_Muscat_Of_Alexandria_1434,-0.02687795,-0.3496966,0.045621037,0.76315796
WOLFSKILL_Zalovitico_7804,-0.018181738,-0.39191714,-0.00027332082,0.8385462
WOLFSKILL_Riesling_Muscat_5128,0.07820742,0.16357876,-0.21445629,-0.36228848
WOLFSKILL_Vuthomato_3019,-0.024045162,-0.42991245,0.0072144847,0.9120301
WOLFSKILL_Gungargoon_3466,-0.03951799,0.33636236,0.05028277,-0.7594409
WOLFSKILL_Madeleine_Sylvaner_9776,-0.03279849,-0.3937868,0.05032132,0.85674363
VINEYARDS_freedom_cab_merced_y2018_3349,0.3499258,0.011613946,-0.84702706,-0.012821987
WOLFSKILL_Sabalkanskoi_4383,-0.0034666779,-0.3853292,-0.042857707,0.8198873
WOLFSKILL_Gamay_Noir_5063,-0.024653599,-0.4296663,0.01155865,0.923391
WOLFSKILL_Madeleine_Angevine_1376,0.17947467,-0.19478096,-0.46419495,0.41213793
VINEYARDS_5C_cab_san_joaquin_y2018_3274,0.36217162,0.011412729,-0.8749423,-0.008817282
WOLFSKILL_Anacelatta_5274,-0.01666515,-0.40227515,-0.016346328,0.84307
WOLFSKILL_Pinot_Noir_2a_5100,-0.030085247,-0.43025237,0.028593468,0.9266114
WOLFSKILL_Olmo_672_4104,-0.1122671,-0.3282821,0.32657552,0.8496228
WOLFSKILL_Red_Roumi_Tanta_606,-0.050883703,0.31792638,0.07848475,-0.72411954
WOLFSKILL_Longyan_8368,0.02360892,-0.3215285,-0.099608086,0.6789723
WOLFSKILL_Ter_Gulmer_7488,-0.06283918,0.10741635,0.13649237,-0.24761704
WOLFSKILL_Muscat_Of_Hungary_711,-0.035695612,-0.3204993,0.077716954,0.7139481
WOLFSKILL_Barone_Dell_aterno_962,-0.0035008965,-0.32184464,-0.025883,0.69706345
VINEYARDS_5C_cab_madera_y2018_4189,0.37050307,0.012477931,-0.8975146,-0.012729183
WOLFSKILL_Hassaine_1238,-0.025347799,-0.4366088,0.014438475,0.934533
VINEYARDS_5C_cab_san_joaquin_y2019_823,0.3622089,0.0114479475,-0.87705827,-0.012695361
WOLFSKILL_Selection_2798_8770,0.015462893,-0.3132162,-0.079245046,0.6599194
WOLFSKILL_Prieska_7099,-0.042384457,-0.3585214,0.099710636,0.8029895
UCDAVIS_1616C_480,-0.003285572,0.3545159,-0.038628154,-0.76192003
WOLFSKILL_Anatolitico_5266,-0.01272896,-0.3948432,-0.015105678,0.8449763
WOLFSKILL_Kokinostaphylo_4615,-0.073411964,-0.33911014,0.21036737,0.8279016
WOLFSKILL_Dabouki_1107,-0.083986886,-0.23232357,0.23886618,0.57968813
WOLFSKILL_Carignane_8711,-0.01250412,-0.35119504,-0.011322763,0.7468239
WOLFSKILL_Beauty_Seedless_973,-0.054739233,0.31827438,0.085343264,-0.7253183
WOLFSKILL_Boyalsing_I_8785,-0.034246795,0.3051461,0.036684416,-0.68768024
WOLFSKILL_Hassaine_1239,-0.029159121,-0.38510668,0.041291423,0.8379046
WOLFSKILL_Muscat_Of_Hungary_710,-0.027226873,-0.3794955,0.03447458,0.8271295
WOLFSKILL_Barone_Dell_aterno_963,-0.023179796,-0.3892793,0.0200075,0.8389225
WOLFSKILL_Dabouki_1106,-0.05230464,-0.33976012,0.13351464,0.78431076
WOLFSKILL_Carignane_8710,-0.023946986,-0.36359307,0.028061604,0.79101896
WOLFSKILL_Kokinostaphylo_4614,-0.032086663,-0.3945971,0.04825872,0.85688484
WOLFSKILL_Schiradzouli_Violet_1731,-0.018323872,-0.3372125,0.018473009,0.73598754
WOLFSKILL_Beauty_Seedless_972,0.0071368217,-0.3373575,-0.059365854,0.7204318
WOLFSKILL_Curisti_Mici_5692,-0.025988746,-0.44078904,0.010288188,0.93452936
WOLFSKILL_Selection_2798_8771,-0.0043417914,-0.32506853,-0.02556138,0.704037
VINEYARDS_5C_cab_san_joaquin_y2019_822,0.38394397,0.014171455,-0.9316009,-0.017094668
VINEYARDS_1103P_cab_san_joaquin_y2018_3215,0.36403233,0.011553396,-0.87915003,-0.00612038
WOLFSKILL_Anatolitico_5267,-0.043422285,-0.37213287,0.09837714,0.8334602
WOLFSKILL_Prieska_7098,-0.06239847,-0.2893712,0.17559415,0.6892995
WOLFSKILL_Niaropes_6772,-0.020826634,-0.41065466,0.0016478747,0.87476385
WOLFSKILL_Olmo_034-54_3287,-0.044076998,0.37670302,0.057534114,-0.84374833
WOLFSKILL_Bermestia_Violacea_5425,-0.037378937,-0.29497713,0.08770095,0.66243243
WOLFSKILL_Katta_Kurgan_6142,-0.0074130287,0.31202185,-0.026950708,-0.68824065
VINEYARDS_freedom_chard_madera_y2018_3979,-0.028163243,0.40032846,0.010925664,-0.873119
WOLFSKILL_Somarello_Rosso_4427,-0.046883218,-0.38166463,0.11866953,0.8617897
VINEYARDS_freedom_cab_madera_y2018_3429,0.3688304,0.010361705,-0.89293927,-0.0064509176
WOLFSKILL_Palziji_3955,-0.055422217,-0.27039105,0.15782885,0.6340288
WOLFSKILL_Teinturier_7475,-0.014765096,-0.37741545,-0.0058821086,0.81061447
WOLFSKILL_Triplett_T182-4_9413,-0.07457075,-0.31681502,0.2133369,0.7777797
WOLFSKILL_Chan_Isium_3033,-0.0020154743,-0.32209074,-0.030425005,0.69065756
WOLFSKILL_Marditza_7919,-0.06981808,-0.30094877,0.20151646,0.73121613
WOLFSKILL_Muscat_St._Laurent_2343,0.21068719,-0.0026310124,-0.50678426,0.013076238
WOLFSKILL_Shindu_Khari_2951,-0.01888008,-0.34193498,0.018671094,0.7381239
VINEYARDS_freedom_cab_madera_y2018_2817,0.38136742,0.012848783,-0.9234423,-0.007863648
WOLFSKILL_Somarello_Rosso_4426,-0.035650652,-0.3219135,0.08194453,0.7169068
VINEYARDS_freedom_cab_madera_y2018_3428,0.37606403,0.011748999,-0.9119588,-0.012164142
WOLFSKILL_Palziji_3954,-0.020229224,-0.37643135,0.015540456,0.8187718
WOLFSKILL_Triplett_T182-4_9412,-0.037070774,-0.37264323,0.08127317,0.8231887
WOLFSKILL_Teinturier_7474,-0.026282169,-0.40614682,0.026876511,0.8812732
WOLFSKILL_Niaropes_6773,-0.027067535,-0.42535,0.021435084,0.91063386
WOLFSKILL_Kulidzhinski_4369,-0.027043507,-0.36568505,0.038086616,0.7967478
VINEYARDS_freedom_chard_madera_y2018_3978,-0.032369882,0.38880974,0.020640431,-0.8534734
WOLFSKILL_Olmo_034-54_3286,0.008937993,-0.36234364,-0.071141355,0.7668462
WOLFSKILL_Katta_Kurgan_6143,-0.0020420104,-0.30289942,-0.02623841,0.64696217
WOLFSKILL_Shindu_Khari_2950,-0.029422805,0.3738557,0.019595047,-0.8242518
WOLFSKILL_Muscat_St._Laurent_2342,-0.049862683,0.15242684,0.092107646,-0.3681234
WOLFSKILL_Chan_Isium_3032,-0.018087815,-0.32202363,0.018720882,0.6969049
WOLFSKILL_Marditza_7918,-0.04230498,0.3824901,0.04736775,-0.85067606
WOLFSKILL_Angelina_916,-0.04260715,-0.36577743,0.10346345,0.82225305
WOLFSKILL_Fogarina_5815,0.013502725,-0.33800656,-0.07905285,0.7136845
VINEYARDS_freedom_cab_madera_y2018_4126,0.36431146,0.017769754,-0.8835034,-0.03038567
WOLFSKILL_Kristalli_6209,-0.021392386,-0.37746647,0.014055381,0.812992
WOLFSKILL_Jackson_Sel._3_9184,-0.037833557,0.37005603,0.046279795,-0.82657015
WOLFSKILL_Fachren_Weis_2621,-0.015133862,-0.38826752,-0.0074080285,0.83481747
WOLFSKILL_Alicante_Ganzin_9425,-0.030701227,-0.43350083,0.02749998,0.9225008
WOLFSKILL_Tana-Kuzi_4203,-0.01130603,-0.34636992,-0.008058956,0.748073
VINEYARDS_5C_cab_san_joaquin_y2018_3721,0.3397281,0.006101165,-0.81976396,0.0032301992
WOLFSKILL_Sultana_1786,-0.01343117,0.3163805,-0.012201783,-0.69772696
WOLFSKILL_DOVine_4252,-0.018313676,-0.37539595,0.0038282517,0.8032943
WOLFSKILL_Gemeroh_7883,-0.019113757,-0.37240484,0.0074929316,0.7986097
WOLFSKILL_Grassa_De_Cotnari_4921,0.29368392,-0.012066418,-0.71225077,0.042751938
WOLFSKILL_Bondola_8765,-0.052933484,-0.3358975,0.14047946,0.77690315
WOLFSKILL_Fachren_Weis_2620,-0.010922062,-0.34648544,-0.011576476,0.74305624
WOLFSKILL_Khorestini_3568,-0.028399996,-0.32772228,0.05506038,0.72031134
ALGERIA_Ahmeur Bou Ahmeur_55,-0.030049592,-0.4282057,0.024315095,0.90700686
WOLFSKILL_Tana-Kuzi_4202,-0.05447383,-0.33698347,0.14020824,0.7757889
WOLFSKILL_Alicante_Ganzin_9424,-0.026924748,-0.43161607,0.01414795,0.91563225
VINEYARDS_freedom_cab_madera_y2018_4127,0.38741532,0.014815677,-0.9389696,-0.015070979
WOLFSKILL_Fogarina_5814,-0.067864515,0.3295858,0.1225074,-0.7560683
WOLFSKILL_Pinot_5908,-0.021311078,-0.38362306,0.015598351,0.8291712
WOLFSKILL_Angelina_917,-0.039953753,-0.24788477,0.09966922,0.559713
WOLFSKILL_Jackson_Sel._3_9185,-0.0071117543,-0.33225197,-0.021457253,0.70353085
WOLFSKILL_Bondola_8764,-0.041308194,-0.36881274,0.094520696,0.82249194
VINEYARDS_5C_cab_san_joaquin_y2018_3720,0.3632547,0.008771885,-0.8774296,-0.0013868697
WOLFSKILL_DOVine_4253,-0.02945691,-0.44400084,0.019383622,0.9370677
WOLFSKILL_Gemeroh_7882,-0.016112506,-0.40030813,-0.010430394,0.8541266
WOLFSKILL_Boal_Cachudo_5489,-0.012499669,-0.33650416,-0.0057509504,0.72033834
WOLFSKILL_Tinta_Cao_7542,-0.035953544,-0.39154512,0.06727166,0.85879207
VINEYARDS_5C_cab_san_joaquin_y2018_3660,0.34209558,0.011176087,-0.82837117,-0.014929477
WOLFSKILL_Chasselas_Rouge_4232,0.27227327,-0.03570218,-0.6618715,0.08885802
WOLFSKILL_Kishmishi_1311,-0.024778314,-0.35623062,0.032994173,0.7756052
WOLFSKILL_Burgrave_1001,-0.022899773,-0.35893786,0.022454614,0.7731151
WOLFSKILL_Monukka_1462,-0.0489278,-0.3301748,0.13021965,0.7578174
WOLFSKILL_Black_Corinth_2346,-0.021233775,-0.28858292,0.041502587,0.6415565
WOLFSKILL_Triplett_158-8B_9375,-0.02901522,-0.29530096,0.064298116,0.65842044
WOLFSKILL_Tinta_Cao_7543,-0.020949837,-0.3290028,0.030599376,0.72334445
WOLFSKILL_Burgrave_1000,-0.029574651,-0.4268266,0.025235081,0.91051525
WOLFSKILL_Black_Corinth_2347,-0.08415763,-0.19516848,0.24721599,0.49525756
WOLFSKILL_Kishmishi_1310,0.0558052,-0.3125498,-0.17888215,0.6562258
WOLFSKILL_Rish_Baba_3765,-0.028305158,-0.33214712,0.054070733,0.7332428
WOLFSKILL_Barbableu_959,0.30888042,0.0026615113,-0.74698275,0.0071517713
WOLFSKILL_Triplett_F3-3_9297,-0.024283972,-0.39429557,0.021581369,0.84991205
WOLFSKILL_Orleans_9439,-0.012874394,-0.36134082,-0.010472542,0.76946044
VINEYARDS_freedom_cab_san_joaquin_y2019_2016,0.37729165,0.015592787,-0.91458786,-0.018302165
WOLFSKILL_Seeded_Thompson_2431,0.018742338,-0.28386378,-0.0788423,0.6069902
WOLFSKILL_Kastour_Rumi_204,0.23193835,-0.07747826,-0.5744642,0.17062724
WOLFSKILL_Volta_1894,-0.014762648,0.32725906,-0.011410156,-0.71984184
WOLFSKILL_Zifir_4004,0.031176135,-0.27129927,-0.10621909,0.582216
VINEYARDS_1103P_chard_san_joaquin_y2019_1406,0.39778587,0.0158685,-0.96438056,-0.019226577
WOLFSKILL_Russian_Seedless_4x_3790,-0.07750572,-0.28170532,0.21600604,0.6933937
WOLFSKILL_Olmo_033-50_3244,0.28501996,0.014322665,-0.6891786,-0.024057802
VINEYARDS_freedom_cab_merced_y2018_3393,0.3542981,0.008454405,-0.85714704,-0.0034234226
ALGERIA_Louali_341,-0.028829634,-0.41510364,0.02392993,0.88608634
WOLFSKILL_Triplett_F3-3_9296,-0.020158969,-0.4124264,0.0012499336,0.8816849
WOLFSKILL_Barbableu_958,0.357995,0.017417029,-0.8702117,-0.031610336
WOLFSKILL_Kastour_Rumi_205,0.018575465,-0.3351247,-0.08909114,0.71317816
WOLFSKILL_Seeded_Thompson_2430,-0.026844434,-0.41425282,0.024861159,0.8887098
VINEYARDS_freedom_cab_san_joaquin_y2019_2017,0.3814594,0.009381048,-0.9215021,-0.0012657344
WOLFSKILL_Olmo_033-50_3245,-0.041233048,0.33149052,0.055779807,-0.74800766
VINEYARDS_freedom_cab_merced_y2018_3392,0.31935576,0.0045422316,-0.77118146,0.001176931
ALGERIA_Louali_340,-0.017035134,-0.42347738,-0.022652939,0.87972116
WOLFSKILL_Volta_1895,-0.052088253,0.35074618,0.076976806,-0.79437
WOLFSKILL_Zifir_4005,0.0066899206,-0.3165659,-0.056073494,0.6821404
WOLFSKILL_Russian_Seedless_4x_3791,-0.026235443,-0.34279704,0.04202252,0.75187373
WOLFSKILL_Kadarka_6096,0.039071467,-0.23024432,-0.11982606,0.49623996
WOLFSKILL_Triplett_T170-9B_9343,-0.019759197,-0.4196384,-0.006421389,0.8881153
WOLFSKILL_Ladyfinger_Mutant_Of_Thompson_Seedless_3375,-0.024529021,-0.35120407,0.036591493,0.76385283
WOLFSKILL_Affenthaler_9419,-0.069693685,-0.3241287,0.19936682,0.7833027
WOLFSKILL_Vermentino_Favorita_5186,-0.03087534,-0.40538213,0.03684468,0.8737571
WOLFSKILL_Kontocladi_7909,-0.016651355,-0.40351135,-0.009006696,0.8608446
WOLFSKILL_Gros_Colman_2819,-0.044978768,-0.34403098,0.10901228,0.77671075
WOLFSKILL_Aspruda_Santorinih_7851,0.099142246,-0.072814,-0.26086265,0.15491366
WOLFSKILL_Opale_1558,-0.039919313,-0.34768134,0.09160005,0.77579117
WOLFSKILL_Zinfandel_Heritage_Sel._64_9497,-0.008876904,-0.41481024,-0.03900597,0.87127316
WOLFSKILL_Bhokari_3086,-0.19575627,-0.08145687,0.5331924,0.30667073
WOLFSKILL_Kontocladi_7908,-0.026744418,-0.40151876,0.024860533,0.8646462
WOLFSKILL_Aspruda_Santorinih_7850,-0.0003008251,-0.3790862,-0.051314987,0.8040762
WOLFSKILL_Gros_Colman_2818,-0.03652043,0.34708688,0.038206868,-0.7741016
WOLFSKILL_Kadarka_6097,-0.004648151,-0.3660031,-0.03254342,0.78690284
WOLFSKILL_Vermentino_Favorita_5187,-0.02340826,-0.40160543,0.015740233,0.8622532
WOLFSKILL_Ladyfinger_Mutant_Of_Thompson_Seedless_3374,0.13610795,-0.118538424,-0.35242218,0.2525821
WOLFSKILL_Affenthaler_9418,-0.12569995,-0.24657834,0.36420676,0.6620462
WOLFSKILL_Bhokari_3087,-0.06140431,0.25236303,0.10970896,-0.5881536
WOLFSKILL_Gouveio_5964,-0.028300274,-0.37729025,0.037960373,0.82095456
WOLFSKILL_Zinfandel_Heritage_Sel._64_9496,0.16490959,-0.16607535,-0.42887753,0.3454901
VINEYARDS_freedom_chard_merced_y2018_2367,0.38568115,0.01536642,-0.9347757,-0.017282441
WOLFSKILL_Delizia_Di_Vaprio_2997,-0.02680038,-0.38587353,0.03339854,0.84168005
WOLFSKILL_Aitah_3057,-0.022043265,-0.41810027,0.0048837457,0.8832089
VINEYARDS_freedom_chard_san_joaquin_y2018_2437,0.3873405,0.013594981,-0.9377203,-0.012853343
WOLFSKILL_Dumbrehnah_Mavri_5717,-0.042444766,-0.38160354,0.09379602,0.8513026
WOLFSKILL_Hermitage_4747,-0.020310361,-0.41980165,-0.0042426735,0.8848727
WOLFSKILL_Sauvignon_Gris_4812,-0.018978018,-0.41229978,-0.0041362103,0.8725213
WOLFSKILL_Perle_de_Csaba_8923,-0.03742976,-0.32461166,0.08627451,0.7236288
VINEYARDS_1103P_cab_san_joaquin_y2019_1494,0.30311048,0.0071165934,-0.73203194,-0.001351174
VINEYARDS_5C_cab_san_joaquin_y2018_3152,0.3919697,0.013627294,-0.94915515,-0.012352377
WOLFSKILL_Merlot_6462,-0.0074418252,-0.3944316,-0.03710293,0.83019704
WOLFSKILL_July_Early_Amber_4479,-0.046468243,-0.37461042,0.11024047,0.841766
WOLFSKILL_Favorita_Segaria_8520,0.00032692496,0.33980405,-0.050496273,-0.74032664
WOLFSKILL_Wengerka_2651,-0.019665603,-0.40199077,0.00020739622,0.85473484
WOLFSKILL_Husseine_2838,-0.010288234,-0.33194375,-0.008433336,0.7127722
WOLFSKILL_Fernao_Pires_8098,-0.030526359,-0.42766398,0.033958018,0.92224014
VINEYARDS_5C_cab_san_joaquin_y2018_3153,0.37349376,0.014566179,-0.90538895,-0.018306095
VINEYARDS_1103P_cab_san_joaquin_y2019_1495,0.34887415,0.010724168,-0.8450563,-0.009550851
WOLFSKILL_Ruby_Okuyama_4356,-0.09413783,-0.23437758,0.2771142,0.5959153
VINEYARDS_1103P_cab_san_joaquin_y2019_1805,0.38112077,0.010020141,-0.9227178,-0.005652223
WOLFSKILL_Muscat_St._Laurent_53,-0.017834544,-0.3383845,0.014434705,0.73300046
WOLFSKILL_Dumbrehnah_Mavri_5716,-0.023268797,-0.41983873,0.011215089,0.90036273
WOLFSKILL_Sauvignon_Gris_4813,0.25712845,-0.055785425,-0.63225496,0.12646013
WOLFSKILL_Hermitage_4746,-0.028164305,-0.39238232,0.032799788,0.8466407
WOLFSKILL_Delizia_Di_Vaprio_2996,-0.018527906,-0.39474696,0.00147916,0.85115397
WOLFSKILL_Aitah_3056,-0.01591904,-0.3821686,-0.003659064,0.81203127
VINEYARDS_freedom_chard_san_joaquin_y2018_2436,0.3620231,0.009232752,-0.8750287,-0.0036022775
WOLFSKILL_Favorita_Segaria_8521,0.032644257,-0.23708977,-0.104150765,0.5172047
WOLFSKILL_Olmo_035-64_3355,0.012175659,-0.29839402,-0.06644291,0.63321626
WOLFSKILL_Fernao_Pires_8099,-0.03376637,-0.41924357,0.046972334,0.90523493
VINEYARDS_5C_chard_san_joaquin_y2019_870,0.36683127,0.010434132,-0.888716,-0.008716356
WOLFSKILL_Peloursin_5729,-0.043895938,0.3704642,0.059917808,-0.8306347
WOLFSKILL_Tsambato_7629,-0.022041615,-0.38439006,0.016129615,0.82932407
WOLFSKILL_July_Early_Amber_4478,-0.066330634,-0.32740414,0.1901577,0.78644
WOLFSKILL_Potamisi_7084,-0.030443028,-0.3681956,0.051591,0.8068832
WOLFSKILL_Rubired_7196,-0.1654269,-0.20114903,0.47577986,0.592819
WOLFSKILL_Moscatel_Galego_6550,-0.02512234,-0.3430552,0.037292235,0.75143266
WOLFSKILL_UNKNOWN_CULTIVAR_9652,0.35509852,-0.003810186,-0.8556572,0.03025673
WOLFSKILL_Augustiatico_2006,-0.03183431,-0.40611583,0.046013996,0.88184404
WOLFSKILL_Moschardina_6585,-0.027760088,-0.39001238,0.036319636,0.8489907
WOLFSKILL_Kouldjinski_9024,-0.051794514,0.21577285,0.08668217,-0.50496054
WOLFSKILL_El_Bejuco_4883,-0.02631671,-0.39799643,0.027699517,0.86320406
WOLFSKILL_Husseive_2573,-0.023030806,-0.3871542,0.014308648,0.8258292
WOLFSKILL_Moscatel_Galego_6551,0.23498838,0.009910565,-0.5685959,-0.013456017
WOLFSKILL_Moschardina_6584,-0.04200148,0.3382773,0.053122677,-0.76272935
WOLFSKILL_UNKNOWN_CULTIVAR_9653,0.051392358,-0.3394134,-0.17946476,0.69894356
WOLFSKILL_Augustiatico_2007,-0.0851039,0.20071626,0.16625503,-0.47556067
WOLFSKILL_Potamisi_7085,-0.025861003,-0.40372154,0.0224451,0.8669095
WOLFSKILL_Rubired_7197,-0.017594308,-0.4105568,-0.007901054,0.87602425
WOLFSKILL_El_Bejuco_4882,-0.031066619,-0.37940937,0.050153196,0.8286247
WOLFSKILL_Husseive_2572,-0.10418816,-0.23549055,0.30732107,0.6124322
VINEYARDS_1103P_chard_madera_y2019_1915,0.37565264,0.013396341,-0.9088281,-0.014415089
VINEYARDS_freedom_cab_san_joaquin_y2019_1478,0.36790732,0.00869716,-0.88915133,1.0728836e-05
WOLFSKILL_Kouldjinski_9025,-0.13578387,0.19471873,0.30066007,-0.4437644
WOLFSKILL_Parreira_6823,-0.039524224,0.4231587,0.042995475,-0.93561625
WOLFSKILL_Trousseau_6533,-0.013708823,-0.36102384,-0.0052487683,0.7750429
WOLFSKILL_Muscat_Hamburg_2358,-0.020784196,-0.3735062,0.012523407,0.8042504
WOLFSKILL_Pinot_Pernard_6953,-0.020013567,-0.39882162,0.0049338844,0.8545005
WOLFSKILL_Aleatico_5229,-0.015262176,-0.40456325,-0.013375649,0.8631682
WOLFSKILL_Ithani_Lefko_5214,-0.018008053,-0.4074629,-0.003111042,0.8724461
WOLFSKILL_Diamond_Muscat_4268,-0.01880097,-0.40947074,-0.0064536836,0.86503696
WOLFSKILL_Cabernet_Franc_6311,-0.0894215,0.049661506,0.21395276,-0.11115487
WOLFSKILL_Triplett_F101-3_9315,-0.04927439,-0.34630567,0.120443024,0.7851275
WOLFSKILL_Muscat_Hamburg_2359,-0.04376457,0.39239955,0.054709233,-0.8791001
WOLFSKILL_Pinot_Pernard_6952,-0.074942954,-0.30907393,0.21458113,0.7600779
WOLFSKILL_Parreira_6822,0.0069473926,-0.3908006,-0.07189909,0.8273679
WOLFSKILL_Trousseau_6532,-0.02283214,0.34223974,0.0031942073,-0.7568439
WOLFSKILL_Cabernet_Franc_6310,-0.09238802,0.12304948,0.20048675,-0.29587865
WOLFSKILL_Ithani_Lefko_5215,-0.0030443538,-0.38185862,-0.04353089,0.80882084
WOLFSKILL_Riesling_Italico_7156,-0.029947419,0.38923213,0.021958994,-0.8554449
WOLFSKILL_Unkown_Cultivar_5371,0.086060755,0.20183313,-0.24202156,-0.43117282
WOLFSKILL_Osteiner_5084,-0.008481324,-0.39729732,-0.035180893,0.83530116
WOLFSKILL_Schiradzouli_Blanc_1728,-0.017537296,0.35757506,-0.007884853,-0.78125143
WOLFSKILL_Late_Blue_Burgundy_6257,-0.030096322,-0.39912742,0.041137643,0.8658856
UCDAVIS_DOG_RIDGE_66,0.0097183995,0.3218295,-0.0661384,-0.6990943
WOLFSKILL_Volitza_Lefki_7723,-0.035886187,-0.2730454,0.0861704,0.61227787
WOLFSKILL_French_Colombard_5846,-0.14938124,0.14824156,0.3624847,-0.3103063
WOLFSKILL_Osteiner_5085,-0.018261082,-0.36006904,0.011532014,0.77843106
WOLFSKILL_Unkown_Cultivar_5370,-0.17218696,-0.17241468,0.49797046,0.5291149
WOLFSKILL_Riesling_Italico_7157,-0.0065045645,-0.38237178,-0.040477023,0.79959667
WOLFSKILL_UNKNOWN_CULTIVAR_2570,0.10168896,-0.20092718,-0.27696577,0.42943633
WOLFSKILL_Charmont_9151,-0.057175614,-0.3602986,0.14754874,0.8338759
WOLFSKILL_Volitza_Lefki_7722,-0.097893335,0.108928844,0.2209389,-0.24815181
WOLFSKILL_French_Colombard_5847,-0.09216828,-0.32585216,0.26875332,0.8258396
WOLFSKILL_Schiradzouli_Blanc_1729,-0.026016213,0.27984196,0.022691445,-0.630004
WOLFSKILL_Chardonnay_8223,-0.023905627,0.38290963,0.0023046397,-0.8338722
WOLFSKILL_Parargoon_3480,0.14322372,-0.18264325,-0.3735013,0.38394985
VINEYARDS_5C_cab_madera_y2018_2607,0.36607075,0.012045477,-0.88753116,-0.013608526
WOLFSKILL_Criolla_Mesa_1089,-0.011906211,-0.20302092,0.03410641,0.45886463
VINEYARDS_freedom_chard_san_joaquin_y2019_143,0.3733471,0.014713589,-0.90483725,-0.01769201
WOLFSKILL_Sovrana_1777,-0.032344997,0.4458688,0.020441765,-0.9697081
WOLFSKILL_Tourigan_National_5264,-0.033548366,0.3802771,0.0303618,-0.8406319
WOLFSKILL_Blaue_Elbe_5449,-0.02939853,-0.42540297,0.03133458,0.9137809
WOLFSKILL_Abla_Aganin_Isium_847,-0.002689803,0.29523608,-0.03419707,-0.6516204
WOLFSKILL_Balta_4161,-0.08341952,-0.29939,0.23985428,0.74793804
VINEYARDS_1103P_cab_san_joaquin_y2019_189,0.3585281,0.0077536516,-0.8665074,0.0013936795
WOLFSKILL_Asma_202,-0.0074952897,0.33768526,-0.029282745,-0.739452
ALGERIA_Ichmoul_Bacha_264,-0.029847905,-0.3121249,0.06510418,0.69078094
WOLFSKILL_Gamay_Rond_5919,-0.007845669,-0.3861233,-0.033272225,0.8149747
WOLFSKILL_Eftakilo_2064,-0.1636346,0.0046163276,0.4370806,0.06304641
WOLFSKILL_Criolla_Mesa_1088,-0.025702275,-0.3404876,0.039675377,0.7432462
WOLFSKILL_Sovrana_1776,-0.10123199,0.17969505,0.22200914,-0.40763754
WOLFSKILL_Chardonnay_8222,-0.10532386,0.28157663,0.20841339,-0.6635127
VINEYARDS_5C_cab_madera_y2018_2606,0.36477095,0.011537377,-0.8830941,-0.01138768
WOLFSKILL_Gamay_Toma_4952,-0.08680401,0.2385029,0.17055342,-0.56526923
WOLFSKILL_Parargoon_3481,-0.061584547,0.18641199,0.11423809,-0.4493162
WOLFSKILL_Asma_203,-0.023013629,-0.37572652,0.024550727,0.81777114
ALGERIA_Ichmoul_Bacha_265,-0.02644705,-0.379575,0.027035398,0.8123517
WOLFSKILL_Gamay_Rond_5918,-0.011776083,-0.38617146,-0.016524797,0.8293768
WOLFSKILL_Eftakilo_2065,-0.04243064,0.35409686,0.05392649,-0.79645705
WOLFSKILL_Vaftra_vaspa_7652,-0.008533796,-0.32557315,-0.014165616,0.69764054
VINEYARDS_freedom_chard_san_joaquin_y2019_1869,0.3853855,0.014745884,-0.9352484,-0.0187187
WOLFSKILL_Abla_Aganin_Isium_846,-0.023220122,0.35435066,0.0055413246,-0.7821336
WOLFSKILL_Balta_4160,-0.020601064,-0.41254145,0.0067726504,0.8843252
