total.dvit,dvit,dvit.number,location,block,row,vine,cultivar,country,parentage
DVIT1976.0000C,DVIT1976,1976,  K  9 55,K,9,55,_5-12,YUGOSLAVIA,NA
DVIT1976.0000D,DVIT1976,1976,  K  9 56,K,9,56,_5-12,YUGOSLAVIA,NA
DVIT1977.0000C,DVIT1977,1977,  K  9 57,K,9,57,_5-14,YUGOSLAVIA,NA
DVIT1977.0000D,DVIT1977,1977,  K  9 58,K,9,58,_5-14,YUGOSLAVIA,NA
DVIT1978.0000E,DVIT1978,1978,  K  9 59,K,9,59,_5-15,YUGOSLAVIA,NA
DVIT1978.0000D,DVIT1978,1978,  K  9 60,K,9,60,_5-15,YUGOSLAVIA,NA
DVIT1979.0000C,DVIT1979,1979,  K 14 17,K,14,17,_5-17,YUGOSLAVIA,NA
DVIT1979.0000D,DVIT1979,1979,  K 14 18,K,14,18,_5-17,YUGOSLAVIA,NA
DVIT1980.0000C,DVIT1980,1980,  K 14 19,K,14,19,_5-20,YUGOSLAVIA,NA
DVIT1980.0000D,DVIT1980,1980,  K 14 20,K,14,20,_5-20,YUGOSLAVIA,NA
DVIT1981.0000C,DVIT1981,1981,  K 14 21,K,14,21,_5-30,YUGOSLAVIA,NA
DVIT1981.0000D,DVIT1981,1981,  K 14 22,K,14,22,_5-30,YUGOSLAVIA,NA
DVIT0333.0000C,DVIT0333,333,  K  4  9,K,4,9,Ab Jusht,AFGHANISTAN,NA
DVIT0333.0000D,DVIT0333,333,  K  4 10,K,4,10,Ab Jusht,AFGHANISTAN,NA
DVIT0305.0000C,DVIT0305,305,  K  3 51,K,3,51,Abla Aganin Isium,GERMANY,NA
DVIT0305.0000D,DVIT0305,305,  K  3 52,K,3,52,Abla Aganin Isium,GERMANY,NA
DVIT0327.0000C,DVIT0327,327,  K  3 79,K,3,79,Abla Aganin Isium,GERMANY,NA
DVIT0327.0000D,DVIT0327,327,  K  3 80,K,3,80,Abla Aganin Isium,GERMANY,NA
DVIT0306.0000A,DVIT0306,306,  K  1  1,K,1,1,Adjem Misquet,GERMANY,NA
DVIT0306.0000B,DVIT0306,306,  K  1  2,K,1,2,Adjem Misquet,GERMANY,NA
DVIT0618.0000C,DVIT0618,618,  L  3  7,L,3,7,Affenthaler,UNKNOWN,NA
DVIT0618.0000F,DVIT0618,618,  L  3  8,L,3,8,Affenthaler,UNKNOWN,NA
DVIT3153.0000A,DVIT3153,3153,  L 16 79,L,16,79,Affenthaler,USA,NA
DVIT3153.0000B,DVIT3153,3153,  L 16 80,L,16,80,Affenthaler,USA,NA
DVIT0334.0000C,DVIT0334,334,  K  4 11,K,4,11,Agadia,USSR,NA
DVIT0334.0000D,DVIT0334,334,  K  4 12,K,4,12,Agadia,USSR,NA
DVIT0619.0000C,DVIT0619,619,  L  3  9,L,3,9,Aglianico,ITALY,NA
DVIT0619.0000D,DVIT0619,619,  L  3 10,L,3,10,Aglianico,ITALY,NA
DVIT1024.0000C,DVIT1024,1024,  L 11 41,L,11,41,Agoumastos,GREECE,NA
DVIT1024.0000D,DVIT1024,1024,  L 11 42,L,11,42,Agoumastos,GREECE,NA
DVIT2701.0000C,DVIT2701,2701,  L 12 43,L,12,43,Agria,HUNGARY,(TEINT. xKADARKA) x(MALBEC xPERLE V.CSABA)
DVIT2701.0000D,DVIT2701,2701,  L 12 44,L,12,44,Agria,HUNGARY,(TEINT. xKADARKA) x(MALBEC xPERLE V.CSABA)
DVIT2630.0000A,DVIT2630,2630,  L 14 67,L,14,67,Agwam,NA,NA
DVIT2630.0000B,DVIT2630,2630,  L 14 68,L,14,68,Agwam,NA,NA
DVIT2037.0000C,DVIT2037,2037,  K 11 51,K,11,51,Aitah,AFGHANISTAN,NA
DVIT2037.0000D,DVIT2037,2037,  K 11 52,K,11,52,Aitah,AFGHANISTAN,NA
DVIT0336.0000C,DVIT0336,336,  K  4 13,K,4,13,Aitah Ghulaman,AFGHANISTAN,NA
DVIT0336.0000D,DVIT0336,336,  K  4 14,K,4,14,Aitah Ghulaman,AFGHANISTAN,NA
DVIT0563.0000C,DVIT0563,563,  K 11 33,K,11,33,Ajmi,IRAQ,NA
DVIT0563.0000D,DVIT0563,563,  K 11 34,K,11,34,Ajmi,IRAQ,NA
DVIT3154.0000A,DVIT3154,3154,  K 16 29,K,16,29,Ajmi,NA,NA
DVIT3154.0000B,DVIT3154,3154,  K 16 30,K,16,30,Ajmi,NA,NA
DVIT0612.0000C,DVIT0612,612,  K  9  5,K,9,5,Ak Schekerek,GERMANY,NA
DVIT0612.0000D,DVIT0612,612,  K  9  6,K,9,6,Ak Schekerek,GERMANY,NA
DVIT0307.0000C,DVIT0307,307,  K  3 53,K,3,53,Al Borla,GERMANY,NA
DVIT0307.0000D,DVIT0307,307,  K  3 54,K,3,54,Al Borla,GERMANY,NA
DVIT0622.0000C,DVIT0622,622,  L  3 13,L,3,13,Albana,ITALY,NA
DVIT0622.0000D,DVIT0622,622,  L  3 14,L,3,14,Albana,ITALY,NA
DVIT0634.0000C,DVIT0634,634,  L 13 27,L,13,27,Alburla,UNKNOWN,NA
DVIT0634.0000D,DVIT0634,634,  L 13 28,L,13,28,Alburla,UNKNOWN,NA
DVIT0623.0000C,DVIT0623,623,  L  3 15,L,3,15,Aleatico,UNKNOWN,NA
DVIT0623.0000D,DVIT0623,623,  L  3 16,L,3,16,Aleatico,UNKNOWN,NA
DVIT0624.0000A,DVIT0624,624,  L  1  1,L,1,1,Alicante Bouschet,ITALY,NA
DVIT0624.0000B,DVIT0624,624,  L  1  2,L,1,2,Alicante Bouschet,ITALY,NA
DVIT0625.0000C,DVIT0625,625,  L  3 17,L,3,17,Alicante Bouschet,ITALY,NA
DVIT0625.0000D,DVIT0625,625,  L  3 18,L,3,18,Alicante Bouschet,ITALY,NA
DVIT1025.0000C,DVIT1025,1025,  L 11 43,L,11,43,Alicante Branca,UNKNOWN,NA
DVIT1025.0000E,DVIT1025,1025,  L 11 44,L,11,44,Alicante Branca,UNKNOWN,NA
DVIT3155.0000A,DVIT3155,3155,  L 17  1,L,17,1,Alicante Ganzin,NA,NA
DVIT3155.0000B,DVIT3155,3155,  L 17  2,L,17,2,Alicante Ganzin,NA,NA
DVIT0626.0000D,DVIT0626,626,  L  3 20,L,3,20,Alicante Vermelho,PORTUGAL,NA
DVIT0627.0000C,DVIT0627,627,  L  3 21,L,3,21,Aligote,FRANCE,NA
DVIT0627.0000D,DVIT0627,627,  L  3 22,L,3,22,Aligote,FRANCE,NA
DVIT0337.0000C,DVIT0337,337,  K  4 15,K,4,15,Alloued Zeine,UNKNOWN,NA
DVIT0337.0000D,DVIT0337,337,  K  4 16,K,4,16,Alloued Zeine,UNKNOWN,NA
DVIT1079.0000A,DVIT1079,1079,  K  1 29,K,1,29,Almeria,UNKNOWN,NA
DVIT1079.0000B,DVIT1079,1079,  K  1 30,K,1,30,Almeria,UNKNOWN,NA
DVIT0338.0000A,DVIT0338,338,  K  1  7,K,1,7,Alulu,UNKNOWN,NA
DVIT0338.0000B,DVIT0338,338,  K  1  8,K,1,8,Alulu,UNKNOWN,NA
DVIT1058.0000C,DVIT1058,1058,  L 12 21,L,12,21,Alvarelhao,PORTUGAL,NA
DVIT1058.0000D,DVIT1058,1058,  L 12 22,L,12,22,Alvarelhao,PORTUGAL,NA
DVIT0630.0000C,DVIT0630,630,  L  3 27,L,3,27,Anacelatta,UNKNOWN,NA
DVIT0630.0000D,DVIT0630,630,  L  3 28,L,3,28,Anacelatta,UNKNOWN,NA
DVIT0629.0000C,DVIT0629,629,  L  3 25,L,3,25,Anatolitico,GREECE,NA
DVIT0629.0000D,DVIT0629,629,  L  3 26,L,3,26,Anatolitico,GREECE,NA
DVIT0339.0000C,DVIT0339,339,  K  4 17,K,4,17,Angelina,UNKNOWN,NA
DVIT0339.0000D,DVIT0339,339,  K  4 18,K,4,18,Angelina,UNKNOWN,NA
DVIT0564.0000E,DVIT0564,564,  K  8  1,K,8,1,Angelo Pirovano,ITALY,CHASSELAS ROSE X MUSCAT HAMBURG
DVIT0564.0000D,DVIT0564,564,  K  8  2,K,8,2,Angelo Pirovano,ITALY,CHASSELAS ROSE X MUSCAT HAMBURG
DVIT0340.0000C,DVIT0340,340,  K  4 19,K,4,19,Angevine Oberlin,UNKNOWN,NA
DVIT0340.0000D,DVIT0340,340,  K  4 20,K,4,20,Angevine Oberlin,UNKNOWN,NA
DVIT0341.0000C,DVIT0341,341,  K  4 21,K,4,21,Angulata,UNKNOWN,NA
DVIT0341.0000D,DVIT0341,341,  K  4 22,K,4,22,Angulata,UNKNOWN,NA
DVIT3156.0000A,DVIT3156,3156,  K 16 31,K,16,31,Anna Maria,ITALY,Perle Von Csaba x David
DVIT3156.0000B,DVIT3156,3156,  K 16 32,K,16,32,Anna Maria,ITALY,Perle Von Csaba x David
DVIT0631.0000C,DVIT0631,631,  L  3 29,L,3,29,Antibo,UNKNOWN,NA
DVIT0631.0000D,DVIT0631,631,  L  3 30,L,3,30,Antibo,UNKNOWN,NA
DVIT0342.0000F,DVIT0342,342,  K  1  9,K,1,9,Appley Towers,UNKNOWN,GROS COLMAN X ALICANTE
DVIT0342.0000G,DVIT0342,342,  K  1 10,K,1,10,Appley Towers,UNKNOWN,GROS COLMAN X ALICANTE
DVIT0632.0000E,DVIT0632,632,  L  3 31,L,3,31,Araclinos,GREECE,NA
DVIT0632.0000D,DVIT0632,632,  L  3 32,L,3,32,Araclinos,GREECE,NA
DVIT0633.0000C,DVIT0633,633,  L  3 33,L,3,33,Aramon,UNKNOWN,NA
DVIT0633.0000D,DVIT0633,633,  L  3 34,L,3,34,Aramon,UNKNOWN,NA
DVIT0635.0000C,DVIT0635,635,  L  3 35,L,3,35,Arcathinoh,GREECE,NA
DVIT0635.0000D,DVIT0635,635,  L  3 36,L,3,36,Arcathinoh,GREECE,NA
DVIT2305.0000A,DVIT2305,2305,  L  2 33,L,2,33,Argant,SPAIN,NA
DVIT2305.0000B,DVIT2305,2305,  L  2 34,L,2,34,Argant,SPAIN,NA
DVIT0636.0000H,DVIT0636,636,  L  3 37,L,3,37,Arhaniotico Kokino,GREECE,NA
DVIT0636.0000F,DVIT0636,636,  L  3 38,L,3,38,Arhaniotico Kokino,GREECE,NA
DVIT0560.0000C,DVIT0560,560,  K 11 31,K,11,31,Aricaras,GREECE,NA
DVIT0560.0000D,DVIT0560,560,  K 11 32,K,11,32,Aricaras,GREECE,NA
DVIT2666.0000A,DVIT2666,2666,  L 15 17,L,15,17,Arnsburger,GERMANY,Riesling88 GM X Riesling64 GM
DVIT2666.0000B,DVIT2666,2666,  L 15 18,L,15,18,Arnsburger,GERMANY,Riesling88 GM X Riesling64 GM
DVIT0637.0000C,DVIT0637,637,  L  3 39,L,3,39,Aromatico,UNKNOWN,MUSCATO HAMBURG X CICLOPICA (P 60)
DVIT0637.0000D,DVIT0637,637,  L  3 40,L,3,40,Aromatico,UNKNOWN,MUSCATO HAMBURG X CICLOPICA (P 60)
DVIT0343.0000C,DVIT0343,343,  K 10 21,K,10,21,Askari,AFGHANISTAN,NA
DVIT0343.0000D,DVIT0343,343,  K 10 22,K,10,22,Askari,AFGHANISTAN,NA
DVIT3157.0000A,DVIT3157,3157,  K 16 33,K,16,33,Askari,NA,NA
DVIT3157.0000B,DVIT3157,3157,  K 16 34,K,16,34,Askari,NA,NA
DVIT0344.0000E,DVIT0344,344,  K  4 24,K,4,24,Askari Khari,AFGHANISTAN,NA
DVIT0565.0000C,DVIT0565,565,  K  8  3,K,8,3,Askary,IRAN,NA
DVIT0565.0000D,DVIT0565,565,  K  8  4,K,8,4,Askary,IRAN,NA
DVIT0638.0000E,DVIT0638,638,  L  3 41,L,3,41,Askathari,GREECE,NA
DVIT0638.0000G,DVIT0638,638,  L  3 42,L,3,42,Askathari,GREECE,NA
DVIT2054.0000A,DVIT2054,2054,  K  1 69,K,1,69,Asma,USSR,NA
DVIT2054.0000B,DVIT2054,2054,  K  1 70,K,1,70,Asma,USSR,NA
DVIT0308.0000F,DVIT0308,308,  K  3 55,K,3,55,Asma,GERMANY,NA
DVIT0308.0000D,DVIT0308,308,  K  3 56,K,3,56,Asma,GERMANY,NA
DVIT0309.0000E,DVIT0309,309,  K  3 57,K,3,57,Asma Sohwars,GERMANY,NA
DVIT0309.0000D,DVIT0309,309,  K  3 58,K,3,58,Asma Sohwars,GERMANY,NA
DVIT0639.0000J,DVIT0639,639,  L  3 43,L,3,43,Aspiran Noir,UNKNOWN,NA
DVIT0639.0000E,DVIT0639,639,  L  3 44,L,3,44,Aspiran Noir,UNKNOWN,NA
DVIT0640.0000C,DVIT0640,640,  L 13 29,L,13,29,Asprocoritho,GREECE,NA
DVIT0640.0000D,DVIT0640,640,  L 13 30,L,13,30,Asprocoritho,GREECE,NA
DVIT0641.0000C,DVIT0641,641,  L  3 45,L,3,45,Asprorombola,GREECE,NA
DVIT0641.0000D,DVIT0641,641,  L  3 46,L,3,46,Asprorombola,GREECE,NA
DVIT0642.0000C,DVIT0642,642,  L  3 47,L,3,47,Aspruda Ariloghi,GREECE,NA
DVIT0642.0000D,DVIT0642,642,  L  3 48,L,3,48,Aspruda Ariloghi,GREECE,NA
DVIT1026.0000C,DVIT1026,1026,  L 11 45,L,11,45,Aspruda Halkidos,GREECE,NA
DVIT1026.0000D,DVIT1026,1026,  L 11 46,L,11,46,Aspruda Halkidos,GREECE,NA
DVIT1027.0000C,DVIT1027,1027,  L 11 47,L,11,47,Aspruda Santorinih,GREECE,NA
DVIT1027.0000D,DVIT1027,1027,  L 11 48,L,11,48,Aspruda Santorinih,GREECE,NA
DVIT0645.0000E,DVIT0645,645,  L 13 31,L,13,31,Assirtico,GREECE,NA
DVIT0645.0000D,DVIT0645,645,  L 13 32,L,13,32,Assirtico,GREECE,NA
DVIT2087.0000A,DVIT2087,2087,  K  2 11,K,2,11,Aswad,YEMEN ARAB REPUBLIC,NA
DVIT2087.0000B,DVIT2087,2087,  K  2 12,K,2,12,Aswad,YEMEN ARAB REPUBLIC,NA
DVIT2085.0000F,DVIT2085,2085,  K 14 23,K,14,23,Aswad,YEMEN ARAB REPUBLIC,NA
DVIT2085.0000G,DVIT2085,2085,  K 14 24,K,14,24,Aswad,YEMEN ARAB REPUBLIC,NA
DVIT0646.0000C,DVIT0646,646,  L  3 53,L,3,53,Atzala,GREECE,NA
DVIT0646.0000D,DVIT0646,646,  L  3 54,L,3,54,Atzala,GREECE,NA
DVIT3158.0000B,DVIT3158,3158,  L 17  4,L,17,4,Audibert,GERMANY,NA
DVIT0566.0000C,DVIT0566,566,  K  8  5,K,8,5,Augustiatico,GREECE,NA
DVIT0566.0000D,DVIT0566,566,  K  8  6,K,8,6,Augustiatico,GREECE,NA
DVIT0345.0000C,DVIT0345,345,  K  4 25,K,4,25,Aurora,ITALY,OLIVETTE BARTHELET X PIROVANO 28
DVIT0345.0000E,DVIT0345,345,  K  4 26,K,4,26,Aurora,ITALY,OLIVETTE BARTHELET X PIROVANO 28
DVIT1341.0000C,DVIT1341,1341,  K  9 39,K,9,39,Aurora,UNKNOWN,OLIVETTE BARTHELET X PIROVANO 28
DVIT1341.0000D,DVIT1341,1341,  K  9 40,K,9,40,Aurora,UNKNOWN,OLIVETTE BARTHELET X PIROVANO 28
DVIT1325.0000C,DVIT1325,1325,  K  9 31,K,9,31,Austrian Seedless,UNKNOWN,NA
DVIT1325.0000D,DVIT1325,1325,  K  9 32,K,9,32,Austrian Seedless,UNKNOWN,NA
DVIT1650.0000C,DVIT1650,1650,  K  9 45,K,9,45,Austrian Seedless,UNKNOWN,NA
DVIT1650.0000D,DVIT1650,1650,  K  9 46,K,9,46,Austrian Seedless,UNKNOWN,NA
DVIT3013.0000B,DVIT3013,3013,  K 15 59,K,15,59,Autumn Black,USA,NA
DVIT3013.0000A,DVIT3013,3013,  K 15 60,K,15,60,Autumn Black,USA,NA
DVIT3194.0000I,DVIT3194,3194,  K 15 76,K,15,76,Autumn Royal 2X,USA,NA
DVIT3014.0000A,DVIT3014,3014,  K 15 61,K,15,61,Autumn Seedless,USA,NA
DVIT3014.0000B,DVIT3014,3014,  K 15 62,K,15,62,Autumn Seedless,USA,NA
DVIT3193.0000G,DVIT3193,3193,  K 16  7,K,16,7,Autumn Seedless 4X,USA,NA
DVIT2171.0000B,DVIT2171,2171,  K 14 25,K,14,25,B 15-19,UNKNOWN,NA
DVIT2171.0000C,DVIT2171,2171,  K 14 26,K,14,26,B 15-19,UNKNOWN,NA
DVIT1857.0000C,DVIT1857,1857,  K 14  5,K,14,5,b 39-52 Mlc,MEXICO,NA
DVIT1857.0000D,DVIT1857,1857,  K 14  6,K,14,6,b 39-52 Mlc,MEXICO,NA
DVIT1858.0000C,DVIT1858,1858,  K 14  7,K,14,7,b 39-59 Mlc,MEXICO,NA
DVIT1858.0000D,DVIT1858,1858,  K 14  8,K,14,8,b 39-59 Mlc,MEXICO,NA
DVIT1859.0000C,DVIT1859,1859,  K 14  9,K,14,9,b 39-59a Mlc,MEXICO,NA
DVIT1859.0000D,DVIT1859,1859,  K 14 10,K,14,10,b 39-59a Mlc,MEXICO,NA
DVIT1860.0000C,DVIT1860,1860,  K 14 11,K,14,11,b 39-63 Mlc,MEXICO,NA
DVIT1860.0000D,DVIT1860,1860,  K 14 12,K,14,12,b 39-63 Mlc,MEXICO,NA
DVIT1861.0000C,DVIT1861,1861,  K 14 13,K,14,13,b 40-4 Mlc,MEXICO,NA
DVIT1861.0000H,DVIT1861,1861,  K 14 14,K,14,14,b 40-4 Mlc,MEXICO,NA
DVIT1862.0000C,DVIT1862,1862,  K 14 15,K,14,15,b 40-6 Mlc,MEXICO,NA
DVIT1862.0000D,DVIT1862,1862,  K 14 16,K,14,16,b 40-6 Mlc,MEXICO,NA
DVIT2904.0000A,DVIT2904,2904,  K 15 15,K,15,15,B5,UNKNOWN,NA
DVIT2904.0000B,DVIT2904,2904,  K 15 16,K,15,16,B5,UNKNOWN,NA
DVIT3257.0000D,DVIT3257,3257,  K 17  9,K,17,9,B7-7 (Thompson mutant),USA,Mutant of Thompson seedless
DVIT2743.0000G,DVIT2743,2743,  L 12 77,L,12,77,Bacchus,GERMANY,NA
DVIT2667.0000C,DVIT2667,2667,  L 15 19,L,15,19,Badacsony-10,HUNGARY,NA
DVIT2667.0000D,DVIT2667,2667,  L 15 20,L,15,20,Badacsony-10,HUNGARY,NA
DVIT2306.0000A,DVIT2306,2306,  K  3 19,K,3,19,Baharat Early,INDIA,NA
DVIT2306.0000B,DVIT2306,2306,  K  3 20,K,3,20,Baharat Early,INDIA,NA
DVIT0346.0000C,DVIT0346,346,  K  4 27,K,4,27,Baidh Ul Haman,UNKNOWN,NA
DVIT0346.0000D,DVIT0346,346,  K  4 28,K,4,28,Baidh Ul Haman,UNKNOWN,NA
DVIT0653.0000C,DVIT0653,653,  L  3 65,L,3,65,Bakari Mavro,GREECE,NA
DVIT0653.0000D,DVIT0653,653,  L  3 66,L,3,66,Bakari Mavro,GREECE,NA
DVIT2905.0000A,DVIT2905,2905,  K 15 17,K,15,17,Balta,UNKNOWN,NA
DVIT2905.0000B,DVIT2905,2905,  K 15 18,K,15,18,Balta,UNKNOWN,NA
DVIT0348.0000C,DVIT0348,348,  K  4 29,K,4,29,Barbableu,ITALY,OLIVETTA NERA X MUSCATTO D'ADDA
DVIT0348.0000D,DVIT0348,348,  K  4 30,K,4,30,Barbableu,ITALY,OLIVETTA NERA X MUSCATTO D'ADDA
DVIT1651.0000C,DVIT1651,1651,  K  9 47,K,9,47,Barbableu,ITALY,OLIVETTA NERA X MUSCATTO D'ADDA
DVIT1651.0000D,DVIT1651,1651,  K  9 48,K,9,48,Barbableu,ITALY,OLIVETTA NERA X MUSCATTO D'ADDA
DVIT0700.0000C,DVIT0700,700,  L  4 51,L,4,51,Barbara,UNKNOWN,NA
DVIT0700.0000E,DVIT0700,700,  L  4 52,L,4,52,Barbara,UNKNOWN,NA
DVIT0648.0000E,DVIT0648,648,  L  3 55,L,3,55,Barbera,ITALY,NA
DVIT0648.0000D,DVIT0648,648,  L  3 56,L,3,56,Barbera,ITALY,NA
DVIT0649.0000C,DVIT0649,649,  L  3 57,L,3,57,Barbera,ITALY,NA
DVIT0649.0000D,DVIT0649,649,  L  3 58,L,3,58,Barbera,ITALY,NA
DVIT2499.0000F,DVIT2499,2499,  K 12 77,K,12,77,Bargoon,PAKISTAN,NA
DVIT2499.0000E,DVIT2499,2499,  K 12 78,K,12,78,Bargoon,PAKISTAN,NA
DVIT0349.0000C,DVIT0349,349,  K 10 23,K,10,23,Barlinka,ALGERIA,NA
DVIT0349.0000D,DVIT0349,349,  K 10 24,K,10,24,Barlinka,ALGERIA,NA
DVIT1080.0000A,DVIT1080,1080,  L  1 43,L,1,43,Barlinka,SOUTH AFRICA,NA
DVIT1080.0000B,DVIT1080,1080,  L  1 44,L,1,44,Barlinka,SOUTH AFRICA,NA
DVIT0310.0000C,DVIT0310,310,  K  3 59,K,3,59,Barmak Isium,GERMANY,NA
DVIT0310.0000D,DVIT0310,310,  K  3 60,K,3,60,Barmak Isium,GERMANY,NA
DVIT0350.0000C,DVIT0350,350,  K  4 31,K,4,31,Barone Dell'aterno,ITALY,DELIZIA DI VAPRIO (P 46) X ANGELO PIROVANO (P 2)
DVIT0350.0000G,DVIT0350,350,  K  4 32,K,4,32,Barone Dell'aterno,ITALY,DELIZIA DI VAPRIO (P 46) X ANGELO PIROVANO (P 2)
DVIT0650.0000E,DVIT0650,650,  L  3 60,L,3,60,Bastardo,PORTUGAL,NA
DVIT2057.0000C,DVIT2057,2057,  L 13  1,L,13,1,Bastardo,PORTUGAL,NA
DVIT2545.0000A,DVIT2545,2545,  K 14 47,K,14,47,Batta,INDIA,NA
DVIT2545.0000B,DVIT2545,2545,  K 14 48,K,14,48,Batta,INDIA,NA
DVIT0351.0000G,DVIT0351,351,  K  4 33,K,4,33,Beauty Seedless,UNKNOWN,NA
DVIT0351.0000F,DVIT0351,351,  K  4 34,K,4,34,Beauty Seedless,UNKNOWN,NA
DVIT0651.0000C,DVIT0651,651,  L  3 61,L,3,61,Beba,SPAIN,NA
DVIT0651.0000E,DVIT0651,651,  L  3 62,L,3,62,Beba,SPAIN,NA
DVIT0652.0000D,DVIT0652,652,  L  3 64,L,3,64,Beclan,UNKNOWN,NA
DVIT1840.0000I,DVIT1840,1840,  L  2  7,L,2,7,Beli Potok,YUGOSLAVIA,NA
DVIT1840.0000J,DVIT1840,1840,  L  2  8,L,2,8,Beli Potok,YUGOSLAVIA,NA
DVIT1841.0000F,DVIT1841,1841,  L  2  9,L,2,9,Beli Potok,YUGOSLAVIA,NA
DVIT1841.0000I,DVIT1841,1841,  L  2 10,L,2,10,Beli Potok,YUGOSLAVIA,NA
DVIT1069.0000C,DVIT1069,1069,  L 12 41,L,12,41,Beli Prokupac,YUGOSLAVIA,NA
DVIT1069.0000D,DVIT1069,1069,  L 12 42,L,12,42,Beli Prokupac,YUGOSLAVIA,NA
DVIT0352.0000C,DVIT0352,352,  K  4 35,K,4,35,Bellino,UNKNOWN,NA
DVIT0352.0000E,DVIT0352,352,  K  4 36,K,4,36,Bellino,UNKNOWN,NA
DVIT2113.0000A,DVIT2113,2113,  L  2 23,L,2,23,Bequignol,FRANCE,NA
DVIT2113.0000B,DVIT2113,2113,  L  2 24,L,2,24,Bequignol,FRANCE,NA
DVIT0654.0000F,DVIT0654,654,  L 13 33,L,13,33,Bermestia Bianca,UNKNOWN,NA
DVIT0654.0000E,DVIT0654,654,  L 13 34,L,13,34,Bermestia Bianca,UNKNOWN,NA
DVIT0655.0000E,DVIT0655,655,  L  3 67,L,3,67,Bermestia Violacea,UNKNOWN,NA
DVIT0655.0000I,DVIT0655,655,  L  3 68,L,3,68,Bermestia Violacea,UNKNOWN,NA
DVIT2501.0000F,DVIT2501,2501,  K 13  1,K,13,1,Berurargoon,PAKISTAN,NA
DVIT2501.0000G,DVIT2501,2501,  K 13  2,K,13,2,Berurargoon,PAKISTAN,NA
DVIT0657.0000C,DVIT0657,657,  L  3 69,L,3,69,Berzamino,ITALY,NA
DVIT0657.0000E,DVIT0657,657,  L  3 70,L,3,70,Berzamino,ITALY,NA
DVIT0656.0000A,DVIT0656,656,  L  1  3,L,1,3,Berzemina,ITALY,NA
DVIT0656.0000B,DVIT0656,656,  L  1  4,L,1,4,Berzemina,ITALY,NA
DVIT0353.0000C,DVIT0353,353,  K 11 59,K,11,59,Bhokari,INDIA,NA
DVIT0353.0000D,DVIT0353,353,  K 11 60,K,11,60,Bhokari,INDIA,NA
DVIT1081.0000C,DVIT1081,1081,  K  9 21,K,9,21,Bhokri,INDIA,NA
DVIT1081.0000D,DVIT1081,1081,  K  9 22,K,9,22,Bhokri,INDIA,NA
DVIT0311.0000C,DVIT0311,311,  K  3 61,K,3,61,Bias Kukuzeti,USSR,NA
DVIT0311.0000D,DVIT0311,311,  K  3 62,K,3,62,Bias Kukuzeti,USSR,NA
DVIT2696.0000B,DVIT2696,2696,  K 13 71,K,13,71,Bien Donnie,SOUTH AFRICA,Ohanes x Koenigin Der Weingaerten
DVIT2696.0000C,DVIT2696,2696,  K 13 72,K,13,72,Bien Donnie,SOUTH AFRICA,Ohanes x Koenigin Der Weingaerten
DVIT1317.0000C,DVIT1317,1317,  L 12 55,L,12,55,Bixby,UNKNOWN,MISSION X V. GIRDIANA
DVIT1317.0000D,DVIT1317,1317,  L 12 56,L,12,56,Bixby,UNKNOWN,MISSION X V. GIRDIANA
DVIT1052.0000C,DVIT1052,1052,  K  9 15,K,9,15,Black Corinth,GREECE,NA
DVIT1052.0000D,DVIT1052,1052,  K  9 16,K,9,16,Black Corinth,GREECE,NA
DVIT0355.0000A,DVIT0355,355,  K 13 75,K,13,75,Black Damascus,UNKNOWN,NA
DVIT0355.0000B,DVIT0355,355,  K 13 76,K,13,76,Black Damascus,UNKNOWN,NA
DVIT0356.0000C,DVIT0356,356,  K 11 61,K,11,61,Black Ferrara,UNKNOWN,NA
DVIT0356.0000D,DVIT0356,356,  K 11 62,K,11,62,Black Ferrara,UNKNOWN,NA
DVIT1082.0000A,DVIT1082,1082,  K  1 31,K,1,31,Black Hamburg,GERMANY,NA
DVIT1082.0000E,DVIT1082,1082,  K  1 32,K,1,32,Black Hamburg,GERMANY,NA
DVIT0357.0000C,DVIT0357,357,  K  4 37,K,4,37,Black Hamburg,GERMANY,NA
DVIT1309.0000C,DVIT1309,1309,  K 10  7,K,10,7,Black Hamburg,GERMANY,NA
DVIT1309.0000E,DVIT1309,1309,  K 10  8,K,10,8,Black Hamburg,GERMANY,NA
DVIT1326.0000C,DVIT1326,1326,  K  9 33,K,9,33,Black Kishmish,USSR,NA
DVIT1326.0000D,DVIT1326,1326,  K  9 34,K,9,34,Black Kishmish,USSR,NA
DVIT2055.0000C,DVIT2055,2055,  K 10  1,K,10,1,Black Kishmish,USSR,NA
DVIT2055.0000D,DVIT2055,2055,  K 10  2,K,10,2,Black Kishmish,USSR,NA
DVIT0358.0000C,DVIT0358,358,  K 10 25,K,10,25,Black Kishmish,USSR,NA
DVIT0358.0000D,DVIT0358,358,  K 10 26,K,10,26,Black Kishmish,USSR,NA
DVIT0658.0000C,DVIT0658,658,  L  3 71,L,3,71,Black Malvoisie,UNKNOWN,NA
DVIT0658.0000F,DVIT0658,658,  L  3 72,L,3,72,Black Malvoisie,UNKNOWN,NA
DVIT0359.0000E,DVIT0359,359,  K  4 40,K,4,40,Black Monukka,UNKNOWN,NA
DVIT0360.0000C,DVIT0360,360,  K  4 41,K,4,41,Black Morocco,UNKNOWN,NA
DVIT0360.0000D,DVIT0360,360,  K  4 42,K,4,42,Black Morocco,UNKNOWN,NA
DVIT2111.0000A,DVIT2111,2111,  K  2 31,K,2,31,Black Muscat Alexandria,UNKNOWN,NA
DVIT2111.0000B,DVIT2111,2111,  K  2 32,K,2,32,Black Muscat Alexandria,UNKNOWN,NA
DVIT0361.0000C,DVIT0361,361,  K 10 27,K,10,27,Black Prince,UNKNOWN,NA
DVIT0361.0000D,DVIT0361,361,  K 10 28,K,10,28,Black Prince,UNKNOWN,NA
DVIT0022.0000C,DVIT0022,22,  K  3 49,K,3,49,Black Queen,JAPAN,BAILEY X GOLDEN QUEEN
DVIT0022.0000D,DVIT0022,22,  K  3 50,K,3,50,Black Queen,JAPAN,BAILEY X GOLDEN QUEEN
DVIT0362.0000C,DVIT0362,362,  K 10 29,K,10,29,Black Rose,USA,(DAMAS ROSE X BLACK MONUKKA) X RIBIER (ALPHONSE LAVALLEE)
DVIT0362.0000D,DVIT0362,362,  K 10 30,K,10,30,Black Rose,USA,(DAMAS ROSE X BLACK MONUKKA) X RIBIER (ALPHONSE LAVALLEE)
DVIT2476.0000C,DVIT2476,2476,  K 12 68,K,12,68,Blackrose 4x,USA,NA
DVIT0312.0000I,DVIT0312,312,  K  3 63,K,3,63,Blanc De Crimei,USSR,NA
DVIT0312.0000D,DVIT0312,312,  K  3 64,K,3,64,Blanc De Crimei,USSR,NA
DVIT0659.0000C,DVIT0659,659,  L 13 35,L,13,35,Blanc Rame,FRANCE,NA
DVIT0659.0000D,DVIT0659,659,  L 13 36,L,13,36,Blanc Rame,FRANCE,NA
DVIT0660.0000C,DVIT0660,660,  L  3 73,L,3,73,Blaue Elbe,UNKNOWN,NA
DVIT0660.0000D,DVIT0660,660,  L  3 74,L,3,74,Blaue Elbe,UNKNOWN,NA
DVIT2307.0000A,DVIT2307,2307,  L  2 35,L,2,35,Blauer Fruheburgunder,GERMANY,NA
DVIT2307.0000B,DVIT2307,2307,  L  2 36,L,2,36,Blauer Fruheburgunder,GERMANY,NA
DVIT0661.0000C,DVIT0661,661,  L  3 75,L,3,75,Blauer Spatburgunder,GERMANY,NA
DVIT0661.0000D,DVIT0661,661,  L  3 76,L,3,76,Blauer Spatburgunder,GERMANY,NA
DVIT0662.0000C,DVIT0662,662,  L  3 77,L,3,77,Blue Affenthaler,GERMANY,NA
DVIT0662.0000D,DVIT0662,662,  L  3 78,L,3,78,Blue Affenthaler,GERMANY,NA
DVIT0663.0000C,DVIT0663,663,  L  3 79,L,3,79,Blue Trollinger,GERMANY,NA
DVIT0663.0000D,DVIT0663,663,  L  3 80,L,3,80,Blue Trollinger,GERMANY,NA
DVIT0664.0000E,DVIT0664,664,  L  4  1,L,4,1,Boal Branco,PORTUGAL,NA
DVIT0664.0000F,DVIT0664,664,  L  4  2,L,4,2,Boal Branco,PORTUGAL,NA
DVIT0665.0000C,DVIT0665,665,  L  4  3,L,4,3,Boal Cachudo,PORTUGAL,NA
DVIT0665.0000D,DVIT0665,665,  L  4  4,L,4,4,Boal Cachudo,PORTUGAL,NA
DVIT0666.0000C,DVIT0666,666,  L  4  5,L,4,5,Boal Da Figueira,PORTUGAL,NA
DVIT0666.0000D,DVIT0666,666,  L  4  6,L,4,6,Boal Da Figueira,PORTUGAL,NA
DVIT0667.0000C,DVIT0667,667,  L  4  7,L,4,7,Boal Doce,PORTUGAL,NA
DVIT0667.0000D,DVIT0667,667,  L  4  8,L,4,8,Boal Doce,PORTUGAL,NA
DVIT0668.0000C,DVIT0668,668,  L  4  9,L,4,9,Boal Madeira,UNKNOWN,NA
DVIT0668.0000D,DVIT0668,668,  L  4 10,L,4,10,Boal Madeira,UNKNOWN,NA
DVIT0670.0000C,DVIT0670,670,  L  4 11,L,4,11,Bombino Bianco,UNKNOWN,NA
DVIT0670.0000D,DVIT0670,670,  L  4 12,L,4,12,Bombino Bianco,UNKNOWN,NA
DVIT0671.0000C,DVIT0671,671,  L 13 37,L,13,37,Bonarda,UNKNOWN,NA
DVIT0671.0000D,DVIT0671,671,  L 13 38,L,13,38,Bonarda,UNKNOWN,NA
DVIT3067.0000A,DVIT3067,3067,  L 14 49,L,14,49,Bondola,SWITZERLAND,NA
DVIT0672.0000C,DVIT0672,672,  L  4 13,L,4,13,Bonvedro,PORTUGAL,NA
DVIT0672.0000E,DVIT0672,672,  L  4 14,L,4,14,Bonvedro,PORTUGAL,NA
DVIT2496.0000D,DVIT2496,2496,  L 14 55,L,14,55,Boyalsing I,PAKISTAN,NA
DVIT2496.0000E,DVIT2496,2496,  L 14 56,L,14,56,Boyalsing I,PAKISTAN,NA
DVIT2505.0000E,DVIT2505,2505,  L 14 57,L,14,57,Boyalsing II,PAKISTAN,NA
DVIT2505.0000G,DVIT2505,2505,  L 14 58,L,14,58,Boyalsing II,PAKISTAN,NA
DVIT2906.0000G,DVIT2906,2906,  L 12 79,L,12,79,Brachetto,ITALY,NA
DVIT0673.0000C,DVIT0673,673,  L  4 15,L,4,15,Buaki,USSR,NA
DVIT0673.0000E,DVIT0673,673,  L  4 16,L,4,16,Buaki,USSR,NA
DVIT0363.0000E,DVIT0363,363,  K 10 31,K,10,31,Buckland's Sweetwater,UNITED KINGDOM,NA
DVIT0363.0000F,DVIT0363,363,  K 10 32,K,10,32,Buckland's Sweetwater,UNITED KINGDOM,NA
DVIT2506.0000H,DVIT2506,2506,  L 14 59,L,14,59,Budrilay,PAKISTAN,NA
DVIT2506.0000G,DVIT2506,2506,  L 14 60,L,14,60,Budrilay,PAKISTAN,NA
DVIT2512.0000B,DVIT2512,2512,  K 13  7,K,13,7,Buraburi,PAKISTAN,NA
DVIT2512.0000C,DVIT2512,2512,  K 13  8,K,13,8,Buraburi,PAKISTAN,NA
DVIT0674.0000C,DVIT0674,674,  L  4 17,L,4,17,Burger,UNKNOWN,NA
DVIT0674.0000D,DVIT0674,674,  L  4 18,L,4,18,Burger,UNKNOWN,NA
DVIT0364.0000C,DVIT0364,364,  K  4 43,K,4,43,Burgrave,UNKNOWN,NA
DVIT0364.0000D,DVIT0364,364,  K  4 44,K,4,44,Burgrave,UNKNOWN,NA
DVIT0675.0000C,DVIT0675,675,  L  4 19,L,4,19,Cabernet Franc,FRANCE,NA
DVIT0675.0000D,DVIT0675,675,  L  4 20,L,4,20,Cabernet Franc,FRANCE,NA
DVIT0676.0000C,DVIT0676,676,  L  4 21,L,4,21,Cabernet Franc,ITALY,NA
DVIT0676.0000D,DVIT0676,676,  L  4 22,L,4,22,Cabernet Franc,ITALY,NA
DVIT0803.0000C,DVIT0803,803,  L  6 55,L,6,55,Cabernet Franc,ITALY,NA
DVIT0803.0000D,DVIT0803,803,  L  6 56,L,6,56,Cabernet Franc,ITALY,NA
DVIT0677.0000C,DVIT0677,677,  L  4 23,L,4,23,Cabernet Sauvignon,FRANCE,NA
DVIT0677.0000D,DVIT0677,677,  L  4 24,L,4,24,Cabernet Sauvignon,FRANCE,NA
DVIT1350.0000C,DVIT1350,1350,  L 12 71,L,12,71,Cabernet Sauvignon,FRANCE,NA
DVIT1350.0000D,DVIT1350,1350,  L 12 72,L,12,72,Cabernet Sauvignon,FRANCE,NA
DVIT1084.0000A,DVIT1084,1084,  K  1 33,K,1,33,Calmeria,USA,OHANEZ (ALMERIA) X OP
DVIT1084.0000B,DVIT1084,1084,  K  1 34,K,1,34,Calmeria,USA,OHANEZ (ALMERIA) X OP
DVIT0365.0999E,DVIT0365,365,  K  4 45,K,4,45,Calmeria,UNKNOWN,ALMERIA XOP
DVIT0365.0999F,DVIT0365,365,  K  4 46,K,4,46,Calmeria,UNKNOWN,ALMERIA XOP
DVIT0366.0000E,DVIT0366,366,  K  4 47,K,4,47,Calmeria,USA,OHANEZ (ALMERIA) X OP
DVIT0678.0000C,DVIT0678,678,  L  4 25,L,4,25,Calzin,UNKNOWN,ZINFANDEL X REFOSCO
DVIT0678.0000D,DVIT0678,678,  L  4 26,L,4,26,Calzin,UNKNOWN,ZINFANDEL X REFOSCO
DVIT0679.0000C,DVIT0679,679,  L  4 27,L,4,27,Canaiolo Nero,ITALY,NA
DVIT0679.0000D,DVIT0679,679,  L  4 28,L,4,28,Canaiolo Nero,ITALY,NA
DVIT0367.0000C,DVIT0367,367,  K 10 33,K,10,33,Canner,USA,HUNISA X SULTANINA
DVIT0367.0000D,DVIT0367,367,  K 10 34,K,10,34,Canner,USA,HUNISA X SULTANINA
DVIT0368.0000C,DVIT0368,368,  K  4 49,K,4,49,Cannon Hall,UNKNOWN,NA
DVIT0368.0000D,DVIT0368,368,  K  4 50,K,4,50,Cannon Hall,UNKNOWN,NA
DVIT0369.0000A,DVIT0369,369,  K  1 11,K,1,11,Cape Currant,SOUTH AFRICA,NA
DVIT0369.0000B,DVIT0369,369,  K  1 12,K,1,12,Cape Currant,SOUTH AFRICA,NA
DVIT0370.0000C,DVIT0370,370,  K  4 51,K,4,51,Cardinal,USA,FLAME TOKAY X RIBIER
DVIT0370.0000D,DVIT0370,370,  K  4 52,K,4,52,Cardinal,USA,FLAME TOKAY X RIBIER
DVIT1662.0000B,DVIT1662,1662,  K 13 79,K,13,79,Cardinal 4x,UNKNOWN,NA
DVIT1662.0000C,DVIT1662,1662,  K 13 80,K,13,80,Cardinal 4x,UNKNOWN,NA
DVIT0681.0000C,DVIT0681,681,  L  4 29,L,4,29,Carignane,FRANCE,NA
DVIT0681.0000E,DVIT0681,681,  L  4 30,L,4,30,Carignane,FRANCE,NA
DVIT0848.0000C,DVIT0848,848,  L  7 51,L,7,51,Carignane,FRANCE,NA
DVIT0848.0000D,DVIT0848,848,  L  7 52,L,7,52,Carignane,FRANCE,NA
DVIT1064.0000C,DVIT1064,1064,  L 12 31,L,12,31,Carignane,USA,NA
DVIT1064.0000D,DVIT1064,1064,  L 12 32,L,12,32,Carignane,USA,NA
DVIT0680.0000C,DVIT0680,680,  L 14 31,L,14,31,Carignane,FRANCE,NA
DVIT0680.0000D,DVIT0680,680,  L 14 32,L,14,32,Carignane,FRANCE,NA
DVIT0953.0000C,DVIT0953,953,  L  9 69,L,9,69,Carriere,UNKNOWN,NA
DVIT0953.0000G,DVIT0953,953,  L  9 70,L,9,70,Carriere,UNKNOWN,NA
DVIT0682.0000C,DVIT0682,682,  L 13 39,L,13,39,Carvalheira,PORTUGAL,NA
DVIT0682.0000D,DVIT0682,682,  L 13 40,L,13,40,Carvalheira,PORTUGAL,NA
DVIT2631.0000C,DVIT2631,2631,  L 14 69,L,14,69,Casculho,PORTUGUAL,NA
DVIT2631.0000B,DVIT2631,2631,  L 14 70,L,14,70,Casculho,PORTUGUAL,NA
DVIT0683.0000F,DVIT0683,683,  L 13 41,L,13,41,Castelao,PORTUGAL,NA
DVIT0683.0000D,DVIT0683,683,  L 13 42,L,13,42,Castelao,PORTUGAL,NA
DVIT1085.0000H,DVIT1085,1085,  L  1 45,L,1,45,Catarratto,ITALY,NA
DVIT1085.0000B,DVIT1085,1085,  L  1 46,L,1,46,Catarratto,ITALY,NA
DVIT2058.0000C,DVIT2058,2058,  L 13  3,L,13,3,Catarratto,ITALY,NA
DVIT2058.0000D,DVIT2058,2058,  L 13  4,L,13,4,Catarratto,ITALY,NA
DVIT0684.0000C,DVIT0684,684,  L 13 43,L,13,43,Catarratto,ITALY,NA
DVIT0684.0000D,DVIT0684,684,  L 13 44,L,13,44,Catarratto,ITALY,NA
DVIT2308.0000A,DVIT2308,2308,  K  3 21,K,3,21,Caus X Perle Of Csaba,YUGOSLAVIA,NA
DVIT2308.0000B,DVIT2308,2308,  K  3 22,K,3,22,Caus X Perle Of Csaba,YUGOSLAVIA,NA
DVIT2618.0000A,DVIT2618,2618,  K 16  5,K,16,5,Centennial 4X,USA,NA
DVIT2618.0000B,DVIT2618,2618,  K 16  6,K,16,6,Centennial 4X,USA,NA
DVIT2907.0000A,DVIT2907,2907,  L 15 75,L,15,75,Cereza,ARGENTINA,NA
DVIT2907.0000B,DVIT2907,2907,  L 15 76,L,15,76,Cereza,ARGENTINA,NA
DVIT2432.0000C,DVIT2432,2432,  K 12 61,K,12,61,CG 1481,ARGENTINA,Gobernador Benegas x Thompson Seedless
DVIT2432.0000D,DVIT2432,2432,  K 12 62,K,12,62,CG 1481,ARGENTINA,Gobernador Benegas x Thompson Seedless
DVIT2480.0000E,DVIT2480,2480,  K 12 69,K,12,69,CG 1481 4x,USA,NA
DVIT2480.0000G,DVIT2480,2480,  K 14 29,K,14,29,CG 1481 4x,USA,NA
DVIT2480.0000H,DVIT2480,2480,  K 14 30,K,14,30,CG 1481 4x,USA,NA
DVIT2309.0000A,DVIT2309,2309,  K  3 23,K,3,23,Chalian De Drome,UNKNOWN,NA
DVIT2309.0000B,DVIT2309,2309,  K  3 24,K,3,24,Chalian De Drome,UNKNOWN,NA
DVIT2730.0000C,DVIT2730,2730,  K 14 69,K,14,69,Chamo,PAKISTAN,NA
DVIT2730.0000D,DVIT2730,2730,  K 14 70,K,14,70,Chamo,PAKISTAN,NA
DVIT2632.0000D,DVIT2632,2632,  K 14 53,K,14,53,Champanel,USA,V. X champini x Worden
DVIT2632.0000E,DVIT2632,2632,  K 14 54,K,14,54,Champanel,USA,V. X champini x Worden
DVIT0613.0000C,DVIT0613,613,  K 11 45,K,11,45,Chan Isium,GERMANY,NA
DVIT0371.0000G,DVIT0371,371,  K 10 35,K,10,35,Chaouch,TURKEY,NA
DVIT0371.0000F,DVIT0371,371,  K 10 36,K,10,36,Chaouch,TURKEY,NA
DVIT1663.0000D,DVIT1663,1663,  K 12  5,K,12,5,Chaouch 4x,UNKNOWN,NA
DVIT1663.0000E,DVIT1663,1663,  K 12  6,K,12,6,Chaouch 4x,UNKNOWN,NA
DVIT0599.0000C,DVIT0599,599,  K  8 65,K,8,65,Chaouchi Politico,GREECE,NA
DVIT0599.0000D,DVIT0599,599,  K  8 66,K,8,66,Chaouchi Politico,GREECE,NA
DVIT0685.0000C,DVIT0685,685,  L 13 45,L,13,45,Charas,USSR,NA
DVIT0685.0000D,DVIT0685,685,  L 13 46,L,13,46,Charas,USSR,NA
DVIT0686.0000C,DVIT0686,686,  L  4 31,L,4,31,Charbono,UNKNOWN,NA
DVIT0686.0000D,DVIT0686,686,  L  4 32,L,4,32,Charbono,UNKNOWN,NA
DVIT0816.0000A,DVIT0816,816,  L  1 15,L,1,15,Chardonay,SPAIN,NA
DVIT0816.0000B,DVIT0816,816,  L  1 16,L,1,16,Chardonay,SPAIN,NA
DVIT0916.0000C,DVIT0916,916,  L  9  1,L,9,1,Chardonay,FRANCE,NA
DVIT0916.0000D,DVIT0916,916,  L  9  2,L,9,2,Chardonay,FRANCE,NA
DVIT0950.0000D,DVIT0950,950,  L  9 66,L,9,66,Chardonay,FRANCE,NA
DVIT0687.0000F,DVIT0687,687,  L  4 33,L,4,33,Chardonnay,FRANCE,NA
DVIT0687.0000D,DVIT0687,687,  L  4 34,L,4,34,Chardonnay,FRANCE,NA
DVIT0688.0000C,DVIT0688,688,  L  4 35,L,4,35,Chardonnay,FRANCE,NA
DVIT0688.0000D,DVIT0688,688,  L  4 36,L,4,36,Chardonnay,FRANCE,NA
DVIT1332.0000C,DVIT1332,1332,  L 12 61,L,12,61,Chardonnay,FRANCE,NA
DVIT1332.0000D,DVIT1332,1332,  L 12 62,L,12,62,Chardonnay,FRANCE,NA
DVIT1652.0000C,DVIT1652,1652,  L 14 43,L,14,43,Chardonnay Musque,FRANCE,NA
DVIT1652.0000D,DVIT1652,1652,  L 14 44,L,14,44,Chardonnay Musque,FRANCE,NA
DVIT2668.0000A,DVIT2668,2668,  L 15 69,L,15,69,Charmont,SWITZERLAND,NA
DVIT2668.0000B,DVIT2668,2668,  L 15 70,L,15,70,Charmont,SWITZERLAND,NA
DVIT2120.0000A,DVIT2120,2120,  K  2 41,K,2,41,Chassalas Jababer,UNKNOWN,NA
DVIT2120.0000B,DVIT2120,2120,  K  2 42,K,2,42,Chassalas Jababer,UNKNOWN,NA
DVIT3215.0000K,DVIT3215,3215,  K 16 61,K,16,61,Chasselas Breisgau,USA,NA
DVIT0372.0000C,DVIT0372,372,  K 11 63,K,11,63,Chasselas Ciotat,UNKNOWN,NA
DVIT0372.0000D,DVIT0372,372,  K 11 64,K,11,64,Chasselas Ciotat,UNKNOWN,NA
DVIT2112.0000A,DVIT2112,2112,  K  2 33,K,2,33,Chasselas Des Bouches-du-rhone,FRANCE,NA
DVIT2112.0000B,DVIT2112,2112,  K  2 34,K,2,34,Chasselas Des Bouches-du-rhone,FRANCE,NA
DVIT0373.0000C,DVIT0373,373,  K 10 37,K,10,37,Chasselas Dore,UNKNOWN,NA
DVIT0373.0000E,DVIT0373,373,  K 10 38,K,10,38,Chasselas Dore,UNKNOWN,NA
DVIT0689.0000C,DVIT0689,689,  L  4 37,L,4,37,Chasselas Dore,UNKNOWN,NA
DVIT0689.0000D,DVIT0689,689,  L  4 38,L,4,38,Chasselas Dore,UNKNOWN,NA
DVIT1643.0000E,DVIT1643,1643,  L  2  3,L,2,3,Chasselas Doree Apyrene,UNKNOWN,NA
DVIT1643.0000F,DVIT1643,1643,  L  2  4,L,2,4,Chasselas Doree Apyrene,UNKNOWN,NA
DVIT2310.0000A,DVIT2310,2310,  L  2 37,L,2,37,Chasselas Hs 14-33/4,FRANCE,NA
DVIT2310.0000B,DVIT2310,2310,  L  2 38,L,2,38,Chasselas Hs 14-33/4,FRANCE,NA
DVIT2116.0000A,DVIT2116,2116,  K  2 37,K,2,37,Chasselas Jaunce Cire,UNKNOWN,NA
DVIT2116.0000B,DVIT2116,2116,  K  2 38,K,2,38,Chasselas Jaunce Cire,UNKNOWN,NA
DVIT3214.0000E,DVIT3214,3214,  K 16 59,K,16,59,Chasselas Jaune Cire,USA,NA
DVIT2121.0000A,DVIT2121,2121,  K  2 43,K,2,43,Chasselas Michel Tompa,HUNGARY,QUEEN VICTORIA X CHASSELAS JALABERT
DVIT2121.0000B,DVIT2121,2121,  K  2 44,K,2,44,Chasselas Michel Tompa,HUNGARY,QUEEN VICTORIA X CHASSELAS JALABERT
DVIT0374.0000C,DVIT0374,374,  K  4 53,K,4,53,Chasselas Musque,FRANCE,NA
DVIT0374.0000D,DVIT0374,374,  K  4 54,K,4,54,Chasselas Musque,FRANCE,NA
DVIT0375.0000C,DVIT0375,375,  K  4 55,K,4,55,Chasselas Napoleon,FRANCE,NA
DVIT0375.0000D,DVIT0375,375,  K  4 56,K,4,56,Chasselas Napoleon,FRANCE,NA
DVIT0611.0000C,DVIT0611,611,  K 11 43,K,11,43,Chasselas Napoleon,FRANCE,NA
DVIT0611.0000D,DVIT0611,611,  K 11 44,K,11,44,Chasselas Napoleon,FRANCE,NA
DVIT0376.0000E,DVIT0376,376,  K 10 41,K,10,41,Chasselas Rose,FRANCE,CHASSELAS ROYAL X FINTENDO
DVIT0376.0000F,DVIT0376,376,  K 10 42,K,10,42,Chasselas Rose,FRANCE,CHASSELAS ROYAL X FINTENDO
DVIT2158.0000A,DVIT2158,2158,  K  2 55,K,2,55,Chasselas Rose Royal,FRANCE,CHASSELAS ROYAL X FINTENDO
DVIT2158.0000B,DVIT2158,2158,  K  2 56,K,2,56,Chasselas Rose Royal,FRANCE,CHASSELAS ROYAL X FINTENDO
DVIT3002.0000B,DVIT3002,3002,  K 15 43,K,15,43,Chasselas Rouge,NA,NA
DVIT3002.0000A,DVIT3002,3002,  K 15 44,K,15,44,Chasselas Rouge,NA,NA
DVIT0377.0000C,DVIT0377,377,  K 10 43,K,10,43,Chasselas Tokay,AUSTRIA,NA
DVIT0377.0000D,DVIT0377,377,  K 10 44,K,10,44,Chasselas Tokay,AUSTRIA,NA
DVIT0378.0000E,DVIT0378,378,  K 10 45,K,10,45,Chasselas Tompa,AUSTRIA,QUEEN VICTORIA X CHASSELAS JALABRET
DVIT0378.0000F,DVIT0378,378,  K 10 46,K,10,46,Chasselas Tompa,AUSTRIA,QUEEN VICTORIA X CHASSELAS JALABRET
DVIT0378.0000C,DVIT0378,378,  K 11 49,K,11,49,Chasselas Tompa,AUSTRIA,QUEEN VICTORIA X CHASSELAS JALABRET
DVIT0378.0000D,DVIT0378,378,  K 11 50,K,11,50,Chasselas Tompa,AUSTRIA,QUEEN VICTORIA X CHASSELAS JALABRET
DVIT3217.0000E,DVIT3217,3217,  K 16 65,K,16,65,Chasselas Violet,USA,NA
DVIT3217.0000F,DVIT3217,3217,  K 16 66,K,16,66,Chasselas Violet,USA,NA
DVIT3216.0000C,DVIT3216,3216,  K 16 63,K,16,63,Chasselas Zulauf,USA,NA
DVIT3216.0000G,DVIT3216,3216,  K 16 64,K,16,64,Chasselas Zulauf,USA,NA
DVIT0669.0000C,DVIT0669,669,  L 14 29,L,14,29,Chatus,UNKNOWN,NA
DVIT0669.0000D,DVIT0669,669,  L 14 30,L,14,30,Chatus,UNKNOWN,NA
DVIT0690.0000C,DVIT0690,690,  L 13 47,L,13,47,Chauche Noir,UNKNOWN,NA
DVIT0690.0000D,DVIT0690,690,  L 13 48,L,13,48,Chauche Noir,UNKNOWN,NA
DVIT1088.0000A,DVIT1088,1088,  K  1 39,K,1,39,Chaush White,USSR,NA
DVIT1088.0000B,DVIT1088,1088,  K  1 40,K,1,40,Chaush White,USSR,NA
DVIT1062.0000C,DVIT1062,1062,  L 12 27,L,12,27,Chenin Blanc,ARGENTINA,NA
DVIT1062.0000J,DVIT1062,1062,  L 12 28,L,12,28,Chenin Blanc,ARGENTINA,NA
DVIT0691.0000C,DVIT0691,691,  L 13 49,L,13,49,Chenin Blanc,FRANCE,NA
DVIT0691.0000D,DVIT0691,691,  L 13 50,L,13,50,Chenin Blanc,FRANCE,NA
DVIT0692.0000C,DVIT0692,692,  L  4 39,L,4,39,Chenin Noir,FRANCE,NA
DVIT0692.0000D,DVIT0692,692,  L  4 40,L,4,40,Chenin Noir,FRANCE,NA
DVIT2909.0000A,DVIT2909,2909,  K 15 21,K,15,21,Choultu White,INDIA,NA
DVIT2909.0000B,DVIT2909,2909,  K 15 22,K,15,22,Choultu White,INDIA,NA
DVIT0567.0000C,DVIT0567,567,  K  8  7,K,8,7,Chrisostaphylo,GREECE,NA
DVIT0567.0000D,DVIT0567,567,  K  8  8,K,8,8,Chrisostaphylo,GREECE,NA
DVIT2532.0000B,DVIT2532,2532,  K 13 13,K,13,13,Churgoon,PAKISTAN,NA
DVIT2532.0000C,DVIT2532,2532,  K 13 14,K,13,14,Churgoon,PAKISTAN,NA
DVIT1653.0000C,DVIT1653,1653,  L 14 45,L,14,45,Ciminnita,FRANCE,NA
DVIT1653.0000D,DVIT1653,1653,  L 14 46,L,14,46,Ciminnita,FRANCE,NA
DVIT0151.0000F,DVIT0151,151,  L 14 25,L,14,25,Cinsaut,FRANCE,NA
DVIT0151.0000D,DVIT0151,151,  L 14 26,L,14,26,Cinsaut,FRANCE,NA
DVIT0379.0000D,DVIT0379,379,  L 14 27,L,14,27,Cinsaut,FRANCE,NA
DVIT0379.0000E,DVIT0379,379,  L 14 28,L,14,28,Cinsaut,FRANCE,NA
DVIT2107.0000A,DVIT2107,2107,  K  2 27,K,2,27,Ciotat,FRANCE,MUTANT OF CHASSELAS DORE
DVIT2107.0000B,DVIT2107,2107,  K  2 28,K,2,28,Ciotat,FRANCE,MUTANT OF CHASSELAS DORE
DVIT0380.0000C,DVIT0380,380,  K  4 57,K,4,57,Cipro Nero,UNKNOWN,NA
DVIT0380.0000D,DVIT0380,380,  K  4 58,K,4,58,Cipro Nero,UNKNOWN,NA
DVIT0313.0000C,DVIT0313,313,  K  3 65,K,3,65,Cirmisi Sap De Sudak,USSR,NA
DVIT0313.0000D,DVIT0313,313,  K  3 66,K,3,66,Cirmisi Sap De Sudak,USSR,NA
DVIT0381.0000F,DVIT0381,381,  K  4 59,K,4,59,Citronelle,UNKNOWN,NA
DVIT0381.0000D,DVIT0381,381,  K  4 60,K,4,60,Citronelle,UNKNOWN,NA
DVIT3003.0000A,DVIT3003,3003,  L 16 19,L,16,19,Clairette Blanche,FRANCE,NA
DVIT3003.0000B,DVIT3003,3003,  L 16 20,L,16,20,Clairette Blanche,FRANCE,NA
DVIT2311.0000A,DVIT2311,2311,  L  2 39,L,2,39,Clairette De Limoux,UNKNOWN,NA
DVIT2311.0000B,DVIT2311,2311,  L  2 40,L,2,40,Clairette De Limoux,UNKNOWN,NA
DVIT2312.0000A,DVIT2312,2312,  L  2 41,L,2,41,Clevner Mariafeld,SWITZERLAND,NA
DVIT2312.0000B,DVIT2312,2312,  L  2 42,L,2,42,Clevner Mariafeld,SWITZERLAND,NA
DVIT0568.0000C,DVIT0568,568,  K  8  9,K,8,9,Clotilde Prosperi,ITALY,(REGINA X SABALKANSKOI) X ITALIA
DVIT0568.0000D,DVIT0568,568,  K  8 10,K,8,10,Clotilde Prosperi,ITALY,(REGINA X SABALKANSKOI) X ITALIA
DVIT0694.0000A,DVIT0694,694,  L  1  5,L,1,5,Cola Tamburo,ITALY,NA
DVIT0694.0000B,DVIT0694,694,  L  1  6,L,1,6,Cola Tamburo,ITALY,NA
DVIT0695.0000E,DVIT0695,695,  L 13 51,L,13,51,Colombard,FRANCE,NA
DVIT0695.0000F,DVIT0695,695,  L 13 52,L,13,52,Colombard,FRANCE,NA
DVIT0382.0000C,DVIT0382,382,  K  4 61,K,4,61,Conte Rosso,ITALY,ALMERIA X ANGELA PIROVANO (P 2)
DVIT0382.0000D,DVIT0382,382,  K  4 62,K,4,62,Conte Rosso,ITALY,ALMERIA X ANGELA PIROVANO (P 2)
DVIT2313.0000A,DVIT2313,2313,  L  2 43,L,2,43,Corbu Blanc,FRANCE,NA
DVIT2313.0000B,DVIT2313,2313,  L  2 44,L,2,44,Corbu Blanc,FRANCE,NA
DVIT0697.0000C,DVIT0697,697,  L  4 45,L,4,45,Coristano,UNKNOWN,NA
DVIT0697.0000D,DVIT0697,697,  L  4 46,L,4,46,Coristano,UNKNOWN,NA
DVIT0383.0000C,DVIT0383,383,  K  4 63,K,4,63,Cornichon,UNKNOWN,NA
DVIT0383.0000D,DVIT0383,383,  K  4 64,K,4,64,Cornichon,UNKNOWN,NA
DVIT0698.0000C,DVIT0698,698,  L  4 47,L,4,47,Cornifesto,PORTUGAL,NA
DVIT0698.0000D,DVIT0698,698,  L  4 48,L,4,48,Cornifesto,PORTUGAL,NA
DVIT3162.0000A,DVIT3162,3162,  K  1 35,K,1,35,Corniola,ITALY,NA
DVIT3162.0000B,DVIT3162,3162,  K  1 36,K,1,36,Corniola,ITALY,NA
DVIT0699.0000E,DVIT0699,699,  L  4 49,L,4,49,Cortese,ITALY,NA
DVIT0699.0000D,DVIT0699,699,  L  4 50,L,4,50,Cortese,ITALY,NA
DVIT0384.0000C,DVIT0384,384,  K  4 65,K,4,65,Coudsi,UNKNOWN,NA
DVIT0384.0000D,DVIT0384,384,  K  4 66,K,4,66,Coudsi,UNKNOWN,NA
DVIT3015.0000A,DVIT3015,3015,  K 15 63,K,15,63,Crimson Seedless,USA,NA
DVIT3015.0000B,DVIT3015,3015,  K 15 64,K,15,64,Crimson Seedless,USA,NA
DVIT0385.0000C,DVIT0385,385,  K  4 67,K,4,67,Criolla Mesa,UNKNOWN,NA
DVIT0385.0000D,DVIT0385,385,  K  4 68,K,4,68,Criolla Mesa,UNKNOWN,NA
DVIT1091.0000A,DVIT1091,1091,  L  1 47,L,1,47,Criolla Negra,VENEZUELA,NA
DVIT1091.0000G,DVIT1091,1091,  L  1 48,L,1,48,Criolla Negra,VENEZUELA,NA
DVIT2165.0000A,DVIT2165,2165,  L  2 31,L,2,31,Criyicless (crujicless?),UNKNOWN,NA
DVIT2165.0000B,DVIT2165,2165,  L  2 32,L,2,32,Criyicless (crujicless?),UNKNOWN,NA
DVIT0702.0000C,DVIT0702,702,  L 13 55,L,13,55,Crujidero,UNKNOWN,NA
DVIT0702.0000D,DVIT0702,702,  L 13 56,L,13,56,Crujidero,UNKNOWN,NA
DVIT0703.0000C,DVIT0703,703,  L  4 53,L,4,53,Curisti Mici,GREECE,NA
DVIT0703.0000D,DVIT0703,703,  L  4 54,L,4,54,Curisti Mici,GREECE,NA
DVIT0388.0000C,DVIT0388,388,  K  4 71,K,4,71,Dabouki,ISRAEL,NA
DVIT0388.0000D,DVIT0388,388,  K  4 72,K,4,72,Dabouki,ISRAEL,NA
DVIT1982.0000C,DVIT1982,1982,  K  9 61,K,9,61,Dabouki,ISRAEL,NA
DVIT1982.0000D,DVIT1982,1982,  K  9 62,K,9,62,Dabouki,ISRAEL,NA
DVIT0569.0000C,DVIT0569,569,  K  8 11,K,8,11,Dais-el-anz,IRAQ,NA
DVIT2509.0000C,DVIT2509,2509,  K 14 37,K,14,37,Dalnato I,PAKISTAN,NA
DVIT2509.0000D,DVIT2509,2509,  K 14 38,K,14,38,Dalnato I,PAKISTAN,NA
DVIT1092.0000B,DVIT1092,1092,  K  1 42,K,1,42,Damas Rose,UNKNOWN,NA
DVIT0386.0000C,DVIT0386,386,  K  4 69,K,4,69,Damas Rose,UNKNOWN,NA
DVIT0386.0000D,DVIT0386,386,  K  4 70,K,4,70,Damas Rose,UNKNOWN,NA
DVIT2633.0000A,DVIT2633,2633,  K 13 27,K,13,27,Dan Ben Chana,ISRAEL,Alphonse Lavallee x Black Mikvek
DVIT2633.0000B,DVIT2633,2633,  K 13 28,K,13,28,Dan Ben Chana,ISRAEL,Alphonse Lavallee x Black Mikvek
DVIT2669.0000A,DVIT2669,2669,  K 13 59,K,13,59,Dan Ben Hanna,SOUTH AFRICA,NA
DVIT2669.0000B,DVIT2669,2669,  K 13 60,K,13,60,Dan Ben Hanna,SOUTH AFRICA,NA
DVIT0387.0000C,DVIT0387,387,  K 10 47,K,10,47,Danuque,UNKNOWN,NA
DVIT0387.0000D,DVIT0387,387,  K 10 48,K,10,48,Danuque,UNKNOWN,NA
DVIT0704.0000C,DVIT0704,704,  L  4 55,L,4,55,Daphnata(daphnia?),GREECE,NA
DVIT0704.0000D,DVIT0704,704,  L  4 56,L,4,56,Daphnata(daphnia?),GREECE,NA
DVIT0570.0000C,DVIT0570,570,  K  8 13,K,8,13,Daphne,GREECE,SEE COMMENTS
DVIT0570.0000D,DVIT0570,570,  K  8 14,K,8,14,Daphne,GREECE,SEE COMMENTS
DVIT2536.0000D,DVIT2536,2536,  K 13 19,K,13,19,Dardari,PAKISTAN,NA
DVIT2536.0000E,DVIT2536,2536,  K 13 20,K,13,20,Dardari,PAKISTAN,NA
DVIT2910.0000B,DVIT2910,2910,  K 15 23,K,15,23,Dattier,AUSTRALIA,NA
DVIT2910.0000A,DVIT2910,2910,  K 15 24,K,15,24,Dattier,AUSTRALIA,NA
DVIT0389.0000C,DVIT0389,389,  K  4 73,K,4,73,De Hero Di St. Vallier,FRANCE,NA
DVIT0389.0000D,DVIT0389,389,  K  4 74,K,4,74,De Hero Di St. Vallier,FRANCE,NA
DVIT0705.0000E,DVIT0705,705,  L 13 57,L,13,57,Dehbina,GREECE,NA
DVIT0705.0000D,DVIT0705,705,  L 13 58,L,13,58,Dehbina,GREECE,NA
DVIT0390.0000C,DVIT0390,390,  K  4 75,K,4,75,Delight,USA,SCOLOKERTEK KIRALYNOJE (PI 103996) X SULTANINA MARBLE
DVIT0390.0000E,DVIT0390,390,  K  4 76,K,4,76,Delight,USA,SCOLOKERTEK KIRALYNOJE (PI 103996) X SULTANINA MARBLE
DVIT0571.0000C,DVIT0571,571,  K 11 35,K,11,35,Delizia Di Vaprio,ITALY,FOSTER'S WHITE SEEDLING X ZIBIBBO
DVIT0571.0000D,DVIT0571,571,  K 11 36,K,11,36,Delizia Di Vaprio,ITALY,FOSTER'S WHITE SEEDLING X ZIBIBBO
DVIT0314.0000C,DVIT0314,314,  K  3 67,K,3,67,Demir Kara,GERMANY,NA
DVIT0314.0000D,DVIT0314,314,  K  3 68,K,3,68,Demir Kara,GERMANY,NA
DVIT0572.0000C,DVIT0572,572,  K  8 15,K,8,15,Dermatas,GREECE,NA
DVIT0572.0000E,DVIT0572,572,  K  8 16,K,8,16,Dermatas,GREECE,NA
DVIT0614.0000C,DVIT0614,614,  K  9  7,K,9,7,Diamente Nero,ITALY,PIROVANO 57 X MUSCAT D'ADDA
DVIT0614.0000D,DVIT0614,614,  K  9  8,K,9,8,Diamente Nero,ITALY,PIROVANO 57 X MUSCAT D'ADDA
DVIT0391.0000C,DVIT0391,391,  K  4 77,K,4,77,Diamond Jubilee,UNKNOWN,NA
DVIT0391.0000D,DVIT0391,391,  K  4 78,K,4,78,Diamond Jubilee,UNKNOWN,NA
DVIT2900.0000B,DVIT2900,2900,  K 15 53,K,15,53,Diamond Muscat,USA,NA
DVIT2900.0000A,DVIT2900,2900,  K 15 54,K,15,54,Diamond Muscat,USA,NA
DVIT0706.0000C,DVIT0706,706,  L  4 57,L,4,57,Divromos,GREECE,NA
DVIT0392.0000E,DVIT0392,392,  K  4 79,K,4,79,Dizmar,UNKNOWN,NA
DVIT0392.0000F,DVIT0392,392,  K  4 80,K,4,80,Dizmar,UNKNOWN,NA
DVIT0707.0000C,DVIT0707,707,  L  4 59,L,4,59,Dolcetto,ITALY,NA
DVIT0707.0000D,DVIT0707,707,  L  4 60,L,4,60,Dolcetto,ITALY,NA
DVIT1029.0000C,DVIT1029,1029,  L 11 51,L,11,51,Donzelinho De Castelo,PORTUGAL,NA
DVIT1029.0000D,DVIT1029,1029,  L 11 52,L,11,52,Donzelinho De Castelo,PORTUGAL,NA
DVIT2634.0000C,DVIT2634,2634,  L 14 71,L,14,71,Donzillinho,PORTUGUAL,NA
DVIT2634.0000B,DVIT2634,2634,  L 14 72,L,14,72,Donzillinho,PORTUGUAL,NA
DVIT2635.0000C,DVIT2635,2635,  L 14 73,L,14,73,Doradillo,SPAIN,NA
DVIT2635.0000D,DVIT2635,2635,  L 14 74,L,14,74,Doradillo,SPAIN,NA
DVIT2670.0000A,DVIT2670,2670,  L 15 21,L,15,21,Doral,SWITZERLAND,NA
DVIT2670.0000B,DVIT2670,2670,  L 15 22,L,15,22,Doral,SWITZERLAND,NA
DVIT2705.0000C,DVIT2705,2705,  K 14 65,K,14,65,Dornfelder,GERMANY,Helfensteiner(Pinot Precoce Noir x Schiava Grosse) x Heroldrebe(Portuguiser x Blaufraenkisch)
DVIT2705.0000D,DVIT2705,2705,  K 14 66,K,14,66,Dornfelder,GERMANY,Helfensteiner(Pinot Precoce Noir x Schiava Grosse) x Heroldrebe(Portuguiser x Blaufraenkisch)
DVIT2516.0000G,DVIT2516,2516,  K 15 49,K,15,49,DOVine,USA,P79-101 x Fresno Seedless
DVIT2516.0000H,DVIT2516,2516,  K 15 50,K,15,50,DOVine,USA,P79-101 x Fresno Seedless
DVIT0315.0000A,DVIT0315,315,  K  1  3,K,1,3,Dschan Im Isium,USSR,NA
DVIT0315.0000B,DVIT0315,315,  K  1  4,K,1,4,Dschan Im Isium,USSR,NA
DVIT0393.0000C,DVIT0393,393,  K  5  1,K,5,1,Duc De Malakoff,FRANCE,NA
DVIT0393.0000F,DVIT0393,393,  K  5  2,K,5,2,Duc De Malakoff,FRANCE,NA
DVIT0708.0000C,DVIT0708,708,  L  4 61,L,4,61,Dumbrehnah Mavri,GREECE,NA
DVIT0708.0000D,DVIT0708,708,  L  4 62,L,4,62,Dumbrehnah Mavri,GREECE,NA
DVIT3098.0000A,DVIT3098,3098,  L 16 15,L,16,15,Dunkelfelder,GERMANY,Portugieser x Farbertraube
DVIT3098.0000B,DVIT3098,3098,  L 16 16,L,16,16,Dunkelfelder,GERMANY,Portugieser x Farbertraube
DVIT0709.0000C,DVIT0709,709,  L  4 63,L,4,63,Durif,FRANCE,NA
DVIT0709.0000D,DVIT0709,709,  L  4 64,L,4,64,Durif,FRANCE,NA
DVIT0895.0000C,DVIT0895,895,  L  8 47,L,8,47,Durif,FRANCE,Syrah x Peloursin
DVIT0895.0000D,DVIT0895,895,  L  8 48,L,8,48,Durif,FRANCE,Syrah x Peloursin
DVIT0394.0000J,DVIT0394,394,  K 10 49,K,10,49,Early Muscat,USA,MUSCAT HAMBURG X SCOLOKERTEK
DVIT0394.0000D,DVIT0394,394,  K 10 50,K,10,50,Early Muscat,USA,MUSCAT HAMBURG X SCOLOKERTEK
DVIT2911.0000D,DVIT2911,2911,  K 15 25,K,15,25,Early Muscat,UNKNOWN,NA
DVIT2911.0000B,DVIT2911,2911,  K 15 26,K,15,26,Early Muscat,UNKNOWN,NA
DVIT0711.0000C,DVIT0711,711,  L  4 67,L,4,67,Early Red Malvasia,GERMANY,NA
DVIT0711.0000D,DVIT0711,711,  L  4 68,L,4,68,Early Red Malvasia,GERMANY,NA
DVIT0575.0000C,DVIT0575,575,  K  8 21,K,8,21,Eftakilo,GREECE,NA
DVIT0575.0000D,DVIT0575,575,  K  8 22,K,8,22,Eftakilo,GREECE,NA
DVIT2317.0000A,DVIT2317,2317,  L  2 45,L,2,45,Ehrenfelser,Emper,RIESLING X SILVANER
DVIT2317.0000B,DVIT2317,2317,  L  2 46,L,2,46,Ehrenfelser,GERMANY,RIESLING X SILVANER
DVIT1654.0000D,DVIT1654,1654,  L  2  5,L,2,5,El Bejuco,PUERTO RIC0,V. tiliaefolia x V. vinifera
DVIT1654.0000E,DVIT1654,1654,  L  2  6,L,2,6,El Bejuco,PUERTO RIC0,V. tiliaefolia x V. vinifera
DVIT0712.0000C,DVIT0712,712,  L  4 69,L,4,69,Emerald Riesling,UNKNOWN,MUSCADELLE X WHITE RIESLING
DVIT0712.0000E,DVIT0712,712,  L  4 70,L,4,70,Emerald Riesling,UNKNOWN,MUSCADELLE X WHITE RIESLING
DVIT0395.0000C,DVIT0395,395,  K  5  3,K,5,3,Emile Royal,UNKNOWN,NA
DVIT0395.0000E,DVIT0395,395,  K  5  4,K,5,4,Emile Royal,UNKNOWN,NA
DVIT0396.0000C,DVIT0396,396,  K  5  5,K,5,5,Emperor,UNKNOWN,NA
DVIT0396.0000D,DVIT0396,396,  K  5  6,K,5,6,Emperor,UNKNOWN,NA
DVIT0397.0000C,DVIT0397,397,  K  5  7,K,5,7,English Colossal,UNKNOWN,NA
DVIT0397.0000D,DVIT0397,397,  K  5  8,K,5,8,English Colossal,UNKNOWN,NA
DVIT0713.0000C,DVIT0713,713,  L  4 71,L,4,71,Erbalus Caluso,UNKNOWN,NA
DVIT0713.0000E,DVIT0713,713,  L  4 72,L,4,72,Erbalus Caluso,UNKNOWN,NA
DVIT2671.0000A,DVIT2671,2671,  K 13 61,K,13,61,Erlihane,SOUTH AFRICA,(Muscat of Alexander X Koinigin Der Weingaerten) X Muscat of Alexander
DVIT2671.0000B,DVIT2671,2671,  K 13 62,K,13,62,Erlihane,SOUTH AFRICA,(Muscat of Alexander X Koinigin Der Weingaerten) X Muscat of Alexander
DVIT2912.0000A,DVIT2912,2912,  L 15 77,L,15,77,Esparte,AUSTRALIA,NA
DVIT2912.0000B,DVIT2912,2912,  L 15 78,L,15,78,Esparte,AUSTRALIA,NA
DVIT0398.0000G,DVIT0398,398,  K  5  9,K,5,9,Esperia,ITALY,NA
DVIT0398.0000D,DVIT0398,398,  K  5 10,K,5,10,Esperia,ITALY,NA
DVIT0399.0000C,DVIT0399,399,  K  5 11,K,5,11,Estellat,FRANCE,BACO 1 X COUDERC 4401
DVIT0399.0000D,DVIT0399,399,  K  5 12,K,5,12,Estellat,FRANCE,BACO 1 X COUDERC 4401
DVIT0714.0000C,DVIT0714,714,  L  4 73,L,4,73,Etraire De L'adhui,FRANCE,NA
DVIT0714.0000D,DVIT0714,714,  L  4 74,L,4,74,Etraire De L'adhui,FRANCE,NA
DVIT0400.0000D,DVIT0400,400,  K  5 13,K,5,13,Eununi,ISRAEL,NA
DVIT0400.0000E,DVIT0400,400,  K  5 14,K,5,14,Eununi,ISRAEL,NA
DVIT0401.0000C,DVIT0401,401,  K  5 15,K,5,15,Exotic,USA,FLAME TOKAY X RIBIER
DVIT0401.0000D,DVIT0401,401,  K  5 16,K,5,16,Exotic,USA,FLAME TOKAY X RIBIER
DVIT2672.0000A,DVIT2672,2672,  L 15 23,L,15,23,Ezerfuertu,HUNGARY,??? Harslevelue x Piros Tramini
DVIT2672.0000B,DVIT2672,2672,  L 15 24,L,15,24,Ezerfuertu,HUNGARY,??? Harslevelue x Piros Tramini
DVIT0715.0000C,DVIT0715,715,  L  4 75,L,4,75,Ezerjo,FRANCE,NA
DVIT0715.0000D,DVIT0715,715,  L  4 76,L,4,76,Ezerjo,FRANCE,NA
DVIT2059.0000C,DVIT2059,2059,  L 13  5,L,13,5,Ezerjo,HUNGARY,NA
DVIT2059.0000D,DVIT2059,2059,  L 13  6,L,13,6,Ezerjo,HUNGARY,NA
DVIT0316.0000C,DVIT0316,316,  K 10  9,K,10,9,Fachren Weis,USSR,NA
DVIT0316.0000D,DVIT0316,316,  K 10 10,K,10,10,Fachren Weis,USSR,NA
DVIT0402.0000C,DVIT0402,402,  K 10 51,K,10,51,Fahri,AFGHANISTAN,NA
DVIT0402.0000D,DVIT0402,402,  K 10 52,K,10,52,Fahri,AFGHANISTAN,NA
DVIT0403.0000C,DVIT0403,403,  K  5 17,K,5,17,Fahri Kalamak,AFGHANISTAN,NA
DVIT0403.0000D,DVIT0403,403,  K  5 18,K,5,18,Fahri Kalamak,AFGHANISTAN,NA
DVIT0573.0000C,DVIT0573,573,  K  8 17,K,8,17,Fakdi,INDIA,NA
DVIT0573.0000E,DVIT0573,573,  K  8 18,K,8,18,Fakdi,INDIA,NA
DVIT3016.0000B,DVIT3016,3016,  K 15 65,K,15,65,Fantasy Seedless,USA,NA
DVIT3016.0000A,DVIT3016,3016,  K 15 66,K,15,66,Fantasy Seedless,USA,NA
DVIT2510.0000A,DVIT2510,2510,  K 14 39,K,14,39,Fatai,PAKISTAN,NA
DVIT2510.0000B,DVIT2510,2510,  K 14 40,K,14,40,Fatai,PAKISTAN,NA
DVIT0716.0000D,DVIT0716,716,  L 13 59,L,13,59,Favorita Segaria,UNKNOWN,NA
DVIT0716.0000E,DVIT0716,716,  L 13 60,L,13,60,Favorita Segaria,UNKNOWN,NA
DVIT2636.0000A,DVIT2636,2636,  L 14 75,L,14,75,Fayoumi,EGYPT,NA
DVIT2636.0000B,DVIT2636,2636,  L 14 76,L,14,76,Fayoumi,EGYPT,NA
DVIT0717.0000C,DVIT0717,717,  L  4 77,L,4,77,Feher Som,ITALY,NA
DVIT0717.0000D,DVIT0717,717,  L  4 78,L,4,78,Feher Som,ITALY,NA
DVIT0718.0000C,DVIT0718,718,  L  4 79,L,4,79,Feher Szagos,UNKNOWN,NA
DVIT0718.0000D,DVIT0718,718,  L  4 80,L,4,80,Feher Szagos,UNKNOWN,NA
DVIT2318.0000A,DVIT2318,2318,  L  2 47,L,2,47,Fer Servadou,FRANCE,NA
DVIT2318.0000B,DVIT2318,2318,  L  2 48,L,2,48,Fer Servadou,FRANCE,NA
DVIT0404.0000C,DVIT0404,404,  K  5 19,K,5,19,Ferdinand De Lesseps,UNITED KINGDOM,CHASSELAS X ISABELLE
DVIT0404.0000D,DVIT0404,404,  K  5 20,K,5,20,Ferdinand De Lesseps,UNITED KINGDOM,CHASSELAS X ISABELLE
DVIT0719.0000C,DVIT0719,719,  L  5  1,L,5,1,Fernao Pires,PORTUGAL,NA
DVIT0719.0000D,DVIT0719,719,  L  5  2,L,5,2,Fernao Pires,PORTUGAL,NA
DVIT1063.0000C,DVIT1063,1063,  L 12 29,L,12,29,Fernao Pires,PORTUGAL,NA
DVIT1063.0000D,DVIT1063,1063,  L 12 30,L,12,30,Fernao Pires,PORTUGAL,NA
DVIT0405.0000C,DVIT0405,405,  K 10 53,K,10,53,Ferral De Izalva,PORTUGAL,NA
DVIT0405.0000D,DVIT0405,405,  K 10 54,K,10,54,Ferral De Izalva,PORTUGAL,NA
DVIT1030.0000C,DVIT1030,1030,  L 11 53,L,11,53,Ferral De Izalva,PORTUGAL,NA
DVIT1030.0000D,DVIT1030,1030,  L 11 54,L,11,54,Ferral De Izalva,PORTUGAL,NA
DVIT0406.0000C,DVIT0406,406,  K 10 55,K,10,55,Ferral Tamara,PORTUGAL,NA
DVIT0406.0000D,DVIT0406,406,  K 10 56,K,10,56,Ferral Tamara,PORTUGAL,NA
DVIT3255.0000C,DVIT3255,3255,  L  4 81,L,4,81,Feteasca Neagra,ROMANIA,NA
DVIT1044.0000C,DVIT1044,1044,  L 11 75,L,11,75,Fileri,GREECE,NA
DVIT1044.0000D,DVIT1044,1044,  L 11 76,L,11,76,Fileri,GREECE,NA
DVIT1095.0000A,DVIT1095,1095,  K  1 43,K,1,43,Flame Seedless,USA,(CARDINALx[(RED MALAGA x TIFAFIHI AHMER)x(MUS.ALEX. X T.S.)]
DVIT1095.0000B,DVIT1095,1095,  K  1 44,K,1,44,Flame Seedless,USA,(CARDINALx[(RED MALAGA x TIFAFIHI AHMER)x(MUS.ALEX. X T.S.)]
DVIT3206.0000D,DVIT3206,3206,  K 16 21,K,16,21,Flame Seedless 4X,USA,NA
DVIT2913.0000A,DVIT2913,2913,  K 15 73,K,15,73,Flame Tokay,USA,NA
DVIT2913.0000B,DVIT2913,2913,  K 15 74,K,15,74,Flame Tokay,USA,NA
DVIT0720.0000C,DVIT0720,720,  L  5  3,L,5,3,Flora,UNKNOWN,SEMILLON X GEWURZTRAMINER
DVIT0720.0000D,DVIT0720,720,  L  5  4,L,5,4,Flora,UNKNOWN,SEMILLON X GEWURZTRAMINER
DVIT0721.0000C,DVIT0721,721,  L  5  5,L,5,5,Fogarina,ITALY,NA
DVIT0721.0000D,DVIT0721,721,  L  5  6,L,5,6,Fogarina,ITALY,NA
DVIT0722.0000C,DVIT0722,722,  L  5  7,L,5,7,Fokianoh,GREECE,NA
DVIT0722.0000D,DVIT0722,722,  L  5  8,L,5,8,Fokianoh,GREECE,NA
DVIT1335.0000A,DVIT1335,1335,  L  1 79,L,1,79,Folle Blanche,GERMANY,NA
DVIT1335.0000B,DVIT1335,1335,  L  1 80,L,1,80,Folle Blanche,GERMANY,NA
DVIT0723.0000C,DVIT0723,723,  L  5  9,L,5,9,Folle Blanche,FRANCE,NA
DVIT0723.0000E,DVIT0723,723,  L  5 10,L,5,10,Folle Blanche,FRANCE,NA
DVIT0724.0000C,DVIT0724,724,  L  5 11,L,5,11,Folle Blanche,FRANCE,NA
DVIT0724.0000D,DVIT0724,724,  L  5 12,L,5,12,Folle Blanche,FRANCE,NA
DVIT0919.0000C,DVIT0919,919,  L  9  7,L,9,7,Folle Blanche,FRANCE,NA
DVIT0919.0000D,DVIT0919,919,  L  9  8,L,9,8,Folle Blanche,FRANCE,NA
DVIT1353.0000C,DVIT1353,1353,  K  9 41,K,9,41,Fort Ross Vine,UNKNOWN,NA
DVIT1353.0000D,DVIT1353,1353,  K  9 42,K,9,42,Fort Ross Vine,UNKNOWN,NA
DVIT0407.0000C,DVIT0407,407,  K 10 57,K,10,57,Foster's Seedling,UNITED KINGDOM,MAROCAIN NOIR X CHASSELAS
DVIT0407.0000D,DVIT0407,407,  K 10 58,K,10,58,Foster's Seedling,UNITED KINGDOM,MAROCAIN NOIR X CHASSELAS
DVIT2161.0000A,DVIT2161,2161,  K  2 61,K,2,61,Fosters White Seedling,UNITED KINGDOM,MAROCAIN NOIR X CHASSELAS
DVIT2161.0000B,DVIT2161,2161,  K  2 62,K,2,62,Fosters White Seedling,UNITED KINGDOM,MAROCAIN NOIR X CHASSELAS
DVIT0408.0000C,DVIT0408,408,  K 10 59,K,10,59,Frankenthal,ITALY,NA
DVIT0408.0000D,DVIT0408,408,  K 10 60,K,10,60,Frankenthal,ITALY,NA
DVIT2115.0000A,DVIT2115,2115,  L  2 25,L,2,25,Frankenthal Blanc,UNKNOWN,NA
DVIT2115.0000B,DVIT2115,2115,  L  2 26,L,2,26,Frankenthal Blanc,UNKNOWN,NA
DVIT0574.0000C,DVIT0574,574,  K  8 19,K,8,19,Fraula Kihi,GREECE,NA
DVIT0574.0000E,DVIT0574,574,  K  8 20,K,8,20,Fraula Kihi,GREECE,NA
DVIT0726.0000C,DVIT0726,726,  L  5 13,L,5,13,French Colombard,FRANCE,NA
DVIT0726.0000D,DVIT0726,726,  L  5 14,L,5,14,French Colombard,FRANCE,NA
DVIT0727.0000C,DVIT0727,727,  L  5 15,L,5,15,Fresia,ITALY,NA
DVIT0727.0000G,DVIT0727,727,  L  5 16,L,5,16,Fresia,ITALY,NA
DVIT2169.0000A,DVIT2169,2169,  K  2 75,K,2,75,Fresno 32-139,USA,NA
DVIT2169.0000B,DVIT2169,2169,  K  2 76,K,2,76,Fresno 32-139,USA,NA
DVIT2746.0000A,DVIT2746,2746,  K 14 77,K,14,77,Fresno 32-68,USA,NA
DVIT2746.0000B,DVIT2746,2746,  K 14 78,K,14,78,Fresno 32-68,USA,NA
DVIT2172.0000A,DVIT2172,2172,  K  2 79,K,2,79,Fresno 35-33,USA,NA
DVIT2172.0000B,DVIT2172,2172,  K  2 80,K,2,80,Fresno 35-33,USA,NA
DVIT2163.0000A,DVIT2163,2163,  K  2 65,K,2,65,Fresno 35-75,USA,NA
DVIT2163.0000B,DVIT2163,2163,  K  2 66,K,2,66,Fresno 35-75,USA,NA
DVIT3197.0000D,DVIT3197,3197,  K 15 71,K,15,71,Fresno C 78-53 2X,USA,NA
DVIT3197.0000F,DVIT3197,3197,  K 15 72,K,15,72,Fresno C 78-53 2X,USA,NA
DVIT3198.0000I,DVIT3198,3198,  K 16 13,K,16,13,Fresno C 78-53 4X,USA,NA
DVIT3198.0000H,DVIT3198,3198,  K 16 14,K,16,14,Fresno C 78-53 4X,USA,NA
DVIT1596.0000C,DVIT1596,1596,  K 11 77,K,11,77,Fuji,UNKNOWN,NA
DVIT1596.0000D,DVIT1596,1596,  K 11 78,K,11,78,Fuji,UNKNOWN,NA
DVIT1655.0000F,DVIT1655,1655,  K 11 79,K,11,79,Fuji,UNKNOWN,NA
DVIT1655.0000E,DVIT1655,1655,  K 11 80,K,11,80,Fuji,UNKNOWN,NA
DVIT0728.0000C,DVIT0728,728,  L  5 17,L,5,17,Furmint,HUNGARY,NA
DVIT0728.0000D,DVIT0728,728,  L  5 18,L,5,18,Furmint,HUNGARY,NA
DVIT0729.0000C,DVIT0729,729,  L  5 19,L,5,19,Furmint,AUSTRIA,NA
DVIT0729.0000D,DVIT0729,729,  L  5 20,L,5,20,Furmint,AUSTRIA,NA
DVIT2073.0000A,DVIT2073,2073,  K  1 75,K,1,75,Futuna 699,UNKNOWN,NA
DVIT2073.0000B,DVIT2073,2073,  K  1 76,K,1,76,Futuna 699,UNKNOWN,NA
DVIT2076.0000A,DVIT2076,2076,  K  2  1,K,2,1,Futuna 700,UNKNOWN,NA
DVIT2076.0000B,DVIT2076,2076,  K  2  2,K,2,2,Futuna 700,UNKNOWN,NA
DVIT2914.0000B,DVIT2914,2914,  K 15 29,K,15,29,G4-74 (Seedless Calmeria),USA,NA
DVIT2914.0000A,DVIT2914,2914,  K 15 30,K,15,30,G4-74 (Seedless Calmeria),USA,NA
DVIT3266.0000A,DVIT3266,3266,  L  9 81,L,9,81,Galea,UNKNOWN,NA
DVIT0732.0000C,DVIT0732,732,  L  5 25,L,5,25,Gamay,FRANCE,NA
DVIT0732.0000D,DVIT0732,732,  L  5 26,L,5,26,Gamay,FRANCE,NA
DVIT0734.0000C,DVIT0734,734,  L  5 29,L,5,29,Gamay Burgoyne,FRANCE,NA
DVIT0734.0000D,DVIT0734,734,  L  5 30,L,5,30,Gamay Burgoyne,FRANCE,NA
DVIT3100.0000B,DVIT3100,3100,  L 16 22,L,16,22,Gamay Freaux,FRANCE,NA
DVIT0735.0000C,DVIT0735,735,  L 13 61,L,13,61,Gamay Hatif Des Vosges,FRANCE,NA
DVIT2320.0000A,DVIT2320,2320,  L  2 51,L,2,51,Gamay Noir,FRANCE,NA
DVIT2320.0000B,DVIT2320,2320,  L  2 52,L,2,52,Gamay Noir,FRANCE,NA
DVIT0736.0000C,DVIT0736,736,  L  5 31,L,5,31,Gamay Rond,FRANCE,NA
DVIT0736.0000D,DVIT0736,736,  L  5 32,L,5,32,Gamay Rond,FRANCE,NA
DVIT0737.0000C,DVIT0737,737,  L 13 63,L,13,63,Gamay Teinturier,FRANCE,NA
DVIT0737.0000E,DVIT0737,737,  L 13 64,L,13,64,Gamay Teinturier,FRANCE,NA
DVIT2100.0000A,DVIT2100,2100,  L  2 21,L,2,21,Gamay Toma,FRANCE,NA
DVIT2100.0000B,DVIT2100,2100,  L  2 22,L,2,22,Gamay Toma,FRANCE,NA
DVIT0615.0000C,DVIT0615,615,  K 11 47,K,11,47,Ganjehi,IRAN,NA
DVIT0615.0000D,DVIT0615,615,  K 11 48,K,11,48,Ganjehi,IRAN,NA
DVIT3102.0000A,DVIT3102,3102,  L 16 25,L,16,25,Garanoir,SWITZERLAND,Gamay Noir x Reichensteiner
DVIT3102.0000B,DVIT3102,3102,  L 16 26,L,16,26,Garanoir,SWITZERLAND,Gamay Noir x Reichensteiner
DVIT2537.0000G,DVIT2537,2537,  L 14 63,L,14,63,Gaschochi,PAKISTAN,NA
DVIT2537.0000F,DVIT2537,2537,  L 14 64,L,14,64,Gaschochi,PAKISTAN,NA
DVIT1031.0000C,DVIT1031,1031,  L 11 55,L,11,55,Gemeroh,GREECE,NA
DVIT1031.0000D,DVIT1031,1031,  L 11 56,L,11,56,Gemeroh,GREECE,NA
DVIT0528.0000C,DVIT0528,528,  K  7 25,K,7,25,Gewurtztraminer,USSR,NA
DVIT0528.0000D,DVIT0528,528,  K  7 26,K,7,26,Gewurtztraminer,USSR,NA
DVIT0738.0000C,DVIT0738,738,  L  5 33,L,5,33,Gewurztraminer,GERMANY,NA
DVIT0738.0000D,DVIT0738,738,  L  5 34,L,5,34,Gewurztraminer,GERMANY,NA
DVIT0739.0000C,DVIT0739,739,  L  5 35,L,5,35,Gewurztraminer,GERMANY,NA
DVIT0739.0000D,DVIT0739,739,  L  5 36,L,5,36,Gewurztraminer,GERMANY,NA
DVIT0740.0000C,DVIT0740,740,  L  5 37,L,5,37,Gewurztraminer,GERMANY,NA
DVIT0740.0000D,DVIT0740,740,  L  5 38,L,5,38,Gewurztraminer,GERMANY,NA
DVIT0741.0000C,DVIT0741,741,  L 13 65,L,13,65,Ghlicopati,GREECE,NA
DVIT0741.0000D,DVIT0741,741,  L 13 66,L,13,66,Ghlicopati,GREECE,NA
DVIT0409.0000C,DVIT0409,409,  K  5 21,K,5,21,Ghula Dari,AFGHANISTAN,NA
DVIT0409.0000D,DVIT0409,409,  K  5 22,K,5,22,Ghula Dari,AFGHANISTAN,NA
DVIT2039.0000C,DVIT2039,2039,  K  9 63,K,9,63,Ghula Dari,AFGHANISTAN,NA
DVIT2039.0000D,DVIT2039,2039,  K  9 64,K,9,64,Ghula Dari,AFGHANISTAN,NA
DVIT2673.0000A,DVIT2673,2673,  L 15 25,L,15,25,Gocseji Zamatos,HUNGARY,Egar1 x Medoc Noir
DVIT2673.0000C,DVIT2673,2673,  L 15 26,L,15,26,Gocseji Zamatos,HUNGARY,Egar1 x Medoc Noir
DVIT0410.0000C,DVIT0410,410,  K  5 23,K,5,23,Gold,USA,SEE COMMENTS FIELD
DVIT0410.0000D,DVIT0410,410,  K  5 24,K,5,24,Gold,USA,SEE COMMENTS FIELD
DVIT0411.0000E,DVIT0411,411,  K 10 61,K,10,61,Golden Champion,UNITED KINGDOM,GOLDEN HAMBURG X MUSCAT OF ALEXANDRIA
DVIT0411.0000D,DVIT0411,411,  K 10 62,K,10,62,Golden Champion,UNITED KINGDOM,GOLDEN HAMBURG X MUSCAT OF ALEXANDRIA
DVIT0743.0000C,DVIT0743,743,  L  5 41,L,5,41,Gouveio,PORTUGAL,NA
DVIT0743.0000D,DVIT0743,743,  L  5 42,L,5,42,Gouveio,PORTUGAL,NA
DVIT2637.0000C,DVIT2637,2637,  K 13 29,K,13,29,Goyura,AUSTRALIA,NA
DVIT2637.0000B,DVIT2637,2637,  K 13 30,K,13,30,Goyura,AUSTRALIA,NA
DVIT0744.0000D,DVIT0744,744,  L  5 43,L,5,43,Grand Noir,FRANCE,ARMAN X PETIT BOUSCHET
DVIT0744.0000C,DVIT0744,744,  L  5 44,L,5,44,Grand Noir,FRANCE,ARMAN X PETIT BOUSCHET
DVIT2080.0000A,DVIT2080,2080,  L  2 15,L,2,15,Grassa De Cotnari,ROMANIA,NA
DVIT2080.0000B,DVIT2080,2080,  L  2 16,L,2,16,Grassa De Cotnari,ROMANIA,NA
DVIT0747.0000C,DVIT0747,747,  L  5 47,L,5,47,Grec Rouge,FRANCE,NA
DVIT0747.0000F,DVIT0747,747,  L  5 48,L,5,48,Grec Rouge,FRANCE,NA
DVIT0746.0000C,DVIT0746,746,  L  5 45,L,5,45,Greco Bianco,ITALY,NA
DVIT0746.0000D,DVIT0746,746,  L  5 46,L,5,46,Greco Bianco,ITALY,NA
DVIT0748.0000C,DVIT0748,748,  L  5 49,L,5,49,Green Hungarian,UNKNOWN,NA
DVIT0748.0000D,DVIT0748,748,  L  5 50,L,5,50,Green Hungarian,UNKNOWN,NA
DVIT0749.0000A,DVIT0749,749,  L  1  9,L,1,9,Green Veltliner,GERMANY,NA
DVIT0749.0000B,DVIT0749,749,  L  1 10,L,1,10,Green Veltliner,GERMANY,NA
DVIT0750.0000G,DVIT0750,750,  L 13 69,L,13,69,Grenache,SPAIN,NA
DVIT0750.0000H,DVIT0750,750,  L 13 70,L,13,70,Grenache,SPAIN,NA
DVIT0745.0000C,DVIT0745,745,  L 13 67,L,13,67,Grey Riesling,UNKNOWN,NA
DVIT0745.0000D,DVIT0745,745,  L 13 68,L,13,68,Grey Riesling,UNKNOWN,NA
DVIT0751.0000C,DVIT0751,751,  L  5 51,L,5,51,Grignolino,ITALY,NA
DVIT0751.0000D,DVIT0751,751,  L  5 52,L,5,52,Grignolino,ITALY,NA
DVIT0752.0000C,DVIT0752,752,  L 13 71,L,13,71,Grillo,ITALY,NA
DVIT0752.0000D,DVIT0752,752,  L 13 72,L,13,72,Grillo,ITALY,NA
DVIT0413.0000E,DVIT0413,413,  K 10 63,K,10,63,Gros Colman,USSR,NA
DVIT0413.0000F,DVIT0413,413,  K 10 64,K,10,64,Gros Colman,USSR,NA
DVIT3164.0000A,DVIT3164,3164,  K 16 35,K,16,35,Gros Colman,NA,NA
DVIT3164.0000B,DVIT3164,3164,  K 16 36,K,16,36,Gros Colman,NA,NA
DVIT0753.0000C,DVIT0753,753,  L  5 53,L,5,53,Gros Manzenc,UNKNOWN,NA
DVIT0753.0000D,DVIT0753,753,  L  5 54,L,5,54,Gros Manzenc,UNKNOWN,NA
DVIT0414.0999W,DVIT0414,414,  K  5 25,K,5,25,Gros Maroc,ISRAEL,NA
DVIT0414.0999G,DVIT0414,414,  K  5 26,K,5,26,Gros Maroc,ISRAEL,NA
DVIT0414.0000P,DVIT0414,414,  K 16 47,K,16,47,Gros Maroc,ISRAEL,NA
DVIT0414.0000Q,DVIT0414,414,  K 16 48,K,16,48,Gros Maroc,ISRAEL,NA
DVIT0415.0000C,DVIT0415,415,  K 10 65,K,10,65,Gros Sapat,UNKNOWN,NA
DVIT0415.0000D,DVIT0415,415,  K 10 66,K,10,66,Gros Sapat,UNKNOWN,NA
DVIT0754.0000C,DVIT0754,754,  L  5 55,L,5,55,Grosse Blaue,ITALY,NA
DVIT0754.0000D,DVIT0754,754,  L  5 56,L,5,56,Grosse Blaue,ITALY,NA
DVIT2674.0000A,DVIT2674,2674,  L 15 27,L,15,27,Gruner Veltlinger,AUSTRIA,NA
DVIT2674.0000B,DVIT2674,2674,  L 15 28,L,15,28,Gruner Veltlinger,AUSTRIA,NA
DVIT2500.0000D,DVIT2500,2500,  K 12 79,K,12,79,Gungargoon,PAKISTAN,NA
DVIT2500.0000C,DVIT2500,2500,  K 12 80,K,12,80,Gungargoon,PAKISTAN,NA
DVIT0742.0000C,DVIT0742,742,  L  5 39,L,5,39,Gustolidi,GREECE,NA
DVIT0742.0000D,DVIT0742,742,  L  5 40,L,5,40,Gustolidi,GREECE,NA
DVIT0730.0000C,DVIT0730,730,  L  5 21,L,5,21,Guydouria,GREECE,NA
DVIT0730.0000E,DVIT0730,730,  L  5 22,L,5,22,Guydouria,GREECE,NA
DVIT0731.0000C,DVIT0731,731,  L  5 23,L,5,23,Guydouriha,GREECE,NA
DVIT0731.0000D,DVIT0731,731,  L  5 24,L,5,24,Guydouriha,GREECE,NA
DVIT2675.0000C,DVIT2675,2675,  L 15 29,L,15,29,Gyongyrizling,HUNGARY,??? Riesling x Perle Von Csaba
DVIT2675.0000B,DVIT2675,2675,  L 15 30,L,15,30,Gyongyrizling,HUNGARY,??? Riesling x Perle Von Csaba
DVIT2089.0000A,DVIT2089,2089,  K  2 13,K,2,13,Hakiki,GREECE,NA
DVIT2089.0000B,DVIT2089,2089,  K  2 14,K,2,14,Hakiki,GREECE,NA
DVIT0559.0000C,DVIT0559,559,  K  7 75,K,7,75,Hakiki,GREECE,NA
DVIT0559.0000D,DVIT0559,559,  K  7 76,K,7,76,Hakiki,GREECE,NA
DVIT0755.0000C,DVIT0755,755,  L  5 57,L,5,57,Harslevelu,AUSTRIA,NA
DVIT0755.0000D,DVIT0755,755,  L  5 58,L,5,58,Harslevelu,AUSTRIA,NA
DVIT0416.0000C,DVIT0416,416,  K  5 27,K,5,27,Hassaine,GERMANY,NA
DVIT0416.0000D,DVIT0416,416,  K  5 28,K,5,28,Hassaine,GERMANY,NA
DVIT2638.0000C,DVIT2638,2638,  L 14 77,L,14,77,Hassaine,NA,NA
DVIT2638.0000B,DVIT2638,2638,  L 14 78,L,14,78,Hassaine,NA,NA
DVIT0756.0000C,DVIT0756,756,  L  5 59,L,5,59,Helena,USA,ZINFANDEL X REFOSCO
DVIT0756.0000D,DVIT0756,756,  L  5 60,L,5,60,Helena,USA,ZINFANDEL X REFOSCO
DVIT0417.0000C,DVIT0417,417,  K 10 67,K,10,67,Henab,TURKEY,NA
DVIT0417.0000D,DVIT0417,417,  K 10 68,K,10,68,Henab,TURKEY,NA
DVIT1099.0000A,DVIT1099,1099,  L  1 49,L,1,49,Hermitage,UNKNOWN,NA
DVIT1099.0000B,DVIT1099,1099,  L  1 50,L,1,50,Hermitage,UNKNOWN,NA
DVIT2676.0000A,DVIT2676,2676,  L 15 31,L,15,31,Heroldrebe,NEW ZEALAND,NA
DVIT2676.0000B,DVIT2676,2676,  L 15 32,L,15,32,Heroldrebe,NEW ZEALAND,NA
DVIT0758.0000C,DVIT0758,758,  L  5 61,L,5,61,Hibron Blanc,FRANCE,NA
DVIT0758.0000D,DVIT0758,758,  L  5 62,L,5,62,Hibron Blanc,FRANCE,NA
DVIT2747.0000A,DVIT2747,2747,  L 15 59,L,15,59,Hillbilly,USA,NA
DVIT2747.0000B,DVIT2747,2747,  L 15 60,L,15,60,Hillbilly,USA,NA
DVIT2175.0000A,DVIT2175,2175,  K  3  5,K,3,5,Himrisnky,UNKNOWN,NA
DVIT2175.0000B,DVIT2175,2175,  K  3  6,K,3,6,Himrisnky,UNKNOWN,NA
DVIT0328.0000C,DVIT0328,328,  K 10 19,K,10,19,Himrisnky,GERMANY,NA
DVIT0328.0000D,DVIT0328,328,  K 10 20,K,10,20,Himrisnky,GERMANY,NA
DVIT0759.0000C,DVIT0759,759,  L  5 63,L,5,63,Hisakasy,USSR,NA
DVIT0759.0000E,DVIT0759,759,  L  5 64,L,5,64,Hisakasy,USSR,NA
DVIT1028.0000C,DVIT1028,1028,  L 11 49,L,11,49,Hondromavroudo,GREECE,NA
DVIT1028.0000D,DVIT1028,1028,  L 11 50,L,11,50,Hondromavroudo,GREECE,NA
DVIT2093.0000J,DVIT2093,2093,  K  2 15,K,2,15,Hongjixin,CHINA,NA
DVIT2093.0000B,DVIT2093,2093,  K  2 16,K,2,16,Hongjixin,CHINA,NA
DVIT0760.0000C,DVIT0760,760,  L  5 65,L,5,65,Honigber,MOROCCO,NA
DVIT0760.0000D,DVIT0760,760,  L  5 66,L,5,66,Honigber,MOROCCO,NA
DVIT2503.0000A,DVIT2503,2503,  K 14 31,K,14,31,Hosargoon,PAKISTAN,NA
DVIT2503.0000B,DVIT2503,2503,  K 14 32,K,14,32,Hosargoon,PAKISTAN,NA
DVIT3005.0000B,DVIT3005,3005,  K 15 45,K,15,45,Humagne,SWITZERLAND,NA
DVIT3005.0000A,DVIT3005,3005,  K 15 46,K,15,46,Humagne,SWITZERLAND,NA
DVIT0761.0000C,DVIT0761,761,  L  5 67,L,5,67,Hungarian Millenium,HUNGARY,QUEEN VICTORIA X RAISEN DE CALABRE
DVIT0761.0000D,DVIT0761,761,  L  5 68,L,5,68,Hungarian Millenium,HUNGARY,QUEEN VICTORIA X RAISEN DE CALABRE
DVIT0418.0000I,DVIT0418,418,  K 10 69,K,10,69,Hunisa,UNKNOWN,NA
DVIT0418.0000D,DVIT0418,418,  K 10 70,K,10,70,Hunisa,UNKNOWN,NA
DVIT0419.0000C,DVIT0419,419,  K  5 29,K,5,29,Husseine,AFGHANISTAN,NA
DVIT0419.0000D,DVIT0419,419,  K  5 30,K,5,30,Husseine,AFGHANISTAN,NA
DVIT0576.0000C,DVIT0576,576,  K  8 23,K,8,23,Husseine,AFGHANISTAN,NA
DVIT0576.0000D,DVIT0576,576,  K  8 24,K,8,24,Husseine,AFGHANISTAN,NA
DVIT0420.0000C,DVIT0420,420,  K 10 71,K,10,71,Husseine,AFGHANISTAN,NA
DVIT0420.0000D,DVIT0420,420,  K 10 72,K,10,72,Husseine,AFGHANISTAN,NA
DVIT0421.0000C,DVIT0421,421,  K 10 73,K,10,73,Husseine (rish Baba),AFGHANISTAN,SEE COMMENTS FIELD
DVIT0421.0000D,DVIT0421,421,  K 10 74,K,10,74,Husseine (rish Baba),AFGHANISTAN,SEE COMMENTS FIELD
DVIT2050.0000C,DVIT2050,2050,  K  9 77,K,9,77,Husseive,AFGHANISTAN,NA
DVIT2050.0000D,DVIT2050,2050,  K  9 78,K,9,78,Husseive,AFGHANISTAN,NA
DVIT0422.0000H,DVIT0422,422,  K  1 13,K,1,13,Hycales,SPAIN,NA
DVIT0422.0000D,DVIT0422,422,  K  1 14,K,1,14,Hycales,SPAIN,NA
DVIT0423.0000C,DVIT0423,423,  K  5 31,K,5,31,Imperator (p. 264),ITALY,MUSCAT HAMBURG X CICLOPICA (P 60)
DVIT0423.0000D,DVIT0423,423,  K  5 32,K,5,32,Imperator (p. 264),ITALY,MUSCAT HAMBURG X CICLOPICA (P 60)
DVIT0762.0000F,DVIT0762,762,  L 13 73,L,13,73,Inzolia,ITALY,NA
DVIT0762.0000H,DVIT0762,762,  L 13 74,L,13,74,Inzolia,ITALY,NA
DVIT2508.0000D,DVIT2508,2508,  L 14 61,L,14,61,Ishkin,PAKISTAN,NA
DVIT2508.0000E,DVIT2508,2508,  L 14 62,L,14,62,Ishkin,PAKISTAN,NA
DVIT0577.0000C,DVIT0577,577,  K  8 25,K,8,25,Italia (IP 65),ITALY,BICANE X MUSCAT HAMBURG
DVIT0577.0000D,DVIT0577,577,  K  8 26,K,8,26,Italia (IP 65),ITALY,BICANE X MUSCAT HAMBURG
DVIT0424.0000C,DVIT0424,424,  K 11 65,K,11,65,Italia (IP 65),ITALY,BICANE X MUSCAT HAMBURG
DVIT0424.0000D,DVIT0424,424,  K 11 66,K,11,66,Italia (IP 65),ITALY,BICANE X MUSCAT HAMBURG
DVIT2677.0000A,DVIT2677,2677,  K 13 63,K,13,63,Itchkimar,USSR,NA
DVIT2677.0000B,DVIT2677,2677,  K 13 64,K,13,64,Itchkimar,USSR,NA
DVIT0620.0000C,DVIT0620,620,  L  3 11,L,3,11,Ithani Lefko,GREECE,NA
DVIT0620.0000D,DVIT0620,620,  L  3 12,L,3,12,Ithani Lefko,GREECE,NA
DVIT0621.0000C,DVIT0621,621,  L 13 25,L,13,25,Ithani Mavro,GREECE,NA
DVIT0621.0000E,DVIT0621,621,  L 13 26,L,13,26,Ithani Mavro,GREECE,NA
DVIT0561.0000C,DVIT0561,561,  K  7 77,K,7,77,Itonychi Lefko,GREECE,NA
DVIT0561.0000D,DVIT0561,561,  K  7 78,K,7,78,Itonychi Lefko,GREECE,NA
DVIT0562.0000C,DVIT0562,562,  K  7 79,K,7,79,Itonychi Mavro,GREECE,NA
DVIT0562.0000D,DVIT0562,562,  K  7 80,K,7,80,Itonychi Mavro,GREECE,NA
DVIT0578.0000C,DVIT0578,578,  K  8 27,K,8,27,Iviar Oliver,UNKNOWN,NA
DVIT0578.0000D,DVIT0578,578,  K  8 28,K,8,28,Iviar Oliver,UNKNOWN,NA
DVIT2916.0000A,DVIT2916,2916,  L 16  1,L,16,1,Jackson Sel. #3,USA,NA
DVIT2916.0000B,DVIT2916,2916,  L 16  2,L,16,2,Jackson Sel. #3,USA,NA
DVIT0763.0000C,DVIT0763,763,  L  5 69,L,5,69,Jampal,PORTUGAL,NA
DVIT0763.0000F,DVIT0763,763,  L  5 70,L,5,70,Jampal,PORTUGAL,NA
DVIT3360.0000A,DVIT3360,3360,  K 17 15,K,17,15,Japanese Burgundy,USA,NA
DVIT3360.0000B,DVIT3360,3360,  K 17 16,K,17,16,Japanese Burgundy,USA,NA
DVIT0764.0000C,DVIT0764,764,  L  5 71,L,5,71,Joao Santarem,PORTUGAL,NA
DVIT0764.0000D,DVIT0764,764,  L  5 72,L,5,72,Joao Santarem,PORTUGAL,NA
DVIT0425.0000C,DVIT0425,425,  K  5 33,K,5,33,Johanna Mathiasz,AUSTRIA,NA
DVIT0425.0000D,DVIT0425,425,  K  5 34,K,5,34,Johanna Mathiasz,AUSTRIA,NA
DVIT3167.0000B,DVIT3167,3167,  L 17  5,L,17,5,Jubileum,NA,NA
DVIT0579.0000C,DVIT0579,579,  K  8 29,K,8,29,Julius Caesar,HUNGARY,NA
DVIT0579.0000D,DVIT0579,579,  K  8 30,K,8,30,Julius Caesar,HUNGARY,NA
DVIT3219.0000J,DVIT3219,3219,  K 16 69,K,16,69,July Early Amber,USA,NA
DVIT3219.0000K,DVIT3219,3219,  K 16 70,K,16,70,July Early Amber,USA,NA
DVIT0426.0000C,DVIT0426,426,  K  5 35,K,5,35,July Muscat,USA,(MUS. ALEX X FLAME TOKAY) X (MUS. HAMB. X SZOEL. KIRAL)
DVIT0426.0000D,DVIT0426,426,  K  5 36,K,5,36,July Muscat,USA,(MUS. ALEX X FLAME TOKAY) X (MUS. HAMB. X SZOEL. KIRAL)
DVIT2321.0000A,DVIT2321,2321,  L  2 53,L,2,53,Juracon Noir,FRANCE,NA
DVIT2321.0000B,DVIT2321,2321,  L  2 54,L,2,54,Juracon Noir,FRANCE,NA
DVIT1102.0000A,DVIT1102,1102,  L  1 51,L,1,51,Jurancon Blanc,FRANCE,NA
DVIT1102.0000B,DVIT1102,1102,  L  1 52,L,1,52,Jurancon Blanc,FRANCE,NA
DVIT3103.0000F,DVIT3103,3103,  L 16 28,L,16,28,Juwel,GERMANY,Kerner x Silvaner
DVIT0766.0000C,DVIT0766,766,  L  5 75,L,5,75,Kabajink,UNKNOWN,NA
DVIT0766.0000D,DVIT0766,766,  L  5 76,L,5,76,Kabajink,UNKNOWN,NA
DVIT2497.0000D,DVIT2497,2497,  K 12 73,K,12,73,Kabuli,PAKISTAN,NA
DVIT2497.0000E,DVIT2497,2497,  K 12 74,K,12,74,Kabuli,PAKISTAN,NA
DVIT0767.0000C,DVIT0767,767,  L  5 77,L,5,77,Kadarka,AUSTRIA,NA
DVIT0767.0000D,DVIT0767,767,  L  5 78,L,5,78,Kadarka,AUSTRIA,NA
DVIT0768.0000C,DVIT0768,768,  L  5 79,L,5,79,Kadarka,UNKNOWN,NA
DVIT0768.0000D,DVIT0768,768,  L  5 80,L,5,80,Kadarka,UNKNOWN,NA
DVIT0317.0000C,DVIT0317,317,  K  3 69,K,3,69,Kakourdess Weis,GERMANY,NA
DVIT0317.0000D,DVIT0317,317,  K  3 70,K,3,70,Kakourdess Weis,GERMANY,NA
DVIT2534.0000C,DVIT2534,2534,  K 13 17,K,13,17,Kala Kostan,PAKISTAN,NA
DVIT2534.0000D,DVIT2534,2534,  K 13 18,K,13,18,Kala Kostan,PAKISTAN,NA
DVIT0335.0000C,DVIT0335,335,  K 11 57,K,11,57,Kalamak,AFGHANISTAN,NA
DVIT0335.0000D,DVIT0335,335,  K 11 58,K,11,58,Kalamak,AFGHANISTAN,NA
DVIT2917.0000A,DVIT2917,2917,  K 14 73,K,14,73,Kali Sag,UNKNOWN,NA
DVIT2917.0000B,DVIT2917,2917,  K 14 74,K,14,74,Kali Sag,UNKNOWN,NA
DVIT0427.0000C,DVIT0427,427,  K  5 37,K,5,37,Kali Sahehi,INDIA,NA
DVIT0427.0000D,DVIT0427,427,  K  5 38,K,5,38,Kali Sahehi,INDIA,NA
DVIT0428.0000C,DVIT0428,428,  K 10 75,K,10,75,Kandahar,UNKNOWN,NA
DVIT0428.0000D,DVIT0428,428,  K 10 76,K,10,76,Kandahar,UNKNOWN,NA
DVIT0429.0000C,DVIT0429,429,  K  5 39,K,5,39,Kandahari,AFGHANISTAN,NA
DVIT0429.0000D,DVIT0429,429,  K  5 40,K,5,40,Kandahari,AFGHANISTAN,NA
DVIT2918.0000B,DVIT2918,2918,  K 15 33,K,15,33,Kandhar,UNKNOWN,NA
DVIT2918.0000A,DVIT2918,2918,  K 15 34,K,15,34,Kandhar,UNKNOWN,NA
DVIT2081.0000A,DVIT2081,2081,  K  2  5,K,2,5,Kandhari,INDIA,NA
DVIT2081.0000E,DVIT2081,2081,  K  2  6,K,2,6,Kandhari,INDIA,NA
DVIT2322.0000A,DVIT2322,2322,  K  3 25,K,3,25,Kara Dzhidzhigi,USSR,NA
DVIT2322.0000B,DVIT2322,2322,  K  3 26,K,3,26,Kara Dzhidzhigi,USSR,NA
DVIT0773.0000C,DVIT0773,773,  L  6  9,L,6,9,Kara Lakana,UNKNOWN,NA
DVIT0773.0000D,DVIT0773,773,  L  6 10,L,6,10,Kara Lakana,UNKNOWN,NA
DVIT2703.0000B,DVIT2703,2703,  K 14 61,K,14,61,Karabournov,RUSSIA,NA
DVIT2703.0000C,DVIT2703,2703,  K 14 62,K,14,62,Karabournov,RUSSIA,NA
DVIT1032.0000A,DVIT1032,1032,  L  1 33,L,1,33,Karabryimis,GREECE,NA
DVIT2323.0000A,DVIT2323,2323,  K  3 27,K,3,27,Karadzhandal,USSR,NA
DVIT2323.0000B,DVIT2323,2323,  K  3 28,K,3,28,Karadzhandal,USSR,NA
DVIT0771.0000C,DVIT0771,771,  L  6  5,L,6,5,Karistino,GREECE,NA
DVIT0770.0000C,DVIT0770,770,  L  6  3,L,6,3,Karrithato,GREECE,NA
DVIT0770.0000D,DVIT0770,770,  L  6  4,L,6,4,Karrithato,GREECE,NA
DVIT0769.0000C,DVIT0769,769,  L  6  1,L,6,1,Karvouniariz,GREECE,NA
DVIT0769.0000D,DVIT0769,769,  L  6  2,L,6,2,Karvouniariz,GREECE,NA
DVIT2451.0000C,DVIT2451,2451,  K 14 27,K,14,27,Kashiri,NA,NA
DVIT2451.0000D,DVIT2451,2451,  K 14 28,K,14,28,Kashiri,NA,NA
DVIT2070.0000A,DVIT2070,2070,  K  1 71,K,1,71,Kastour Rumi,UNKNOWN,NA
DVIT2070.0000B,DVIT2070,2070,  K  1 72,K,1,72,Kastour Rumi,UNKNOWN,NA
DVIT2103.0000A,DVIT2103,2103,  K  2 23,K,2,23,Kastour Rumi,EGYPT,NA
DVIT2103.0000B,DVIT2103,2103,  K  2 24,K,2,24,Kastour Rumi,EGYPT,NA
DVIT0772.0000C,DVIT0772,772,  L  6  7,L,6,7,Katsano,GREECE,NA
DVIT0772.0000D,DVIT0772,772,  L  6  8,L,6,8,Katsano,GREECE,NA
DVIT0774.0000E,DVIT0774,774,  L  6 11,L,6,11,Katta Kurgan,USSR,NA
DVIT0774.0000D,DVIT0774,774,  L  6 12,L,6,12,Katta Kurgan,USSR,NA
DVIT2639.0000A,DVIT2639,2639,  L 14 79,L,14,79,Kecskemet,NA,NA
DVIT2639.0000B,DVIT2639,2639,  L 14 80,L,14,80,Kecskemet,NA,NA
DVIT0775.0000C,DVIT0775,775,  L  6 13,L,6,13,Keknyelu,AUSTRIA,NA
DVIT0775.0000D,DVIT0775,775,  L  6 14,L,6,14,Keknyelu,AUSTRIA,NA
DVIT0787.0000C,DVIT0787,787,  L  6 31,L,6,31,Kepraico,GREECE,NA
DVIT0787.0000D,DVIT0787,787,  L  6 32,L,6,32,Kepraico,GREECE,NA
DVIT3104.0000B,DVIT3104,3104,  L 16 29,L,16,29,Kerner,GERMANY,Schiava Grossa x Riesling Renano
DVIT0580.0000C,DVIT0580,580,  K  8 31,K,8,31,Keshmesh,GREECE,NA
DVIT0580.0000D,DVIT0580,580,  K  8 32,K,8,32,Keshmesh,GREECE,NA
DVIT0430.0000D,DVIT0430,430,  K  5 42,K,5,42,Khalchili,AFGHANISTAN,NA
DVIT0431.0000C,DVIT0431,431,  K  5 43,K,5,43,Khalchili,AFGHANISTAN,NA
DVIT0431.0000D,DVIT0431,431,  K  5 44,K,5,44,Khalchili,AFGHANISTAN,NA
DVIT0432.0000C,DVIT0432,432,  K  5 45,K,5,45,Khaldar,AFGHANISTAN,NA
DVIT0432.0000D,DVIT0432,432,  K  5 46,K,5,46,Khaldar,AFGHANISTAN,NA
DVIT2084.0000A,DVIT2084,2084,  K  2  9,K,2,9,Khalili,AFGHANISTAN,NA
DVIT2084.0000B,DVIT2084,2084,  K  2 10,K,2,10,Khalili,AFGHANISTAN,NA
DVIT2040.0000C,DVIT2040,2040,  K  9 65,K,9,65,Khalili,AFGHANISTAN,NA
DVIT2040.0000D,DVIT2040,2040,  K  9 66,K,9,66,Khalili,AFGHANISTAN,NA
DVIT0433.0000E,DVIT0433,433,  K 10 77,K,10,77,Khalili,AFGHANISTAN,NA
DVIT0433.0000D,DVIT0433,433,  K 10 78,K,10,78,Khalili,AFGHANISTAN,NA
DVIT2919.0000B,DVIT2919,2919,  K 15 35,K,15,35,Khawngi,INDIA,NA
DVIT2919.0000A,DVIT2919,2919,  K 15 36,K,15,36,Khawngi,INDIA,NA
DVIT0434.0000F,DVIT0434,434,  K 10 79,K,10,79,Khir Ghulaman,AFGHANISTAN,NA
DVIT0434.0000E,DVIT0434,434,  K 10 80,K,10,80,Khir Ghulaman,AFGHANISTAN,NA
DVIT2605.0000D,DVIT2605,2605,  K 13 25,K,13,25,Khorestini,PAKISTAN,NA
DVIT2605.0000E,DVIT2605,2605,  K 13 26,K,13,26,Khorestini,PAKISTAN,NA
DVIT2075.0000A,DVIT2075,2075,  K  1 79,K,1,79,Khusaine Red,USSR,NA
DVIT2075.0000B,DVIT2075,2075,  K  1 80,K,1,80,Khusaine Red,USSR,NA
DVIT2495.0000F,DVIT2495,2495,  K 12 71,K,12,71,Kini Yatch,PAKISTAN,NA
DVIT2495.0000G,DVIT2495,2495,  K 12 72,K,12,72,Kini Yatch,PAKISTAN,NA
DVIT2324.0000A,DVIT2324,2324,  K  3 29,K,3,29,Kishmish Early,USSR,NA
DVIT2324.0000B,DVIT2324,2324,  K  3 30,K,3,30,Kishmish Early,USSR,NA
DVIT1103.0000E,DVIT1103,1103,  K  1 47,K,1,47,Kishmish Hishrau,USSR,Nimrang x Kishmish chernyi
DVIT1103.0000B,DVIT1103,1103,  K  1 48,K,1,48,Kishmish Hishrau,USSR,Nimrang x Kishmish chernyi
DVIT2071.0000A,DVIT2071,2071,  K  1 73,K,1,73,Kishmish Of Vir,USSR,BARBERA X KISHMISH NEGRU
DVIT2071.0000B,DVIT2071,2071,  K  1 74,K,1,74,Kishmish Of Vir,USSR,BARBERA X KISHMISH NEGRU
DVIT2074.0000D,DVIT2074,2074,  K  1 77,K,1,77,Kishmish Of Vir,USSR,BARBERA X KISHMISH NEGRU
DVIT2074.0000C,DVIT2074,2074,  K  1 78,K,1,78,Kishmish Of Vir,USSR,BARBERA X KISHMISH NEGRU
DVIT2041.0000D,DVIT2041,2041,  K  9 67,K,9,67,Kishmish Sorkh,AFGHANISTAN,NA
DVIT2041.0000E,DVIT2041,2041,  K  9 68,K,9,68,Kishmish Sorkh,AFGHANISTAN,NA
DVIT0437.0000C,DVIT0437,437,  K 11  3,K,11,3,Kishmish Sorkh,AFGHANISTAN,NA
DVIT0437.0000D,DVIT0437,437,  K 11  4,K,11,4,Kishmish Sorkh,AFGHANISTAN,NA
DVIT0438.0000C,DVIT0438,438,  K  5 49,K,5,49,Kishmish Spien,AFGHANISTAN,NA
DVIT2325.0000A,DVIT2325,2325,  K  3 31,K,3,31,Kishmish-charni,USSR,NA
DVIT2325.0000B,DVIT2325,2325,  K  3 32,K,3,32,Kishmish-charni,USSR,NA
DVIT0436.0000C,DVIT0436,436,  K  5 47,K,5,47,Kishmishi,AFGHANISTAN,NA
DVIT0436.0000D,DVIT0436,436,  K  5 48,K,5,48,Kishmishi,AFGHANISTAN,NA
DVIT0435.0000C,DVIT0435,435,  K 11  1,K,11,1,Kishmishi,AFGHANISTAN,NA
DVIT0435.0000D,DVIT0435,435,  K 11  2,K,11,2,Kishmishi,AFGHANISTAN,NA
DVIT0439.0000C,DVIT0439,439,  K 11 67,K,11,67,Kishmishi,AFGHANISTAN,NA
DVIT0439.0000D,DVIT0439,439,  K 11 68,K,11,68,Kishmishi,AFGHANISTAN,NA
DVIT0776.0000F,DVIT0776,776,  L  6 15,L,6,15,Kleinberger,GREECE,NA
DVIT0776.0000E,DVIT0776,776,  L  6 16,L,6,16,Kleinberger,GREECE,NA
DVIT2077.0000A,DVIT2077,2077,  K  2  3,K,2,3,Klusaine Red,USSR,NA
DVIT0778.0000C,DVIT0778,778,  L  6 19,L,6,19,Kokinelia,UNKNOWN,NA
DVIT0778.0000D,DVIT0778,778,  L  6 20,L,6,20,Kokinelia,UNKNOWN,NA
DVIT0777.0000E,DVIT0777,777,  L  6 17,L,6,17,Kokinorobola,GREECE,NA
DVIT0777.0000D,DVIT0777,777,  L  6 18,L,6,18,Kokinorobola,GREECE,NA
DVIT0779.0000B,DVIT0779,779,  L  1 12,L,1,12,Kokinostaphylo,GREECE,NA
DVIT0782.0000C,DVIT0782,782,  L 13 75,L,13,75,Kokinyah,GREECE,NA
DVIT0782.0000D,DVIT0782,782,  L 13 76,L,13,76,Kokinyah,GREECE,NA
DVIT0318.0000E,DVIT0318,318,  K 10 11,K,10,11,Kokour Rot,GERMANY,NA
DVIT0318.0000G,DVIT0318,318,  K 10 12,K,10,12,Kokour Rot,GERMANY,NA
DVIT0780.0000C,DVIT0780,780,  L  6 21,L,6,21,Kolokithian,GREECE,NA
DVIT0780.0000D,DVIT0780,780,  L  6 22,L,6,22,Kolokithian,GREECE,NA
DVIT0781.0000C,DVIT0781,781,  L  6 23,L,6,23,Kominato,GREECE,NA
DVIT0781.0000D,DVIT0781,781,  L  6 24,L,6,24,Kominato,GREECE,NA
DVIT0581.0000C,DVIT0581,581,  K  8 33,K,8,33,Kontehgalo,GREECE,NA
DVIT0581.0000D,DVIT0581,581,  K  8 34,K,8,34,Kontehgalo,GREECE,NA
DVIT1036.0000C,DVIT1036,1036,  L 11 61,L,11,61,Kontocladi,GREECE,NA
DVIT1036.0000D,DVIT1036,1036,  L 11 62,L,11,62,Kontocladi,GREECE,NA
DVIT0783.0000E,DVIT0783,783,  L 13 77,L,13,77,Koptcha,USSR,NA
DVIT0783.0000D,DVIT0783,783,  L 13 78,L,13,78,Koptcha,USSR,NA
DVIT2678.0000A,DVIT2678,2678,  K 13 65,K,13,65,Korente,SOUTH AFRICA,NA
DVIT2678.0000B,DVIT2678,2678,  K 13 66,K,13,66,Korente,SOUTH AFRICA,NA
DVIT2679.0000A,DVIT2679,2679,  K 15 11,K,15,11,Koret,HUNGARY,NA
DVIT2679.0000B,DVIT2679,2679,  K 15 12,K,15,12,Koret,HUNGARY,NA
DVIT0784.0000C,DVIT0784,784,  L  6 25,L,6,25,Korfiatis,GREECE,NA
DVIT0784.0000D,DVIT0784,784,  L  6 26,L,6,26,Korfiatis,GREECE,NA
DVIT1033.0000C,DVIT1033,1033,  L 11 57,L,11,57,Korghianitis,GREECE,NA
DVIT1033.0000D,DVIT1033,1033,  L 11 58,L,11,58,Korghianitis,GREECE,NA
DVIT1034.0000C,DVIT1034,1034,  L 11 59,L,11,59,Kotzifali,GREECE,NA
DVIT1034.0000D,DVIT1034,1034,  L 11 60,L,11,60,Kotzifali,GREECE,NA
DVIT2680.0000A,DVIT2680,2680,  L 15 33,L,15,33,Kouldjinski,USSR,NA
DVIT2680.0000C,DVIT2680,2680,  L 15 34,L,15,34,Kouldjinski,USSR,NA
DVIT0329.0000C,DVIT0329,329,  K  4  1,K,4,1,Kovalewka,GERMANY,NA
DVIT0329.0000D,DVIT0329,329,  K  4  2,K,4,2,Kovalewka,GERMANY,NA
DVIT0785.0000C,DVIT0785,785,  L  6 27,L,6,27,Kozanitis,GREECE,NA
DVIT0785.0000D,DVIT0785,785,  L  6 28,L,6,28,Kozanitis,GREECE,NA
DVIT2681.0000A,DVIT2681,2681,  L 15 35,L,15,35,Kozma Pal Muskotaly,HUNGARY,NA
DVIT2681.0000B,DVIT2681,2681,  L 15 36,L,15,36,Kozma Pal Muskotaly,HUNGARY,NA
DVIT1037.0000C,DVIT1037,1037,  L 11 63,L,11,63,Kraljevina,YUGOSLAVIA,NA
DVIT1037.0000F,DVIT1037,1037,  L 11 64,L,11,64,Kraljevina,YUGOSLAVIA,NA
DVIT0582.0000A,DVIT0582,582,  K  1 27,K,1,27,Kreatza,YUGOSLAVIA,NA
DVIT0582.0000B,DVIT0582,582,  K  1 28,K,1,28,Kreatza,YUGOSLAVIA,NA
DVIT0786.0000C,DVIT0786,786,  L  6 29,L,6,29,Kristalli,GREECE,NA
DVIT0786.0000D,DVIT0786,786,  L  6 30,L,6,30,Kristalli,GREECE,NA
DVIT0583.0000C,DVIT0583,583,  K 11 37,K,11,37,Kritico,GREECE,NA
DVIT0583.0000E,DVIT0583,583,  K 11 38,K,11,38,Kritico,GREECE,NA
DVIT1070.0000C,DVIT1070,1070,  K  9 19,K,9,19,Kule Dary,GERMANY,NA
DVIT1070.0000D,DVIT1070,1070,  K  9 20,K,9,20,Kule Dary,GERMANY,NA
DVIT2920.0000A,DVIT2920,2920,  K 16 23,K,16,23,Kulidzhinski,USA,NA
DVIT2920.0000B,DVIT2920,2920,  K 16 24,K,16,24,Kulidzhinski,USA,NA
DVIT0440.0000A,DVIT0440,440,  K  1 15,K,1,15,Kurtelaska,YUGOSLAVIA,NA
DVIT0440.0000B,DVIT0440,440,  K  1 16,K,1,16,Kurtelaska,YUGOSLAVIA,NA
DVIT0584.0000C,DVIT0584,584,  K  8 35,K,8,35,Kurutaktas,GREECE,NA
DVIT0584.0000D,DVIT0584,584,  K  8 36,K,8,36,Kurutaktas,GREECE,NA
DVIT2452.0000B,DVIT2452,2452,  K 12 65,K,12,65,Kwar II,PAKISTAN,NA
DVIT2452.0000D,DVIT2452,2452,  K 12 66,K,12,66,Kwar II,PAKISTAN,NA
DVIT0616.0000D,DVIT0616,616,  K  9 10,K,9,10,Kyoho,JAPAN,CENTENNIAL 4N X ISHIHARA WASE
DVIT2640.0000A,DVIT2640,2640,  L 15  1,L,15,1,L'Arvine,SWITZERLAND,NA
DVIT2640.0000B,DVIT2640,2640,  L 15  2,L,15,2,L'Arvine,SWITZERLAND,NA
DVIT0792.0000C,DVIT0792,792,  L  6 39,L,6,39,La Reinha,SPAIN,NA
DVIT0792.0000D,DVIT0792,792,  L  6 40,L,6,40,La Reinha,SPAIN,NA
DVIT0585.0000C,DVIT0585,585,  K  8 37,K,8,37,Lacturario,ARGENTINA,NA
DVIT1038.0000A,DVIT1038,1038,  L  1 37,L,1,37,Ladikinah,GREECE,NA
DVIT1038.0000B,DVIT1038,1038,  L  1 38,L,1,38,Ladikinah,GREECE,NA
DVIT0788.0000C,DVIT0788,788,  L  6 33,L,6,33,Ladikinah,GREECE,NA
DVIT0788.0000D,DVIT0788,788,  L  6 34,L,6,34,Ladikinah,GREECE,NA
DVIT2159.0000A,DVIT2159,2159,  K  2 57,K,2,57,Lady Hutt,UNITED KINGDOM,GROS COLMANN X BLACK ALICANTE
DVIT2159.0000B,DVIT2159,2159,  K  2 58,K,2,58,Lady Hutt,UNITED KINGDOM,GROS COLMANN X BLACK ALICANTE
DVIT2430.0000B,DVIT2430,2430,  K 12 57,K,12,57,Ladyfinger Mutant Of Thompson Seedless,AUSTRALIA,NA
DVIT2430.0000C,DVIT2430,2430,  K 12 58,K,12,58,Ladyfinger Mutant Of Thompson Seedless,AUSTRALIA,NA
DVIT2433.0000B,DVIT2433,2433,  K 12 63,K,12,63,Ladyfinger Mutant of Thompson Seedless4X,USA,NA
DVIT2433.0000C,DVIT2433,2433,  K 12 64,K,12,64,Ladyfinger Mutant of Thompson Seedless4X,USA,NA
DVIT0789.0000C,DVIT0789,789,  L  6 35,L,6,35,Lagorthi,GREECE,NA
DVIT0789.0000D,DVIT0789,789,  L  6 36,L,6,36,Lagorthi,GREECE,NA
DVIT0790.0000H,DVIT0790,790,  L  6 37,L,6,37,Lagrain,ITALY,NA
DVIT0790.0000F,DVIT0790,790,  L  6 38,L,6,38,Lagrain,ITALY,NA
DVIT0897.0000C,DVIT0897,897,  L  8 51,L,8,51,Lagrein,FRANCE,NA
DVIT0897.0000D,DVIT0897,897,  L  8 52,L,8,52,Lagrein,FRANCE,NA
DVIT1105.0000A,DVIT1105,1105,  L  1 53,L,1,53,Lakemont,UNKNOWN,NA
DVIT1105.0000B,DVIT1105,1105,  L  1 54,L,1,54,Lakemont,UNKNOWN,NA
DVIT1324.0000C,DVIT1324,1324,  L 12 59,L,12,59,Lakemont,UNKNOWN,NA
DVIT1324.0000D,DVIT1324,1324,  L 12 60,L,12,60,Lakemont,UNKNOWN,NA
DVIT0441.0000C,DVIT0441,441,  K 11  5,K,11,5,Lal,AFGHANISTAN,NA
DVIT0441.0000D,DVIT0441,441,  K 11  6,K,11,6,Lal,AFGHANISTAN,NA
DVIT0442.0000C,DVIT0442,442,  K  5 51,K,5,51,Lal Sorkh,AFGHANISTAN,NA
DVIT0442.0000D,DVIT0442,442,  K  5 52,K,5,52,Lal Sorkh,AFGHANISTAN,NA
DVIT0701.0000C,DVIT0701,701,  L 13 53,L,13,53,Lambrusca di Alessandria,UNKNOWN,NA
DVIT0701.0000D,DVIT0701,701,  L 13 54,L,13,54,Lambrusca di Alessandria,UNKNOWN,NA
DVIT0791.0000C,DVIT0791,791,  L 14 33,L,14,33,Lambrusco,ITALY,NA
DVIT0791.0000D,DVIT0791,791,  L 14 34,L,14,34,Lambrusco,ITALY,NA
DVIT0793.0000C,DVIT0793,793,  L  6 41,L,6,41,Late Blue Burgundy,GERMANY,NA
DVIT0793.0000D,DVIT0793,793,  L  6 42,L,6,42,Late Blue Burgundy,GERMANY,NA
DVIT0443.0000C,DVIT0443,443,  K 11  7,K,11,7,Late Edessa,GREECE,NA
DVIT0443.0000D,DVIT0443,443,  K 11  8,K,11,8,Late Edessa,GREECE,NA
DVIT0445.0000D,DVIT0445,445,  K  5 56,K,5,56,Lattuario,ITALY,NA
DVIT0444.0000C,DVIT0444,444,  K  5 53,K,5,53,Laubscher's Gem,UNKNOWN,NA
DVIT0444.0000D,DVIT0444,444,  K  5 54,K,5,54,Laubscher's Gem,UNKNOWN,NA
DVIT2641.0000A,DVIT2641,2641,  L 15  3,L,15,3,Leanoy,USSR,NA
DVIT2641.0000B,DVIT2641,2641,  L 15  4,L,15,4,Leanoy,USSR,NA
DVIT0794.0000A,DVIT0794,794,  L  1 13,L,1,13,Leanyka,AUSTRIA,NA
DVIT0794.0000B,DVIT0794,794,  L  1 14,L,1,14,Leanyka,AUSTRIA,NA
DVIT0796.0000C,DVIT0796,796,  L  6 45,L,6,45,Liatico,GREECE,NA
DVIT0796.0000D,DVIT0796,796,  L  6 46,L,6,46,Liatico,GREECE,NA
DVIT1107.0000A,DVIT1107,1107,  L  1 55,L,1,55,Limberger,GERMANY,NA
DVIT1107.0000B,DVIT1107,1107,  L  1 56,L,1,56,Limberger,GERMANY,NA
DVIT0797.0000C,DVIT0797,797,  L  6 47,L,6,47,Limberger,AUSTRIA,NA
DVIT0797.0000D,DVIT0797,797,  L  6 48,L,6,48,Limberger,AUSTRIA,NA
DVIT0446.0000C,DVIT0446,446,  K  5 57,K,5,57,Littorio (i.p. 90),ITALY,GARGANEGA X VERDEA
DVIT0446.0000D,DVIT0446,446,  K  5 58,K,5,58,Littorio (i.p. 90),ITALY,GARGANEGA X VERDEA
DVIT0798.0000C,DVIT0798,798,  L 13 79,L,13,79,Loin De L'oeil,FRANCE,NA
DVIT0798.0000D,DVIT0798,798,  L 13 80,L,13,80,Loin De L'oeil,FRANCE,NA
DVIT0447.0000C,DVIT0447,447,  K 11  9,K,11,9,Lombardia,ITALY,ITALIA X ANGELO PIROVANO (P 2)
DVIT0447.0000D,DVIT0447,447,  K 11 10,K,11,10,Lombardia,ITALY,ITALIA X ANGELO PIROVANO (P 2)
DVIT0448.0000C,DVIT0448,448,  K  5 59,K,5,59,Long Emperor,UNKNOWN,NA
DVIT0448.0000D,DVIT0448,448,  K  5 60,K,5,60,Long Emperor,UNKNOWN,NA
DVIT2079.0000A,DVIT2079,2079,  L  2 13,L,2,13,Longyan,CHINA,NA
DVIT2079.0000D,DVIT2079,2079,  L  2 14,L,2,14,Longyan,CHINA,NA
DVIT2078.0000C,DVIT2078,2078,  L 13 21,L,13,21,Longyan,CHINA,NA
DVIT2078.0000D,DVIT2078,2078,  L 13 22,L,13,22,Longyan,CHINA,NA
DVIT2177.0000D,DVIT2177,2177,  K  3  7,K,3,7,Loose Perlette,USA,NA
DVIT2177.0000B,DVIT2177,2177,  K  3  8,K,3,8,Loose Perlette,USA,NA
DVIT0449.0000C,DVIT0449,449,  K  5 61,K,5,61,Luglienga,UNKNOWN,NA
DVIT0449.0000D,DVIT0449,449,  K  5 62,K,5,62,Luglienga,UNKNOWN,NA
DVIT0450.0000C,DVIT0450,450,  K  5 63,K,5,63,Luquaci Thompson,FRANCE,NA
DVIT0450.0000D,DVIT0450,450,  K  5 64,K,5,64,Luquaci Thompson,FRANCE,NA
DVIT0799.0000C,DVIT0799,799,  L  6 49,L,6,49,Macaroli,UNKNOWN,NA
DVIT0799.0000D,DVIT0799,799,  L  6 50,L,6,50,Macaroli,UNKNOWN,NA
DVIT2642.0000A,DVIT2642,2642,  K 13 31,K,13,31,Madam Matijas,YUGOSLAVIA,NA
DVIT2642.0000B,DVIT2642,2642,  K 13 32,K,13,32,Madam Matijas,YUGOSLAVIA,NA
DVIT1108.0000A,DVIT1108,1108,  K  1 49,K,1,49,Madeleine Angervine,CANADA,NA
DVIT1108.0000B,DVIT1108,1108,  K  1 50,K,1,50,Madeleine Angervine,CANADA,NA
DVIT0451.0000C,DVIT0451,451,  K  5 65,K,5,65,Madeleine Angevine,UNKNOWN,NA
DVIT0451.0000D,DVIT0451,451,  K  5 66,K,5,66,Madeleine Angevine,UNKNOWN,NA
DVIT0452.0000C,DVIT0452,452,  K 11 11,K,11,11,Madeleine Celine,FRANCE,NA
DVIT0452.0000D,DVIT0452,452,  K 11 12,K,11,12,Madeleine Celine,FRANCE,NA
DVIT3211.0000B,DVIT3211,3211,  K 16 57,K,16,57,Madeleine Royale,USA,NA
DVIT3262.0000A,DVIT3262,3262,  L 18 81,L,18,81,Madeleine Sylvaner,UNKNOWN,NA
DVIT3262.0000B,DVIT3262,3262,  L 18 82,L,18,82,Madeleine Sylvaner,UNKNOWN,NA
DVIT3361.0000A,DVIT3361,3361,  K 17 17,K,17,17,Magliasina,USA,NA
DVIT3361.0000B,DVIT3361,3361,  K 17 18,K,17,18,Magliasina,USA,NA
DVIT0800.0000C,DVIT0800,800,  L  6 51,L,6,51,Magno,UNKNOWN,NA
DVIT0800.0000E,DVIT0800,800,  L  6 52,L,6,52,Magno,UNKNOWN,NA
DVIT0454.0000D,DVIT0454,454,  K  5 70,K,5,70,Malaga Rosada,PERU,NA
DVIT0801.0000C,DVIT0801,801,  L 14  1,L,14,1,Malagusiah,GREECE,NA
DVIT0801.0000D,DVIT0801,801,  L 14  2,L,14,2,Malagusiah,GREECE,NA
DVIT0802.0000C,DVIT0802,802,  L  6 53,L,6,53,Malbec,FRANCE,NA
DVIT0802.0000D,DVIT0802,802,  L  6 54,L,6,54,Malbec,FRANCE,NA
DVIT0804.0000C,DVIT0804,804,  L 14  3,L,14,3,Malmsey,UNKNOWN,NA
DVIT0804.0000D,DVIT0804,804,  L 14  4,L,14,4,Malmsey,UNKNOWN,NA
DVIT2327.0000B,DVIT2327,2327,  K  3 33,K,3,33,Malta Seedless,UNKNOWN,NA
DVIT2327.0000C,DVIT2327,2327,  K  3 34,K,3,34,Malta Seedless,UNKNOWN,NA
DVIT0805.0000C,DVIT0805,805,  L  6 57,L,6,57,Malukato,GREECE,NA
DVIT2117.0000A,DVIT2117,2117,  L  2 27,L,2,27,Malvasia Bianca,ITALY,NA
DVIT2117.0000B,DVIT2117,2117,  L  2 28,L,2,28,Malvasia Bianca,ITALY,NA
DVIT0807.0000C,DVIT0807,807,  L  6 61,L,6,61,Malvasia Bianca,ITALY,NA
DVIT0807.0000D,DVIT0807,807,  L  6 62,L,6,62,Malvasia Bianca,ITALY,NA
DVIT0795.0000C,DVIT0795,795,  L  6 43,L,6,43,Malvasia del Chianti,GREECE,NA
DVIT0795.0000E,DVIT0795,795,  L  6 44,L,6,44,Malvasia del Chianti,GREECE,NA
DVIT0810.0000C,DVIT0810,810,  L  6 67,L,6,67,Malvasia Del Chianti,ITALY,NA
DVIT0810.0000D,DVIT0810,810,  L  6 68,L,6,68,Malvasia Del Chianti,ITALY,NA
DVIT0809.0000C,DVIT0809,809,  L  6 65,L,6,65,Malvasia Rosario,UNKNOWN,NA
DVIT0809.0000D,DVIT0809,809,  L  6 66,L,6,66,Malvasia Rosario,UNKNOWN,NA
DVIT0811.0000C,DVIT0811,811,  L  6 69,L,6,69,Malvasia Rosavenda,UNKNOWN,NA
DVIT0811.0000D,DVIT0811,811,  L  6 70,L,6,70,Malvasia Rosavenda,UNKNOWN,NA
DVIT0812.0000C,DVIT0812,812,  L  6 71,L,6,71,Malvasia Roxa,PORTUGAL,NA
DVIT0812.0000D,DVIT0812,812,  L  6 72,L,6,72,Malvasia Roxa,PORTUGAL,NA
DVIT0813.0000C,DVIT0813,813,  L  6 73,L,6,73,Malvasia Tinta,PORTUGAL,NA
DVIT0813.0000D,DVIT0813,813,  L  6 74,L,6,74,Malvasia Tinta,PORTUGAL,NA
DVIT0586.0000C,DVIT0586,586,  K  8 39,K,8,39,Mamelon,FRANCE,NA
DVIT0586.0000D,DVIT0586,586,  K  8 40,K,8,40,Mamelon,FRANCE,NA
DVIT0814.0000C,DVIT0814,814,  L  6 75,L,6,75,Mammolo Toscano,ITALY,NA
DVIT0814.0000D,DVIT0814,814,  L  6 76,L,6,76,Mammolo Toscano,ITALY,NA
DVIT0815.0000C,DVIT0815,815,  L  6 77,L,6,77,Mandilaria,GREECE,NA
DVIT0815.0000D,DVIT0815,815,  L  6 78,L,6,78,Mandilaria,GREECE,NA
DVIT1039.0000C,DVIT1039,1039,  L 11 65,L,11,65,Marditza,GREECE,NA
DVIT1039.0000D,DVIT1039,1039,  L 11 66,L,11,66,Marditza,GREECE,NA
DVIT0455.0000C,DVIT0455,455,  K  5 71,K,5,71,Marengo (P. 205),ITALY,PIROVANO 50 X DELIZIA DI VAPRIO (P 46)
DVIT0455.0000D,DVIT0455,455,  K  5 72,K,5,72,Marengo (P. 205),ITALY,PIROVANO 50 X DELIZIA DI VAPRIO (P 46)
DVIT0588.0000C,DVIT0588,588,  K  8 43,K,8,43,Maria Pirovano,ITALY,ZIBIBBO X SULTANINA BIANCA
DVIT0588.0000D,DVIT0588,588,  K  8 44,K,8,44,Maria Pirovano,ITALY,ZIBIBBO X SULTANINA BIANCA
DVIT3319.0000A,DVIT3319,3319,  K 16 79,K,16,79,Mariposa Muscat,USA,NA
DVIT3319.0000B,DVIT3319,3319,  K 16 80,K,16,80,Mariposa Muscat,USA,NA
DVIT0587.0000C,DVIT0587,587,  K  8 41,K,8,41,Markandi,GREECE,NA
DVIT0587.0000D,DVIT0587,587,  K  8 42,K,8,42,Markandi,GREECE,NA
DVIT0817.0000C,DVIT0817,817,  L  6 79,L,6,79,Marsanne,FRANCE,NA
DVIT0817.0000D,DVIT0817,817,  L  6 80,L,6,80,Marsanne,FRANCE,NA
DVIT0456.0000C,DVIT0456,456,  K  5 73,K,5,73,Marvel Of Vaucluse,UNKNOWN,NA
DVIT0456.0000D,DVIT0456,456,  K  5 74,K,5,74,Marvel Of Vaucluse,UNKNOWN,NA
DVIT0818.0000C,DVIT0818,818,  L  7  1,L,7,1,Marzemino,ITALY,NA
DVIT0818.0000D,DVIT0818,818,  L  7  2,L,7,2,Marzemino,ITALY,NA
DVIT0819.0000C,DVIT0819,819,  L  7  3,L,7,3,Mataro,SPAIN,NA
DVIT0819.0000E,DVIT0819,819,  L  7  4,L,7,4,Mataro,SPAIN,NA
DVIT0457.0000M,DVIT0457,457,  K 16 49,K,16,49,Mathiasz Y Ne #40,HUNGARY,NA
DVIT0457.0000P,DVIT0457,457,  K 16 50,K,16,50,Mathiasz Y Ne #40,HUNGARY,NA
DVIT0099.0000E,DVIT0099,99,  K 11 55,K,11,55,Mathilde,ITALY,ITALIA X CARDINAL
DVIT0099.0000F,DVIT0099,99,  K 11 56,K,11,56,Mathilde,ITALY,ITALIA X CARDINAL
DVIT2530.0000A,DVIT2530,2530,  L  2 79,L,2,79,Matum Margoon,PAKISTAN,NA
DVIT2530.0000B,DVIT2530,2530,  L  2 80,L,2,80,Matum Margoon,PAKISTAN,NA
DVIT0820.0000C,DVIT0820,820,  L  7  5,L,7,5,Mausac Blanc,UNKNOWN,NA
DVIT0820.0000D,DVIT0820,820,  L  7  6,L,7,6,Mausac Blanc,UNKNOWN,NA
DVIT0824.0000C,DVIT0824,824,  L  7 13,L,7,13,Mavro Spetzon,GREECE,NA
DVIT0824.0000D,DVIT0824,824,  L  7 14,L,7,14,Mavro Spetzon,GREECE,NA
DVIT0821.0000C,DVIT0821,821,  L  7  7,L,7,7,Mavrodaphne,GREECE,NA
DVIT0821.0000D,DVIT0821,821,  L  7  8,L,7,8,Mavrodaphne,GREECE,NA
DVIT0822.0000C,DVIT0822,822,  L  7  9,L,7,9,Mavrokorakas,GREECE,NA
DVIT0822.0000D,DVIT0822,822,  L  7 10,L,7,10,Mavrokorakas,GREECE,NA
DVIT1040.0000C,DVIT1040,1040,  L 11 67,L,11,67,Mavroliatis,GREECE,NA
DVIT1040.0000D,DVIT1040,1040,  L 11 68,L,11,68,Mavroliatis,GREECE,NA
DVIT1041.0000C,DVIT1041,1041,  L 11 69,L,11,69,Mavroudi,GREECE,NA
DVIT1041.0000D,DVIT1041,1041,  L 11 70,L,11,70,Mavroudi,GREECE,NA
DVIT2061.0000C,DVIT2061,2061,  L 13  7,L,13,7,Mavroudi School Of Patras,GREECE,NA
DVIT2061.0000D,DVIT2061,2061,  L 13  8,L,13,8,Mavroudi School Of Patras,GREECE,NA
DVIT0823.0000C,DVIT0823,823,  L  7 11,L,7,11,Mavrovomaico,GREECE,NA
DVIT0823.0000D,DVIT0823,823,  L  7 12,L,7,12,Mavrovomaico,GREECE,NA
DVIT0825.0000C,DVIT0825,825,  L  7 15,L,7,15,Melon,FRANCE,NA
DVIT0825.0000D,DVIT0825,825,  L  7 16,L,7,16,Melon,FRANCE,NA
DVIT0458.0000C,DVIT0458,458,  K  5 77,K,5,77,Memory Of Queen Elizabeth,AUSTRIA,NA
DVIT0458.0000D,DVIT0458,458,  K  5 78,K,5,78,Memory Of Queen Elizabeth,AUSTRIA,NA
DVIT0826.0000C,DVIT0826,826,  L  7 17,L,7,17,Merlot,FRANCE,NA
DVIT0826.0000D,DVIT0826,826,  L  7 18,L,7,18,Merlot,FRANCE,NA
DVIT2682.0000A,DVIT2682,2682,  L 15 37,L,15,37,Merlot,ITALY,NA
DVIT2682.0000B,DVIT2682,2682,  L 15 38,L,15,38,Merlot,ITALY,NA
DVIT1042.0000C,DVIT1042,1042,  L 11 71,L,11,71,Mermark,IRAQ,NA
DVIT1042.0000D,DVIT1042,1042,  L 11 72,L,11,72,Mermark,IRAQ,NA
DVIT0827.0000C,DVIT0827,827,  L  7 19,L,7,19,Meslier,ITALY,NA
DVIT0827.0000D,DVIT0827,827,  L  7 20,L,7,20,Meslier,ITALY,NA
DVIT0828.0000C,DVIT0828,828,  L  7 21,L,7,21,Meunier,FRANCE,NA
DVIT0828.0000D,DVIT0828,828,  L  7 22,L,7,22,Meunier,FRANCE,NA
DVIT0829.0000A,DVIT0829,829,  L  1 17,L,1,17,Mezes,AUSTRIA,NA
DVIT0829.0000B,DVIT0829,829,  L  1 18,L,1,18,Mezes,AUSTRIA,NA
DVIT2748.0000B,DVIT2748,2748,  L 15 72,L,15,72,Michurinetz,USSR,NA
DVIT1307.0000E,DVIT1307,1307,  K 10  5,K,10,5,Midget Thompson Seedless,UNKNOWN,NA
DVIT1307.0000D,DVIT1307,1307,  K 10  6,K,10,6,Midget Thompson Seedless,UNKNOWN,NA
DVIT0830.0000C,DVIT0830,830,  L  7 23,L,7,23,Migdali,GREECE,NA
DVIT0830.0000D,DVIT0830,830,  L  7 24,L,7,24,Migdali,GREECE,NA
DVIT2498.0000C,DVIT2498,2498,  K 12 75,K,12,75,Millishun,PAKISTAN,NA
DVIT2498.0000D,DVIT2498,2498,  K 12 76,K,12,76,Millishun,PAKISTAN,NA
DVIT0459.0000C,DVIT0459,459,  K  5 79,K,5,79,Milton,FRANCE,NA
DVIT0459.0000D,DVIT0459,459,  K  5 80,K,5,80,Milton,FRANCE,NA
DVIT0831.0000C,DVIT0831,831,  L  7 25,L,7,25,Mission,USA,NA
DVIT0831.0000D,DVIT0831,831,  L  7 26,L,7,26,Mission,USA,NA
DVIT0832.0000C,DVIT0832,832,  L  7 27,L,7,27,Mission Jalama,UNKNOWN,NA
DVIT0832.0000E,DVIT0832,832,  L  7 28,L,7,28,Mission Jalama,UNKNOWN,NA
DVIT0460.0000D,DVIT0460,460,  K  6  2,K,6,2,Monakka,AFGHANISTAN,NA
DVIT0834.0000C,DVIT0834,834,  L  7 31,L,7,31,Mondeuse,FRANCE,NA
DVIT0834.0000D,DVIT0834,834,  L  7 32,L,7,32,Mondeuse,FRANCE,NA
DVIT0836.0000F,DVIT0836,836,  L 14  5,L,14,5,Montanaccio,FRANCE,NA
DVIT0836.0000D,DVIT0836,836,  L 14  6,L,14,6,Montanaccio,FRANCE,NA
DVIT0835.0000C,DVIT0835,835,  L  7 33,L,7,33,Montils,ITALY,NA
DVIT0835.0000D,DVIT0835,835,  L  7 34,L,7,34,Montils,ITALY,NA
DVIT0837.0000E,DVIT0837,837,  L  7 36,L,7,36,Montils,FRANCE,NA
DVIT0462.0000C,DVIT0462,462,  K  6 11,K,6,11,Monukka,AFGHANISTAN,NA
DVIT0462.0000D,DVIT0462,462,  K  6 12,K,6,12,Monukka,AFGHANISTAN,NA
DVIT0461.0000C,DVIT0461,461,  L  3  1,L,3,1,Morescono,ITALY,NA
DVIT0461.0000E,DVIT0461,461,  L  3  2,L,3,2,Morescono,ITALY,NA
DVIT3261.0000A,DVIT3261,3261,  L 18 79,L,18,79,Morio Muscat,UNKNOWN,Silvaner x Pinot Blanc
DVIT3261.0000B,DVIT3261,3261,  L 18 80,L,18,80,Morio Muscat,UNKNOWN,Silvaner x Pinot Blanc
DVIT0839.0000C,DVIT0839,839,  L 14  7,L,14,7,Morrastel,FRANCE,NA
DVIT0839.0000D,DVIT0839,839,  L 14  8,L,14,8,Morrastel,FRANCE,NA
DVIT0840.0000C,DVIT0840,840,  L 14  9,L,14,9,Mortagua,PORTUGAL,NA
DVIT0840.0000D,DVIT0840,840,  L 14 10,L,14,10,Mortagua,PORTUGAL,NA
DVIT0842.0000G,DVIT0842,842,  L  7 41,L,7,41,Moscatel Galego,PORTUGAL,NA
DVIT0842.0000F,DVIT0842,842,  L  7 42,L,7,42,Moscatel Galego,PORTUGAL,NA
DVIT2328.0000A,DVIT2328,2328,  K  3 35,K,3,35,Moscatel Ros. De Blas,ARGENTINA,NA
DVIT2328.0000B,DVIT2328,2328,  K  3 36,K,3,36,Moscatel Ros. De Blas,ARGENTINA,NA
DVIT0844.0000E,DVIT0844,844,  L  7 45,L,7,45,Moscato Bianco,ITALY,NA
DVIT0844.0000F,DVIT0844,844,  L  7 46,L,7,46,Moscato Bianco,ITALY,NA
DVIT2109.0000A,DVIT2109,2109,  K  2 29,K,2,29,Moscato D'adda,ITALY,MUSCAT HAMBURG S. P.
DVIT2109.0000B,DVIT2109,2109,  K  2 30,K,2,30,Moscato D'adda,ITALY,MUSCAT HAMBURG S. P.
DVIT3317.0000A,DVIT3317,3317,  K 16 77,K,16,77,Moscato Di Terracina,USA,NA
DVIT3317.0000B,DVIT3317,3317,  K 16 78,K,16,78,Moscato Di Terracina,USA,NA
DVIT0864.0000C,DVIT0864,864,  L  7 75,L,7,75,Moscato Di Terracina,ITALY,NA
DVIT0864.0000D,DVIT0864,864,  L  7 76,L,7,76,Moscato Di Terracina,ITALY,NA
DVIT2062.0000C,DVIT2062,2062,  L 13  9,L,13,9,Moscato Jesus,UNKNOWN,NA
DVIT2062.0000E,DVIT2062,2062,  L 13 10,L,13,10,Moscato Jesus,UNKNOWN,NA
DVIT0845.0000C,DVIT0845,845,  L  7 47,L,7,47,Moscato Mavro,GREECE,NA
DVIT0845.0000E,DVIT0845,845,  L  7 48,L,7,48,Moscato Mavro,GREECE,NA
DVIT0846.0000C,DVIT0846,846,  L 14 11,L,14,11,Moscato Samos,GREECE,NA
DVIT0846.0000D,DVIT0846,846,  L 14 12,L,14,12,Moscato Samos,GREECE,NA
DVIT0847.0000C,DVIT0847,847,  L  7 49,L,7,49,Moschardina,GREECE,NA
DVIT0847.0000D,DVIT0847,847,  L  7 50,L,7,50,Moschardina,GREECE,NA
DVIT1043.0000C,DVIT1043,1043,  L 11 73,L,11,73,Mosho Patata,GREECE,NA
DVIT1043.0000D,DVIT1043,1043,  L 11 74,L,11,74,Mosho Patata,GREECE,NA
DVIT0849.0000C,DVIT0849,849,  L  7 53,L,7,53,Mourisco,PORTUGAL,NA
DVIT0849.0000E,DVIT0849,849,  L  7 54,L,7,54,Mourisco,PORTUGAL,NA
DVIT0850.0000C,DVIT0850,850,  L  7 55,L,7,55,Mourisco Branco,PORTUGAL,NA
DVIT0850.0000D,DVIT0850,850,  L  7 56,L,7,56,Mourisco Branco,PORTUGAL,NA
DVIT0319.0000C,DVIT0319,319,  K  3 71,K,3,71,Mourvedre Famellestadt,GERMANY,NA
DVIT0319.0000D,DVIT0319,319,  K  3 72,K,3,72,Mourvedre Famellestadt,GERMANY,NA
DVIT0851.0000C,DVIT0851,851,  L  7 57,L,7,57,Mouska,GREECE,NA
DVIT0851.0000D,DVIT0851,851,  L  7 58,L,7,58,Mouska,GREECE,NA
DVIT2160.0000A,DVIT2160,2160,  K  2 59,K,2,59,Mrs Pince Black Muscat,UNITED KINGDOM,PINCE'S BLACK
DVIT2160.0000B,DVIT2160,2160,  K  2 60,K,2,60,Mrs Pince Black Muscat,UNITED KINGDOM,PINCE'S BLACK
DVIT0853.0000C,DVIT0853,853,  L  7 61,L,7,61,Mueller-thurgau,AUSTRIA,NA
DVIT0853.0000E,DVIT0853,853,  L  7 62,L,7,62,Mueller-thurgau,AUSTRIA,NA
DVIT2046.0000D,DVIT2046,2046,  K  9 74,K,9,74,Munuka Sufed,UNKNOWN,NA
DVIT0854.0000C,DVIT0854,854,  L  7 63,L,7,63,Mureto,PORTUGAL,NA
DVIT0854.0000D,DVIT0854,854,  L  7 64,L,7,64,Mureto,PORTUGAL,NA
DVIT0320.0000B,DVIT0320,320,  K  1  6,K,1,6,Murma Isium,GERMANY,NA
DVIT0855.0000C,DVIT0855,855,  L  7 65,L,7,65,Muscadelle De Bordelais,UNKNOWN,NA
DVIT0855.0000D,DVIT0855,855,  L  7 66,L,7,66,Muscadelle De Bordelais,UNKNOWN,NA
DVIT2170.0000A,DVIT2170,2170,  K  2 77,K,2,77,Muscat Blanc,FRANCE,NA
DVIT2170.0000B,DVIT2170,2170,  K  2 78,K,2,78,Muscat Blanc,FRANCE,NA
DVIT0463.0000B,DVIT0463,463,  K 11 69,K,11,69,Muscat Bowood,EGYPT,NA
DVIT0463.0000C,DVIT0463,463,  K 11 70,K,11,70,Muscat Bowood,EGYPT,NA
DVIT1313.0000C,DVIT1313,1313,  K  9 25,K,9,25,Muscat Br39,UNKNOWN,NA
DVIT1313.0000D,DVIT1313,1313,  K  9 26,K,9,26,Muscat Br39,UNKNOWN,NA
DVIT2389.0000A,DVIT2389,2389,  K  3 43,K,3,43,Muscat Caillaba,UNKNOWN,NA
DVIT2389.0000B,DVIT2389,2389,  K  3 44,K,3,44,Muscat Caillaba,UNKNOWN,NA
DVIT0856.0000C,DVIT0856,856,  L 14 35,L,14,35,Muscat Canelli,FRANCE,NA
DVIT0856.0000D,DVIT0856,856,  L 14 36,L,14,36,Muscat Canelli,FRANCE,NA
DVIT0858.0000C,DVIT0858,858,  L  7 69,L,7,69,Muscat Crime,UNKNOWN,NA
DVIT0858.0000D,DVIT0858,858,  L  7 70,L,7,70,Muscat Crime,UNKNOWN,NA
DVIT2166.0000A,DVIT2166,2166,  K  2 69,K,2,69,Muscat De L'adda,FRANCE,MUSCAT HAMBURG S.P.
DVIT2166.0000B,DVIT2166,2166,  K  2 70,K,2,70,Muscat De L'adda,FRANCE,MUSCAT HAMBURG S.P.
DVIT2063.0000C,DVIT2063,2063,  L 13 11,L,13,11,Muscat De Pantellana,UNKNOWN,NA
DVIT2063.0000D,DVIT2063,2063,  L 13 12,L,13,12,Muscat De Pantellana,UNKNOWN,NA
DVIT0467.0000C,DVIT0467,467,  K  6  7,K,6,7,Muscat Flame,UNKNOWN,NA
DVIT0467.0000D,DVIT0467,467,  K  6  8,K,6,8,Muscat Flame,UNKNOWN,NA
DVIT0859.0000C,DVIT0859,859,  L  7 71,L,7,71,Muscat Galego,PORTUGAL,NA
DVIT0859.0000E,DVIT0859,859,  L  7 72,L,7,72,Muscat Galego,PORTUGAL,NA
DVIT0464.0000C,DVIT0464,464,  K  6  3,K,6,3,Muscat Gros Noir Hatif,FRANCE,NA
DVIT0464.0000D,DVIT0464,464,  K  6  4,K,6,4,Muscat Gros Noir Hatif,FRANCE,NA
DVIT0468.0000C,DVIT0468,468,  K  6  9,K,6,9,Muscat Hamburg,UNITED KINGDOM,SCHIAVA GROSSA X MUSCAT OF ALEXANDRIA
DVIT0468.0000E,DVIT0468,468,  K  6 10,K,6,10,Muscat Hamburg,UNITED KINGDOM,SCHIAVA GROSSA X MUSCAT OF ALEXANDRIA
DVIT0860.0000C,DVIT0860,860,  K  9 11,K,9,11,Muscat Hamburg,UNITED KINGDOM,SCHIAVA GROSSA X MUSCAT OF ALEXANDRIA
DVIT0860.0000D,DVIT0860,860,  K  9 12,K,9,12,Muscat Hamburg,UNITED KINGDOM,SCHIAVA GROSSA X MUSCAT OF ALEXANDRIA
DVIT1059.0000C,DVIT1059,1059,  K  9 17,K,9,17,Muscat Hamburg,DENMARK,SCHIAVA GROSSA X MUSCAT OF ALEXANDRIA
DVIT1059.0000D,DVIT1059,1059,  K  9 18,K,9,18,Muscat Hamburg,DENMARK,SCHIAVA GROSSA X MUSCAT OF ALEXANDRIA
DVIT0469.0000E,DVIT0469,469,  K 11 13,K,11,13,Muscat Noir,FRANCE,NA
DVIT0469.0000D,DVIT0469,469,  K 11 14,K,11,14,Muscat Noir,FRANCE,NA
DVIT0470.0000C,DVIT0470,470,  K  6 13,K,6,13,Muscat Noir De Hongrie,UNKNOWN,NA
DVIT0470.0000D,DVIT0470,470,  K  6 14,K,6,14,Muscat Noir De Hongrie,UNKNOWN,NA
DVIT0466.0000C,DVIT0466,466,  K  6  5,K,6,5,Muscat Of Alexandria,EGYPT,NA
DVIT0466.0000D,DVIT0466,466,  K  6  6,K,6,6,Muscat Of Alexandria,EGYPT,NA
DVIT0465.0000C,DVIT0465,465,  K 11 71,K,11,71,Muscat Of Alexandria,EGYPT,NA
DVIT0465.0000D,DVIT0465,465,  K 11 72,K,11,72,Muscat Of Alexandria,EGYPT,NA
DVIT0841.0000C,DVIT0841,841,  L  7 39,L,7,39,Muscat of Alexandria,PORTUGAL,NA
DVIT0841.0000E,DVIT0841,841,  L  7 40,L,7,40,Muscat of Alexandria,PORTUGAL,NA
DVIT0843.0000C,DVIT0843,843,  L  7 43,L,7,43,Muscat of Alexandria,GREECE,NA
DVIT0843.0000F,DVIT0843,843,  L  7 44,L,7,44,Muscat of Alexandria,GREECE,NA
DVIT2390.0000A,DVIT2390,2390,  K  3 45,K,3,45,Muscat Of Hungary,HUNGARY,NA
DVIT2390.0000B,DVIT2390,2390,  K  3 46,K,3,46,Muscat Of Hungary,HUNGARY,NA
DVIT2643.0000A,DVIT2643,2643,  K 13 33,K,13,33,Muscat Oliver,YUGOSLAVIA,NA
DVIT2643.0000B,DVIT2643,2643,  K 13 34,K,13,34,Muscat Oliver,YUGOSLAVIA,NA
DVIT0861.0000C,DVIT0861,861,  L  7 73,L,7,73,Muscat Ottonel,AUSTRIA,NA
DVIT0861.0000D,DVIT0861,861,  L  7 74,L,7,74,Muscat Ottonel,AUSTRIA,NA
DVIT3218.0000I,DVIT3218,3218,  K 16 67,K,16,67,Muscat Pappo,USA,NA
DVIT3218.0000J,DVIT3218,3218,  K 16 68,K,16,68,Muscat Pappo,USA,NA
DVIT1656.0000E,DVIT1656,1656,  K  9 49,K,9,49,Muscat Rouge Fouce,FRANCE,NA
DVIT1656.0000F,DVIT1656,1656,  K  9 50,K,9,50,Muscat Rouge Fouce,FRANCE,NA
DVIT0471.0000A,DVIT0471,471,  K  1 17,K,1,17,Muscat St. Laurent,FRANCE,NA
DVIT0471.0000B,DVIT0471,471,  K  1 18,K,1,18,Muscat St. Laurent,FRANCE,NA
DVIT0862.0000F,DVIT0862,862,  K  9 13,K,9,13,Muscat St. Laurent,FRANCE,NA
DVIT0862.0000D,DVIT0862,862,  K  9 14,K,9,14,Muscat St. Laurent,FRANCE,NA
DVIT0472.0000C,DVIT0472,472,  K  6 15,K,6,15,Muscat Szauter,UNKNOWN,NA
DVIT0472.0000D,DVIT0472,472,  K  6 16,K,6,16,Muscat Szauter,UNKNOWN,NA
DVIT0863.0000C,DVIT0863,863,  L 14 37,L,14,37,Muscat Szauter,UNKNOWN,NA
DVIT0863.0000D,DVIT0863,863,  L 14 38,L,14,38,Muscat Szauter,UNKNOWN,NA
DVIT0473.0000C,DVIT0473,473,  K  6 17,K,6,17,Muscat Talebot,FRANCE,NA
DVIT0473.0000D,DVIT0473,473,  K  6 18,K,6,18,Muscat Talebot,FRANCE,NA
DVIT2256.0000A,DVIT2256,2256,  K  3  9,K,3,9,Muscato Vidor,UNKNOWN,NA
DVIT2256.0000B,DVIT2256,2256,  K  3 10,K,3,10,Muscato Vidor,UNKNOWN,NA
DVIT0865.0000C,DVIT0865,865,  L  7 77,L,7,77,Naboda,UNKNOWN,NA
DVIT0865.0000D,DVIT0865,865,  L  7 78,L,7,78,Naboda,UNKNOWN,NA
DVIT2511.0000B,DVIT2511,2511,  K 13  5,K,13,5,Namonia,PAKISTAN,NA
DVIT2511.0000C,DVIT2511,2511,  K 13  6,K,13,6,Namonia,PAKISTAN,NA
DVIT0866.0000C,DVIT0866,866,  L  7 79,L,7,79,Nasa Veltliner,UNKNOWN,NA
DVIT0866.0000D,DVIT0866,866,  L  7 80,L,7,80,Nasa Veltliner,UNKNOWN,NA
DVIT0867.0000C,DVIT0867,867,  L  8  1,L,8,1,Nebbiolo,ITALY,NA
DVIT0867.0000D,DVIT0867,867,  L  8  2,L,8,2,Nebbiolo,ITALY,NA
DVIT0868.0000C,DVIT0868,868,  L  8  3,L,8,3,Nebbiolo Bourgu,UNKNOWN,NA
DVIT0868.0000E,DVIT0868,868,  L  8  4,L,8,4,Nebbiolo Bourgu,UNKNOWN,NA
DVIT0869.0000C,DVIT0869,869,  L  8  5,L,8,5,Nebbiolo Fino,ITALY,NA
DVIT0869.0000E,DVIT0869,869,  L  8  6,L,8,6,Nebbiolo Fino,ITALY,NA
DVIT2921.0000A,DVIT2921,2921,  L 16  3,L,16,3,Nebbiolo Michet,ITALY,NA
DVIT2921.0000B,DVIT2921,2921,  L 16  4,L,16,4,Nebbiolo Michet,ITALY,NA
DVIT0871.0000C,DVIT0871,871,  L  8  7,L,8,7,Nebbiolo Tronero,UNKNOWN,NA
DVIT0871.0000D,DVIT0871,871,  L  8  8,L,8,8,Nebbiolo Tronero,UNKNOWN,NA
DVIT2514.0000C,DVIT2514,2514,  K 14 41,K,14,41,Neeli,PAKISTAN,NA
DVIT2514.0000D,DVIT2514,2514,  K 14 42,K,14,42,Neeli,PAKISTAN,NA
DVIT2507.0000E,DVIT2507,2507,  K 14 35,K,14,35,Neelilay,PAKISTAN,NA
DVIT2507.0000F,DVIT2507,2507,  K 14 36,K,14,36,Neelilay,PAKISTAN,NA
DVIT0870.0999C,DVIT0870,870,  L  2 50,L,2,50,Negrara Gattinara,UNKNOWN,NA
DVIT2329.0000A,DVIT2329,2329,  L  2 55,L,2,55,Negrette,FRANCE,NA
DVIT2329.0000B,DVIT2329,2329,  L  2 56,L,2,56,Negrette,FRANCE,NA
DVIT0872.0000C,DVIT0872,872,  L  8  9,L,8,9,Negro Amaro,ITALY,NA
DVIT0872.0000D,DVIT0872,872,  L  8 10,L,8,10,Negro Amaro,ITALY,NA
DVIT2644.0000A,DVIT2644,2644,  L 15  5,L,15,5,Negru Virtos,ROMANIA,NA
DVIT2644.0000B,DVIT2644,2644,  L 15  6,L,15,6,Negru Virtos,ROMANIA,NA
DVIT0873.0000C,DVIT0873,873,  L  8 11,L,8,11,Neiretta,UNKNOWN,NA
DVIT0873.0000D,DVIT0873,873,  L  8 12,L,8,12,Neiretta,UNKNOWN,NA
DVIT0875.0000C,DVIT0875,875,  L  8 15,L,8,15,Neiretto Verzuolo,ITALY,NA
DVIT0875.0000D,DVIT0875,875,  L  8 16,L,8,16,Neiretto Verzuolo,ITALY,NA
DVIT2645.0000A,DVIT2645,2645,  K 13 35,K,13,35,Neo-Muscat,JAPAN,NA
DVIT2645.0000B,DVIT2645,2645,  K 13 36,K,13,36,Neo-Muscat,JAPAN,NA
DVIT0874.0000C,DVIT0874,874,  L  8 13,L,8,13,Nerello Calabrese,ITALY,NA
DVIT0874.0000D,DVIT0874,874,  L  8 14,L,8,14,Nerello Calabrese,ITALY,NA
DVIT0474.0000E,DVIT0474,474,  K  6 19,K,6,19,Netter,ISRAEL,DABUKI X MUSCAT HAMBURG
DVIT0474.0000F,DVIT0474,474,  K  6 20,K,6,20,Netter,ISRAEL,DABUKI X MUSCAT HAMBURG
DVIT0876.0000C,DVIT0876,876,  L  8 17,L,8,17,Niaropes,GREECE,NA
DVIT0876.0000D,DVIT0876,876,  L  8 18,L,8,18,Niaropes,GREECE,NA
DVIT0475.0000C,DVIT0475,475,  K  6 21,K,6,21,Nicolas Horthy #39,HUNGARY,"CHASSELAS, MICHEL TOMPA X MATHIASZ JANOSNE"
DVIT0475.0000D,DVIT0475,475,  K  6 22,K,6,22,Nicolas Horthy #39,HUNGARY,"CHASSELAS, MICHEL TOMPA X MATHIASZ JANOSNE"
DVIT2504.0000A,DVIT2504,2504,  K 14 33,K,14,33,Nilok,PAKISTAN,NA
DVIT2504.0000B,DVIT2504,2504,  K 14 34,K,14,34,Nilok,PAKISTAN,NA
DVIT3245.0000A,DVIT3245,3245,  K 16 71,K,16,71,Nimrang,SOVIET UNION,NA
DVIT3245.0000B,DVIT3245,3245,  K 16 72,K,16,72,Nimrang,SOVIET UNION,NA
DVIT0476.0000C,DVIT0476,476,  K  6 23,K,6,23,Nimrang #58,USSR,NA
DVIT0476.0000D,DVIT0476,476,  K  6 24,K,6,24,Nimrang #58,USSR,NA
DVIT2094.0000A,DVIT2094,2094,  K  2 17,K,2,17,Niunai,CHINA,NA
DVIT2094.0000B,DVIT2094,2094,  K  2 18,K,2,18,Niunai,CHINA,NA
DVIT2104.0000A,DVIT2104,2104,  K  2 25,K,2,25,Niunai,CHINA,NA
DVIT2104.0000B,DVIT2104,2104,  K  2 26,K,2,26,Niunai,CHINA,NA
DVIT0477.0000C,DVIT0477,477,  K 11 15,K,11,15,Nocera,ITALY,NA
DVIT0330.0000E,DVIT0330,330,  K  4  3,K,4,3,Noir D'automne,USSR,NA
DVIT0330.0000D,DVIT0330,330,  K  4  4,K,4,4,Noir D'automne,USSR,NA
DVIT2257.0000A,DVIT2257,2257,  K  3 11,K,3,11,Nonno Giovanni,UNKNOWN,NA
DVIT2257.0000B,DVIT2257,2257,  K  3 12,K,3,12,Nonno Giovanni,UNKNOWN,NA
DVIT2683.0000A,DVIT2683,2683,  K 13 67,K,13,67,Norakert PRG 2224,USSR,Seyanets Malengra x Arakseni Belyi
DVIT2683.0000B,DVIT2683,2683,  K 13 68,K,13,68,Norakert PRG 2224,USSR,Seyanets Malengra x Arakseni Belyi
DVIT2533.0000E,DVIT2533,2533,  K 13 15,K,13,15,Nosargoon,PAKISTAN,NA
DVIT2533.0000F,DVIT2533,2533,  K 13 16,K,13,16,Nosargoon,PAKISTAN,NA
DVIT2045.0000A,DVIT2045,2045,  K  1 65,K,1,65,Nunaka Sia,UNKNOWN,NA
DVIT2045.0000B,DVIT2045,2045,  K  1 66,K,1,66,Nunaka Sia,UNKNOWN,NA
DVIT2922.0000A,DVIT2922,2922,  L 16  5,L,16,5,Oddball,UNKNOWN,NA
DVIT2922.0000I,DVIT2922,2922,  L 16  6,L,16,6,Oddball,UNKNOWN,NA
DVIT0878.0000C,DVIT0878,878,  K 11 75,K,11,75,Oeillade Noire,FRANCE,NA
DVIT0878.0000J,DVIT0878,878,  K 11 76,K,11,76,Oeillade Noire,FRANCE,NA
DVIT0478.0000B,DVIT0478,478,  K  6 25,K,6,25,Ohanes,SPAIN,NA
DVIT0478.0000F,DVIT0478,478,  K  6 26,K,6,26,Ohanes,SPAIN,NA
DVIT0877.0000C,DVIT0877,877,  L  8 19,L,8,19,Oki di Boi,UNKNOWN,NA
DVIT0877.0000D,DVIT0877,877,  L  8 20,L,8,20,Oki di Boi,UNKNOWN,NA
DVIT0589.0000C,DVIT0589,589,  K  8 45,K,8,45,Olho De Pargo,PORTUGAL,NA
DVIT0589.0000D,DVIT0589,589,  K  8 46,K,8,46,Olho De Pargo,PORTUGAL,NA
DVIT0590.0000C,DVIT0590,590,  K  8 47,K,8,47,Olivette Bauthelet,FRANCE,CORNICHON BLANC X OLIVETTE BLANCHE
DVIT0590.0000D,DVIT0590,590,  K  8 48,K,8,48,Olivette Bauthelet,FRANCE,CORNICHON BLANC X OLIVETTE BLANCHE
DVIT0479.0000C,DVIT0479,479,  K  6 27,K,6,27,Olivette Blanche,FRANCE,NA
DVIT0479.0000D,DVIT0479,479,  K  6 28,K,6,28,Olivette Blanche,FRANCE,NA
DVIT0480.0000C,DVIT0480,480,  K  6 29,K,6,29,Olivette Blanche,FRANCE,NA
DVIT0480.0000D,DVIT0480,480,  K  6 30,K,6,30,Olivette Blanche,FRANCE,NA
DVIT1306.0000C,DVIT1306,1306,  K 10  3,K,10,3,Olivette Noir,FRANCE,NA
DVIT1306.0000D,DVIT1306,1306,  K 10  4,K,10,4,Olivette Noir,FRANCE,NA
DVIT1657.0000C,DVIT1657,1657,  K  9 51,K,9,51,Olivette Noire,FRANCE,NA
DVIT1657.0000D,DVIT1657,1657,  K  9 52,K,9,52,Olivette Noire,FRANCE,NA
DVIT0481.0000C,DVIT0481,481,  K  6 31,K,6,31,Olivette Rose,FRANCE,NA
DVIT0481.0000D,DVIT0481,481,  K  6 32,K,6,32,Olivette Rose,FRANCE,NA
DVIT0482.0000E,DVIT0482,482,  K  6 33,K,6,33,Olivette Vendemien,FRANCE,NA
DVIT0482.0000D,DVIT0482,482,  K  6 34,K,6,34,Olivette Vendemien,FRANCE,NA
DVIT1796.0000D,DVIT1796,1796,  K 12 11,K,12,11,Olmo (030-33),AFGHANISTAN,From Olmo Afghanistan collection
DVIT1796.0000E,DVIT1796,1796,  K 12 12,K,12,12,Olmo (030-33),AFGHANISTAN,From Olmo Afghanistan collection
DVIT1797.0000D,DVIT1797,1797,  K 12 13,K,12,13,Olmo (030-37),AFGHANISTAN,From Olmo Afghanistan collection
DVIT1797.0000C,DVIT1797,1797,  K 12 14,K,12,14,Olmo (030-37),AFGHANISTAN,From Olmo Afghanistan collection
DVIT1798.0000E,DVIT1798,1798,  K 12 15,K,12,15,Olmo (030-44),AFGHANISTAN,From Olmo Afghanistan collection
DVIT1798.0000F,DVIT1798,1798,  K 12 16,K,12,16,Olmo (030-44),AFGHANISTAN,From Olmo Afghanistan collection
DVIT1799.0000D,DVIT1799,1799,  K 12 17,K,12,17,Olmo (030-51),AFGHANISTAN,From Olmo Afghanistan collection
DVIT1799.0000C,DVIT1799,1799,  K 12 18,K,12,18,Olmo (030-51),AFGHANISTAN,From Olmo Afghanistan collection
DVIT1800.0000D,DVIT1800,1800,  K 12 19,K,12,19,Olmo (030-53),AFGHANISTAN,From Olmo Afghanistan collection
DVIT1800.0000C,DVIT1800,1800,  K 12 20,K,12,20,Olmo (030-53),AFGHANISTAN,From Olmo Afghanistan collection
DVIT1801.0000D,DVIT1801,1801,  K 12 21,K,12,21,Olmo (033-50),AFGHANISTAN,From Olmo Afghanistan collection
DVIT1801.0000C,DVIT1801,1801,  K 12 22,K,12,22,Olmo (033-50),AFGHANISTAN,From Olmo Afghanistan collection
DVIT1802.0000D,DVIT1802,1802,  K 12 23,K,12,23,Olmo (033-60),AFGHANISTAN,From Olmo Afghanistan collection
DVIT1802.0000C,DVIT1802,1802,  K 12 24,K,12,24,Olmo (033-60),AFGHANISTAN,From Olmo Afghanistan collection
DVIT1803.0000E,DVIT1803,1803,  K 12 25,K,12,25,Olmo (034-16),AFGHANISTAN,From Olmo Afghanistan collection
DVIT1803.0000D,DVIT1803,1803,  K 12 26,K,12,26,Olmo (034-16),AFGHANISTAN,From Olmo Afghanistan collection
DVIT1805.0000D,DVIT1805,1805,  K 12 29,K,12,29,Olmo (034-26),AFGHANISTAN,From Olmo Afghanistan collection
DVIT1805.0000C,DVIT1805,1805,  K 12 30,K,12,30,Olmo (034-26),AFGHANISTAN,From Olmo Afghanistan collection
DVIT1804.0000D,DVIT1804,1804,  K 12 27,K,12,27,Olmo (034-29),AFGHANISTAN,From Olmo Afghanistan collection
DVIT1804.0000C,DVIT1804,1804,  K 12 28,K,12,28,Olmo (034-29),AFGHANISTAN,From Olmo Afghanistan collection
DVIT1806.0000E,DVIT1806,1806,  K 12 31,K,12,31,Olmo (034-54),AFGHANISTAN,From Olmo Afghanistan collection
DVIT1806.0000F,DVIT1806,1806,  K 12 32,K,12,32,Olmo (034-54),AFGHANISTAN,From Olmo Afghanistan collection
DVIT1807.0000C,DVIT1807,1807,  K 12 33,K,12,33,Olmo (034-55),AFGHANISTAN,From Olmo Afghanistan collection
DVIT1807.0000D,DVIT1807,1807,  K 12 34,K,12,34,Olmo (034-55),AFGHANISTAN,From Olmo Afghanistan collection
DVIT1808.0000D,DVIT1808,1808,  K 12 35,K,12,35,Olmo (035-07),AFGHANISTAN,From Olmo Afghanistan collection
DVIT1808.0000C,DVIT1808,1808,  K 12 36,K,12,36,Olmo (035-07),AFGHANISTAN,From Olmo Afghanistan collection
DVIT1809.0000E,DVIT1809,1809,  K 12 37,K,12,37,Olmo (035-11),AFGHANISTAN,From Olmo Afghanistan collection
DVIT1809.0000C,DVIT1809,1809,  K 12 38,K,12,38,Olmo (035-11),AFGHANISTAN,From Olmo Afghanistan collection
DVIT1811.0000C,DVIT1811,1811,  K 12 41,K,12,41,Olmo (035-41),AFGHANISTAN,From Olmo Afghanistan collection
DVIT1811.0000D,DVIT1811,1811,  K 12 42,K,12,42,Olmo (035-41),AFGHANISTAN,From Olmo Afghanistan collection
DVIT1812.0000E,DVIT1812,1812,  K 12 43,K,12,43,Olmo (035-47),AFGHANISTAN,From Olmo Afghanistan collection
DVIT1812.0000D,DVIT1812,1812,  K 12 44,K,12,44,Olmo (035-47),AFGHANISTAN,From Olmo Afghanistan collection
DVIT1813.0000E,DVIT1813,1813,  K 12 45,K,12,45,Olmo (035-50),AFGHANISTAN,From Olmo Afghanistan collection
DVIT1813.0000C,DVIT1813,1813,  K 12 46,K,12,46,Olmo (035-50),AFGHANISTAN,From Olmo Afghanistan collection
DVIT1814.0000D,DVIT1814,1814,  K 12 47,K,12,47,Olmo (035-58),AFGHANISTAN,From Olmo Afghanistan collection
DVIT1814.0000C,DVIT1814,1814,  K 12 48,K,12,48,Olmo (035-58),AFGHANISTAN,From Olmo Afghanistan collection
DVIT1816.0000F,DVIT1816,1816,  K 12 51,K,12,51,Olmo (035-64),AFGHANISTAN,From Olmo Afghanistan collection
DVIT1816.0000E,DVIT1816,1816,  K 12 52,K,12,52,Olmo (035-64),AFGHANISTAN,From Olmo Afghanistan collection
DVIT2749.0000A,DVIT2749,2749,  K 14 79,K,14,79,Olmo 18-226 D,USA,NA
DVIT2749.0000B,DVIT2749,2749,  K 14 80,K,14,80,Olmo 18-226 D,USA,NA
DVIT2750.0000A,DVIT2750,2750,  K 15  1,K,15,1,Olmo 19-25 D,USA,NA
DVIT2750.0000B,DVIT2750,2750,  K 15  2,K,15,2,Olmo 19-25 D,USA,NA
DVIT2752.0000A,DVIT2752,2752,  L 15 63,L,15,63,Olmo 34F,USA,NA
DVIT2752.0000B,DVIT2752,2752,  L 15 64,L,15,64,Olmo 34F,USA,NA
DVIT2753.0000A,DVIT2753,2753,  K 15  3,K,15,3,Olmo 672,USA,NA
DVIT2753.0000B,DVIT2753,2753,  K 15  4,K,15,4,Olmo 672,USA,NA
DVIT2923.0000A,DVIT2923,2923,  L 16  7,L,16,7,Olmo 6F V19,USA,NA
DVIT2923.0000B,DVIT2923,2923,  L 16  8,L,16,8,Olmo 6F V19,USA,NA
DVIT1314.0000C,DVIT1314,1314,  L 15 49,L,15,49,Olmo j5-58,UNKNOWN,Muscat Canelli x (S90-14 x Perlette)
DVIT1314.0000D,DVIT1314,1314,  L 15 50,L,15,50,Olmo j5-58,UNKNOWN,Muscat Canelli x (S90-14 x Perlette)
DVIT2865.0000A,DVIT2865,2865,  K 12 49,K,12,49,Olmo n4-59,USA,V. vinifera Almeria x V. Vinifera Servant
DVIT2865.0000B,DVIT2865,2865,  K 12 50,K,12,50,Olmo n4-59,USA,V. vinifera Almeria x V. Vinifera Servant
DVIT0483.0000C,DVIT0483,483,  K  6 35,K,6,35,Opale,ITALY,NA
DVIT0483.0000D,DVIT0483,483,  K  6 36,K,6,36,Opale,ITALY,NA
DVIT3105.0000A,DVIT3105,3105,  L 16 31,L,16,31,Optima,GERMANY,(Silvaner x Riesling) x Mueller Thurgau
DVIT3105.0000B,DVIT3105,3105,  L 16 32,L,16,32,Optima,GERMANY,(Silvaner x Riesling) x Mueller Thurgau
DVIT2167.0000A,DVIT2167,2167,  K  2 71,K,2,71,Orange Muscat,FRANCE,NA
DVIT2167.0000B,DVIT2167,2167,  K  2 72,K,2,72,Orange Muscat,FRANCE,NA
DVIT0879.0000C,DVIT0879,879,  L  8 21,L,8,21,Orange Muskat,FRANCE,NA
DVIT0879.0000E,DVIT0879,879,  L  8 22,L,8,22,Orange Muskat,FRANCE,NA
DVIT0880.0000C,DVIT0880,880,  L  8 23,L,8,23,Orleans,UNKNOWN,NA
DVIT0880.0000D,DVIT0880,880,  L  8 24,L,8,24,Orleans,UNKNOWN,NA
DVIT3170.0000A,DVIT3170,3170,  L 17  9,L,17,9,Orleans,FRANCE,NA
DVIT1114.0000A,DVIT1114,1114,  L  1 57,L,1,57,Ortega,CANADA,NA
DVIT1114.0000B,DVIT1114,1114,  L  1 58,L,1,58,Ortega,CANADA,NA
DVIT2330.0000A,DVIT2330,2330,  L  2 57,L,2,57,Osteiner,GERMANY,RIESLING X SILVANER
DVIT2330.0000B,DVIT2330,2330,  L  2 58,L,2,58,Osteiner,GERMANY,RIESLING X SILVANER
DVIT0617.0000C,DVIT0617,617,  L  3  5,L,3,5,Otscha Bala,GERMANY,NA
DVIT0617.0000E,DVIT0617,617,  L  3  6,L,3,6,Otscha Bala,GERMANY,NA
DVIT2173.0000A,DVIT2173,2173,  K  3  1,K,3,1,Oubeidy,LEBANON,NA
DVIT2173.0000B,DVIT2173,2173,  K  3  2,K,3,2,Oubeidy,LEBANON,NA
DVIT0484.0000C,DVIT0484,484,  K  6 37,K,6,37,Pais,CHILE,NA
DVIT0484.0000D,DVIT0484,484,  K  6 38,K,6,38,Pais,CHILE,NA
DVIT0882.0000C,DVIT0882,882,  L  8 27,L,8,27,Palomino,SPAIN,NA
DVIT0882.0000D,DVIT0882,882,  L  8 28,L,8,28,Palomino,SPAIN,NA
DVIT0888.0000C,DVIT0888,888,  L  8 37,L,8,37,Palomino,SPAIN,NA
DVIT0888.0000D,DVIT0888,888,  L  8 38,L,8,38,Palomino,SPAIN,NA
DVIT0889.0000C,DVIT0889,889,  L  8 39,L,8,39,Palomino,SPAIN,NA
DVIT0889.0000D,DVIT0889,889,  L  8 40,L,8,40,Palomino,SPAIN,NA
DVIT2535.0000A,DVIT2535,2535,  K 14 45,K,14,45,Palziji,PAKISTAN,NA
DVIT2535.0000B,DVIT2535,2535,  K 14 46,K,14,46,Palziji,PAKISTAN,NA
DVIT2502.0000E,DVIT2502,2502,  K 13  3,K,13,3,Parargoon,PAKISTAN,NA
DVIT2502.0000F,DVIT2502,2502,  K 13  4,K,13,4,Parargoon,PAKISTAN,NA
DVIT0883.0000C,DVIT0883,883,  L 14 13,L,14,13,Pardala,GREECE,NA
DVIT0883.0000D,DVIT0883,883,  L 14 14,L,14,14,Pardala,GREECE,NA
DVIT0486.0000C,DVIT0486,486,  K  6 39,K,6,39,Pardinia,ITALY,ANGELO PIROVANO (P 2) X MOSCATTO ROSSO DI MALAGA
DVIT0486.0000D,DVIT0486,486,  K  6 40,K,6,40,Pardinia,ITALY,ANGELO PIROVANO (P 2) X MOSCATTO ROSSO DI MALAGA
DVIT0884.0000C,DVIT0884,884,  L  8 29,L,8,29,Parianoh,GREECE,NA
DVIT0884.0000D,DVIT0884,884,  L  8 30,L,8,30,Parianoh,GREECE,NA
DVIT0921.0000C,DVIT0921,921,  L  9 11,L,9,11,Parnicko,GREECE,NA
DVIT0921.0000D,DVIT0921,921,  L  9 12,L,9,12,Parnicko,GREECE,NA
DVIT0885.0000C,DVIT0885,885,  L  8 31,L,8,31,Parreira,PORTUGAL,NA
DVIT0885.0000D,DVIT0885,885,  L  8 32,L,8,32,Parreira,PORTUGAL,NA
DVIT2064.0000D,DVIT2064,2064,  L 13 14,L,13,14,Patrino,GREECE,NA
DVIT1356.0000E,DVIT1356,1356,  L 14 41,L,14,41,Patrino,GREECE,NA
DVIT1356.0000F,DVIT1356,1356,  L 14 42,L,14,42,Patrino,GREECE,NA
DVIT0886.0000C,DVIT0886,886,  L  8 33,L,8,33,Pavai,UNKNOWN,NA
DVIT0886.0000E,DVIT0886,886,  L  8 34,L,8,34,Pavai,UNKNOWN,NA
DVIT0887.0000C,DVIT0887,887,  L  8 35,L,8,35,Peagudo,PORTUGAL,NA
DVIT0887.0000D,DVIT0887,887,  L  8 36,L,8,36,Peagudo,PORTUGAL,NA
DVIT2646.0000A,DVIT2646,2646,  K 13 37,K,13,37,Pearl of Zola,NA,NA
DVIT2646.0000B,DVIT2646,2646,  K 13 38,K,13,38,Pearl of Zola,NA,NA
DVIT0891.0000C,DVIT0891,891,  L  8 43,L,8,43,Pedro Ximenez,SPAIN,NA
DVIT0891.0000D,DVIT0891,891,  L  8 44,L,8,44,Pedro Ximenez,SPAIN,NA
DVIT0710.0000C,DVIT0710,710,  L  4 65,L,4,65,Peloursin,ITALY,NA
DVIT0710.0000E,DVIT0710,710,  L  4 66,L,4,66,Peloursin,ITALY,NA
DVIT2145.0000A,DVIT2145,2145,  K  2 47,K,2,47,Perbos 139,FRANCE,NA
DVIT2145.0000B,DVIT2145,2145,  K  2 48,K,2,48,Perbos 139,FRANCE,NA
DVIT2144.0000A,DVIT2144,2144,  K  2 45,K,2,45,Perbos 205,FRANCE,NA
DVIT2144.0000B,DVIT2144,2144,  K  2 46,K,2,46,Perbos 205,FRANCE,NA
DVIT2042.0000A,DVIT2042,2042,  K  1 63,K,1,63,Perla Di Csaba,ITALY,NA
DVIT2042.0000B,DVIT2042,2042,  K  1 64,K,1,64,Perla Di Csaba,ITALY,NA
DVIT0487.0000C,DVIT0487,487,  K  6 41,K,6,41,Perla Di Csaba,ITALY,NA
DVIT0487.0000D,DVIT0487,487,  K  6 42,K,6,42,Perla Di Csaba,ITALY,NA
DVIT2647.0000A,DVIT2647,2647,  L 15  7,L,15,7,Perle,GERMANY,NA
DVIT2647.0000B,DVIT2647,2647,  L 15  8,L,15,8,Perle,GERMANY,NA
DVIT2754.0000A,DVIT2754,2754,  L 15 65,L,15,65,Perle,GERMANY,NA
DVIT2754.0000B,DVIT2754,2754,  L 15 66,L,15,66,Perle,GERMANY,NA
DVIT2648.0000A,DVIT2648,2648,  L 15  9,L,15,9,Perle de Csaba,NA,NA
DVIT2648.0000B,DVIT2648,2648,  L 15 10,L,15,10,Perle de Csaba,NA,NA
DVIT0488.0000C,DVIT0488,488,  K  6 43,K,6,43,Perlette,USA,KOENIGIN DER WEINGAERTEN X SULTANINE
DVIT0488.0000E,DVIT0488,488,  K  6 44,K,6,44,Perlette,USA,KOENIGIN DER WEINGAERTEN X SULTANINE
DVIT0893.0000A,DVIT0893,893,  L  1 19,L,1,19,Perruno,SPAIN,NA
DVIT0893.0000B,DVIT0893,893,  L  1 20,L,1,20,Perruno,SPAIN,NA
DVIT2755.0000A,DVIT2755,2755,  K 15  5,K,15,5,Persian R27,NA,NA
DVIT2755.0000B,DVIT2755,2755,  K 15  6,K,15,6,Persian R27,NA,NA
DVIT0591.0000C,DVIT0591,591,  K  8 49,K,8,49,Petinos,GREECE,NA
DVIT0591.0000D,DVIT0591,591,  K  8 50,K,8,50,Petinos,GREECE,NA
DVIT3345.0000A,DVIT3345,3345,  L  8 81,L,8,81,Petit Manseng,USA,NA
DVIT3345.0000B,DVIT3345,3345,  L  8 82,L,8,82,Petit Manseng,USA,NA
DVIT0894.0000C,DVIT0894,894,  L  8 45,L,8,45,Petite Bouschet,FRANCE,NA
DVIT0894.0000D,DVIT0894,894,  L  8 46,L,8,46,Petite Bouschet,FRANCE,NA
DVIT0955.0000C,DVIT0955,955,  L  9 73,L,9,73,Petite Noir,UNKNOWN,NA
DVIT0955.0000D,DVIT0955,955,  L  9 74,L,9,74,Petite Noir,UNKNOWN,NA
DVIT0898.0000C,DVIT0898,898,  L  8 53,L,8,53,Petite Verdot,FRANCE,NA
DVIT0898.0000D,DVIT0898,898,  L  8 54,L,8,54,Petite Verdot,FRANCE,NA
DVIT0899.0000C,DVIT0899,899,  L  8 55,L,8,55,Petrolianos,GREECE,NA
DVIT0899.0000D,DVIT0899,899,  L  8 56,L,8,56,Petrolianos,GREECE,NA
DVIT0900.0000C,DVIT0900,900,  L  8 57,L,8,57,Peverella,ITALY,NA
DVIT0900.0000D,DVIT0900,900,  L  8 58,L,8,58,Peverella,ITALY,NA
DVIT1116.0000A,DVIT1116,1116,  L  1 59,L,1,59,Pfeffer,UNKNOWN,NA
DVIT1116.0000B,DVIT1116,1116,  L  1 60,L,1,60,Pfeffer,UNKNOWN,NA
DVIT0901.0000C,DVIT0901,901,  L 14 17,L,14,17,Pfeffer,UNKNOWN,NA
DVIT0901.0000E,DVIT0901,901,  L 14 18,L,14,18,Pfeffer,UNKNOWN,NA
DVIT0833.0000C,DVIT0833,833,  L  7 29,L,7,29,Pias,CHILE,NA
DVIT0833.0000D,DVIT0833,833,  L  7 30,L,7,30,Pias,CHILE,NA
DVIT0902.0000C,DVIT0902,902,  L  8 59,L,8,59,Picpoule Noir,UNKNOWN,NA
DVIT0902.0000D,DVIT0902,902,  L  8 60,L,8,60,Picpoule Noir,UNKNOWN,NA
DVIT2649.0000A,DVIT2649,2649,  K 13 39,K,13,39,Pinger,NA,NA
DVIT2649.0000B,DVIT2649,2649,  K 13 40,K,13,40,Pinger,NA,NA
DVIT0733.0000C,DVIT0733,733,  L  5 27,L,5,27,Pinot,FRANCE,NA
DVIT0733.0000D,DVIT0733,733,  L  5 28,L,5,28,Pinot,FRANCE,NA
DVIT1065.0000C,DVIT1065,1065,  L 12 33,L,12,33,Pinot Blanc,ARGENTINA,NA
DVIT1065.0000D,DVIT1065,1065,  L 12 34,L,12,34,Pinot Blanc,ARGENTINA,NA
DVIT0906.0000C,DVIT0906,906,  L  8 65,L,8,65,Pinot Fin,FRANCE,NA
DVIT0906.0000D,DVIT0906,906,  L  8 66,L,8,66,Pinot Fin,FRANCE,NA
DVIT0907.0000A,DVIT0907,907,  L  1 21,L,1,21,Pinot Gris,FRANCE,NA
DVIT0907.0000B,DVIT0907,907,  L  1 22,L,1,22,Pinot Gris,FRANCE,NA
DVIT1117.0000A,DVIT1117,1117,  L  1 61,L,1,61,Pinot Musque,GERMANY,NA
DVIT1117.0000B,DVIT1117,1117,  L  1 62,L,1,62,Pinot Musque,GERMANY,NA
DVIT0909.0000C,DVIT0909,909,  L  8 69,L,8,69,Pinot Nero,ITALY,NA
DVIT0909.0000D,DVIT0909,909,  L  8 70,L,8,70,Pinot Nero,ITALY,NA
DVIT0908.0000C,DVIT0908,908,  L  8 67,L,8,67,Pinot Noir,FRANCE,NA
DVIT0908.0000D,DVIT0908,908,  L  8 68,L,8,68,Pinot Noir,FRANCE,NA
DVIT0911.0000C,DVIT0911,911,  L  8 71,L,8,71,Pinot Noir,SWITZERLAND,NA
DVIT0911.0000D,DVIT0911,911,  L  8 72,L,8,72,Pinot Noir,SWITZERLAND,NA
DVIT0913.0000C,DVIT0913,913,  L  8 75,L,8,75,Pinot Noir,SWITZERLAND,NA
DVIT0913.0000D,DVIT0913,913,  L  8 76,L,8,76,Pinot Noir,SWITZERLAND,NA
DVIT0914.0000E,DVIT0914,914,  L  8 77,L,8,77,Pinot Noir,FRANCE,NA
DVIT0914.0000D,DVIT0914,914,  L  8 78,L,8,78,Pinot Noir,FRANCE,NA
DVIT0915.0000C,DVIT0915,915,  L  8 79,L,8,79,Pinot Noir,FRANCE,NA
DVIT0915.0000F,DVIT0915,915,  L  8 80,L,8,80,Pinot Noir,FRANCE,NA
DVIT1066.0000C,DVIT1066,1066,  L 12 35,L,12,35,Pinot Noir,ARGENTINA,NA
DVIT1066.0000D,DVIT1066,1066,  L 12 36,L,12,36,Pinot Noir,ARGENTINA,NA
DVIT0910.0000C,DVIT0910,910,  L 14 19,L,14,19,Pinot Noir,SWITZERLAND,NA
DVIT0910.0000E,DVIT0910,910,  L 14 20,L,14,20,Pinot Noir,SWITZERLAND,NA
DVIT2756.0000N,DVIT2756,2756,  L 15 67,L,15,67,Pinot Noir,FRANCE,NA
DVIT2756.0000B,DVIT2756,2756,  L 15 68,L,15,68,Pinot Noir,FRANCE,NA
DVIT2333.0000A,DVIT2333,2333,  L  2 63,L,2,63,Pinot Noir 2a,FRANCE,NA
DVIT2333.0000B,DVIT2333,2333,  L  2 64,L,2,64,Pinot Noir 2a,FRANCE,NA
DVIT2332.0000A,DVIT2332,2332,  L  2 61,L,2,61,Pinot Noir Espinett,FRANCE,NA
DVIT2332.0000B,DVIT2332,2332,  L  2 62,L,2,62,Pinot Noir Espinett,FRANCE,NA
DVIT2334.0000A,DVIT2334,2334,  L  2 65,L,2,65,Pinot Noir-marianfeld,FRANCE,NA
DVIT2334.0000B,DVIT2334,2334,  L  2 66,L,2,66,Pinot Noir-marianfeld,FRANCE,NA
DVIT0905.0000C,DVIT0905,905,  L  8 63,L,8,63,Pinot Pernard,FRANCE,NA
DVIT0905.0000F,DVIT0905,905,  L  8 64,L,8,64,Pinot Pernard,FRANCE,NA
DVIT0917.0000C,DVIT0917,917,  L  9  3,L,9,3,Pinot St.george,FRANCE,NA
DVIT0917.0000D,DVIT0917,917,  L  9  4,L,9,4,Pinot St.george,FRANCE,NA
DVIT0918.0000B,DVIT0918,918,  L  9  5,L,9,5,Pinot Vert Dore,FRANCE,NA
DVIT0918.0000C,DVIT0918,918,  L  9  6,L,9,6,Pinot Vert Dore,FRANCE,NA
DVIT2700.0000C,DVIT2700,2700,  K 14 59,K,14,59,Pirobelle,SOUTH AFRICA,Isabella x Pirovano 15
DVIT2700.0000D,DVIT2700,2700,  K 14 60,K,14,60,Pirobelle,SOUTH AFRICA,Isabella x Pirovano 15
DVIT2047.0000A,DVIT2047,2047,  K  1 67,K,1,67,Pirovano 47,ITALY,PRUNELLA X MUSCAT MADRESFIELD COURT
DVIT2047.0000B,DVIT2047,2047,  K  1 68,K,1,68,Pirovano 47,ITALY,PRUNELLA X MUSCAT MADRESFIELD COURT
DVIT2051.0000C,DVIT2051,2051,  K  9 79,K,9,79,Pirovano 5,ITALY,MUSCAT HAMBURG X AGOSTENGA
DVIT2051.0000D,DVIT2051,2051,  K  9 80,K,9,80,Pirovano 5,ITALY,MUSCAT HAMBURG X AGOSTENGA
DVIT0489.0000A,DVIT0489,489,  K  1 19,K,1,19,Pizzutello,SPAIN,NA
DVIT0489.0000B,DVIT0489,489,  K  1 20,K,1,20,Pizzutello,SPAIN,NA
DVIT1045.0000C,DVIT1045,1045,  L 11 77,L,11,77,Platani,GREECE,NA
DVIT1045.0000D,DVIT1045,1045,  L 11 78,L,11,78,Platani,GREECE,NA
DVIT0920.0000C,DVIT0920,920,  L  9  9,L,9,9,Platirahah,GREECE,NA
DVIT0920.0000D,DVIT0920,920,  L  9 10,L,9,10,Platirahah,GREECE,NA
DVIT1119.0000A,DVIT1119,1119,  L  1 63,L,1,63,Plavac Mali,YUGOSLAVIA,NA
DVIT1119.0000B,DVIT1119,1119,  L  1 64,L,1,64,Plavac Mali,YUGOSLAVIA,NA
DVIT3171.0000A,DVIT3171,3171,  K 16 37,K,16,37,Pleven Mychat,BULGARIA,NA
DVIT3171.0000B,DVIT3171,3171,  K 16 38,K,16,38,Pleven Mychat,BULGARIA,NA
DVIT1658.0000A,DVIT1658,1658,  K  1 59,K,1,59,Poet Matabon,FRANCE,NA
DVIT1658.0000B,DVIT1658,1658,  K  1 60,K,1,60,Poet Matabon,FRANCE,NA
DVIT1597.0000C,DVIT1597,1597,  K  9 43,K,9,43,Poet Matabon,FRANCE,NA
DVIT1597.0000D,DVIT1597,1597,  K  9 44,K,9,44,Poet Matabon,FRANCE,NA
DVIT0922.0000C,DVIT0922,922,  L  9 13,L,9,13,Potamisi,GREECE,NA
DVIT0922.0000D,DVIT0922,922,  L  9 14,L,9,14,Potamisi,GREECE,NA
DVIT0321.0000C,DVIT0321,321,  K 10 13,K,10,13,Precoce D'astrachan,USSR,NA
DVIT0321.0000E,DVIT0321,321,  K 10 14,K,10,14,Precoce D'astrachan,USSR,NA
DVIT0490.0000C,DVIT0490,490,  K  6 45,K,6,45,Precoce De Malingre,UNKNOWN,NA
DVIT0490.0000D,DVIT0490,490,  K  6 46,K,6,46,Precoce De Malingre,UNKNOWN,NA
DVIT0923.0000C,DVIT0923,923,  L  9 15,L,9,15,Preto Manteudo,PORTUGAL,NA
DVIT0923.0000D,DVIT0923,923,  L  9 16,L,9,16,Preto Manteudo,PORTUGAL,NA
DVIT0924.0000C,DVIT0924,924,  L  9 17,L,9,17,Prieska,UNKNOWN,NA
DVIT0924.0000D,DVIT0924,924,  L  9 18,L,9,18,Prieska,UNKNOWN,NA
DVIT0491.0000C,DVIT0491,491,  K  6 47,K,6,47,Primiera,ITALY,MADELEINE ROYALe X DELIZA DE VAPRIO (P 46)
DVIT0491.0000D,DVIT0491,491,  K  6 48,K,6,48,Primiera,ITALY,MADELEINE ROYALe X DELIZA DE VAPRIO (P 46)
DVIT2924.0000C,DVIT2924,2924,  L 16  9,L,16,9,Primitivo de Gioia #2,ITALY,NA
DVIT2924.0000F,DVIT2924,2924,  L 16 10,L,16,10,Primitivo de Gioia #2,ITALY,NA
DVIT2925.0000F,DVIT2925,2925,  L 16 11,L,16,11,Primitivo de Gioia #4,ITALY,NA
DVIT2925.0000G,DVIT2925,2925,  L 16 12,L,16,12,Primitivo de Gioia #4,ITALY,NA
DVIT2335.0000H,DVIT2335,2335,  L  2 68,L,2,68,Primitivo De Gioia #473,ITALY,NA
DVIT2335.0000E,DVIT2335,2335,  L 14 53,L,14,53,Primitivo De Gioia #473,ITALY,NA
DVIT2335.0000I,DVIT2335,2335,  L 14 54,L,14,54,Primitivo De Gioia #473,ITALY,NA
DVIT0492.0000C,DVIT0492,492,  K 11 17,K,11,17,Primus,ITALY,MADELEINE ROYALE X FERDINAND DE LESSEPS
DVIT0492.0000D,DVIT0492,492,  K 11 18,K,11,18,Primus,ITALY,MADELEINE ROYALE X FERDINAND DE LESSEPS
DVIT0493.0000C,DVIT0493,493,  K  6 49,K,6,49,Prince Of Wales,UNITED KINGDOM,NA
DVIT0493.0000D,DVIT0493,493,  K  6 50,K,6,50,Prince Of Wales,UNITED KINGDOM,NA
DVIT2901.0000A,DVIT2901,2901,  K 15 55,K,15,55,Princess,USA,Crimson Seedless X B40-208
DVIT2901.0000B,DVIT2901,2901,  K 15 56,K,15,56,Princess,USA,Crimson Seedless X B40-208
DVIT2697.0000A,DVIT2697,2697,  K 15 13,K,15,13,Probella,NA,NA
DVIT2697.0000B,DVIT2697,2697,  K 15 14,K,15,14,Probella,NA,NA
DVIT1071.0000C,DVIT1071,1071,  L 12 45,L,12,45,Prokupac,YUGOSLAVIA,NA
DVIT1071.0000D,DVIT1071,1071,  L 12 46,L,12,46,Prokupac,YUGOSLAVIA,NA
DVIT3172.0000A,DVIT3172,3172,  L 17 11,L,17,11,Prokupac,YUGOSLAVIA,NA
DVIT3172.0000B,DVIT3172,3172,  L 17 12,L,17,12,Prokupac,YUGOSLAVIA,NA
DVIT2926.0000A,DVIT2926,2926,  L 16 13,L,16,13,Prokupao,YUGOSLAVIA,NA
DVIT2926.0000B,DVIT2926,2926,  L 16 14,L,16,14,Prokupao,YUGOSLAVIA,NA
DVIT0925.0000C,DVIT0925,925,  L 14 21,L,14,21,Prosecco Lungo,ITALY,NA
DVIT0925.0000D,DVIT0925,925,  L 14 22,L,14,22,Prosecco Lungo,ITALY,NA
DVIT0926.0000E,DVIT0926,926,  L  9 19,L,9,19,Prosecco Tondo,ITALY,NA
DVIT0926.0000G,DVIT0926,926,  L  9 20,L,9,20,Prosecco Tondo,ITALY,NA
DVIT0494.0000A,DVIT0494,494,  K  1 21,K,1,21,Prune De Cazouls,UNKNOWN,NA
DVIT0494.0000B,DVIT0494,494,  K  1 22,K,1,22,Prune De Cazouls,UNKNOWN,NA
DVIT1046.0000C,DVIT1046,1046,  L 11 79,L,11,79,Psara,GREECE,NA
DVIT1046.0000D,DVIT1046,1046,  L 11 80,L,11,80,Psara,GREECE,NA
DVIT1047.0000C,DVIT1047,1047,  L 12  1,L,12,1,Psarotherico,GREECE,NA
DVIT1047.0000D,DVIT1047,1047,  L 12  2,L,12,2,Psarotherico,GREECE,NA
DVIT0592.0000C,DVIT0592,592,  K  8 51,K,8,51,Psevthosirico,GREECE,NA
DVIT0592.0000D,DVIT0592,592,  K  8 52,K,8,52,Psevthosirico,GREECE,NA
DVIT3071.0000A,DVIT3071,3071,  K 16 55,K,16,55,Purpurea,NA,NA
DVIT0495.0000C,DVIT0495,495,  K  6 51,K,6,51,Queen,USA,MUSCAT HAMBURG X SULTANINA
DVIT0495.0000D,DVIT0495,495,  K  6 52,K,6,52,Queen,USA,MUSCAT HAMBURG X SULTANINA
DVIT0496.0000C,DVIT0496,496,  K  6 53,K,6,53,Queen Of The Vineyard,AUSTRIA,NA
DVIT0496.0000D,DVIT0496,496,  K  6 54,K,6,54,Queen Of The Vineyard,AUSTRIA,NA
DVIT0927.0000C,DVIT0927,927,  L  9 21,L,9,21,Raboso Piave,ITALY,NA
DVIT0927.0000D,DVIT0927,927,  L  9 22,L,9,22,Raboso Piave,ITALY,NA
DVIT1072.0000A,DVIT1072,1072,  L  1 39,L,1,39,Raisin De Palestine,AUSTRALIA,NA
DVIT1072.0000B,DVIT1072,1072,  L  1 40,L,1,40,Raisin De Palestine,AUSTRALIA,NA
DVIT0497.0000C,DVIT0497,497,  K  6 55,K,6,55,Rambola,UNKNOWN,NA
DVIT0497.0000D,DVIT0497,497,  K  6 56,K,6,56,Rambola,UNKNOWN,NA
DVIT1120.0000A,DVIT1120,1120,  K  1 51,K,1,51,Rangspray,INDIA,NA
DVIT1120.0000B,DVIT1120,1120,  K  1 52,K,1,52,Rangspray,INDIA,NA
DVIT2684.0000A,DVIT2684,2684,  K 13 69,K,13,69,Ranny Vira,USSR,??? Chaush x Kishmish Cheryi
DVIT2684.0000B,DVIT2684,2684,  K 13 70,K,13,70,Ranny Vira,USSR,??? Chaush x Kishmish Cheryi
DVIT3173.0000A,DVIT3173,3173,  K 15 69,K,15,69,Red Fujii,NA,NA
DVIT3173.0000B,DVIT3173,3173,  K 15 70,K,15,70,Red Fujii,NA,NA
DVIT0593.0000C,DVIT0593,593,  K  8 53,K,8,53,Red Hanepoot,SOUTH AFRICA,NA
DVIT0593.0000D,DVIT0593,593,  K  8 54,K,8,54,Red Hanepoot,SOUTH AFRICA,NA
DVIT0498.0000C,DVIT0498,498,  K  6 57,K,6,57,Red Malaga,SPAIN,NA
DVIT0498.0000G,DVIT0498,498,  K  6 58,K,6,58,Red Malaga,SPAIN,NA
DVIT1665.0000C,DVIT1665,1665,  K 14  1,K,14,1,Red Malaga #2 4x,SPAIN,NA
DVIT1665.0000D,DVIT1665,1665,  K 14  2,K,14,2,Red Malaga #2 4x,SPAIN,NA
DVIT0499.0000C,DVIT0499,499,  K 11 19,K,11,19,Red Ohanez,USSR,NA
DVIT0499.0000D,DVIT0499,499,  K 11 20,K,11,20,Red Ohanez,USSR,NA
DVIT2757.0000A,DVIT2757,2757,  K 15  7,K,15,7,Red Ohanez,SPAIN,NA
DVIT2757.0000B,DVIT2757,2757,  K 15  8,K,15,8,Red Ohanez,SPAIN,NA
DVIT2083.0000A,DVIT2083,2083,  K  2  7,K,2,7,Red Roumi,EGYPT,NA
DVIT2083.0000B,DVIT2083,2083,  K  2  8,K,2,8,Red Roumi,EGYPT,NA
DVIT2095.0000A,DVIT2095,2095,  K  2 19,K,2,19,Red Roumi,EGYPT,NA
DVIT2095.0000B,DVIT2095,2095,  K  2 20,K,2,20,Red Roumi,EGYPT,NA
DVIT2101.0000A,DVIT2101,2101,  K  2 21,K,2,21,Red Roumi,EGYPT,NA
DVIT2101.0000B,DVIT2101,2101,  K  2 22,K,2,22,Red Roumi,EGYPT,NA
DVIT2260.0000A,DVIT2260,2260,  K  3 17,K,3,17,Red Roumi Tanta,UNKNOWN,NA
DVIT2260.0000B,DVIT2260,2260,  K  3 18,K,3,18,Red Roumi Tanta,UNKNOWN,NA
DVIT0928.0000C,DVIT0928,928,  L  9 23,L,9,23,Red Veltliner,GERMANY,NA
DVIT0928.0000D,DVIT0928,928,  L  9 24,L,9,24,Red Veltliner,GERMANY,NA
DVIT0929.0000C,DVIT0929,929,  L  9 25,L,9,25,Red-white Veltliner,GERMANY,NA
DVIT0929.0000D,DVIT0929,929,  L  9 26,L,9,26,Red-white Veltliner,GERMANY,NA
DVIT0131.0000C,DVIT0131,131,  K 13 73,K,13,73,Ree,USA,NA
DVIT0131.0000D,DVIT0131,131,  K 13 74,K,13,74,Ree,USA,NA
DVIT2704.0000C,DVIT2704,2704,  K 14 63,K,14,63,Reflex (RF5),HUNGARY,Schatz Pannonia x Seibel 5-279
DVIT2704.0000D,DVIT2704,2704,  K 14 64,K,14,64,Reflex (RF5),HUNGARY,Schatz Pannonia x Seibel 5-279
DVIT1121.0000A,DVIT1121,1121,  L  1 65,L,1,65,Refosco,ITALY,NA
DVIT1121.0000B,DVIT1121,1121,  L  1 66,L,1,66,Refosco,ITALY,NA
DVIT0930.0000C,DVIT0930,930,  L  9 27,L,9,27,Refosco,ITALY,NA
DVIT0930.0000D,DVIT0930,930,  L  9 28,L,9,28,Refosco,ITALY,NA
DVIT3107.0000A,DVIT3107,3107,  L 16 33,L,16,33,Reichensteiner,GERMANY,Mueller Thurgau x (Madeline Angeline x Calabrese)
DVIT3107.0000B,DVIT3107,3107,  L 16 34,L,16,34,Reichensteiner,GERMANY,Mueller Thurgau x (Madeline Angeline x Calabrese)
DVIT1067.0000C,DVIT1067,1067,  L 12 37,L,12,37,Retino Lefko,GREECE,NA
DVIT1067.0000D,DVIT1067,1067,  L 12 38,L,12,38,Retino Lefko,GREECE,NA
DVIT0931.0000C,DVIT0931,931,  L  9 29,L,9,29,Retino Mavro,GREECE,NA
DVIT0931.0000D,DVIT0931,931,  L  9 30,L,9,30,Retino Mavro,GREECE,NA
DVIT2650.0000A,DVIT2650,2650,  K 13 41,K,13,41,Rhazaki,NA,NA
DVIT2650.0000B,DVIT2650,2650,  K 13 42,K,13,42,Rhazaki,NA,NA
DVIT0608.0000C,DVIT0608,608,  K  9  1,K,9,1,Rhazaki Anatolico,GREECE,NA
DVIT0608.0000D,DVIT0608,608,  K  9  2,K,9,2,Rhazaki Anatolico,GREECE,NA
DVIT0554.0000C,DVIT0554,554,  K 11 27,K,11,27,Rhazaki Arhanon,GREECE,NA
DVIT0554.0000D,DVIT0554,554,  K 11 28,K,11,28,Rhazaki Arhanon,GREECE,NA
DVIT0501.0000C,DVIT0501,501,  K  6 59,K,6,59,Rhazaki De Crete,GREECE,NA
DVIT0501.0000D,DVIT0501,501,  K  6 60,K,6,60,Rhazaki De Crete,GREECE,NA
DVIT0555.0000C,DVIT0555,555,  K 11 73,K,11,73,Rhazaki Mavro,UNKNOWN,NA
DVIT0555.0000D,DVIT0555,555,  K 11 74,K,11,74,Rhazaki Mavro,UNKNOWN,NA
DVIT0503.0000C,DVIT0503,503,  K  6 63,K,6,63,Ribier,UNKNOWN,NA
DVIT0503.0000E,DVIT0503,503,  K  6 64,K,6,64,Ribier,UNKNOWN,NA
DVIT0594.0000C,DVIT0594,594,  K  8 55,K,8,55,Ribier,UNKNOWN,NA
DVIT0594.0000D,DVIT0594,594,  K  8 56,K,8,56,Ribier,UNKNOWN,NA
DVIT0932.0000C,DVIT0932,932,  L  9 31,L,9,31,Riesling Italico,ITALY,NA
DVIT0932.0000D,DVIT0932,932,  L  9 32,L,9,32,Riesling Italico,ITALY,NA
DVIT2336.0000A,DVIT2336,2336,  L  2 69,L,2,69,Riesling Muscat,UNKNOWN,NA
DVIT2336.0000B,DVIT2336,2336,  L  2 70,L,2,70,Riesling Muscat,UNKNOWN,NA
DVIT0504.0000B,DVIT0504,504,  K 13 77,K,13,77,Rish Baba,ASIA MINOR,NA
DVIT0504.0000C,DVIT0504,504,  K 13 78,K,13,78,Rish Baba,ASIA MINOR,NA
DVIT3096.0000A,DVIT3096,3096,  K 15 67,K,15,67,Rish Baba,USA,NA
DVIT3096.0000B,DVIT3096,3096,  K 15 68,K,15,68,Rish Baba,USA,NA
DVIT2338.0000A,DVIT2338,2338,  K  3 37,K,3,37,Rizamat,USSR,KATTA KURGAN X PARKENTSKII
DVIT2338.0000B,DVIT2338,2338,  K  3 38,K,3,38,Rizamat,USSR,KATTA KURGAN X PARKENTSKII
DVIT2651.0000A,DVIT2651,2651,  K 13 43,K,13,43,Robin,NA,NA
DVIT2651.0000B,DVIT2651,2651,  K 13 44,K,13,44,Robin,NA,NA
DVIT0933.0000C,DVIT0933,933,  L  9 33,L,9,33,Robin Noir,FRANCE,NA
DVIT0933.0000D,DVIT0933,933,  L  9 34,L,9,34,Robin Noir,FRANCE,NA
DVIT1048.0000C,DVIT1048,1048,  L 12  3,L,12,3,Rodiares,GREECE,NA
DVIT1048.0000D,DVIT1048,1048,  L 12  4,L,12,4,Rodiares,GREECE,NA
DVIT0505.0000C,DVIT0505,505,  K  6 65,K,6,65,Rodites,GREECE,NA
DVIT0505.0000D,DVIT0505,505,  K  6 66,K,6,66,Rodites,GREECE,NA
DVIT0609.0000E,DVIT0609,609,  K  9  3,K,9,3,Rodites,GREECE,NA
DVIT0609.0000D,DVIT0609,609,  K  9  4,K,9,4,Rodites,GREECE,NA
DVIT2258.0000D,DVIT2258,2258,  K  3 13,K,3,13,Rofar Vidor,UNKNOWN,NA
DVIT2258.0000B,DVIT2258,2258,  K  3 14,K,3,14,Rofar Vidor,UNKNOWN,NA
DVIT0595.0000C,DVIT0595,595,  K  8 57,K,8,57,Romania,ROMANIA,NA
DVIT0595.0000D,DVIT0595,595,  K  8 58,K,8,58,Romania,ROMANIA,NA
DVIT2652.0000A,DVIT2652,2652,  L 15 11,L,15,11,Rondinella,ITALY,NA
DVIT2652.0000B,DVIT2652,2652,  L 15 12,L,15,12,Rondinella,ITALY,NA
DVIT0322.0000C,DVIT0322,322,  K  3 73,K,3,73,Rosa Minna,GERMANY,NA
DVIT0322.0000D,DVIT0322,322,  K  3 74,K,3,74,Rosa Minna,GERMANY,NA
DVIT0323.0000C,DVIT0323,323,  K  3 75,K,3,75,Rosa Reveliotti,GERMANY,NA
DVIT0323.0000D,DVIT0323,323,  K  3 76,K,3,76,Rosa Reveliotti,GERMANY,NA
DVIT0502.0000C,DVIT0502,502,  K  6 61,K,6,61,Rosaki,UNKNOWN,NA
DVIT0502.0000D,DVIT0502,502,  K  6 62,K,6,62,Rosaki,UNKNOWN,NA
DVIT0556.0000C,DVIT0556,556,  K  7 71,K,7,71,Rosaki,UNKNOWN,NA
DVIT0556.0000E,DVIT0556,556,  K  7 72,K,7,72,Rosaki,UNKNOWN,NA
DVIT2339.0000A,DVIT2339,2339,  L  2 73,L,2,73,Rotberger,GERMANY,SCHIAVA GROSSA X RIESLING
DVIT2339.0000B,DVIT2339,2339,  L  2 74,L,2,74,Rotberger,GERMANY,SCHIAVA GROSSA X RIESLING
DVIT3174.0000B,DVIT3174,3174,  L 17 13,L,17,13,Rotberger,NA,Schiava Grossa x Riesling
DVIT0935.0000A,DVIT0935,935,  L  1 23,L,1,23,Rothgipfler,AUSTRIA,NA
DVIT0935.0000B,DVIT0935,935,  L  1 24,L,1,24,Rothgipfler,AUSTRIA,NA
DVIT2546.0000C,DVIT2546,2546,  K 14 49,K,14,49,Rougitza Rouge,YUGOSLAVIA,NA
DVIT2546.0000D,DVIT2546,2546,  K 14 50,K,14,50,Rougitza Rouge,YUGOSLAVIA,NA
DVIT3344.0000A,DVIT3344,3344,  L  2 81,L,2,81,Rousanne,USA,NA
DVIT3344.0000D,DVIT3344,3344,  L  2 82,L,2,82,Rousanne,USA,NA
DVIT1049.0000C,DVIT1049,1049,  L 12  5,L,12,5,Roussaitis,GREECE,NA
DVIT1049.0000D,DVIT1049,1049,  L 12  6,L,12,6,Roussaitis,GREECE,NA
DVIT1050.0000C,DVIT1050,1050,  L 12  7,L,12,7,Roussas,GREECE,NA
DVIT1050.0000D,DVIT1050,1050,  L 12  8,L,12,8,Roussas,GREECE,NA
DVIT0936.0000C,DVIT0936,936,  L  9 37,L,9,37,Rousseau,FRANCE,NA
DVIT0936.0000D,DVIT0936,936,  L  9 38,L,9,38,Rousseau,FRANCE,NA
DVIT0939.0000C,DVIT0939,939,  L  9 43,L,9,43,Roussette,FRANCE,NA
DVIT0939.0000D,DVIT0939,939,  L  9 44,L,9,44,Roussette,FRANCE,NA
DVIT1051.0000C,DVIT1051,1051,  L 12  9,L,12,9,Roussico,GREECE,NA
DVIT1051.0000D,DVIT1051,1051,  L 12 10,L,12,10,Roussico,GREECE,NA
DVIT0596.0000C,DVIT0596,596,  K  8 59,K,8,59,Royal,BELGIUM,ALPHONSE LAVALEE(4n)
DVIT0596.0000D,DVIT0596,596,  K  8 60,K,8,60,Royal,BELGIUM,ALPHONSE LAVALEE(4n)
DVIT0506.0000C,DVIT0506,506,  K  6 67,K,6,67,Royal E,UNKNOWN,NA
DVIT0506.0000D,DVIT0506,506,  K  6 68,K,6,68,Royal E,UNKNOWN,NA
DVIT1122.0000A,DVIT1122,1122,  K  1 53,K,1,53,Royal Thompson,MEXICO,NA
DVIT1122.0000B,DVIT1122,1122,  K  1 54,K,1,54,Royal Thompson,MEXICO,NA
DVIT1666.0000D,DVIT1666,1666,  K 12  9,K,12,9,Royale 4x,FRANCE,NA
DVIT1666.0000E,DVIT1666,1666,  K 12 10,K,12,10,Royale 4x,FRANCE,NA
DVIT0937.0000C,DVIT0937,937,  L  9 39,L,9,39,Royalty,USA,ALICANTE GANZIN X TROUSSEAU
DVIT0937.0000D,DVIT0937,937,  L  9 40,L,9,40,Royalty,USA,ALICANTE GANZIN X TROUSSEAU
DVIT0507.0000C,DVIT0507,507,  K  6 69,K,6,69,Rozovii Kishmish,USSR,NA
DVIT0507.0000E,DVIT0507,507,  K  6 70,K,6,70,Rozovii Kishmish,USSR,NA
DVIT0938.0000C,DVIT0938,938,  L  9 41,L,9,41,Rubired,USA,ALICANTE GANZIN X MOURISCO PRETA(?)
DVIT0938.0000D,DVIT0938,938,  L  9 42,L,9,42,Rubired,USA,ALICANTE GANZIN X MOURISCO PRETA(?)
DVIT0943.0000C,DVIT0943,943,  L  9 51,L,9,51,Rubired,FRANCE,NA
DVIT0943.0000D,DVIT0943,943,  L  9 52,L,9,52,Rubired,FRANCE,NA
DVIT0940.0000C,DVIT0940,940,  L  9 45,L,9,45,Ruby Cabernet,USA,CABERNET SAUVIGNON X CARIGNAN
DVIT0940.0000D,DVIT0940,940,  L  9 46,L,9,46,Ruby Cabernet,USA,CABERNET SAUVIGNON X CARIGNAN
DVIT2524.0000B,DVIT2524,2524,  K 15 77,K,15,77,Ruby Okuyama,BRAZIL,mutation of Italia
DVIT2524.0000C,DVIT2524,2524,  K 15 78,K,15,78,Ruby Okuyama,BRAZIL,mutation of Italia
DVIT2625.0000A,DVIT2625,2625,  K 14 51,K,14,51,Ruby Seedless,USA,Emperor X Sultana Moscata(Piravano 75)
DVIT2625.0000B,DVIT2625,2625,  K 14 52,K,14,52,Ruby Seedless,USA,Emperor X Sultana Moscata(Piravano 75)
DVIT3204.0000H,DVIT3204,3204,  K 16 19,K,16,19,Ruby Seedless 4X,USA,NA
DVIT0941.0000D,DVIT0941,941,  L  9 48,L,9,48,Rulander,FRANCE,NA
DVIT2431.0000E,DVIT2431,2431,  K 12 59,K,12,59,Russian Seedless,USA,NA
DVIT2431.0000F,DVIT2431,2431,  K 12 60,K,12,60,Russian Seedless,USA,NA
DVIT1667.0000C,DVIT1667,1667,  K 14  3,K,14,3,Russian Seedless 4x,UNKNOWN,NA
DVIT1667.0000D,DVIT1667,1667,  K 14  4,K,14,4,Russian Seedless 4x,UNKNOWN,NA
DVIT3077.0000A,DVIT3077,3077,  K 16 27,K,16,27,Sabalkanskoi,AUSTRALIA,NA
DVIT3077.0000B,DVIT3077,3077,  K 16 28,K,16,28,Sabalkanskoi,AUSTRALIA,NA
DVIT0508.0000D,DVIT0508,508,  K  6 72,K,6,72,Sahebi,AFGHANISTAN,NA
DVIT0509.0000C,DVIT0509,509,  K  6 73,K,6,73,Sahibi,AFGHANISTAN,NA
DVIT0509.0000D,DVIT0509,509,  K  6 74,K,6,74,Sahibi,AFGHANISTAN,NA
DVIT0510.0000C,DVIT0510,510,  K  6 75,K,6,75,Sahibi Sorkh,AFGHANISTAN,NA
DVIT0510.0000D,DVIT0510,510,  K  6 76,K,6,76,Sahibi Sorkh,AFGHANISTAN,NA
DVIT0511.0000C,DVIT0511,511,  K  6 77,K,6,77,Saidi Gulami,USSR,NA
DVIT0942.0000C,DVIT0942,942,  L  9 49,L,9,49,Saint Emilion,FRANCE,NA
DVIT0942.0000D,DVIT0942,942,  L  9 50,L,9,50,Saint Emilion,FRANCE,NA
DVIT3108.0000A,DVIT3108,3108,  L 16 35,L,16,35,Saint Laurent,FRANCE,NA
DVIT3108.0000B,DVIT3108,3108,  L 16 36,L,16,36,Saint Laurent,FRANCE,NA
DVIT0597.0000C,DVIT0597,597,  K  8 61,K,8,61,Salomani,IRAQ,NA
DVIT0597.0000D,DVIT0597,597,  K  8 62,K,8,62,Salomani,IRAQ,NA
DVIT0944.0000C,DVIT0944,944,  L  9 53,L,9,53,Salvador,USA,NA
DVIT0944.0000D,DVIT0944,944,  L  9 54,L,9,54,Salvador,USA,NA
DVIT2927.0000A,DVIT2927,2927,  K 16 25,K,16,25,San Juanina Rosada,ARGENTINA,NA
DVIT0513.0000E,DVIT0513,513,  K  7  1,K,7,1,San Martino (P. 215),ITALY,PIROVANO 57(BICANE X POET MATABON) X ZIBIBBAO
DVIT0513.0000D,DVIT0513,513,  K  7  2,K,7,2,San Martino (P. 215),ITALY,PIROVANO 57(BICANE X POET MATABON) X ZIBIBBAO
DVIT0945.0000E,DVIT0945,945,  L  9 55,L,9,55,Sangiovese,ITALY,NA
DVIT0945.0000F,DVIT0945,945,  L  9 56,L,9,56,Sangiovese,ITALY,NA
DVIT2065.0000C,DVIT2065,2065,  L 13 15,L,13,15,Sangioveto,UNKNOWN,NA
DVIT2065.0000D,DVIT2065,2065,  L 13 16,L,13,16,Sangioveto,UNKNOWN,NA
DVIT0946.0000C,DVIT0946,946,  L  9 57,L,9,57,Satino,GREECE,NA
DVIT0946.0000D,DVIT0946,946,  L  9 58,L,9,58,Satino,GREECE,NA
DVIT2066.0000C,DVIT2066,2066,  L 13 17,L,13,17,Satino,GREECE,NA
DVIT2066.0000D,DVIT2066,2066,  L 13 18,L,13,18,Satino,GREECE,NA
DVIT0947.0000C,DVIT0947,947,  L  9 59,L,9,59,Sauvignon Blanc,UNKNOWN,NA
DVIT0947.0000D,DVIT0947,947,  L  9 60,L,9,60,Sauvignon Blanc,UNKNOWN,NA
DVIT1123.0000A,DVIT1123,1123,  L  1 67,L,1,67,Sauvignon Gris,FRANCE,NA
DVIT1123.0000B,DVIT1123,1123,  L  1 68,L,1,68,Sauvignon Gris,FRANCE,NA
DVIT0948.0000C,DVIT0948,948,  L  9 61,L,9,61,Sauvignon Vert,FRANCE,NA
DVIT0948.0000D,DVIT0948,948,  L  9 62,L,9,62,Sauvignon Vert,FRANCE,NA
DVIT0949.0000C,DVIT0949,949,  L  9 63,L,9,63,Sauvignon Vert,FRANCE,NA
DVIT0949.0000D,DVIT0949,949,  L  9 64,L,9,64,Sauvignon Vert,FRANCE,NA
DVIT0598.0000C,DVIT0598,598,  K  8 63,K,8,63,Sauvis,ITALY,ANGELO PIROVANO (P 2) x MOSCATTO ROSSO DI MALAGA
DVIT0598.0000D,DVIT0598,598,  K  8 64,K,8,64,Sauvis,ITALY,ANGELO PIROVANO (P 2) x MOSCATTO ROSSO DI MALAGA
DVIT0514.0000E,DVIT0514,514,  K  7  3,K,7,3,Schiradzouli Blanc,UNKNOWN,NA
DVIT0514.0000D,DVIT0514,514,  K  7  4,K,7,4,Schiradzouli Blanc,UNKNOWN,NA
DVIT0515.0000C,DVIT0515,515,  K  7  5,K,7,5,Schiradzouli Violet,UNKNOWN,NA
DVIT0515.0000D,DVIT0515,515,  K  7  6,K,7,6,Schiradzouli Violet,UNKNOWN,NA
DVIT0952.0000C,DVIT0952,952,  L  9 67,L,9,67,Schiraz,ITALY,(PETITE SYRAH) X 3309
DVIT0952.0000D,DVIT0952,952,  L  9 68,L,9,68,Schiraz,ITALY,(PETITE SYRAH) X 3309
DVIT1124.0000A,DVIT1124,1124,  L  1 69,L,1,69,Schonburger,GERMANY,PINOT NOIR X PIRTOVANO
DVIT1124.0000B,DVIT1124,1124,  L  1 70,L,1,70,Schonburger,GERMANY,PINOT NOIR X PIRTOVANO
DVIT2604.0000C,DVIT2604,2604,  L 14 65,L,14,65,Schwin,PAKISTAN,NA
DVIT2604.0000D,DVIT2604,2604,  L 14 66,L,14,66,Schwin,PAKISTAN,NA
DVIT1125.0000A,DVIT1125,1125,  L  1 71,L,1,71,Sciacarello,FRANCE,NA
DVIT1125.0000B,DVIT1125,1125,  L  1 72,L,1,72,Sciacarello,FRANCE,NA
DVIT0516.0000I,DVIT0516,516,  K  7  8,K,7,8,Scolokertek Kiralynoje,HUNGARY,NA
DVIT1334.0000C,DVIT1334,1334,  K  9 37,K,9,37,Seeded Thompson,ISRAEL,NA
DVIT1334.0000D,DVIT1334,1334,  K  9 38,K,9,38,Seeded Thompson,ISRAEL,NA
DVIT0517.0000C,DVIT0517,517,  K  7  9,K,7,9,Seedless Emperor,USA,EMPEROR MUTATION
DVIT0517.0000D,DVIT0517,517,  K  7 10,K,7,10,Seedless Emperor,USA,EMPEROR MUTATION
DVIT2759.0000A,DVIT2759,2759,  K 15  9,K,15,9,Seedless Emperor,USA,NA
DVIT2759.0000B,DVIT2759,2759,  K 15 10,K,15,10,Seedless Emperor,USA,NA
DVIT1308.0000C,DVIT1308,1308,  K  9 23,K,9,23,Seedless Tokay,USA,FLAME TOKAY MUTATION
DVIT1308.0000D,DVIT1308,1308,  K  9 24,K,9,24,Seedless Tokay,USA,FLAME TOKAY MUTATION
DVIT1322.0000C,DVIT1322,1322,  K  9 29,K,9,29,Seedless Tokay,USA,FLAME TOKAY MUTATION
DVIT1322.0000D,DVIT1322,1322,  K  9 30,K,9,30,Seedless Tokay,USA,FLAME TOKAY MUTATION
DVIT1330.0000C,DVIT1330,1330,  K  9 35,K,9,35,Seedless Tokay,USA,FLAME TOKAY MUTATION
DVIT1330.0000D,DVIT1330,1330,  K  9 36,K,9,36,Seedless Tokay,USA,FLAME TOKAY MUTATION
DVIT1152.0000E,DVIT1152,1152,  L 14 51,L,14,51,Selection 2798,YUGOSLAVIA,NA
DVIT1152.0000F,DVIT1152,1152,  L 14 52,L,14,52,Selection 2798,YUGOSLAVIA,NA
DVIT1151.0000C,DVIT1151,1151,  K 14 71,K,14,71,Selection 360,NA,NA
DVIT1151.0000D,DVIT1151,1151,  K 14 72,K,14,72,Selection 360,NA,NA
DVIT0954.0000C,DVIT0954,954,  L  9 71,L,9,71,Semillon,FRANCE,NA
DVIT0954.0000D,DVIT0954,954,  L  9 72,L,9,72,Semillon,FRANCE,NA
DVIT1338.0000C,DVIT1338,1338,  L 12 65,L,12,65,Semillon,FRANCE,NA
DVIT1338.0000D,DVIT1338,1338,  L 12 66,L,12,66,Semillon,FRANCE,NA
DVIT2653.0000A,DVIT2653,2653,  K 13 45,K,13,45,Sereksiya Rosavi,USSR,NA
DVIT2653.0000B,DVIT2653,2653,  K 13 46,K,13,46,Sereksiya Rosavi,USSR,NA
DVIT0956.0000C,DVIT0956,956,  L  9 75,L,9,75,Serphiotico,GREECE,NA
DVIT0956.0000D,DVIT0956,956,  L  9 76,L,9,76,Serphiotico,GREECE,NA
DVIT0518.0000A,DVIT0518,518,  K  1 23,K,1,23,Servant,FRANCE,NA
DVIT0518.0000B,DVIT0518,518,  K  1 24,K,1,24,Servant,FRANCE,NA
DVIT0331.0000C,DVIT0331,331,  K  4  5,K,4,5,Setzlinge Dodreliabi,USSR,NA
DVIT0331.0000D,DVIT0331,331,  K  4  6,K,4,6,Setzlinge Dodreliabi,USSR,NA
DVIT2685.0000A,DVIT2685,2685,  L 15 39,L,15,39,Sev Lernatu PRG 2224,USSR,(V. amurensis x V. vinifera) x ??
DVIT2685.0000C,DVIT2685,2685,  L 15 40,L,15,40,Sev Lernatu PRG 2224,USSR,(V. amurensis x V. vinifera) x ??
DVIT0519.0000C,DVIT0519,519,  K  7 11,K,7,11,Shami,ISRAEL,NA
DVIT0520.0000C,DVIT0520,520,  K  7 13,K,7,13,Shando Khari,AFGHANISTAN,NA
DVIT0520.0000D,DVIT0520,520,  K  7 14,K,7,14,Shando Khari,AFGHANISTAN,NA
DVIT0521.0000C,DVIT0521,521,  K 11 21,K,11,21,Shindu Khari,AFGHANISTAN,NA
DVIT0521.0000D,DVIT0521,521,  K 11 22,K,11,22,Shindu Khari,AFGHANISTAN,NA
DVIT2603.0000C,DVIT2603,2603,  K 13 23,K,13,23,Shingargoon,PAKISTAN,NA
DVIT2603.0000D,DVIT2603,2603,  K 13 24,K,13,24,Shingargoon,PAKISTAN,NA
DVIT2168.0000A,DVIT2168,2168,  K  2 73,K,2,73,Shtur Angur,USSR,NA
DVIT2168.0000B,DVIT2168,2168,  K  2 74,K,2,74,Shtur Angur,USSR,NA
DVIT2513.0000E,DVIT2513,2513,  K 13  9,K,13,9,Shuwarti,PAKISTAN,NA
DVIT2513.0000F,DVIT2513,2513,  K 13 10,K,13,10,Shuwarti,PAKISTAN,NA
DVIT0522.0000C,DVIT0522,522,  K  7 15,K,7,15,Siar,AFGHANISTAN,NA
DVIT0522.0000D,DVIT0522,522,  K  7 16,K,7,16,Siar,AFGHANISTAN,NA
DVIT0523.0000C,DVIT0523,523,  K 11 23,K,11,23,Sicilien,UNKNOWN,NA
DVIT0523.0000E,DVIT0523,523,  K 11 24,K,11,24,Sicilien,UNKNOWN,NA
DVIT0557.0000C,DVIT0557,557,  K  7 73,K,7,73,Sidezitis,GREECE,NA
DVIT0557.0000E,DVIT0557,557,  K  7 74,K,7,74,Sidezitis,GREECE,NA
DVIT0558.0000C,DVIT0558,558,  K 11 29,K,11,29,Sidezitis Proimo,GREECE,NA
DVIT0558.0000D,DVIT0558,558,  K 11 30,K,11,30,Sidezitis Proimo,GREECE,NA
DVIT3109.0000A,DVIT3109,3109,  L 16 37,L,16,37,Siegerrebe,GERMANY,Madeline Angevine x Traminer Rot
DVIT2686.0000C,DVIT2686,2686,  L 15 41,L,15,41,Siewiernyi,POLAND,Seyanets Malengra x V. amurensis
DVIT2686.0000D,DVIT2686,2686,  L 15 42,L,15,42,Siewiernyi,POLAND,Seyanets Malengra x V. amurensis
DVIT2118.0000A,DVIT2118,2118,  K  2 39,K,2,39,Silver Frontignan,UNKNOWN,NA
DVIT2118.0000B,DVIT2118,2118,  K  2 40,K,2,40,Silver Frontignan,UNKNOWN,NA
DVIT0957.0000C,DVIT0957,957,  L  9 77,L,9,77,Skiathopoulo,GREECE,NA
DVIT0957.0000D,DVIT0957,957,  L  9 78,L,9,78,Skiathopoulo,GREECE,NA
DVIT0958.0000C,DVIT0958,958,  L  9 79,L,9,79,Slankamenka,UNKNOWN,NA
DVIT0958.0000D,DVIT0958,958,  L  9 80,L,9,80,Slankamenka,UNKNOWN,NA
DVIT1074.0000E,DVIT1074,1074,  L  1 41,L,1,41,Smederevka,YUGOSLAVIA,NA
DVIT1074.0000B,DVIT1074,1074,  L  1 42,L,1,42,Smederevka,YUGOSLAVIA,NA
DVIT1126.0000B,DVIT1126,1126,  K  1 56,K,1,56,Sochal,USSR,NA
DVIT2340.0000A,DVIT2340,2340,  K  3 39,K,3,39,Sochal Kara-kash,USSR,NA
DVIT2340.0000B,DVIT2340,2340,  K  3 40,K,3,40,Sochal Kara-kash,USSR,NA
DVIT0524.0000I,DVIT0524,524,  K  7 17,K,7,17,Solferino,ITALY,REGINA X ANGELO PIROVANO (P 2)
DVIT0524.0000D,DVIT0524,524,  K  7 18,K,7,18,Solferino,ITALY,REGINA X ANGELO PIROVANO (P 2)
DVIT3188.0000A,DVIT3188,3188,  K 16 43,K,16,43,Somarello Rosso,ITALY,NA
DVIT3188.0000B,DVIT3188,3188,  K 16 44,K,16,44,Somarello Rosso,ITALY,NA
DVIT0959.0000C,DVIT0959,959,  L 10  1,L,10,1,Souzao,PORTUGAL,NA
DVIT0959.0000D,DVIT0959,959,  L 10  2,L,10,2,Souzao,PORTUGAL,NA
DVIT0960.0000C,DVIT0960,960,  L 10  3,L,10,3,Souzao No. 809,PORTUGAL,NA
DVIT0960.0000D,DVIT0960,960,  L 10  4,L,10,4,Souzao No. 809,PORTUGAL,NA
DVIT2156.0000A,DVIT2156,2156,  K  2 51,K,2,51,Sovereign Coronation,CANADA,LADY PATRICIA X HIMROD
DVIT2156.0000B,DVIT2156,2156,  K  2 52,K,2,52,Sovereign Coronation,CANADA,LADY PATRICIA X HIMROD
DVIT2155.0000A,DVIT2155,2155,  L  2 29,L,2,29,Sovereign Noir,CANADA,MARECHAL FOCH X SILVANER
DVIT2155.0000B,DVIT2155,2155,  L  2 30,L,2,30,Sovereign Noir,CANADA,MARECHAL FOCH X SILVANER
DVIT2153.0000A,DVIT2153,2153,  K  2 49,K,2,49,Sovereign Rose,CANADA,BATH X PEARL OF CSABA
DVIT2153.0000B,DVIT2153,2153,  K  2 50,K,2,50,Sovereign Rose,CANADA,BATH X PEARL OF CSABA
DVIT0525.0000C,DVIT0525,525,  K  7 19,K,7,19,Sovrana,ITALY,FRANKELTHAL X DELIZIA DE VAPRIO (P 46)
DVIT0525.0000D,DVIT0525,525,  K  7 20,K,7,20,Sovrana,ITALY,FRANKELTHAL X DELIZIA DE VAPRIO (P 46)
DVIT0961.0000C,DVIT0961,961,  L 10  5,L,10,5,Spanna,ITALY,NA
DVIT0961.0000D,DVIT0961,961,  L 10  6,L,10,6,Spanna,ITALY,NA
DVIT2729.0000A,DVIT2729,2729,  K 14 67,K,14,67,Spin Kwar,PAKISTAN,NA
DVIT2729.0000B,DVIT2729,2729,  K 14 68,K,14,68,Spin Kwar,PAKISTAN,NA
DVIT2602.0000E,DVIT2602,2602,  K 13 21,K,13,21,Spin Ugad,PAKISTAN,NA
DVIT2602.0000F,DVIT2602,2602,  K 13 22,K,13,22,Spin Ugad,PAKISTAN,NA
DVIT3189.0000A,DVIT3189,3189,  K 15 19,K,15,19,St. Catherine's East Arbor,EGYPT,NA
DVIT3189.0000E,DVIT3189,3189,  K 15 20,K,15,20,St. Catherine's East Arbor,EGYPT,NA
DVIT3011.0000B,DVIT3011,3011,  K 15 47,K,15,47,St. Catherine's Old Vine,EGYPT,NA
DVIT3011.0000A,DVIT3011,3011,  K 15 48,K,15,48,St. Catherine's Old Vine,EGYPT,NA
DVIT0324.0000C,DVIT0324,324,  K  3 77,K,3,77,Stambul Ali (stambulari),GERMANY,NA
DVIT0324.0000G,DVIT0324,324,  K  3 78,K,3,78,Stambul Ali (stambulari),GERMANY,NA
DVIT0332.0000C,DVIT0332,332,  K  4  7,K,4,7,Stambulari (stambul Ali),GERMANY,NA
DVIT0332.0000D,DVIT0332,332,  K  4  8,K,4,8,Stambulari (stambul Ali),GERMANY,NA
DVIT0962.0000C,DVIT0962,962,  L 10  7,L,10,7,Staphythambelo,GREECE,NA
DVIT0962.0000D,DVIT0962,962,  L 10  8,L,10,8,Staphythambelo,GREECE,NA
DVIT0963.0000C,DVIT0963,963,  L 10  9,L,10,9,Staphythostaphylo,GREECE,NA
DVIT0963.0000D,DVIT0963,963,  L 10 10,L,10,10,Staphythostaphylo,GREECE,NA
DVIT0965.0000E,DVIT0965,965,  L 10 13,L,10,13,Stavrohioticoh,GREECE,NA
DVIT0965.0000D,DVIT0965,965,  L 10 14,L,10,14,Stavrohioticoh,GREECE,NA
DVIT1127.0000A,DVIT1127,1127,  L  1 73,L,1,73,Stein,SOUTH AFRICA,NA
DVIT1127.0000B,DVIT1127,1127,  L  1 74,L,1,74,Stein,SOUTH AFRICA,NA
DVIT0964.0000C,DVIT0964,964,  L 10 11,L,10,11,Steinschiller,GERMANY,NA
DVIT0964.0000D,DVIT0964,964,  L 10 12,L,10,12,Steinschiller,GERMANY,NA
DVIT0966.0000C,DVIT0966,966,  L 10 15,L,10,15,Stophiliatico,GREECE,NA
DVIT0966.0000D,DVIT0966,966,  L 10 16,L,10,16,Stophiliatico,GREECE,NA
DVIT2259.0000A,DVIT2259,2259,  K  3 15,K,3,15,Stravaganza Vidor,UNKNOWN,NA
DVIT2259.0000B,DVIT2259,2259,  K  3 16,K,3,16,Stravaganza Vidor,UNKNOWN,NA
DVIT0526.0000C,DVIT0526,526,  K  7 21,K,7,21,Sultana,USSR,NA
DVIT0526.0000G,DVIT0526,526,  K  7 22,K,7,22,Sultana,USSR,NA
DVIT1321.0000C,DVIT1321,1321,  K  9 27,K,9,27,Sultana,USSR,NA
DVIT1321.0000D,DVIT1321,1321,  K  9 28,K,9,28,Sultana,USSR,NA
DVIT2654.0000A,DVIT2654,2654,  K 13 47,K,13,47,Sultana Crimson,NA,NA
DVIT2654.0000B,DVIT2654,2654,  K 13 48,K,13,48,Sultana Crimson,NA,NA
DVIT0527.0000E,DVIT0527,527,  K  7 23,K,7,23,Sultana Moscata,ITALY,ZIBIBBO X SULTANINE
DVIT0527.0000D,DVIT0527,527,  K  7 24,K,7,24,Sultana Moscata,ITALY,ZIBIBBO X SULTANINE
DVIT2655.0000G,DVIT2655,2655,  K 13 49,K,13,49,Sultana Moschata,AUSTRALIA,ZIBIBBO X SULTANINE
DVIT2655.0000B,DVIT2655,2655,  K 13 50,K,13,50,Sultana Moschata,AUSTRALIA,ZIBIBBO X SULTANINE
DVIT0529.0000C,DVIT0529,529,  K  7 27,K,7,27,Sultanina Marble,UNKNOWN,NA
DVIT0529.0000D,DVIT0529,529,  K  7 28,K,7,28,Sultanina Marble,UNKNOWN,NA
DVIT0530.0000G,DVIT0530,530,  K  7 29,K,7,29,Sultanina Rose,USSR,NA
DVIT0530.0000D,DVIT0530,530,  K  7 30,K,7,30,Sultanina Rose,USSR,NA
DVIT2902.0000B,DVIT2902,2902,  K 15 57,K,15,57,Summer Muscat,USA,A4-162 X P100-111
DVIT2902.0000C,DVIT2902,2902,  K 15 58,K,15,58,Summer Muscat,USA,A4-162 X P100-111
DVIT2899.0000A,DVIT2899,2899,  K 15 51,K,15,51,Summer Royal,USA,A69-190 x C20-149
DVIT2899.0000H,DVIT2899,2899,  K 15 52,K,15,52,Summer Royal,USA,A69-190 x C20-149
DVIT2702.0000D,DVIT2702,2702,  L 12 75,L,12,75,Suputinsky Bietyz,POLAND,NA
DVIT1659.0000A,DVIT1659,1659,  K  1 61,K,1,61,Sweet Blue,USA,NA
DVIT2611.0000A,DVIT2611,2611,  K 16  1,K,16,1,Sweet Blue 4x,USA,NA
DVIT2611.0000I,DVIT2611,2611,  K 16  2,K,16,2,Sweet Blue 4x,USA,NA
DVIT0967.0000C,DVIT0967,967,  L 10 17,L,10,17,Sylvaner,AUSTRIA,NA
DVIT0967.0000D,DVIT0967,967,  L 10 18,L,10,18,Sylvaner,AUSTRIA,NA
DVIT0968.0000C,DVIT0968,968,  L 10 19,L,10,19,Sylvaner,AUSTRIA,NA
DVIT0968.0000D,DVIT0968,968,  L 10 20,L,10,20,Sylvaner,AUSTRIA,NA
DVIT1075.0000C,DVIT1075,1075,  L 12 47,L,12,47,Sylvaner,FRANCE,NA
DVIT1075.0000D,DVIT1075,1075,  L 12 48,L,12,48,Sylvaner,FRANCE,NA
DVIT3180.0000A,DVIT3180,3180,  L 17 17,L,17,17,Sylvaner 742,NA,NA
DVIT3180.0000B,DVIT3180,3180,  L 17 18,L,17,18,Sylvaner 742,NA,NA
DVIT3181.0000A,DVIT3181,3181,  L 17 19,L,17,19,Sylvaner 749,NA,NA
DVIT3181.0000B,DVIT3181,3181,  L 17 20,L,17,20,Sylvaner 749,NA,NA
DVIT0896.0000C,DVIT0896,896,  L  8 49,L,8,49,Syrah,FRANCE,NA
DVIT0896.0000D,DVIT0896,896,  L  8 50,L,8,50,Syrah,FRANCE,NA
DVIT1053.0000C,DVIT1053,1053,  L 12 11,L,12,11,Syrah,ITALY,NA
DVIT1053.0000D,DVIT1053,1053,  L 12 12,L,12,12,Syrah,ITALY,NA
DVIT2162.0000A,DVIT2162,2162,  K  2 63,K,2,63,Syrian,ISRAEL,NA
DVIT2162.0000B,DVIT2162,2162,  K  2 64,K,2,64,Syrian,ISRAEL,NA
DVIT0969.0000E,DVIT0969,969,  L 10 21,L,10,21,Tabyrn,UNKNOWN,NA
DVIT0969.0000D,DVIT0969,969,  L 10 22,L,10,22,Tabyrn,UNKNOWN,NA
DVIT1668.0000C,DVIT1668,1668,  L 14 47,L,14,47,Tabyrn 4x,UNKNOWN,NA
DVIT1668.0000D,DVIT1668,1668,  L 14 48,L,14,48,Tabyrn 4x,UNKNOWN,NA
DVIT0970.0000C,DVIT0970,970,  L 10 23,L,10,23,Tadone,UNKNOWN,NA
DVIT0970.0000D,DVIT0970,970,  L 10 24,L,10,24,Tadone,UNKNOWN,NA
DVIT0551.0000C,DVIT0551,551,  K  7 65,K,7,65,Tagouti Rouge,UNKNOWN,NA
DVIT0551.0000D,DVIT0551,551,  K  7 66,K,7,66,Tagouti Rouge,UNKNOWN,NA
DVIT2174.0000A,DVIT2174,2174,  K  3  3,K,3,3,Taifi,USSR,NA
DVIT2174.0000B,DVIT2174,2174,  K  3  4,K,3,4,Taifi,USSR,NA
DVIT3249.0000A,DVIT3249,3249,  K 16 75,K,16,75,Taify Pink,KAZAKHSTAN,NA
DVIT0531.0000C,DVIT0531,531,  K  7 31,K,7,31,Takhani (pink T.s.),AFGHANISTAN,NA
DVIT0531.0000D,DVIT0531,531,  K  7 32,K,7,32,Takhani (pink T.s.),AFGHANISTAN,NA
DVIT0971.0000C,DVIT0971,971,  L 10 25,L,10,25,Talia,PORTUGAL,NA
DVIT0971.0000D,DVIT0971,971,  L 10 26,L,10,26,Talia,PORTUGAL,NA
DVIT0532.0000F,DVIT0532,532,  K  7 33,K,7,33,Tallian,HUNGARY,NA
DVIT0532.0000D,DVIT0532,532,  K  7 34,K,7,34,Tallian,HUNGARY,NA
DVIT0972.0000C,DVIT0972,972,  L 10 27,L,10,27,Tamarez,PORTUGAL,NA
DVIT0972.0000D,DVIT0972,972,  L 10 28,L,10,28,Tamarez,PORTUGAL,NA
DVIT2656.0000A,DVIT2656,2656,  L 15 13,L,15,13,Taminga,AUSTRALIA,NA
DVIT2656.0000B,DVIT2656,2656,  L 15 14,L,15,14,Taminga,AUSTRALIA,NA
DVIT2928.0000A,DVIT2928,2928,  K 15 31,K,15,31,Tana-Kuzi,USSR,NA
DVIT2928.0000B,DVIT2928,2928,  K 15 32,K,15,32,Tana-Kuzi,USSR,NA
DVIT0533.0000D,DVIT0533,533,  K  7 36,K,7,36,Tand,AFGHANISTAN,NA
DVIT0973.0000C,DVIT0973,973,  L 10 29,L,10,29,Tannat,FRANCE,NA
DVIT0973.0000D,DVIT0973,973,  L 10 30,L,10,30,Tannat,FRANCE,NA
DVIT2657.0000A,DVIT2657,2657,  K 13 51,K,13,51,Tarrango I,AUSTRALIA,NA
DVIT2657.0000B,DVIT2657,2657,  K 13 52,K,13,52,Tarrango I,AUSTRALIA,NA
DVIT2658.0000A,DVIT2658,2658,  K 13 53,K,13,53,Tarrango II,AUSTRALIA,NA
DVIT2658.0000B,DVIT2658,2658,  K 13 54,K,13,54,Tarrango II,AUSTRALIA,NA
DVIT0325.0000C,DVIT0325,325,  K 10 15,K,10,15,Taschli,GERMANY,NA
DVIT0325.0000D,DVIT0325,325,  K 10 16,K,10,16,Taschli,GERMANY,NA
DVIT3248.0000A,DVIT3248,3248,  K 16 73,K,16,73,Tavria,UKRAINE,Rannii kibraiskii x Koenigin der Weingaerten
DVIT2659.0000A,DVIT2659,2659,  L 15 53,L,15,53,Tavriz,YUGOSLAVIA,NA
DVIT2659.0000B,DVIT2659,2659,  L 15 54,L,15,54,Tavriz,YUGOSLAVIA,NA
DVIT2688.0000B,DVIT2688,2688,  L 15 43,L,15,43,Tchilar,USSR,NA
DVIT2688.0000C,DVIT2688,2688,  L 15 44,L,15,44,Tchilar,USSR,NA
DVIT0975.0000C,DVIT0975,975,  L 10 33,L,10,33,Teinturier,FRANCE,NA
DVIT0975.0000D,DVIT0975,975,  L 10 34,L,10,34,Teinturier,FRANCE,NA
DVIT0974.0000C,DVIT0974,974,  L 10 31,L,10,31,Teinturier Male,FRANCE,NA
DVIT0974.0000D,DVIT0974,974,  L 10 32,L,10,32,Teinturier Male,FRANCE,NA
DVIT2660.0000A,DVIT2660,2660,  K 14 55,K,14,55,Teltfurtu,AUSTRIA,NA
DVIT2660.0000B,DVIT2660,2660,  K 14 56,K,14,56,Teltfurtu,AUSTRIA,NA
DVIT0453.0000C,DVIT0453,453,  K  5 67,K,5,67,Teneron,FRANCE,NA
DVIT0453.0000D,DVIT0453,453,  K  5 68,K,5,68,Teneron,FRANCE,NA
DVIT0976.0000C,DVIT0976,976,  L 10 35,L,10,35,Ter Gulmer,UNKNOWN,NA
DVIT0976.0000D,DVIT0976,976,  L 10 36,L,10,36,Ter Gulmer,UNKNOWN,NA
DVIT0977.0000C,DVIT0977,977,  L 10 37,L,10,37,Teroldego,ITALY,NA
DVIT0977.0000F,DVIT0977,977,  L 10 38,L,10,38,Teroldego,ITALY,NA
DVIT2114.0000A,DVIT2114,2114,  K  2 35,K,2,35,Terra Promessa,ISRAEL,NA
DVIT2114.0000B,DVIT2114,2114,  K  2 36,K,2,36,Terra Promessa,ISRAEL,NA
DVIT0765.0000C,DVIT0765,765,  L  5 73,L,5,73,Terret Blanc,FRANCE,NA
DVIT0765.0000F,DVIT0765,765,  L  5 74,L,5,74,Terret Blanc,FRANCE,NA
DVIT0978.0000C,DVIT0978,978,  L 14 23,L,14,23,Terret Blanc,FRANCE,NA
DVIT0978.0000D,DVIT0978,978,  L 14 24,L,14,24,Terret Blanc,FRANCE,NA
DVIT0979.0000C,DVIT0979,979,  L 10 39,L,10,39,Terret Bourret,FRANCE,NA
DVIT0979.0000D,DVIT0979,979,  L 10 40,L,10,40,Terret Bourret,FRANCE,NA
DVIT0980.0000C,DVIT0980,980,  L 10 41,L,10,41,Terret Gris,FRANCE,NA
DVIT0980.0000D,DVIT0980,980,  L 10 42,L,10,42,Terret Gris,FRANCE,NA
DVIT1054.0000C,DVIT1054,1054,  L 12 13,L,12,13,Terret Noir,FRANCE,NA
DVIT1054.0000D,DVIT1054,1054,  L 12 14,L,12,14,Terret Noir,FRANCE,NA
DVIT1318.0000C,DVIT1318,1318,  L 12 57,L,12,57,Terret Schwarz,GERMANY,NA
DVIT1318.0000D,DVIT1318,1318,  L 12 58,L,12,58,Terret Schwarz,GERMANY,NA
DVIT0934.0000C,DVIT0934,934,  L  9 35,L,9,35,Thiako,GREECE,NA
DVIT0934.0000D,DVIT0934,934,  L  9 36,L,9,36,Thiako,GREECE,NA
DVIT0981.0000C,DVIT0981,981,  L 10 43,L,10,43,Thiakon,GREECE,NA
DVIT0981.0000D,DVIT0981,981,  L 10 44,L,10,44,Thiakon,GREECE,NA
DVIT0535.0000C,DVIT0535,535,  K  7 39,K,7,39,Thompson Seedless,TURKEY,NA
DVIT0535.0000D,DVIT0535,535,  K  7 40,K,7,40,Thompson Seedless,TURKEY,NA
DVIT0536.0000C,DVIT0536,536,  K  7 41,K,7,41,Thomuscat,USA,MUSCAT OF ALEXANDRIA X THOMPSON SEEDLESS
DVIT0536.0000D,DVIT0536,536,  K  7 42,K,7,42,Thomuscat,USA,MUSCAT OF ALEXANDRIA X THOMPSON SEEDLESS
DVIT0982.0000C,DVIT0982,982,  L 10 45,L,10,45,Tinta Amarella,PORTUGAL,NA
DVIT0982.0000D,DVIT0982,982,  L 10 46,L,10,46,Tinta Amarella,PORTUGAL,NA
DVIT0984.0000C,DVIT0984,984,  L 10 49,L,10,49,Tinta Cao,PORTUGAL,NA
DVIT0984.0000D,DVIT0984,984,  L 10 50,L,10,50,Tinta Cao,PORTUGAL,NA
DVIT0987.0000C,DVIT0987,987,  L 10 55,L,10,55,Tinta Cao,PORTUGAL,NA
DVIT0987.0000D,DVIT0987,987,  L 10 56,L,10,56,Tinta Cao,PORTUGAL,NA
DVIT0983.0000C,DVIT0983,983,  L 10 47,L,10,47,Tinta Francisca,PORTUGAL,NA
DVIT0983.0000D,DVIT0983,983,  L 10 48,L,10,48,Tinta Francisca,PORTUGAL,NA
DVIT0985.0000E,DVIT0985,985,  L 10 51,L,10,51,Tinta Madeira,PORTUGAL,NA
DVIT0985.0000D,DVIT0985,985,  L 10 52,L,10,52,Tinta Madeira,PORTUGAL,NA
DVIT0988.0000C,DVIT0988,988,  L 10 57,L,10,57,Tinta Mole,PORTUGAL,NA
DVIT0988.0000D,DVIT0988,988,  L 10 58,L,10,58,Tinta Mole,PORTUGAL,NA
DVIT0986.0000E,DVIT0986,986,  L 10 53,L,10,53,Tinta Muida,PORTUGAL,NA
DVIT0986.0000F,DVIT0986,986,  L 10 54,L,10,54,Tinta Muida,PORTUGAL,NA
DVIT0989.0000C,DVIT0989,989,  L 10 59,L,10,59,Tintureiro,PORTUGAL,NA
DVIT0989.0000E,DVIT0989,989,  L 10 60,L,10,60,Tintureiro,PORTUGAL,NA
DVIT2157.0000A,DVIT2157,2157,  K  2 53,K,2,53,Tokay,ASIA,NA
DVIT2157.0000B,DVIT2157,2157,  K  2 54,K,2,54,Tokay,ASIA,NA
DVIT0534.0000C,DVIT0534,534,  K  7 37,K,7,37,Tokay,ALGERIA,NA
DVIT0534.0000D,DVIT0534,534,  K  7 38,K,7,38,Tokay,ALGERIA,NA
DVIT0540.0000C,DVIT0540,540,  K  7 47,K,7,47,Tokay,ALGERIA,NA
DVIT0540.0000D,DVIT0540,540,  K  7 48,K,7,48,Tokay,ALGERIA,NA
DVIT2531.0000C,DVIT2531,2531,  K 13 11,K,13,11,Torgoon,PAKISTAN,NA
DVIT2531.0000D,DVIT2531,2531,  K 13 12,K,13,12,Torgoon,PAKISTAN,NA
DVIT3190.0000A,DVIT3190,3190,  L 17 29,L,17,29,Torrontes Riojano,NA,NA
DVIT3190.0000B,DVIT3190,3190,  L 17 30,L,17,30,Torrontes Riojano,NA,NA
DVIT0990.0000C,DVIT0990,990,  L 10 61,L,10,61,Touriga,PORTUGAL,NA
DVIT0990.0000D,DVIT0990,990,  L 10 62,L,10,62,Touriga,PORTUGAL,NA
DVIT1061.0000C,DVIT1061,1061,  L 12 25,L,12,25,Touriga,PORTUGAL,NA
DVIT1061.0000D,DVIT1061,1061,  L 12 26,L,12,26,Touriga,PORTUGAL,NA
DVIT0628.0000C,DVIT0628,628,  L  3 23,L,3,23,Tourigan National,PORTUGAL,NA
DVIT0628.0000D,DVIT0628,628,  L  3 24,L,3,24,Tourigan National,PORTUGAL,NA
DVIT0991.0000C,DVIT0991,991,  L 10 63,L,10,63,Traminer,SWITZERLAND,NA
DVIT0991.0000D,DVIT0991,991,  L 10 64,L,10,64,Traminer,SWITZERLAND,NA
DVIT2067.0000C,DVIT2067,2067,  L 13 19,L,13,19,Trebbiano Bianco,ITALY,NA
DVIT2067.0000D,DVIT2067,2067,  L 13 20,L,13,20,Trebbiano Bianco,ITALY,NA
DVIT2661.0000A,DVIT2661,2661,  K 14 75,K,14,75,Treixadura Blanca,SPAIN,NA
DVIT2661.0000B,DVIT2661,2661,  K 14 76,K,14,76,Treixadura Blanca,SPAIN,NA
DVIT1591.0000D,DVIT1591,1591,  K 12  1,K,12,1,Trieste 4x,ITALY,NA
DVIT1591.0000F,DVIT1591,1591,  K 12  2,K,12,2,Trieste 4x,ITALY,NA
DVIT1669.0000D,DVIT1669,1669,  K 12  3,K,12,3,Trieste 4x,ITALY,NA
DVIT1669.0000C,DVIT1669,1669,  K 12  4,K,12,4,Trieste 4x,ITALY,NA
DVIT2164.0000A,DVIT2164,2164,  K  2 67,K,2,67,Trieste-pirovano 299,ITALY,MUSCATTO D'ADDA X P 61
DVIT2164.0000B,DVIT2164,2164,  K  2 68,K,2,68,Trieste-pirovano 299,ITALY,MUSCATTO D'ADDA X P 61
DVIT0600.0000C,DVIT0600,600,  K  8 67,K,8,67,Trifera,GREECE,NA
DVIT0600.0000D,DVIT0600,600,  K  8 68,K,8,68,Trifera,GREECE,NA
DVIT0992.0000C,DVIT0992,992,  L 10 65,L,10,65,Trincadeiro,PORTUGAL,NA
DVIT0992.0000D,DVIT0992,992,  L 10 66,L,10,66,Trincadeiro,PORTUGAL,NA
DVIT0993.0000C,DVIT0993,993,  L 10 67,L,10,67,Trincadeiro Branco,PORTUGAL,NA
DVIT0993.0000D,DVIT0993,993,  L 10 68,L,10,68,Trincadeiro Branco,PORTUGAL,NA
DVIT3127.0000A,DVIT3127,3127,  L 16 69,L,16,69,Triplett 158-8B,USA,Colombard x Chenin blanc
DVIT3127.0000B,DVIT3127,3127,  L 16 70,L,16,70,Triplett 158-8B,USA,Colombard x Chenin blanc
DVIT3128.0000A,DVIT3128,3128,  L 16 71,L,16,71,Triplett 181-7A,USA,Colombard x Malvasia bianca
DVIT3128.0000B,DVIT3128,3128,  L 16 72,L,16,72,Triplett 181-7A,USA,Colombard x Malvasia bianca
DVIT3111.0000A,DVIT3111,3111,  L 16 41,L,16,41,Triplett 30-47,USA,Ruby Cabernet x Calzin
DVIT3111.0000B,DVIT3111,3111,  L 16 42,L,16,42,Triplett 30-47,USA,Ruby Cabernet x Calzin
DVIT3112.0000A,DVIT3112,3112,  L 16 43,L,16,43,Triplett F1-13,USA,T213-13 (61-9  [Grenache x Gros Manzenc] x 74-21A [Zinfandel x Cabernet Sauvignon]) x T42-36 (Ruby Cabernet x Barbera)
DVIT3112.0000B,DVIT3112,3112,  L 16 44,L,16,44,Triplett F1-13,USA,T213-13 (61-9  [Grenache x Gros Manzenc] x 74-21A [Zinfandel x Cabernet Sauvignon]) x T42-36 (Ruby Cabernet x Barbera)
DVIT3117.0000A,DVIT3117,3117,  L 16 54,L,16,54,Triplett F101-3,USA,F1-2 (T213-13 x T42-36 [Ruby Cabernet x Barbera]) x F793-20 (Grenache x Ravat noir) Parentage of 213-13 is: T61-9 (Grenache x Gros Manzenc) x T74-21 (Zinfandel x Cabernet Sauvignon)
DVIT3118.0000A,DVIT3118,3118,  L 16 55,L,16,55,Triplett F101-4,USA,F1-2 (T213-13 x T42-36 [Ruby Cabernet x Barbera]) x F793-20 (Grenache x Ravat noir) Parentage of 213-13 is: T61-9 (Grenache x Gros Manzenc) x T74-21 (Zinfandel x Cabernet Sauvignon)
DVIT3118.0000B,DVIT3118,3118,  L 16 56,L,16,56,Triplett F101-4,USA,F1-2 (T213-13 x T42-36 [Ruby Cabernet x Barbera]) x F793-20 (Grenache x Ravat noir) Parentage of 213-13 is: T61-9 (Grenache x Gros Manzenc) x T74-21 (Zinfandel x Cabernet Sauvignon)
DVIT3114.0000A,DVIT3114,3114,  L 16 47,L,16,47,Triplett F3-3,USA,F170-10 (T4-9 [Ruby Cabernet x Zinfandel]) x Bolgnino
DVIT3114.0000O,DVIT3114,3114,  L 16 48,L,16,48,Triplett F3-3,USA,F170-10 (T4-9 [Ruby Cabernet x Zinfandel]) x Bolgnino
DVIT3115.0000A,DVIT3115,3115,  L 16 49,L,16,49,Triplett F3-4,USA,F170-10 (T4-9 [Ruby Cabernet x Zinfandel]) x Bolgnino
DVIT3115.0000B,DVIT3115,3115,  L 16 50,L,16,50,Triplett F3-4,USA,F170-10 (T4-9 [Ruby Cabernet x Zinfandel]) x Bolgnino
DVIT3116.0000A,DVIT3116,3116,  L 16 51,L,16,51,Triplett F3-5,USA,F170-10 (T4-9 [Ruby Cabernet x Zinfandel]) x Bolgnino
DVIT3116.0000L,DVIT3116,3116,  L 16 52,L,16,52,Triplett F3-5,USA,F170-10 (T4-9 [Ruby Cabernet x Zinfandel]) x Bolgnino
DVIT3121.0000A,DVIT3121,3121,  L 16 61,L,16,61,Triplett T170-9B,USA,T4-9 (Cinsaut x Ruby Cabernet) x Bolgnino
DVIT3121.0000B,DVIT3121,3121,  L 16 62,L,16,62,Triplett T170-9B,USA,T4-9 (Cinsaut x Ruby Cabernet) x Bolgnino
DVIT3131.0000A,DVIT3131,3131,  L 16 77,L,16,77,Triplett T182-4,USA,Malvasia bianca x Colombard
DVIT3131.0000B,DVIT3131,3131,  L 16 78,L,16,78,Triplett T182-4,USA,Malvasia bianca x Colombard
DVIT3122.0000A,DVIT3122,3122,  L 16 63,L,16,63,Triplett T194-1,USA,Merlot x T46-14 (Ruby Cabernet x Koptcha)
DVIT3122.0000B,DVIT3122,3122,  L 16 64,L,16,64,Triplett T194-1,USA,Merlot x T46-14 (Ruby Cabernet x Koptcha)
DVIT3123.0000A,DVIT3123,3123,  L 16 65,L,16,65,Triplett T203-1,USA,T4-9 (Cinsaut x Ruby Cabernet) x Ruby Cabernet
DVIT3123.0000B,DVIT3123,3123,  L 16 66,L,16,66,Triplett T203-1,USA,T4-9 (Cinsaut x Ruby Cabernet) x Ruby Cabernet
DVIT3129.0000A,DVIT3129,3129,  L 16 73,L,16,73,Triplett T34-1,USA,Clairette blanche x Colombard
DVIT3129.0000B,DVIT3129,3129,  L 16 74,L,16,74,Triplett T34-1,USA,Clairette blanche x Colombard
DVIT3119.0000A,DVIT3119,3119,  L 16 57,L,16,57,Triplett T51-16A,USA,Cabernet Sauvignon x Barbera
DVIT3119.0000B,DVIT3119,3119,  L 16 58,L,16,58,Triplett T51-16A,USA,Cabernet Sauvignon x Barbera
DVIT3120.0000A,DVIT3120,3120,  L 16 59,L,16,59,Triplett T61-13,USA,Grenache x Gros Manzenc
DVIT3120.0000B,DVIT3120,3120,  L 16 60,L,16,60,Triplett T61-13,USA,Grenache x Gros Manzenc
DVIT3125.0000A,DVIT3125,3125,  L 16 67,L,16,67,Triplett T793-1,USA,Grenache x Ravat noir
DVIT3125.0000B,DVIT3125,3125,  L 16 68,L,16,68,Triplett T793-1,USA,Grenache x Ravat noir
DVIT3130.0000A,DVIT3130,3130,  L 16 75,L,16,75,Triplett T82-4B,USA,F2-35 (Olmo) x Catarrato
DVIT3130.0000B,DVIT3130,3130,  L 16 76,L,16,76,Triplett T82-4B,USA,F2-35 (Olmo) x Catarrato
DVIT0994.0000C,DVIT0994,994,  L 10 69,L,10,69,Troja,UNKNOWN,NA
DVIT0994.0000D,DVIT0994,994,  L 10 70,L,10,70,Troja,UNKNOWN,NA
DVIT2341.0000A,DVIT2341,2341,  L  2 75,L,2,75,Trollinger,GERMANY,NA
DVIT2341.0000B,DVIT2341,2341,  L  2 76,L,2,76,Trollinger,GERMANY,NA
DVIT0838.0000C,DVIT0838,838,  L  7 37,L,7,37,Trousseau,PORTUGAL,NA
DVIT0838.0000D,DVIT0838,838,  L  7 38,L,7,38,Trousseau,PORTUGAL,NA
DVIT0995.0000C,DVIT0995,995,  L 10 71,L,10,71,Trousseau,FRANCE,NA
DVIT0995.0000D,DVIT0995,995,  L 10 72,L,10,72,Trousseau,FRANCE,NA
DVIT0996.0000C,DVIT0996,996,  L 10 73,L,10,73,Tsambato,GREECE,NA
DVIT0996.0000D,DVIT0996,996,  L 10 74,L,10,74,Tsambato,GREECE,NA
DVIT0538.0000F,DVIT0538,538,  K  1 25,K,1,25,Tscharas,UNKNOWN,NA
DVIT0538.0000E,DVIT0538,538,  K  1 26,K,1,26,Tscharas,UNKNOWN,NA
DVIT0539.0000C,DVIT0539,539,  K  7 45,K,7,45,Tschilaci,USSR,NA
DVIT0539.0000D,DVIT0539,539,  K  7 46,K,7,46,Tschilaci,USSR,NA
DVIT0997.0000C,DVIT0997,997,  L 10 75,L,10,75,Tsoumbrena Lefki,GREECE,NA
DVIT0997.0000D,DVIT0997,997,  L 10 76,L,10,76,Tsoumbrena Lefki,GREECE,NA
DVIT1055.0000C,DVIT1055,1055,  L 12 15,L,12,15,Tsoumbrena Mavri,GREECE,NA
DVIT1055.0000D,DVIT1055,1055,  L 12 16,L,12,16,Tsoumbrena Mavri,GREECE,NA
DVIT1056.0000C,DVIT1056,1056,  L 12 17,L,12,17,Tsoupi,GREECE,NA
DVIT1056.0000D,DVIT1056,1056,  L 12 18,L,12,18,Tsoupi,GREECE,NA
DVIT0541.0000C,DVIT0541,541,  K  7 49,K,7,49,Turkish Grape,UNKNOWN,NA
DVIT0541.0000D,DVIT0541,541,  K  7 50,K,7,50,Turkish Grape,UNKNOWN,NA
DVIT2662.0000A,DVIT2662,2662,  L 15 15,L,15,15,Ughetta,ITALY,NA
DVIT2662.0000B,DVIT2662,2662,  L 15 16,L,15,16,Ughetta,ITALY,NA
DVIT1153.0000A,DVIT1153,1153,  L  1 77,L,1,77,Unknown Cultivar,UNKNOWN,NA
DVIT1153.0000B,DVIT1153,1153,  L  1 78,L,1,78,Unknown Cultivar,UNKNOWN,NA
DVIT0806.0000E,DVIT0806,806,  L  6 59,L,6,59,Unknown Cultivar,ITALY,NA
DVIT0806.0000D,DVIT0806,806,  L  6 60,L,6,60,Unknown Cultivar,ITALY,NA
DVIT0852.0999C,DVIT0852,852,  L  7 60,L,7,60,Unknown Cultivar,GERMANY,NA
DVIT0881.0000C,DVIT0881,881,  L  8 25,L,8,25,Unknown Cultivar,ITALY,NA
DVIT0881.0000D,DVIT0881,881,  L  8 26,L,8,26,Unknown Cultivar,ITALY,NA
DVIT1005.0000C,DVIT1005,1005,  L 11  7,L,11,7,Unknown Cultivar,UNKNOWN,NA
DVIT1005.0000D,DVIT1005,1005,  L 11  8,L,11,8,Unknown Cultivar,UNKNOWN,NA
DVIT1022.0000C,DVIT1022,1022,  L 11 37,L,11,37,Unknown Cultivar,GREECE,NA
DVIT1022.0000D,DVIT1022,1022,  L 11 38,L,11,38,Unknown Cultivar,GREECE,NA
DVIT1060.0000C,DVIT1060,1060,  L 12 23,L,12,23,Unknown Cultivar,FRANCE,NA
DVIT1060.0000D,DVIT1060,1060,  L 12 24,L,12,24,Unknown Cultivar,FRANCE,NA
DVIT2884.0000H,DVIT2884,2884,  K 17  3,K,17,3,Unknown Cultivar -- good,USA,NA
DVIT0643.0000C,DVIT0643,643,  L  3 49,L,3,49,Unkown Cultivar,GREECE,NA
DVIT0643.0000D,DVIT0643,643,  L  3 50,L,3,50,Unkown Cultivar,GREECE,NA
DVIT0644.0000C,DVIT0644,644,  L  3 51,L,3,51,Unkown Cultivar,GREECE,NA
DVIT0644.0000E,DVIT0644,644,  L  3 52,L,3,52,Unkown Cultivar,GREECE,NA
DVIT0693.0000C,DVIT0693,693,  L  4 41,L,4,41,Unkown Cultivar,FRANCE,NA
DVIT0693.0000D,DVIT0693,693,  L  4 42,L,4,42,Unkown Cultivar,FRANCE,NA
DVIT0696.0000C,DVIT0696,696,  L  4 43,L,4,43,Unkown Cultivar,UNKNOWN,NA
DVIT0696.0000D,DVIT0696,696,  L  4 44,L,4,44,Unkown Cultivar,UNKNOWN,NA
DVIT0542.0000C,DVIT0542,542,  K  7 51,K,7,51,Uva Romano,ITALY,NA
DVIT2072.0000A,DVIT2072,2072,  L  2 11,L,2,11,Uzbekistanian Muscat,USSR,NA
DVIT2072.0000B,DVIT2072,2072,  L  2 12,L,2,12,Uzbekistanian Muscat,USSR,NA
DVIT0998.0000C,DVIT0998,998,  L 10 77,L,10,77,Vaftra (vaspa),GREECE,NA
DVIT0998.0000D,DVIT0998,998,  L 10 78,L,10,78,Vaftra (vaspa),GREECE,NA
DVIT0999.0000C,DVIT0999,999,  L 10 79,L,10,79,Valdepenas,SPAIN,NA
DVIT0999.0000D,DVIT0999,999,  L 10 80,L,10,80,Valdepenas,SPAIN,NA
DVIT1068.0000C,DVIT1068,1068,  L 12 39,L,12,39,Valdepenas,SPAIN,NA
DVIT1068.0000D,DVIT1068,1068,  L 12 40,L,12,40,Valdepenas,SPAIN,NA
DVIT0543.0000C,DVIT0543,543,  K  7 53,K,7,53,Van Der Laan,NETHERLANDS,NA
DVIT0543.0000D,DVIT0543,543,  K  7 54,K,7,54,Van Der Laan,NETHERLANDS,NA
DVIT1057.0000C,DVIT1057,1057,  L 12 19,L,12,19,Velana,GREECE,NA
DVIT1057.0000D,DVIT1057,1057,  L 12 20,L,12,20,Velana,GREECE,NA
DVIT1130.0000A,DVIT1130,1130,  K  1 57,K,1,57,Venus (seedless),USA,NA
DVIT1130.0000O,DVIT1130,1130,  K  1 58,K,1,58,Venus (seedless),USA,NA
DVIT0544.0000C,DVIT0544,544,  K 11 25,K,11,25,Verchant,UNKNOWN,NA
DVIT0553.0000C,DVIT0553,553,  K  7 69,K,7,69,Verdal,UNKNOWN,NA
DVIT0553.0000D,DVIT0553,553,  K  7 70,K,7,70,Verdal,UNKNOWN,NA
DVIT0602.0000C,DVIT0602,602,  K  8 71,K,8,71,Verdal,UNKNOWN,NA
DVIT0602.0000D,DVIT0602,602,  K  8 72,K,8,72,Verdal,UNKNOWN,NA
DVIT1000.0000C,DVIT1000,1000,  L 11  1,L,11,1,Verdea,ITALY,NA
DVIT1000.0000D,DVIT1000,1000,  L 11  2,L,11,2,Verdea,ITALY,NA
DVIT1001.0000C,DVIT1001,1001,  L 11  3,L,11,3,Verdelho,PORTUGAL,NA
DVIT1001.0000D,DVIT1001,1001,  L 11  4,L,11,4,Verdelho,PORTUGAL,NA
DVIT0545.0000F,DVIT0545,545,  L  3  3,L,3,3,Vermentino Favorita,ITALY,NA
DVIT0545.0000G,DVIT0545,545,  L  3  4,L,3,4,Vermentino Favorita,ITALY,NA
DVIT1002.0000C,DVIT1002,1002,  L 11  5,L,11,5,Vermentino Favorita,ITALY,NA
DVIT1002.0000D,DVIT1002,1002,  L 11  6,L,11,6,Vermentino Favorita,ITALY,NA
DVIT1004.0000A,DVIT1004,1004,  L  1 27,L,1,27,Vernaccia Bianca,ITALY,NA
DVIT1004.0000B,DVIT1004,1004,  L  1 28,L,1,28,Vernaccia Bianca,ITALY,NA
DVIT1003.0000A,DVIT1003,1003,  L  1 25,L,1,25,Vernaccia Di San Gimignano,ITALY,NA
DVIT1003.0000B,DVIT1003,1003,  L  1 26,L,1,26,Vernaccia Di San Gimignano,ITALY,NA
DVIT1076.0000C,DVIT1076,1076,  L 12 49,L,12,49,Vernatschia Alternatures,GERMANY,NA
DVIT1076.0000E,DVIT1076,1076,  L 12 50,L,12,50,Vernatschia Alternatures,GERMANY,NA
DVIT1006.0000C,DVIT1006,1006,  L 11  9,L,11,9,Veronese,ITALY,NA
DVIT1006.0000D,DVIT1006,1006,  L 11 10,L,11,10,Veronese,ITALY,NA
DVIT1007.0000C,DVIT1007,1007,  L 11 11,L,11,11,Vertzami,GREECE,NA
DVIT1007.0000D,DVIT1007,1007,  L 11 12,L,11,12,Vertzami,GREECE,NA
DVIT0546.0000C,DVIT0546,546,  K  7 55,K,7,55,Victor,ITALY,MADELEINE ROYALE X DELIZIA DI VAPRIO (P 46)
DVIT0546.0000D,DVIT0546,546,  K  7 56,K,7,56,Victor,ITALY,MADELEINE ROYALE X DELIZIA DI VAPRIO (P 46)
DVIT2663.0000A,DVIT2663,2663,  K 13 55,K,13,55,Victoria's Choice,NA,NA
DVIT2663.0000B,DVIT2663,2663,  K 13 56,K,13,56,Victoria's Choice,NA,NA
DVIT3182.0000A,DVIT3182,3182,  K 16 45,K,16,45,Victoria's Choice,NA,NA
DVIT3182.0000B,DVIT3182,3182,  K 16 46,K,16,46,Victoria's Choice,NA,NA
DVIT1598.0000E,DVIT1598,1598,  K 12  7,K,12,7,Victoria's Choice #1,UNKNOWN,NA
DVIT1598.0000F,DVIT1598,1598,  K 12  8,K,12,8,Victoria's Choice #1,UNKNOWN,NA
DVIT2616.0000A,DVIT2616,2616,  K 16  3,K,16,3,Victoria's Choice 4x,USA,NA
DVIT2616.0000H,DVIT2616,2616,  K 16  4,K,16,4,Victoria's Choice 4x,USA,NA
DVIT3183.0000A,DVIT3183,3183,  L 17 21,L,17,21,Vidal 804,FRANCE,NA
DVIT3183.0000B,DVIT3183,3183,  L 17 22,L,17,22,Vidal 804,FRANCE,NA
DVIT3184.0000A,DVIT3184,3184,  L 17 23,L,17,23,Vidal 9,FRANCE,NA
DVIT3184.0000G,DVIT3184,3184,  L 17 24,L,17,24,Vidal 9,FRANCE,NA
DVIT3185.0000A,DVIT3185,3185,  L 17 25,L,17,25,Vidal 99T,FRANCE,NA
DVIT3185.0000B,DVIT3185,3185,  L 17 26,L,17,26,Vidal 99T,FRANCE,NA
DVIT2342.0000A,DVIT2342,2342,  L  2 77,L,2,77,Viognier,FRANCE,NA
DVIT2342.0000B,DVIT2342,2342,  L  2 78,L,2,78,Viognier,FRANCE,NA
DVIT1008.0000A,DVIT1008,1008,  L  1 29,L,1,29,Violento,GREECE,NA
DVIT1008.0000B,DVIT1008,1008,  L  1 30,L,1,30,Violento,GREECE,NA
DVIT1077.0000C,DVIT1077,1077,  L 12 51,L,12,51,Vital,PORTUGAL,NA
DVIT1077.0000D,DVIT1077,1077,  L 12 52,L,12,52,Vital,PORTUGAL,NA
DVIT0601.0000C,DVIT0601,601,  K  8 69,K,8,69,Volarova,YUGOSLAVIA,NA
DVIT0601.0000D,DVIT0601,601,  K  8 70,K,8,70,Volarova,YUGOSLAVIA,NA
DVIT1010.0000C,DVIT1010,1010,  L 11 15,L,11,15,Volitza Lefki,GREECE,NA
DVIT1010.0000D,DVIT1010,1010,  L 11 16,L,11,16,Volitza Lefki,GREECE,NA
DVIT0547.0000C,DVIT0547,547,  K  7 57,K,7,57,Volta,ITALY,MUSCATTO ROSSO DI MALAGA X PIROVANO 17(PRECOCE D'ISCHIA X GRECANICO)
DVIT0547.0000D,DVIT0547,547,  K  7 58,K,7,58,Volta,ITALY,MUSCATTO ROSSO DI MALAGA X PIROVANO 17(PRECOCE D'ISCHIA X GRECANICO)
DVIT2043.0000C,DVIT2043,2043,  K  9 69,K,9,69,Volta,ITALY,MOSCATTO ROSSO DI MALAGA X PIROVANO 17(PRECOCE D'ISCHIA X GRECANICO)
DVIT2043.0000D,DVIT2043,2043,  K  9 70,K,9,70,Volta,ITALY,MOSCATTO ROSSO DI MALAGA X PIROVANO 17(PRECOCE D'ISCHIA X GRECANICO)
DVIT1011.0000C,DVIT1011,1011,  L 11 17,L,11,17,Voltzicki,GREECE,NA
DVIT1011.0000D,DVIT1011,1011,  L 11 18,L,11,18,Voltzicki,GREECE,NA
DVIT0548.0000C,DVIT0548,548,  K  7 59,K,7,59,Vorosmarthy,HUNGARY,NA
DVIT0548.0000D,DVIT0548,548,  K  7 60,K,7,60,Vorosmarthy,HUNGARY,NA
DVIT2086.0000A,DVIT2086,2086,  L  2 17,L,2,17,Vranac,YUGOSLAVIA,NA
DVIT2086.0000B,DVIT2086,2086,  L  2 18,L,2,18,Vranac,YUGOSLAVIA,NA
DVIT2091.0000A,DVIT2091,2091,  L  2 19,L,2,19,Vranac,YUGOSLAVIA,NA
DVIT2091.0000B,DVIT2091,2091,  L  2 20,L,2,20,Vranac,YUGOSLAVIA,NA
DVIT1012.0000C,DVIT1012,1012,  L 11 19,L,11,19,Vrathiano,GREECE,NA
DVIT1012.0000D,DVIT1012,1012,  L 11 20,L,11,20,Vrathiano,GREECE,NA
DVIT0603.0000C,DVIT0603,603,  K  8 73,K,8,73,Vustolethi,GREECE,NA
DVIT0603.0000D,DVIT0603,603,  K  8 74,K,8,74,Vustolethi,GREECE,NA
DVIT0610.0000E,DVIT0610,610,  K 11 41,K,11,41,Vuthomato,GREECE,NA
DVIT0610.0000D,DVIT0610,610,  K 11 42,K,11,42,Vuthomato,GREECE,NA
DVIT1009.0000C,DVIT1009,1009,  L 11 13,L,11,13,Vuthomato,GREECE,NA
DVIT1009.0000D,DVIT1009,1009,  L 11 14,L,11,14,Vuthomato,GREECE,NA
DVIT1013.0000C,DVIT1013,1013,  L 11 21,L,11,21,Walsch Riesling,UNKNOWN,NA
DVIT1013.0000D,DVIT1013,1013,  L 11 22,L,11,22,Walsch Riesling,UNKNOWN,NA
DVIT2343.0000A,DVIT2343,2343,  K  3 41,K,3,41,Waltham Cross,SOUTH AFRICA,NA
DVIT2343.0000B,DVIT2343,2343,  K  3 42,K,3,42,Waltham Cross,SOUTH AFRICA,NA
DVIT0326.0000C,DVIT0326,326,  K 10 17,K,10,17,Wengerka,GERMANY,NA
DVIT0326.0000D,DVIT0326,326,  K 10 18,K,10,18,Wengerka,GERMANY,NA
DVIT1312.0000C,DVIT1312,1312,  L 12 53,L,12,53,White Cabernet,FRANCE,NA
DVIT1312.0000D,DVIT1312,1312,  L 12 54,L,12,54,White Cabernet,FRANCE,NA
DVIT2391.0000A,DVIT2391,2391,  K  3 47,K,3,47,White Calabrian,UNKNOWN,NA
DVIT2391.0000B,DVIT2391,2391,  K  3 48,K,3,48,White Calabrian,UNKNOWN,NA
DVIT0549.0000C,DVIT0549,549,  K  7 61,K,7,61,White Corinth,GREECE,NA
DVIT0549.0000D,DVIT0549,549,  K  7 62,K,7,62,White Corinth,GREECE,NA
DVIT1014.0000C,DVIT1014,1014,  L 11 23,L,11,23,White Elbling,GERMANY,NA
DVIT1014.0000D,DVIT1014,1014,  L 11 24,L,11,24,White Elbling,GERMANY,NA
DVIT1015.0000A,DVIT1015,1015,  L  1 31,L,1,31,White Riesling,GERMANY,NA
DVIT1015.0000B,DVIT1015,1015,  L  1 32,L,1,32,White Riesling,GERMANY,NA
DVIT1016.0000C,DVIT1016,1016,  L 11 25,L,11,25,White Riesling,GERMANY,NA
DVIT1016.0000E,DVIT1016,1016,  L 11 26,L,11,26,White Riesling,GERMANY,NA
DVIT3187.0000A,DVIT3187,3187,  L 17 27,L,17,27,White Riesling x Sauvignon Blanc,NA,NA
DVIT3187.0000B,DVIT3187,3187,  L 17 28,L,17,28,White Riesling x Sauvignon Blanc,NA,NA
DVIT0550.0000C,DVIT0550,550,  K  7 63,K,7,63,White Tokay,ITALY,NA
DVIT0550.0000D,DVIT0550,550,  K  7 64,K,7,64,White Tokay,ITALY,NA
DVIT1017.0000C,DVIT1017,1017,  L 11 27,L,11,27,White Veltliner,UNKNOWN,NA
DVIT1017.0000D,DVIT1017,1017,  L 11 28,L,11,28,White Veltliner,UNKNOWN,NA
DVIT2689.0000A,DVIT2689,2689,  L 15 45,L,15,45,Wittberger,GERMANY,Trollinger x Reisling
DVIT2689.0000B,DVIT2689,2689,  L 15 46,L,15,46,Wittberger,GERMANY,Trollinger x Reisling
DVIT1150.0000A,DVIT1150,1150,  L  1 75,L,1,75,Xarello,SPAIN,NA
DVIT1150.0000B,DVIT1150,1150,  L  1 76,L,1,76,Xarello,SPAIN,NA
DVIT1018.0000C,DVIT1018,1018,  L 11 29,L,11,29,Xerez,PORTUGAL,NA
DVIT1018.0000D,DVIT1018,1018,  L 11 30,L,11,30,Xerez,PORTUGAL,NA
DVIT1019.0000C,DVIT1019,1019,  L 11 31,L,11,31,Xylomaherudah,GREECE,NA
DVIT1019.0000D,DVIT1019,1019,  L 11 32,L,11,32,Xylomaherudah,GREECE,NA
DVIT0604.0000E,DVIT0604,604,  K 11 39,K,11,39,Yaghotti No. 1,IRAN,NA
DVIT0604.0000D,DVIT0604,604,  K 11 40,K,11,40,Yaghotti No. 1,IRAN,NA
DVIT2052.0000C,DVIT2052,2052,  K 11 53,K,11,53,Yaghotti No. 2,IRAN,NA
DVIT2052.0000D,DVIT2052,2052,  K 11 54,K,11,54,Yaghotti No. 2,IRAN,NA
DVIT1020.0000D,DVIT1020,1020,  L 11 33,L,11,33,Yellow Ortlieber,GERMANY,NA
DVIT1020.0000C,DVIT1020,1020,  L 11 34,L,11,34,Yellow Ortlieber,GERMANY,NA
DVIT0605.0000C,DVIT0605,605,  K  8 75,K,8,75,Yourutico,GREECE,NA
DVIT0605.0000D,DVIT0605,605,  K  8 76,K,8,76,Yourutico,GREECE,NA
DVIT2731.0000A,DVIT2731,2731,  L 15 57,L,15,57,Yugoslavia 2798,USA,NA
DVIT2731.0000B,DVIT2731,2731,  L 15 58,L,15,58,Yugoslavia 2798,USA,NA
DVIT2344.0000C,DVIT2344,2344,  K 12 53,K,12,53,Yugoslavia 360,YUGOSLAVIA,MUSCAT HAMBURG X DATTIER
DVIT2344.0000B,DVIT2344,2344,  K 12 54,K,12,54,Yugoslavia 360,YUGOSLAVIA,MUSCAT HAMBURG X DATTIER
DVIT2344.0000D,DVIT2344,2344,  K 12 55,K,12,55,Yugoslavia 360,YUGOSLAVIA,MUSCAT HAMBURG X DATTIER
DVIT2344.0000E,DVIT2344,2344,  K 12 56,K,12,56,Yugoslavia 360,YUGOSLAVIA,MUSCAT HAMBURG X DATTIER
DVIT0552.0000C,DVIT0552,552,  K  7 67,K,7,67,Zabalkanski,UNKNOWN,NA
DVIT0552.0000D,DVIT0552,552,  K  7 68,K,7,68,Zabalkanski,UNKNOWN,NA
DVIT1021.0000C,DVIT1021,1021,  L 11 35,L,11,35,Zalovitico,GREECE,NA
DVIT1021.0000D,DVIT1021,1021,  L 11 36,L,11,36,Zalovitico,GREECE,NA
DVIT2691.0000A,DVIT2691,2691,  L 15 55,L,15,55,Zengo,HUNGARY,??? Ezerjo x Bouvier
DVIT2691.0000B,DVIT2691,2691,  L 15 56,L,15,56,Zengo,HUNGARY,??? Ezerjo x Bouvier
DVIT0606.0000C,DVIT0606,606,  K  8 77,K,8,77,Zerk,IRAQ,NA
DVIT0606.0000D,DVIT0606,606,  K  8 78,K,8,78,Zerk,IRAQ,NA
DVIT2690.0000A,DVIT2690,2690,  K 14 57,K,14,57,Zifir,HUNGARY,NA
DVIT2690.0000B,DVIT2690,2690,  K 14 58,K,14,58,Zifir,HUNGARY,NA
DVIT2664.0000A,DVIT2664,2664,  K 13 57,K,13,57,Zimsko Belo,YUGOSLAVIA,NA
DVIT2664.0000B,DVIT2664,2664,  K 13 58,K,13,58,Zimsko Belo,YUGOSLAVIA,NA
DVIT1340.0000A,DVIT1340,1340,  L  2  1,L,2,1,Zinfandel,ITALY,NA
DVIT1340.0000B,DVIT1340,1340,  L  2  2,L,2,2,Zinfandel,ITALY,NA
DVIT1023.0000C,DVIT1023,1023,  L 11 39,L,11,39,Zinfandel,ITALY,NA
DVIT1023.0000D,DVIT1023,1023,  L 11 40,L,11,40,Zinfandel,ITALY,NA
DVIT1333.0000C,DVIT1333,1333,  L 12 63,L,12,63,Zinfandel,ITALY,NA
DVIT1333.0000D,DVIT1333,1333,  L 12 64,L,12,64,Zinfandel,ITALY,NA
DVIT1342.0000C,DVIT1342,1342,  L 12 67,L,12,67,Zinfandel,ITALY,NA
DVIT1342.0000D,DVIT1342,1342,  L 12 68,L,12,68,Zinfandel,ITALY,NA
DVIT1343.0000C,DVIT1343,1343,  L 12 69,L,12,69,Zinfandel,ITALY,NA
DVIT1343.0000D,DVIT1343,1343,  L 12 70,L,12,70,Zinfandel,ITALY,NA
DVIT1351.0000C,DVIT1351,1351,  L 12 73,L,12,73,Zinfandel,ITALY,NA
DVIT1351.0000D,DVIT1351,1351,  L 12 74,L,12,74,Zinfandel,ITALY,NA
DVIT1320.0000A,DVIT1320,1320,  L 15 51,L,15,51,Zinfandel,ITALY,NA
DVIT1320.0000B,DVIT1320,1320,  L 15 52,L,15,52,Zinfandel,ITALY,NA
DVIT3509.0000E,DVIT3509,3509,  K 17 35,K,17,35,Zinfandel Heritage Sel. # 08,USA,NA
DVIT3510.0000E,DVIT3510,3510,  K 17 37,K,17,37,Zinfandel Heritage Sel. # 09,USA,NA
DVIT3511.0000D,DVIT3511,3511,  K 17 39,K,17,39,Zinfandel Heritage Sel. # 11,USA,NA
DVIT3513.0000E,DVIT3513,3513,  K 17 43,K,17,43,Zinfandel Heritage Sel. # 14,USA,NA
DVIT3513.0000D,DVIT3513,3513,  K 17 44,K,17,44,Zinfandel Heritage Sel. # 14,USA,NA
DVIT3514.0000F,DVIT3514,3514,  K 17 45,K,17,45,Zinfandel Heritage Sel. # 15,USA,NA
DVIT3514.0000E,DVIT3514,3514,  K 17 46,K,17,46,Zinfandel Heritage Sel. # 15,USA,NA
DVIT3515.0000E,DVIT3515,3515,  K 17 47,K,17,47,Zinfandel Heritage Sel. # 17,USA,NA
DVIT3515.0000D,DVIT3515,3515,  K 17 48,K,17,48,Zinfandel Heritage Sel. # 17,USA,NA
DVIT3516.0000E,DVIT3516,3516,  K 17 49,K,17,49,Zinfandel Heritage Sel. # 18,USA,NA
DVIT3517.0000D,DVIT3517,3517,  K 17 51,K,17,51,Zinfandel Heritage Sel. # 20,USA,NA
DVIT3517.0000F,DVIT3517,3517,  K 17 52,K,17,52,Zinfandel Heritage Sel. # 20,USA,NA
DVIT3518.0000E,DVIT3518,3518,  K 17 53,K,17,53,Zinfandel Heritage Sel. # 21,USA,NA
DVIT3519.0000E,DVIT3519,3519,  K 17 55,K,17,55,Zinfandel Heritage Sel. # 22,USA,NA
DVIT3522.0000E,DVIT3522,3522,  K 17 61,K,17,61,Zinfandel Heritage Sel. # 28,USA,NA
DVIT3523.0000E,DVIT3523,3523,  K 17 63,K,17,63,Zinfandel Heritage Sel. # 29,USA,NA
DVIT3525.0000E,DVIT3525,3525,  K 17 67,K,17,67,Zinfandel Heritage Sel. # 37,USA,NA
DVIT3528.0000E,DVIT3528,3528,  K 17 73,K,17,73,Zinfandel Heritage Sel. # 45,USA,NA
DVIT3528.0000F,DVIT3528,3528,  K 17 74,K,17,74,Zinfandel Heritage Sel. # 45,USA,NA
DVIT3539.0000E,DVIT3539,3539,  L 17 50,L,17,50,Zinfandel Heritage Sel. # 64,USA,NA
DVIT3540.0000E,DVIT3540,3540,  L 17 52,L,17,52,Zinfandel Heritage Sel. # 65,USA,NA
DVIT3542.0000E,DVIT3542,3542,  L 17 56,L,17,56,Zinfandel Heritage Sel. # 67,USA,NA
DVIT3549.0000E,DVIT3549,3549,  L 17 70,L,17,70,Zinfandel Heritage Sel. # 76,USA,NA
DVIT3550.0000E,DVIT3550,3550,  L 17 72,L,17,72,Zinfandel Heritage Sel. # 77,USA,NA
DVIT3551.0000E,DVIT3551,3551,  L 17 74,L,17,74,Zinfandel Heritage Sel. # 82,USA,NA
DVIT0607.0000C,DVIT0607,607,  K  8 79,K,8,79,Zlahtina,YUGOSLAVIA,NA
DVIT0607.0000D,DVIT0607,607,  K  8 80,K,8,80,Zlahtina,YUGOSLAVIA,NA
DVIT2692.0000C,DVIT2692,2692,  L 15 47,L,15,47,Zweigelt-rebe,HUNGARY,??? Ezerjo x Bouvier
DVIT2692.0000B,DVIT2692,2692,  L 15 48,L,15,48,Zweigelt-rebe,HUNGARY,??? Ezerjo x Bouvier
DVIT2044.0000E,DVIT2044,2044,  K  9 71,K,9,71,NA,ALGERIA,NA
DVIT2044.0000D,DVIT2044,2044,  K  9 72,K,9,72,NA,ALGERIA,NA
DVIT2049.0000C,DVIT2049,2049,  K  9 75,K,9,75,NA,GREECE,NA
DVIT2049.0000D,DVIT2049,2049,  K  9 76,K,9,76,NA,GREECE,NA
DVIT2337.0000A,DVIT2337,2337,  L  2 71,L,2,71,NA,SWITZERLAND,RIESLING X SYLVANER
DVIT2337.0000B,DVIT2337,2337,  L  2 72,L,2,72,NA,SWITZERLAND,RIESLING X SYLVANER
DVIT2426.0001A,DVIT2426,2426,  L 18  1,L,18,1,NA,NA,NA
DVIT2426.0002A,DVIT2426,2426,  L 18  2,L,18,2,NA,NA,NA
DVIT2426.0004A,DVIT2426,2426,  L 18  3,L,18,3,NA,NA,NA
DVIT2426.0005A,DVIT2426,2426,  L 18  4,L,18,4,NA,NA,NA
DVIT2426.0006A,DVIT2426,2426,  L 18  5,L,18,5,NA,NA,NA
DVIT2426.0007A,DVIT2426,2426,  L 18  6,L,18,6,NA,NA,NA
DVIT2426.0008A,DVIT2426,2426,  L 18  7,L,18,7,NA,NA,NA
DVIT2426.0009A,DVIT2426,2426,  L 18  8,L,18,8,NA,NA,NA
DVIT2426.0010A,DVIT2426,2426,  L 18  9,L,18,9,NA,NA,NA
DVIT2426.0011A,DVIT2426,2426,  L 18 10,L,18,10,NA,NA,NA
DVIT2426.0012A,DVIT2426,2426,  L 18 11,L,18,11,NA,NA,NA
DVIT2426.0013A,DVIT2426,2426,  L 18 12,L,18,12,NA,NA,NA
DVIT2426.0014A,DVIT2426,2426,  L 18 13,L,18,13,NA,NA,NA
DVIT2426.0015A,DVIT2426,2426,  L 18 14,L,18,14,NA,NA,NA
DVIT2426.0016A,DVIT2426,2426,  L 18 15,L,18,15,NA,NA,NA
DVIT2426.0018A,DVIT2426,2426,  L 18 16,L,18,16,NA,NA,NA
DVIT2426.0019A,DVIT2426,2426,  L 18 17,L,18,17,NA,NA,NA
DVIT2426.0020A,DVIT2426,2426,  L 18 18,L,18,18,NA,NA,NA
DVIT2426.0021A,DVIT2426,2426,  L 18 19,L,18,19,NA,NA,NA
DVIT2426.0022A,DVIT2426,2426,  L 18 20,L,18,20,NA,NA,NA
DVIT2426.0023A,DVIT2426,2426,  L 18 21,L,18,21,NA,NA,NA
DVIT2426.0024A,DVIT2426,2426,  L 18 22,L,18,22,NA,NA,NA
DVIT2426.0025A,DVIT2426,2426,  L 18 23,L,18,23,NA,NA,NA
DVIT2426.0026A,DVIT2426,2426,  L 18 24,L,18,24,NA,NA,NA
DVIT2426.0027A,DVIT2426,2426,  L 18 25,L,18,25,NA,NA,NA
DVIT2426.0028A,DVIT2426,2426,  L 18 26,L,18,26,NA,NA,NA
DVIT2426.0029A,DVIT2426,2426,  L 18 27,L,18,27,NA,NA,NA
DVIT2426.0030A,DVIT2426,2426,  L 18 28,L,18,28,NA,NA,NA
DVIT2426.0031A,DVIT2426,2426,  L 18 29,L,18,29,NA,NA,NA
DVIT2426.0032A,DVIT2426,2426,  L 18 30,L,18,30,NA,NA,NA
DVIT2426.0033A,DVIT2426,2426,  L 18 31,L,18,31,NA,NA,NA
DVIT2426.0034A,DVIT2426,2426,  L 18 32,L,18,32,NA,NA,NA
DVIT2426.0035A,DVIT2426,2426,  L 18 33,L,18,33,NA,NA,NA
DVIT2426.0036A,DVIT2426,2426,  L 18 34,L,18,34,NA,NA,NA
DVIT2426.0037A,DVIT2426,2426,  L 18 35,L,18,35,NA,NA,NA
DVIT2426.0038A,DVIT2426,2426,  L 18 36,L,18,36,NA,NA,NA
DVIT2426.0039A,DVIT2426,2426,  L 18 37,L,18,37,NA,NA,NA
DVIT2426.0040A,DVIT2426,2426,  L 18 38,L,18,38,NA,NA,NA
DVIT2426.0041A,DVIT2426,2426,  L 18 39,L,18,39,NA,NA,NA
DVIT2426.0042A,DVIT2426,2426,  L 18 40,L,18,40,NA,NA,NA
DVIT2426.0043A,DVIT2426,2426,  L 18 41,L,18,41,NA,NA,NA
DVIT2426.0045A,DVIT2426,2426,  L 18 42,L,18,42,NA,NA,NA
DVIT2426.0046A,DVIT2426,2426,  L 18 43,L,18,43,NA,NA,NA
DVIT2426.0047A,DVIT2426,2426,  L 18 44,L,18,44,NA,NA,NA
DVIT2426.0048A,DVIT2426,2426,  L 18 45,L,18,45,NA,NA,NA
DVIT2426.0049A,DVIT2426,2426,  L 18 46,L,18,46,NA,NA,NA
DVIT2426.0050A,DVIT2426,2426,  L 18 47,L,18,47,NA,NA,NA
DVIT2426.0051A,DVIT2426,2426,  L 18 48,L,18,48,NA,NA,NA
DVIT2426.0052A,DVIT2426,2426,  L 18 49,L,18,49,NA,NA,NA
DVIT2426.0054A,DVIT2426,2426,  L 18 51,L,18,51,NA,NA,NA
DVIT2426.0055A,DVIT2426,2426,  L 18 52,L,18,52,NA,NA,NA
DVIT2426.0056A,DVIT2426,2426,  L 18 53,L,18,53,NA,NA,NA
DVIT2426.0057A,DVIT2426,2426,  L 18 54,L,18,54,NA,NA,NA
DVIT2426.0058A,DVIT2426,2426,  L 18 55,L,18,55,NA,NA,NA
DVIT2426.0059A,DVIT2426,2426,  L 18 56,L,18,56,NA,NA,NA
DVIT2426.0060A,DVIT2426,2426,  L 18 57,L,18,57,NA,NA,NA
DVIT2426.0061A,DVIT2426,2426,  L 18 58,L,18,58,NA,NA,NA
DVIT2426.0062A,DVIT2426,2426,  L 18 59,L,18,59,NA,NA,NA
DVIT2426.0063A,DVIT2426,2426,  L 18 60,L,18,60,NA,NA,NA
DVIT2426.0064A,DVIT2426,2426,  L 18 61,L,18,61,NA,NA,NA
DVIT2426.0065A,DVIT2426,2426,  L 18 62,L,18,62,NA,NA,NA
DVIT2426.0066A,DVIT2426,2426,  L 18 63,L,18,63,NA,NA,NA
DVIT2426.0067A,DVIT2426,2426,  L 18 64,L,18,64,NA,NA,NA
DVIT2426.0068A,DVIT2426,2426,  L 18 65,L,18,65,NA,NA,NA
DVIT2426.0069A,DVIT2426,2426,  L 18 66,L,18,66,NA,NA,NA
DVIT2426.0070A,DVIT2426,2426,  L 18 67,L,18,67,NA,NA,NA
DVIT2426.0071A,DVIT2426,2426,  L 18 68,L,18,68,NA,NA,NA
DVIT2426.0072A,DVIT2426,2426,  L 18 69,L,18,69,NA,NA,NA
DVIT2426.0073A,DVIT2426,2426,  L 18 70,L,18,70,NA,NA,NA
DVIT2426.0074A,DVIT2426,2426,  L 18 71,L,18,71,NA,NA,NA
DVIT2426.0075A,DVIT2426,2426,  L 18 72,L,18,72,NA,NA,NA
DVIT2426.0076A,DVIT2426,2426,  L 18 73,L,18,73,NA,NA,NA
DVIT2426.0077A,DVIT2426,2426,  L 18 74,L,18,74,NA,NA,NA
DVIT2426.0044A,DVIT2426,2426,  L 18 75,L,18,75,NA,NA,NA